section	anchor_setting	scope	metric	aggregation_unit	current_value	policy_c_value	signed_change	absolute_change	current_n	policy_c_n	removed_rows	calculation_method	source_path
Figure2	A1	D	development_rho	finite_plotted_reaction	0.85711603762743616	0.85711603762743616	0	0	2454	2454	0	recomputed_from_filtered_frozen_rows	figures/fig2/figure2_DG_points.csv.xz
Figure2	A1	D	directional_usefulness_fraction_mean	equal_mean_of_finite_plotted_reaction_means	0.14660128514441864	0.14660128514441864	0	0	2454	2454	0	recomputed_from_filtered_frozen_rows	figures/fig2/figure2_DG_points.csv.xz
Figure2	A1	D	directional_usefulness_fraction_median	equal_mean_of_finite_plotted_reaction_means	0.14000000000000001	0.14000000000000001	0	0	2454	2454	0	recomputed_from_filtered_frozen_rows	figures/fig2/figure2_DG_points.csv.xz
Figure2	A1	D	information_advantage_mean	equal_mean_of_finite_plotted_reaction_means	0.011182190680627263	0.011182190680627263	0	0	2454	2454	0	recomputed_from_filtered_frozen_rows	figures/fig2/figure2_DG_points.csv.xz
Figure2	A1	D	information_advantage_median	equal_mean_of_finite_plotted_reaction_means	7.9728229824638624e-07	7.9728229824638624e-07	0	0	2454	2454	0	recomputed_from_filtered_frozen_rows	figures/fig2/figure2_DG_points.csv.xz
Figure2	A2	E	development_rho	finite_plotted_reaction	0.83394400560393644	0.83394400560393644	0	0	2485	2485	0	recomputed_from_filtered_frozen_rows	figures/fig2/figure2_DG_points.csv.xz
Figure2	A2	E	directional_usefulness_fraction_mean	equal_mean_of_finite_plotted_reaction_means	0.22361636636285454	0.22361636636285454	0	0	2485	2485	0	recomputed_from_filtered_frozen_rows	figures/fig2/figure2_DG_points.csv.xz
Figure2	A2	E	directional_usefulness_fraction_median	equal_mean_of_finite_plotted_reaction_means	0.22888888888888889	0.22888888888888889	0	0	2485	2485	0	recomputed_from_filtered_frozen_rows	figures/fig2/figure2_DG_points.csv.xz
Figure2	A2	E	information_advantage_mean	equal_mean_of_finite_plotted_reaction_means	0.027583121588373352	0.027583121588373352	0	0	2485	2485	0	recomputed_from_filtered_frozen_rows	figures/fig2/figure2_DG_points.csv.xz
Figure2	A2	E	information_advantage_median	equal_mean_of_finite_plotted_reaction_means	2.0895126700014845e-06	2.0895126700014845e-06	0	0	2485	2485	0	recomputed_from_filtered_frozen_rows	figures/fig2/figure2_DG_points.csv.xz
Figure2	A1	F	confirmation_rho	finite_plotted_reaction	0.83514358231832919	0.83514358231832919	0	0	838	838	0	recomputed_from_filtered_frozen_rows	figures/fig2/figure2_DG_points.csv.xz
Figure2	A1	F	directional_usefulness_fraction_mean	equal_mean_of_finite_plotted_reaction_means	0.14200757411723705	0.14200757411723705	0	0	838	838	0	recomputed_from_filtered_frozen_rows	figures/fig2/figure2_DG_points.csv.xz
Figure2	A1	F	directional_usefulness_fraction_median	equal_mean_of_finite_plotted_reaction_means	0.13763888888888889	0.13763888888888889	0	0	838	838	0	recomputed_from_filtered_frozen_rows	figures/fig2/figure2_DG_points.csv.xz
Figure2	A1	F	information_advantage_mean	equal_mean_of_finite_plotted_reaction_means	0.01090665158725237	0.01090665158725237	0	0	838	838	0	recomputed_from_filtered_frozen_rows	figures/fig2/figure2_DG_points.csv.xz
Figure2	A1	F	information_advantage_median	equal_mean_of_finite_plotted_reaction_means	1.6514231991006071e-06	1.6514231991006071e-06	0	0	838	838	0	recomputed_from_filtered_frozen_rows	figures/fig2/figure2_DG_points.csv.xz
Figure2	A2	G	confirmation_rho	finite_plotted_reaction	0.84936571864601562	0.84936571864601562	0	0	843	843	0	recomputed_from_filtered_frozen_rows	figures/fig2/figure2_DG_points.csv.xz
Figure2	A2	G	directional_usefulness_fraction_mean	equal_mean_of_finite_plotted_reaction_means	0.21840155470376277	0.21840155470376277	0	0	843	843	0	recomputed_from_filtered_frozen_rows	figures/fig2/figure2_DG_points.csv.xz
Figure2	A2	G	directional_usefulness_fraction_median	equal_mean_of_finite_plotted_reaction_means	0.22432432432432434	0.22432432432432434	0	0	843	843	0	recomputed_from_filtered_frozen_rows	figures/fig2/figure2_DG_points.csv.xz
Figure2	A2	G	information_advantage_mean	equal_mean_of_finite_plotted_reaction_means	0.025645519342158477	0.025645519342158477	0	0	843	843	0	recomputed_from_filtered_frozen_rows	figures/fig2/figure2_DG_points.csv.xz
Figure2	A2	G	information_advantage_median	equal_mean_of_finite_plotted_reaction_means	2.2110098817247788e-06	2.2110098817247788e-06	0	0	843	843	0	recomputed_from_filtered_frozen_rows	figures/fig2/figure2_DG_points.csv.xz
Figure3	A1	matched_non_tie_evaluation_reaction	correct_cue_gain_mean	equal_weight_evaluation_reaction_after_within_evaluation_distinct_truth_mean	0.010386902810362182	0.010386902810362182	0	0	660237	660237	0	recomputed_from_filtered_frozen_rows	figures/fig3/tables/fig3_gain_reaction_evaluation.parquet.xz
Figure3	A1	matched_non_tie_evaluation_reaction	correct_cue_gain_median	equal_weight_evaluation_reaction_after_within_evaluation_distinct_truth_mean	0	0	0	0	660237	660237	0	recomputed_from_filtered_frozen_rows	figures/fig3/tables/fig3_gain_reaction_evaluation.parquet.xz
Figure3	A1	matched_non_tie_evaluation_reaction	wrong_cue_gain_mean	equal_weight_evaluation_reaction_after_within_evaluation_distinct_truth_mean	-0.013746815221556536	-0.013746815221556536	0	0	660237	660237	0	recomputed_from_filtered_frozen_rows	figures/fig3/tables/fig3_gain_reaction_evaluation.parquet.xz
Figure3	A1	matched_non_tie_evaluation_reaction	wrong_cue_gain_median	equal_weight_evaluation_reaction_after_within_evaluation_distinct_truth_mean	0	0	0	0	660237	660237	0	recomputed_from_filtered_frozen_rows	figures/fig3/tables/fig3_gain_reaction_evaluation.parquet.xz
Figure3	A1	matched_non_tie_evaluation_reaction	correct_minus_wrong_separation_mean	equal_weight_evaluation_reaction_after_within_evaluation_distinct_truth_mean	0.024133718031918716	0.024133718031918716	0	0	660237	660237	0	recomputed_from_filtered_frozen_rows	figures/fig3/tables/fig3_gain_reaction_evaluation.parquet.xz
Figure3	A1	matched_non_tie_evaluation_reaction	correct_minus_wrong_separation_median	equal_weight_evaluation_reaction_after_within_evaluation_distinct_truth_mean	0	0	0	0	660237	660237	0	recomputed_from_filtered_frozen_rows	figures/fig3/tables/fig3_gain_reaction_evaluation.parquet.xz
Figure3	A1	matched_non_tie_evaluation_reaction	information_advantage_mean	equal_weight_evaluation_reaction_after_within_evaluation_distinct_truth_mean	0.012066859015959356	0.012066859015959356	0	0	660237	660237	0	recomputed_from_filtered_frozen_rows	figures/fig3/tables/fig3_gain_reaction_evaluation.parquet.xz
Figure3	A1	matched_non_tie_evaluation_reaction	information_advantage_median	equal_weight_evaluation_reaction_after_within_evaluation_distinct_truth_mean	0	0	0	0	660237	660237	0	recomputed_from_filtered_frozen_rows	figures/fig3/tables/fig3_gain_reaction_evaluation.parquet.xz
Figure3	A1	matched_non_tie_evaluation_reaction	correct_gain_mean_q5	evaluation_reaction	-1.6292394948576837e-06	-1.6292394948576837e-06	0	0	660237	660237	0	recomputed_from_filtered_frozen_rows	figures/fig3/tables/fig3_gain_reaction_evaluation.parquet.xz
Figure3	A1	matched_non_tie_evaluation_reaction	correct_gain_mean_q25	evaluation_reaction	-4.3368086899420177e-19	-4.3368086899420177e-19	0	0	660237	660237	0	recomputed_from_filtered_frozen_rows	figures/fig3/tables/fig3_gain_reaction_evaluation.parquet.xz
Figure3	A1	matched_non_tie_evaluation_reaction	correct_gain_mean_q75	evaluation_reaction	6.9388939039072299e-18	6.9388939039072299e-18	0	0	660237	660237	0	recomputed_from_filtered_frozen_rows	figures/fig3/tables/fig3_gain_reaction_evaluation.parquet.xz
Figure3	A1	matched_non_tie_evaluation_reaction	correct_gain_mean_q95	evaluation_reaction	2.7420005300522098e-05	2.7420005300522098e-05	0	0	660237	660237	0	recomputed_from_filtered_frozen_rows	figures/fig3/tables/fig3_gain_reaction_evaluation.parquet.xz
Figure3	A1	matched_non_tie_evaluation_reaction	correct_gain_mean_strict_positive_fraction	evaluation_reaction	0.41499188927612357	0.41499188927612357	0	0	660237	660237	0	recomputed_from_filtered_frozen_rows	figures/fig3/tables/fig3_gain_reaction_evaluation.parquet.xz
Figure3	A1	matched_non_tie_evaluation_reaction	wrong_gain_mean_q5	evaluation_reaction	-3.4164634444025175e-05	-3.4164634444025175e-05	0	0	660237	660237	0	recomputed_from_filtered_frozen_rows	figures/fig3/tables/fig3_gain_reaction_evaluation.parquet.xz
Figure3	A1	matched_non_tie_evaluation_reaction	wrong_gain_mean_q25	evaluation_reaction	-1.0408340855860843e-17	-1.0408340855860843e-17	0	0	660237	660237	0	recomputed_from_filtered_frozen_rows	figures/fig3/tables/fig3_gain_reaction_evaluation.parquet.xz
Figure3	A1	matched_non_tie_evaluation_reaction	wrong_gain_mean_q75	evaluation_reaction	4.3368086899420177e-19	4.3368086899420177e-19	0	0	660237	660237	0	recomputed_from_filtered_frozen_rows	figures/fig3/tables/fig3_gain_reaction_evaluation.parquet.xz
Figure3	A1	matched_non_tie_evaluation_reaction	wrong_gain_mean_q95	evaluation_reaction	1.5507529568415989e-06	1.5507529568415989e-06	0	0	660237	660237	0	recomputed_from_filtered_frozen_rows	figures/fig3/tables/fig3_gain_reaction_evaluation.parquet.xz
Figure3	A1	matched_non_tie_evaluation_reaction	wrong_gain_mean_strict_positive_fraction	evaluation_reaction	0.37250714516151018	0.37250714516151018	0	0	660237	660237	0	recomputed_from_filtered_frozen_rows	figures/fig3/tables/fig3_gain_reaction_evaluation.parquet.xz
Figure3	A1	matched_non_tie_evaluation_reaction	directional_advantage_q5	evaluation_reaction	-3.0888020369874102e-06	-3.0888020369874102e-06	0	0	660237	660237	0	recomputed_from_filtered_frozen_rows	figures/fig3/tables/fig3_gain_reaction_evaluation.parquet.xz
Figure3	A1	matched_non_tie_evaluation_reaction	directional_advantage_q25	evaluation_reaction	-7.2280144832366958e-20	-7.2280144832366958e-20	0	0	660237	660237	0	recomputed_from_filtered_frozen_rows	figures/fig3/tables/fig3_gain_reaction_evaluation.parquet.xz
Figure3	A1	matched_non_tie_evaluation_reaction	directional_advantage_q75	evaluation_reaction	8.6736173798840355e-19	8.6736173798840355e-19	0	0	660237	660237	0	recomputed_from_filtered_frozen_rows	figures/fig3/tables/fig3_gain_reaction_evaluation.parquet.xz
Figure3	A1	matched_non_tie_evaluation_reaction	directional_advantage_q95	evaluation_reaction	6.328597286365105e-05	6.328597286365105e-05	0	0	660237	660237	0	recomputed_from_filtered_frozen_rows	figures/fig3/tables/fig3_gain_reaction_evaluation.parquet.xz
Figure3	A1	matched_non_tie_evaluation_reaction	directional_advantage_strict_positive_fraction	evaluation_reaction	0.35752616106034651	0.35752616106034651	0	0	660237	660237	0	recomputed_from_filtered_frozen_rows	figures/fig3/tables/fig3_gain_reaction_evaluation.parquet.xz
Figure3	A2	matched_non_tie_evaluation_reaction	correct_cue_gain_mean	equal_weight_evaluation_reaction_after_within_evaluation_distinct_truth_mean	0.022294329666905324	0.022294329666905324	0	0	660237	660237	0	recomputed_from_filtered_frozen_rows	figures/fig3/tables/fig3_gain_reaction_evaluation.parquet.xz
Figure3	A2	matched_non_tie_evaluation_reaction	correct_cue_gain_median	equal_weight_evaluation_reaction_after_within_evaluation_distinct_truth_mean	0	0	0	0	660237	660237	0	recomputed_from_filtered_frozen_rows	figures/fig3/tables/fig3_gain_reaction_evaluation.parquet.xz
Figure3	A2	matched_non_tie_evaluation_reaction	wrong_cue_gain_mean	equal_weight_evaluation_reaction_after_within_evaluation_distinct_truth_mean	-0.030611387807699602	-0.030611387807699602	0	0	660237	660237	0	recomputed_from_filtered_frozen_rows	figures/fig3/tables/fig3_gain_reaction_evaluation.parquet.xz
Figure3	A2	matched_non_tie_evaluation_reaction	wrong_cue_gain_median	equal_weight_evaluation_reaction_after_within_evaluation_distinct_truth_mean	0	0	0	0	660237	660237	0	recomputed_from_filtered_frozen_rows	figures/fig3/tables/fig3_gain_reaction_evaluation.parquet.xz
Figure3	A2	matched_non_tie_evaluation_reaction	correct_minus_wrong_separation_mean	equal_weight_evaluation_reaction_after_within_evaluation_distinct_truth_mean	0.052905717474604916	0.052905717474604916	0	0	660237	660237	0	recomputed_from_filtered_frozen_rows	figures/fig3/tables/fig3_gain_reaction_evaluation.parquet.xz
Figure3	A2	matched_non_tie_evaluation_reaction	correct_minus_wrong_separation_median	equal_weight_evaluation_reaction_after_within_evaluation_distinct_truth_mean	0	0	0	0	660237	660237	0	recomputed_from_filtered_frozen_rows	figures/fig3/tables/fig3_gain_reaction_evaluation.parquet.xz
Figure3	A2	matched_non_tie_evaluation_reaction	information_advantage_mean	equal_weight_evaluation_reaction_after_within_evaluation_distinct_truth_mean	0.026452858737302461	0.026452858737302461	0	0	660237	660237	0	recomputed_from_filtered_frozen_rows	figures/fig3/tables/fig3_gain_reaction_evaluation.parquet.xz
Figure3	A2	matched_non_tie_evaluation_reaction	information_advantage_median	equal_weight_evaluation_reaction_after_within_evaluation_distinct_truth_mean	0	0	0	0	660237	660237	0	recomputed_from_filtered_frozen_rows	figures/fig3/tables/fig3_gain_reaction_evaluation.parquet.xz
Figure3	A2	matched_non_tie_evaluation_reaction	correct_gain_mean_q5	evaluation_reaction	-4.6654257304280981e-05	-4.6654257304280981e-05	0	0	660237	660237	0	recomputed_from_filtered_frozen_rows	figures/fig3/tables/fig3_gain_reaction_evaluation.parquet.xz
Figure3	A2	matched_non_tie_evaluation_reaction	correct_gain_mean_q25	evaluation_reaction	-2.8563306234130614e-16	-2.8563306234130614e-16	0	0	660237	660237	0	recomputed_from_filtered_frozen_rows	figures/fig3/tables/fig3_gain_reaction_evaluation.parquet.xz
Figure3	A2	matched_non_tie_evaluation_reaction	correct_gain_mean_q75	evaluation_reaction	4.6061425796236253e-14	4.6061425796236253e-14	0	0	660237	660237	0	recomputed_from_filtered_frozen_rows	figures/fig3/tables/fig3_gain_reaction_evaluation.parquet.xz
Figure3	A2	matched_non_tie_evaluation_reaction	correct_gain_mean_q95	evaluation_reaction	0.00023369128039487746	0.00023369128039487746	0	0	660237	660237	0	recomputed_from_filtered_frozen_rows	figures/fig3/tables/fig3_gain_reaction_evaluation.parquet.xz
Figure3	A2	matched_non_tie_evaluation_reaction	correct_gain_mean_strict_positive_fraction	evaluation_reaction	0.43892874831310574	0.43892874831310574	0	0	660237	660237	0	recomputed_from_filtered_frozen_rows	figures/fig3/tables/fig3_gain_reaction_evaluation.parquet.xz
Figure3	A2	matched_non_tie_evaluation_reaction	wrong_gain_mean_q5	evaluation_reaction	-0.00027948723466535001	-0.00027948723466535001	0	0	660237	660237	0	recomputed_from_filtered_frozen_rows	figures/fig3/tables/fig3_gain_reaction_evaluation.parquet.xz
Figure3	A2	matched_non_tie_evaluation_reaction	wrong_gain_mean_q25	evaluation_reaction	-1.5060986673665996e-13	-1.5060986673665996e-13	0	0	660237	660237	0	recomputed_from_filtered_frozen_rows	figures/fig3/tables/fig3_gain_reaction_evaluation.parquet.xz
Figure3	A2	matched_non_tie_evaluation_reaction	wrong_gain_mean_q75	evaluation_reaction	2.4967820779625639e-16	2.4967820779625639e-16	0	0	660237	660237	0	recomputed_from_filtered_frozen_rows	figures/fig3/tables/fig3_gain_reaction_evaluation.parquet.xz
Figure3	A2	matched_non_tie_evaluation_reaction	wrong_gain_mean_q95	evaluation_reaction	5.1098544711724366e-05	5.1098544711724366e-05	0	0	660237	660237	0	recomputed_from_filtered_frozen_rows	figures/fig3/tables/fig3_gain_reaction_evaluation.parquet.xz
Figure3	A2	matched_non_tie_evaluation_reaction	wrong_gain_mean_strict_positive_fraction	evaluation_reaction	0.39124435619330633	0.39124435619330633	0	0	660237	660237	0	recomputed_from_filtered_frozen_rows	figures/fig3/tables/fig3_gain_reaction_evaluation.parquet.xz
Figure3	A2	matched_non_tie_evaluation_reaction	directional_advantage_q5	evaluation_reaction	-9.4453812490762155e-05	-9.4453812490762155e-05	0	0	660237	660237	0	recomputed_from_filtered_frozen_rows	figures/fig3/tables/fig3_gain_reaction_evaluation.parquet.xz
Figure3	A2	matched_non_tie_evaluation_reaction	directional_advantage_q25	evaluation_reaction	-6.9388939039072284e-18	-6.9388939039072284e-18	0	0	660237	660237	0	recomputed_from_filtered_frozen_rows	figures/fig3/tables/fig3_gain_reaction_evaluation.parquet.xz
Figure3	A2	matched_non_tie_evaluation_reaction	directional_advantage_q75	evaluation_reaction	2.14737949644217e-13	2.14737949644217e-13	0	0	660237	660237	0	recomputed_from_filtered_frozen_rows	figures/fig3/tables/fig3_gain_reaction_evaluation.parquet.xz
Figure3	A2	matched_non_tie_evaluation_reaction	directional_advantage_q95	evaluation_reaction	0.00050833002766899999	0.00050833002766899999	0	0	660237	660237	0	recomputed_from_filtered_frozen_rows	figures/fig3/tables/fig3_gain_reaction_evaluation.parquet.xz
Figure3	A2	matched_non_tie_evaluation_reaction	directional_advantage_strict_positive_fraction	evaluation_reaction	0.41018452464796734	0.41018452464796734	0	0	660237	660237	0	recomputed_from_filtered_frozen_rows	figures/fig3/tables/fig3_gain_reaction_evaluation.parquet.xz
Figure4	A1	paired_finite_all_evaluations	H_dir_mean	evaluation_reaction	0.020117155369665501	0.020117155369665501	0	0	1671600	1671600	0	recomputed_from_filtered_frozen_rows	figures/fig4/data/fig4_geometry_paired/algorithm=*/part.parquet.xz
Figure4	A1	paired_finite_all_evaluations	H_dir_median	evaluation_reaction	0	0	0	0	1671600	1671600	0	recomputed_from_filtered_frozen_rows	figures/fig4/data/fig4_geometry_paired/algorithm=*/part.parquet.xz
Figure4	A2	paired_finite_all_evaluations	H_dir_mean	evaluation_reaction	0.046696558309423528	0.046696558309423528	0	0	1671600	1671600	0	recomputed_from_filtered_frozen_rows	figures/fig4/data/fig4_geometry_paired/algorithm=*/part.parquet.xz
Figure4	A2	paired_finite_all_evaluations	H_dir_median	evaluation_reaction	0	0	0	0	1671600	1671600	0	recomputed_from_filtered_frozen_rows	figures/fig4/data/fig4_geometry_paired/algorithm=*/part.parquet.xz
Figure4	A2_minus_A1	paired_finite_all_evaluations	H_dir_mean	evaluation_reaction	0.02657940293975803	0.02657940293975803	0	0	1671600	1671600	0	recomputed_from_filtered_frozen_rows	figures/fig4/data/fig4_geometry_paired/algorithm=*/part.parquet.xz
Figure4	A2_minus_A1	paired_finite_all_evaluations	H_dir_median	evaluation_reaction	0	0	0	0	1671600	1671600	0	recomputed_from_filtered_frozen_rows	figures/fig4/data/fig4_geometry_paired/algorithm=*/part.parquet.xz
Figure4	A1	paired_finite_all_evaluations	dominant_direction_mass_mean	evaluation_reaction	0.98965216069460715	0.98965216069460715	0	0	1671600	1671600	0	recomputed_from_filtered_frozen_rows	figures/fig4/data/fig4_geometry_paired/algorithm=*/part.parquet.xz
Figure4	A1	paired_finite_all_evaluations	dominant_direction_mass_median	evaluation_reaction	1	1	0	0	1671600	1671600	0	recomputed_from_filtered_frozen_rows	figures/fig4/data/fig4_geometry_paired/algorithm=*/part.parquet.xz
Figure4	A2	paired_finite_all_evaluations	dominant_direction_mass_mean	evaluation_reaction	0.97635080664173579	0.97635080664173579	0	0	1671600	1671600	0	recomputed_from_filtered_frozen_rows	figures/fig4/data/fig4_geometry_paired/algorithm=*/part.parquet.xz
Figure4	A2	paired_finite_all_evaluations	dominant_direction_mass_median	evaluation_reaction	1	1	0	0	1671600	1671600	0	recomputed_from_filtered_frozen_rows	figures/fig4/data/fig4_geometry_paired/algorithm=*/part.parquet.xz
Figure4	A2_minus_A1	paired_finite_all_evaluations	dominant_direction_mass_mean	evaluation_reaction	-0.013301354052871374	-0.013301354052871374	0	0	1671600	1671600	0	recomputed_from_filtered_frozen_rows	figures/fig4/data/fig4_geometry_paired/algorithm=*/part.parquet.xz
Figure4	A2_minus_A1	paired_finite_all_evaluations	dominant_direction_mass_median	evaluation_reaction	0	0	0	0	1671600	1671600	0	recomputed_from_filtered_frozen_rows	figures/fig4/data/fig4_geometry_paired/algorithm=*/part.parquet.xz
Figure4	A1	paired_finite_all_evaluations	delta_v_B_width80_mean	evaluation_reaction	0.6169391133144384	0.6169391133144384	0	0	1671600	1671600	0	recomputed_from_filtered_frozen_rows	figures/fig4/data/fig4_geometry_paired/algorithm=*/part.parquet.xz
Figure4	A1	paired_finite_all_evaluations	delta_v_B_width80_median	evaluation_reaction	0	0	0	0	1671600	1671600	0	recomputed_from_filtered_frozen_rows	figures/fig4/data/fig4_geometry_paired/algorithm=*/part.parquet.xz
Figure4	A2	paired_finite_all_evaluations	delta_v_B_width80_mean	evaluation_reaction	0.99233402550812133	0.99233402550812133	0	0	1671600	1671600	0	recomputed_from_filtered_frozen_rows	figures/fig4/data/fig4_geometry_paired/algorithm=*/part.parquet.xz
Figure4	A2	paired_finite_all_evaluations	delta_v_B_width80_median	evaluation_reaction	0	0	0	0	1671600	1671600	0	recomputed_from_filtered_frozen_rows	figures/fig4/data/fig4_geometry_paired/algorithm=*/part.parquet.xz
Figure4	A2_minus_A1	paired_finite_all_evaluations	delta_v_B_width80_mean	evaluation_reaction	0.37539491219368293	0.37539491219368293	0	0	1671600	1671600	0	recomputed_from_filtered_frozen_rows	figures/fig4/data/fig4_geometry_paired/algorithm=*/part.parquet.xz
Figure4	A2_minus_A1	paired_finite_all_evaluations	delta_v_B_width80_median	evaluation_reaction	0	0	0	0	1671600	1671600	0	recomputed_from_filtered_frozen_rows	figures/fig4/data/fig4_geometry_paired/algorithm=*/part.parquet.xz
Figure4	A1	paired_finite_all_evaluations	direction_explained_magnitude_variance_mean	evaluation_reaction	0.10306014787630803	0.10306014787630803	0	0	573882	573882	0	recomputed_from_filtered_frozen_rows	figures/fig4/data/fig4_geometry_paired/algorithm=*/part.parquet.xz
Figure4	A1	paired_finite_all_evaluations	direction_explained_magnitude_variance_median	evaluation_reaction	4.1388307314142586e-30	4.1388307314142586e-30	0	0	573882	573882	0	recomputed_from_filtered_frozen_rows	figures/fig4/data/fig4_geometry_paired/algorithm=*/part.parquet.xz
Figure4	A2	paired_finite_all_evaluations	direction_explained_magnitude_variance_mean	evaluation_reaction	0.10448919338780084	0.10448919338780084	0	0	573882	573882	0	recomputed_from_filtered_frozen_rows	figures/fig4/data/fig4_geometry_paired/algorithm=*/part.parquet.xz
Figure4	A2	paired_finite_all_evaluations	direction_explained_magnitude_variance_median	evaluation_reaction	1.6014009683834546e-10	1.6014009683834546e-10	0	0	573882	573882	0	recomputed_from_filtered_frozen_rows	figures/fig4/data/fig4_geometry_paired/algorithm=*/part.parquet.xz
Figure4	A2_minus_A1	paired_finite_all_evaluations	direction_explained_magnitude_variance_mean	evaluation_reaction	0.0014290455114927968	0.0014290455114927968	0	0	573882	573882	0	recomputed_from_filtered_frozen_rows	figures/fig4/data/fig4_geometry_paired/algorithm=*/part.parquet.xz
Figure4	A2_minus_A1	paired_finite_all_evaluations	direction_explained_magnitude_variance_median	evaluation_reaction	0	0	0	0	573882	573882	0	recomputed_from_filtered_frozen_rows	figures/fig4/data/fig4_geometry_paired/algorithm=*/part.parquet.xz
Figure4	A1	paired_finite_all_evaluations	supported_sign_state_count_mean	evaluation_reaction	1.2254845656855706	1.2254845656855706	0	0	1671600	1671600	0	recomputed_from_filtered_frozen_rows	figures/fig4/data/fig4_geometry_paired/algorithm=*/part.parquet.xz
Figure4	A1	paired_finite_all_evaluations	supported_sign_state_count_median	evaluation_reaction	1	1	0	0	1671600	1671600	0	recomputed_from_filtered_frozen_rows	figures/fig4/data/fig4_geometry_paired/algorithm=*/part.parquet.xz
Figure4	A2	paired_finite_all_evaluations	supported_sign_state_count_mean	evaluation_reaction	1.2261156975352956	1.2261156975352956	0	0	1671600	1671600	0	recomputed_from_filtered_frozen_rows	figures/fig4/data/fig4_geometry_paired/algorithm=*/part.parquet.xz
Figure4	A2	paired_finite_all_evaluations	supported_sign_state_count_median	evaluation_reaction	1	1	0	0	1671600	1671600	0	recomputed_from_filtered_frozen_rows	figures/fig4/data/fig4_geometry_paired/algorithm=*/part.parquet.xz
Figure4	A2_minus_A1	paired_finite_all_evaluations	supported_sign_state_count_mean	evaluation_reaction	0.00063113184972481454	0.00063113184972481454	0	0	1671600	1671600	0	recomputed_from_filtered_frozen_rows	figures/fig4/data/fig4_geometry_paired/algorithm=*/part.parquet.xz
Figure4	A2_minus_A1	paired_finite_all_evaluations	supported_sign_state_count_median	evaluation_reaction	0	0	0	0	1671600	1671600	0	recomputed_from_filtered_frozen_rows	figures/fig4/data/fig4_geometry_paired/algorithm=*/part.parquet.xz
Figure4	A1	paired_finite_all_evaluations	non_tie_coverage_mean	evaluation_reaction	0.43034887680631662	0.43034887680631662	0	0	1671600	1671600	0	recomputed_from_filtered_frozen_rows	figures/fig4/data/fig4_geometry_paired/algorithm=*/part.parquet.xz
Figure4	A1	paired_finite_all_evaluations	non_tie_coverage_median	evaluation_reaction	0	0	0	0	1671600	1671600	0	recomputed_from_filtered_frozen_rows	figures/fig4/data/fig4_geometry_paired/algorithm=*/part.parquet.xz
Figure4	A2	paired_finite_all_evaluations	non_tie_coverage_mean	evaluation_reaction	0.43031513053147069	0.43031513053147069	0	0	1671600	1671600	0	recomputed_from_filtered_frozen_rows	figures/fig4/data/fig4_geometry_paired/algorithm=*/part.parquet.xz
Figure4	A2	paired_finite_all_evaluations	non_tie_coverage_median	evaluation_reaction	2.2204460492503131e-16	2.2204460492503131e-16	0	0	1671600	1671600	0	recomputed_from_filtered_frozen_rows	figures/fig4/data/fig4_geometry_paired/algorithm=*/part.parquet.xz
Figure4	A2_minus_A1	paired_finite_all_evaluations	non_tie_coverage_mean	evaluation_reaction	-3.3746274845943339e-05	-3.3746274845943339e-05	0	0	1671600	1671600	0	recomputed_from_filtered_frozen_rows	figures/fig4/data/fig4_geometry_paired/algorithm=*/part.parquet.xz
Figure4	A2_minus_A1	paired_finite_all_evaluations	non_tie_coverage_median	evaluation_reaction	0	0	0	0	1671600	1671600	0	recomputed_from_filtered_frozen_rows	figures/fig4/data/fig4_geometry_paired/algorithm=*/part.parquet.xz
Figure4	A1	all_evaluations	joint_ESS_mean	evaluation	5.0940124120737522	5.0940124120737522	0	0	400	400	0	recomputed_from_identical_filtered_evaluation_sets	figures/fig4/data/fig4_geometry_paired/algorithm=*/part.parquet.xz
Figure4	A2	all_evaluations	joint_ESS_mean	evaluation	27.186039152760856	27.186039152760856	0	0	400	400	0	recomputed_from_identical_filtered_evaluation_sets	figures/fig4/data/fig4_geometry_paired/algorithm=*/part.parquet.xz
A23_geometry	A1	ALL_EVALUATION_REACTION:sign_magnitude_eta2	a1_mean	evaluation_x_reaction	0.10306014787630803	0.10306014787630803	0	0	573882	573882	0	frozen_statistic_preserved_by_proven_identical_input_set	outputs/dmi_bridge_a23_a1_a2_synthesis_v1/BRIDGEA23_GEOMETRY_COMPARISON.tsv
A23_geometry	A2	ALL_EVALUATION_REACTION:sign_magnitude_eta2	a2_mean	evaluation_x_reaction	0.10448919338780085	0.10448919338780085	0	0	573882	573882	0	frozen_statistic_preserved_by_proven_identical_input_set	outputs/dmi_bridge_a23_a1_a2_synthesis_v1/BRIDGEA23_GEOMETRY_COMPARISON.tsv
A23_geometry	A2_minus_A1	ALL_EVALUATION_REACTION:sign_magnitude_eta2	paired_delta_mean	evaluation_x_reaction	0.001429045511492805	0.001429045511492805	0	0	573882	573882	0	frozen_statistic_preserved_by_proven_identical_input_set	outputs/dmi_bridge_a23_a1_a2_synthesis_v1/BRIDGEA23_GEOMETRY_COMPARISON.tsv
A23_geometry	A2_minus_A1	ALL_EVALUATION_REACTION:sign_magnitude_eta2	paired_delta_median	evaluation_x_reaction	0	0	0	0	573882	573882	0	frozen_statistic_preserved_by_proven_identical_input_set	outputs/dmi_bridge_a23_a1_a2_synthesis_v1/BRIDGEA23_GEOMETRY_COMPARISON.tsv
A23_geometry	A1	DEVELOPMENT:sign_magnitude_eta2	a1_mean	reaction_mean_across_truth_evaluations	0.092632408220741272	0.092632408220741272	0	0	2453	2453	0	frozen_statistic_preserved_by_proven_identical_input_set	outputs/dmi_bridge_a23_a1_a2_synthesis_v1/BRIDGEA23_GEOMETRY_COMPARISON.tsv
A23_geometry	A2	DEVELOPMENT:sign_magnitude_eta2	a2_mean	reaction_mean_across_truth_evaluations	0.086479746610951744	0.086479746610951744	0	0	2453	2453	0	frozen_statistic_preserved_by_proven_identical_input_set	outputs/dmi_bridge_a23_a1_a2_synthesis_v1/BRIDGEA23_GEOMETRY_COMPARISON.tsv
A23_geometry	A2_minus_A1	DEVELOPMENT:sign_magnitude_eta2	paired_delta_mean	reaction_mean_across_truth_evaluations	-0.0061526616097895307	-0.0061526616097895307	0	0	2453	2453	0	frozen_statistic_preserved_by_proven_identical_input_set	outputs/dmi_bridge_a23_a1_a2_synthesis_v1/BRIDGEA23_GEOMETRY_COMPARISON.tsv
A23_geometry	A2_minus_A1	DEVELOPMENT:sign_magnitude_eta2	paired_delta_median	reaction_mean_across_truth_evaluations	-6.2476088142323061e-28	-6.2476088142323061e-28	0	0	2453	2453	0	frozen_statistic_preserved_by_proven_identical_input_set	outputs/dmi_bridge_a23_a1_a2_synthesis_v1/BRIDGEA23_GEOMETRY_COMPARISON.tsv
A23_geometry	A1	CONFIRMATION_HOLDOUT:sign_magnitude_eta2	a1_mean	reaction_mean_across_truth_evaluations	0.092935951970159719	0.092935951970159719	0	0	838	838	0	frozen_statistic_preserved_by_proven_identical_input_set	outputs/dmi_bridge_a23_a1_a2_synthesis_v1/BRIDGEA23_GEOMETRY_COMPARISON.tsv
A23_geometry	A2	CONFIRMATION_HOLDOUT:sign_magnitude_eta2	a2_mean	reaction_mean_across_truth_evaluations	0.087734170390645003	0.087734170390645003	0	0	838	838	0	frozen_statistic_preserved_by_proven_identical_input_set	outputs/dmi_bridge_a23_a1_a2_synthesis_v1/BRIDGEA23_GEOMETRY_COMPARISON.tsv
A23_geometry	A2_minus_A1	CONFIRMATION_HOLDOUT:sign_magnitude_eta2	paired_delta_mean	reaction_mean_across_truth_evaluations	-0.0052017815795147105	-0.0052017815795147105	0	0	838	838	0	frozen_statistic_preserved_by_proven_identical_input_set	outputs/dmi_bridge_a23_a1_a2_synthesis_v1/BRIDGEA23_GEOMETRY_COMPARISON.tsv
A23_geometry	A2_minus_A1	CONFIRMATION_HOLDOUT:sign_magnitude_eta2	paired_delta_median	reaction_mean_across_truth_evaluations	-4.6030771292464314e-28	-4.6030771292464314e-28	0	0	838	838	0	frozen_statistic_preserved_by_proven_identical_input_set	outputs/dmi_bridge_a23_a1_a2_synthesis_v1/BRIDGEA23_GEOMETRY_COMPARISON.tsv
A23_geometry	A1	ALL_EVALUATION_REACTION:sign_magnitude_correlation	a1_mean	evaluation_x_reaction	-0.021146137450164981	-0.021146137450164981	0	0	187798	187798	0	frozen_statistic_preserved_by_proven_identical_input_set	outputs/dmi_bridge_a23_a1_a2_synthesis_v1/BRIDGEA23_GEOMETRY_COMPARISON.tsv
A23_geometry	A2	ALL_EVALUATION_REACTION:sign_magnitude_correlation	a2_mean	evaluation_x_reaction	-0.0098454214257149061	-0.0098454214257149061	0	0	187798	187798	0	frozen_statistic_preserved_by_proven_identical_input_set	outputs/dmi_bridge_a23_a1_a2_synthesis_v1/BRIDGEA23_GEOMETRY_COMPARISON.tsv
A23_geometry	A2_minus_A1	ALL_EVALUATION_REACTION:sign_magnitude_correlation	paired_delta_mean	evaluation_x_reaction	0.011300716024450074	0.011300716024450074	0	0	187798	187798	0	frozen_statistic_preserved_by_proven_identical_input_set	outputs/dmi_bridge_a23_a1_a2_synthesis_v1/BRIDGEA23_GEOMETRY_COMPARISON.tsv
A23_geometry	A2_minus_A1	ALL_EVALUATION_REACTION:sign_magnitude_correlation	paired_delta_median	evaluation_x_reaction	0.00037587258790712882	0.00037587258790712882	0	0	187798	187798	0	frozen_statistic_preserved_by_proven_identical_input_set	outputs/dmi_bridge_a23_a1_a2_synthesis_v1/BRIDGEA23_GEOMETRY_COMPARISON.tsv
A23_geometry	A1	DEVELOPMENT:sign_magnitude_correlation	a1_mean	reaction_mean_across_truth_evaluations	-0.016903368170733981	-0.016903368170733981	0	0	2034	2034	0	frozen_statistic_preserved_by_proven_identical_input_set	outputs/dmi_bridge_a23_a1_a2_synthesis_v1/BRIDGEA23_GEOMETRY_COMPARISON.tsv
A23_geometry	A2	DEVELOPMENT:sign_magnitude_correlation	a2_mean	reaction_mean_across_truth_evaluations	0.0031113777424959842	0.0031113777424959842	0	0	2034	2034	0	frozen_statistic_preserved_by_proven_identical_input_set	outputs/dmi_bridge_a23_a1_a2_synthesis_v1/BRIDGEA23_GEOMETRY_COMPARISON.tsv
A23_geometry	A2_minus_A1	DEVELOPMENT:sign_magnitude_correlation	paired_delta_mean	reaction_mean_across_truth_evaluations	0.020014745913229964	0.020014745913229964	0	0	2034	2034	0	frozen_statistic_preserved_by_proven_identical_input_set	outputs/dmi_bridge_a23_a1_a2_synthesis_v1/BRIDGEA23_GEOMETRY_COMPARISON.tsv
A23_geometry	A2_minus_A1	DEVELOPMENT:sign_magnitude_correlation	paired_delta_median	reaction_mean_across_truth_evaluations	0.022275811846193469	0.022275811846193469	0	0	2034	2034	0	frozen_statistic_preserved_by_proven_identical_input_set	outputs/dmi_bridge_a23_a1_a2_synthesis_v1/BRIDGEA23_GEOMETRY_COMPARISON.tsv
A23_geometry	A1	CONFIRMATION_HOLDOUT:sign_magnitude_correlation	a1_mean	reaction_mean_across_truth_evaluations	-0.010017587997944423	-0.010017587997944423	0	0	702	702	0	frozen_statistic_preserved_by_proven_identical_input_set	outputs/dmi_bridge_a23_a1_a2_synthesis_v1/BRIDGEA23_GEOMETRY_COMPARISON.tsv
A23_geometry	A2	CONFIRMATION_HOLDOUT:sign_magnitude_correlation	a2_mean	reaction_mean_across_truth_evaluations	0.00086551706744961653	0.00086551706744961653	0	0	702	702	0	frozen_statistic_preserved_by_proven_identical_input_set	outputs/dmi_bridge_a23_a1_a2_synthesis_v1/BRIDGEA23_GEOMETRY_COMPARISON.tsv
A23_geometry	A2_minus_A1	CONFIRMATION_HOLDOUT:sign_magnitude_correlation	paired_delta_mean	reaction_mean_across_truth_evaluations	0.010883105065394034	0.010883105065394034	0	0	702	702	0	frozen_statistic_preserved_by_proven_identical_input_set	outputs/dmi_bridge_a23_a1_a2_synthesis_v1/BRIDGEA23_GEOMETRY_COMPARISON.tsv
A23_geometry	A2_minus_A1	CONFIRMATION_HOLDOUT:sign_magnitude_correlation	paired_delta_median	reaction_mean_across_truth_evaluations	0.024219878604739814	0.024219878604739814	0	0	702	702	0	frozen_statistic_preserved_by_proven_identical_input_set	outputs/dmi_bridge_a23_a1_a2_synthesis_v1/BRIDGEA23_GEOMETRY_COMPARISON.tsv
A23_geometry	A1	ALL_EVALUATION_REACTION:directional_entropy3	a1_mean	evaluation_x_reaction	0.020117155369665504	0.020117155369665504	0	0	1671600	1671600	0	frozen_statistic_preserved_by_proven_identical_input_set	outputs/dmi_bridge_a23_a1_a2_synthesis_v1/BRIDGEA23_GEOMETRY_COMPARISON.tsv
A23_geometry	A2	ALL_EVALUATION_REACTION:directional_entropy3	a2_mean	evaluation_x_reaction	0.046696558309423541	0.046696558309423541	0	0	1671600	1671600	0	frozen_statistic_preserved_by_proven_identical_input_set	outputs/dmi_bridge_a23_a1_a2_synthesis_v1/BRIDGEA23_GEOMETRY_COMPARISON.tsv
A23_geometry	A2_minus_A1	ALL_EVALUATION_REACTION:directional_entropy3	paired_delta_mean	evaluation_x_reaction	0.026579402939758041	0.026579402939758041	0	0	1671600	1671600	0	frozen_statistic_preserved_by_proven_identical_input_set	outputs/dmi_bridge_a23_a1_a2_synthesis_v1/BRIDGEA23_GEOMETRY_COMPARISON.tsv
A23_geometry	A2_minus_A1	ALL_EVALUATION_REACTION:directional_entropy3	paired_delta_median	evaluation_x_reaction	0	0	0	0	1671600	1671600	0	frozen_statistic_preserved_by_proven_identical_input_set	outputs/dmi_bridge_a23_a1_a2_synthesis_v1/BRIDGEA23_GEOMETRY_COMPARISON.tsv
A23_geometry	A1	DEVELOPMENT:directional_entropy3	a1_mean	reaction_mean_across_truth_evaluations	0.02122961063687822	0.02122961063687822	0	0	3134	3134	0	frozen_statistic_preserved_by_proven_identical_input_set	outputs/dmi_bridge_a23_a1_a2_synthesis_v1/BRIDGEA23_GEOMETRY_COMPARISON.tsv
A23_geometry	A2	DEVELOPMENT:directional_entropy3	a2_mean	reaction_mean_across_truth_evaluations	0.046191112735962547	0.046191112735962547	0	0	3134	3134	0	frozen_statistic_preserved_by_proven_identical_input_set	outputs/dmi_bridge_a23_a1_a2_synthesis_v1/BRIDGEA23_GEOMETRY_COMPARISON.tsv
A23_geometry	A2_minus_A1	DEVELOPMENT:directional_entropy3	paired_delta_mean	reaction_mean_across_truth_evaluations	0.024961502099084331	0.024961502099084331	0	0	3134	3134	0	frozen_statistic_preserved_by_proven_identical_input_set	outputs/dmi_bridge_a23_a1_a2_synthesis_v1/BRIDGEA23_GEOMETRY_COMPARISON.tsv
A23_geometry	A2_minus_A1	DEVELOPMENT:directional_entropy3	paired_delta_median	reaction_mean_across_truth_evaluations	0.017586631677676864	0.017586631677676864	0	0	3134	3134	0	frozen_statistic_preserved_by_proven_identical_input_set	outputs/dmi_bridge_a23_a1_a2_synthesis_v1/BRIDGEA23_GEOMETRY_COMPARISON.tsv
A23_geometry	A1	CONFIRMATION_HOLDOUT:directional_entropy3	a1_mean	reaction_mean_across_truth_evaluations	0.020412635339252125	0.020412635339252125	0	0	1045	1045	0	frozen_statistic_preserved_by_proven_identical_input_set	outputs/dmi_bridge_a23_a1_a2_synthesis_v1/BRIDGEA23_GEOMETRY_COMPARISON.tsv
A23_geometry	A2	CONFIRMATION_HOLDOUT:directional_entropy3	a2_mean	reaction_mean_across_truth_evaluations	0.044587047628594029	0.044587047628594029	0	0	1045	1045	0	frozen_statistic_preserved_by_proven_identical_input_set	outputs/dmi_bridge_a23_a1_a2_synthesis_v1/BRIDGEA23_GEOMETRY_COMPARISON.tsv
A23_geometry	A2_minus_A1	CONFIRMATION_HOLDOUT:directional_entropy3	paired_delta_mean	reaction_mean_across_truth_evaluations	0.024174412289341911	0.024174412289341911	0	0	1045	1045	0	frozen_statistic_preserved_by_proven_identical_input_set	outputs/dmi_bridge_a23_a1_a2_synthesis_v1/BRIDGEA23_GEOMETRY_COMPARISON.tsv
A23_geometry	A2_minus_A1	CONFIRMATION_HOLDOUT:directional_entropy3	paired_delta_median	reaction_mean_across_truth_evaluations	0.016640424143011895	0.016640424143011895	0	0	1045	1045	0	frozen_statistic_preserved_by_proven_identical_input_set	outputs/dmi_bridge_a23_a1_a2_synthesis_v1/BRIDGEA23_GEOMETRY_COMPARISON.tsv
A23_geometry	A1	ALL_EVALUATION_REACTION:dominant_sign_mass	a1_mean	evaluation_x_reaction	0.98965216069460715	0.98965216069460715	0	0	1671600	1671600	0	frozen_statistic_preserved_by_proven_identical_input_set	outputs/dmi_bridge_a23_a1_a2_synthesis_v1/BRIDGEA23_GEOMETRY_COMPARISON.tsv
A23_geometry	A2	ALL_EVALUATION_REACTION:dominant_sign_mass	a2_mean	evaluation_x_reaction	0.9763508066417359	0.9763508066417359	0	0	1671600	1671600	0	frozen_statistic_preserved_by_proven_identical_input_set	outputs/dmi_bridge_a23_a1_a2_synthesis_v1/BRIDGEA23_GEOMETRY_COMPARISON.tsv
A23_geometry	A2_minus_A1	ALL_EVALUATION_REACTION:dominant_sign_mass	paired_delta_mean	evaluation_x_reaction	-0.013301354052871363	-0.013301354052871363	0	0	1671600	1671600	0	frozen_statistic_preserved_by_proven_identical_input_set	outputs/dmi_bridge_a23_a1_a2_synthesis_v1/BRIDGEA23_GEOMETRY_COMPARISON.tsv
A23_geometry	A2_minus_A1	ALL_EVALUATION_REACTION:dominant_sign_mass	paired_delta_median	evaluation_x_reaction	0	0	0	0	1671600	1671600	0	frozen_statistic_preserved_by_proven_identical_input_set	outputs/dmi_bridge_a23_a1_a2_synthesis_v1/BRIDGEA23_GEOMETRY_COMPARISON.tsv
A23_geometry	A1	DEVELOPMENT:dominant_sign_mass	a1_mean	reaction_mean_across_truth_evaluations	0.98903469185055592	0.98903469185055592	0	0	3134	3134	0	frozen_statistic_preserved_by_proven_identical_input_set	outputs/dmi_bridge_a23_a1_a2_synthesis_v1/BRIDGEA23_GEOMETRY_COMPARISON.tsv
A23_geometry	A2	DEVELOPMENT:dominant_sign_mass	a2_mean	reaction_mean_across_truth_evaluations	0.97649084295309685	0.97649084295309685	0	0	3134	3134	0	frozen_statistic_preserved_by_proven_identical_input_set	outputs/dmi_bridge_a23_a1_a2_synthesis_v1/BRIDGEA23_GEOMETRY_COMPARISON.tsv
A23_geometry	A2_minus_A1	DEVELOPMENT:dominant_sign_mass	paired_delta_mean	reaction_mean_across_truth_evaluations	-0.012543848897458951	-0.012543848897458951	0	0	3134	3134	0	frozen_statistic_preserved_by_proven_identical_input_set	outputs/dmi_bridge_a23_a1_a2_synthesis_v1/BRIDGEA23_GEOMETRY_COMPARISON.tsv
A23_geometry	A2_minus_A1	DEVELOPMENT:dominant_sign_mass	paired_delta_median	reaction_mean_across_truth_evaluations	-0.0084692861168012556	-0.0084692861168012556	0	0	3134	3134	0	frozen_statistic_preserved_by_proven_identical_input_set	outputs/dmi_bridge_a23_a1_a2_synthesis_v1/BRIDGEA23_GEOMETRY_COMPARISON.tsv
A23_geometry	A1	CONFIRMATION_HOLDOUT:dominant_sign_mass	a1_mean	reaction_mean_across_truth_evaluations	0.98950082090315272	0.98950082090315272	0	0	1045	1045	0	frozen_statistic_preserved_by_proven_identical_input_set	outputs/dmi_bridge_a23_a1_a2_synthesis_v1/BRIDGEA23_GEOMETRY_COMPARISON.tsv
A23_geometry	A2	CONFIRMATION_HOLDOUT:dominant_sign_mass	a2_mean	reaction_mean_across_truth_evaluations	0.97739495654890685	0.97739495654890685	0	0	1045	1045	0	frozen_statistic_preserved_by_proven_identical_input_set	outputs/dmi_bridge_a23_a1_a2_synthesis_v1/BRIDGEA23_GEOMETRY_COMPARISON.tsv
A23_geometry	A2_minus_A1	CONFIRMATION_HOLDOUT:dominant_sign_mass	paired_delta_mean	reaction_mean_across_truth_evaluations	-0.012105864354245944	-0.012105864354245944	0	0	1045	1045	0	frozen_statistic_preserved_by_proven_identical_input_set	outputs/dmi_bridge_a23_a1_a2_synthesis_v1/BRIDGEA23_GEOMETRY_COMPARISON.tsv
A23_geometry	A2_minus_A1	CONFIRMATION_HOLDOUT:dominant_sign_mass	paired_delta_median	reaction_mean_across_truth_evaluations	-0.006843463965883978	-0.006843463965883978	0	0	1045	1045	0	frozen_statistic_preserved_by_proven_identical_input_set	outputs/dmi_bridge_a23_a1_a2_synthesis_v1/BRIDGEA23_GEOMETRY_COMPARISON.tsv
A23_geometry	A1	ALL_EVALUATION_REACTION:n_supported_sign_states	a1_mean	evaluation_x_reaction	1.2254845656855706	1.2254845656855706	0	0	1671600	1671600	0	frozen_statistic_preserved_by_proven_identical_input_set	outputs/dmi_bridge_a23_a1_a2_synthesis_v1/BRIDGEA23_GEOMETRY_COMPARISON.tsv
A23_geometry	A2	ALL_EVALUATION_REACTION:n_supported_sign_states	a2_mean	evaluation_x_reaction	1.2261156975352956	1.2261156975352956	0	0	1671600	1671600	0	frozen_statistic_preserved_by_proven_identical_input_set	outputs/dmi_bridge_a23_a1_a2_synthesis_v1/BRIDGEA23_GEOMETRY_COMPARISON.tsv
A23_geometry	A2_minus_A1	ALL_EVALUATION_REACTION:n_supported_sign_states	paired_delta_mean	evaluation_x_reaction	0.00063113184972481454	0.00063113184972481454	0	0	1671600	1671600	0	frozen_statistic_preserved_by_proven_identical_input_set	outputs/dmi_bridge_a23_a1_a2_synthesis_v1/BRIDGEA23_GEOMETRY_COMPARISON.tsv
A23_geometry	A2_minus_A1	ALL_EVALUATION_REACTION:n_supported_sign_states	paired_delta_median	evaluation_x_reaction	0	0	0	0	1671600	1671600	0	frozen_statistic_preserved_by_proven_identical_input_set	outputs/dmi_bridge_a23_a1_a2_synthesis_v1/BRIDGEA23_GEOMETRY_COMPARISON.tsv
A23_geometry	A1	DEVELOPMENT:n_supported_sign_states	a1_mean	reaction_mean_across_truth_evaluations	1.2223701685092878	1.2223701685092878	0	0	3134	3134	0	frozen_statistic_preserved_by_proven_identical_input_set	outputs/dmi_bridge_a23_a1_a2_synthesis_v1/BRIDGEA23_GEOMETRY_COMPARISON.tsv
A23_geometry	A2	DEVELOPMENT:n_supported_sign_states	a2_mean	reaction_mean_across_truth_evaluations	1.2227703133893308	1.2227703133893308	0	0	3134	3134	0	frozen_statistic_preserved_by_proven_identical_input_set	outputs/dmi_bridge_a23_a1_a2_synthesis_v1/BRIDGEA23_GEOMETRY_COMPARISON.tsv
A23_geometry	A2_minus_A1	DEVELOPMENT:n_supported_sign_states	paired_delta_mean	reaction_mean_across_truth_evaluations	0.00040014488004277412	0.00040014488004277412	0	0	3134	3134	0	frozen_statistic_preserved_by_proven_identical_input_set	outputs/dmi_bridge_a23_a1_a2_synthesis_v1/BRIDGEA23_GEOMETRY_COMPARISON.tsv
A23_geometry	A2_minus_A1	DEVELOPMENT:n_supported_sign_states	paired_delta_median	reaction_mean_across_truth_evaluations	0	0	0	0	3134	3134	0	frozen_statistic_preserved_by_proven_identical_input_set	outputs/dmi_bridge_a23_a1_a2_synthesis_v1/BRIDGEA23_GEOMETRY_COMPARISON.tsv
A23_geometry	A1	CONFIRMATION_HOLDOUT:n_supported_sign_states	a1_mean	reaction_mean_across_truth_evaluations	1.219816371395319	1.219816371395319	0	0	1045	1045	0	frozen_statistic_preserved_by_proven_identical_input_set	outputs/dmi_bridge_a23_a1_a2_synthesis_v1/BRIDGEA23_GEOMETRY_COMPARISON.tsv
A23_geometry	A2	CONFIRMATION_HOLDOUT:n_supported_sign_states	a2_mean	reaction_mean_across_truth_evaluations	1.2202120781068151	1.2202120781068151	0	0	1045	1045	0	frozen_statistic_preserved_by_proven_identical_input_set	outputs/dmi_bridge_a23_a1_a2_synthesis_v1/BRIDGEA23_GEOMETRY_COMPARISON.tsv
A23_geometry	A2_minus_A1	CONFIRMATION_HOLDOUT:n_supported_sign_states	paired_delta_mean	reaction_mean_across_truth_evaluations	0.00039570671149618582	0.00039570671149618582	0	0	1045	1045	0	frozen_statistic_preserved_by_proven_identical_input_set	outputs/dmi_bridge_a23_a1_a2_synthesis_v1/BRIDGEA23_GEOMETRY_COMPARISON.tsv
A23_geometry	A2_minus_A1	CONFIRMATION_HOLDOUT:n_supported_sign_states	paired_delta_median	reaction_mean_across_truth_evaluations	0	0	0	0	1045	1045	0	frozen_statistic_preserved_by_proven_identical_input_set	outputs/dmi_bridge_a23_a1_a2_synthesis_v1/BRIDGEA23_GEOMETRY_COMPARISON.tsv
A23_geometry	A1	ALL_EVALUATION_REACTION:anchor_width80_contraction	a1_mean	evaluation_x_reaction	0.79517640401898304	0.79517640401898304	0	0	719600	719600	0	frozen_statistic_preserved_by_proven_identical_input_set	outputs/dmi_bridge_a23_a1_a2_synthesis_v1/BRIDGEA23_GEOMETRY_COMPARISON.tsv
A23_geometry	A2	ALL_EVALUATION_REACTION:anchor_width80_contraction	a2_mean	evaluation_x_reaction	0.51003634780788387	0.51003634780788387	0	0	719600	719600	0	frozen_statistic_preserved_by_proven_identical_input_set	outputs/dmi_bridge_a23_a1_a2_synthesis_v1/BRIDGEA23_GEOMETRY_COMPARISON.tsv
A23_geometry	A2_minus_A1	ALL_EVALUATION_REACTION:anchor_width80_contraction	paired_delta_mean	evaluation_x_reaction	-0.28514005621109922	-0.28514005621109922	0	0	719600	719600	0	frozen_statistic_preserved_by_proven_identical_input_set	outputs/dmi_bridge_a23_a1_a2_synthesis_v1/BRIDGEA23_GEOMETRY_COMPARISON.tsv
A23_geometry	A2_minus_A1	ALL_EVALUATION_REACTION:anchor_width80_contraction	paired_delta_median	evaluation_x_reaction	-0.14908474518403247	-0.14908474518403247	0	0	719600	719600	0	frozen_statistic_preserved_by_proven_identical_input_set	outputs/dmi_bridge_a23_a1_a2_synthesis_v1/BRIDGEA23_GEOMETRY_COMPARISON.tsv
A23_geometry	A1	DEVELOPMENT:anchor_width80_contraction	a1_mean	reaction_mean_across_truth_evaluations	0.79102941723910525	0.79102941723910525	0	0	2715	2715	0	frozen_statistic_preserved_by_proven_identical_input_set	outputs/dmi_bridge_a23_a1_a2_synthesis_v1/BRIDGEA23_GEOMETRY_COMPARISON.tsv
A23_geometry	A2	DEVELOPMENT:anchor_width80_contraction	a2_mean	reaction_mean_across_truth_evaluations	0.51670976842690797	0.51670976842690797	0	0	2715	2715	0	frozen_statistic_preserved_by_proven_identical_input_set	outputs/dmi_bridge_a23_a1_a2_synthesis_v1/BRIDGEA23_GEOMETRY_COMPARISON.tsv
A23_geometry	A2_minus_A1	DEVELOPMENT:anchor_width80_contraction	paired_delta_mean	reaction_mean_across_truth_evaluations	-0.27431964881219728	-0.27431964881219728	0	0	2715	2715	0	frozen_statistic_preserved_by_proven_identical_input_set	outputs/dmi_bridge_a23_a1_a2_synthesis_v1/BRIDGEA23_GEOMETRY_COMPARISON.tsv
A23_geometry	A2_minus_A1	DEVELOPMENT:anchor_width80_contraction	paired_delta_median	reaction_mean_across_truth_evaluations	-0.26661262789971085	-0.26661262789971085	0	0	2715	2715	0	frozen_statistic_preserved_by_proven_identical_input_set	outputs/dmi_bridge_a23_a1_a2_synthesis_v1/BRIDGEA23_GEOMETRY_COMPARISON.tsv
A23_geometry	A1	CONFIRMATION_HOLDOUT:anchor_width80_contraction	a1_mean	reaction_mean_across_truth_evaluations	0.78247549557549145	0.78247549557549145	0	0	910	910	0	frozen_statistic_preserved_by_proven_identical_input_set	outputs/dmi_bridge_a23_a1_a2_synthesis_v1/BRIDGEA23_GEOMETRY_COMPARISON.tsv
A23_geometry	A2	CONFIRMATION_HOLDOUT:anchor_width80_contraction	a2_mean	reaction_mean_across_truth_evaluations	0.50367451279751752	0.50367451279751752	0	0	910	910	0	frozen_statistic_preserved_by_proven_identical_input_set	outputs/dmi_bridge_a23_a1_a2_synthesis_v1/BRIDGEA23_GEOMETRY_COMPARISON.tsv
A23_geometry	A2_minus_A1	CONFIRMATION_HOLDOUT:anchor_width80_contraction	paired_delta_mean	reaction_mean_across_truth_evaluations	-0.27880098277797388	-0.27880098277797388	0	0	910	910	0	frozen_statistic_preserved_by_proven_identical_input_set	outputs/dmi_bridge_a23_a1_a2_synthesis_v1/BRIDGEA23_GEOMETRY_COMPARISON.tsv
A23_geometry	A2_minus_A1	CONFIRMATION_HOLDOUT:anchor_width80_contraction	paired_delta_median	reaction_mean_across_truth_evaluations	-0.26428324638233003	-0.26428324638233003	0	0	910	910	0	frozen_statistic_preserved_by_proven_identical_input_set	outputs/dmi_bridge_a23_a1_a2_synthesis_v1/BRIDGEA23_GEOMETRY_COMPARISON.tsv
A23_geometry	A1	ALL_EVALUATION_REACTION:joint_ess	a1_mean	evaluation_x_reaction	5.0940124120737522	5.0940124120737522	0	0	1671600	1671600	0	frozen_statistic_preserved_by_proven_identical_input_set	outputs/dmi_bridge_a23_a1_a2_synthesis_v1/BRIDGEA23_GEOMETRY_COMPARISON.tsv
A23_geometry	A2	ALL_EVALUATION_REACTION:joint_ess	a2_mean	evaluation_x_reaction	27.186039152760856	27.186039152760856	0	0	1671600	1671600	0	frozen_statistic_preserved_by_proven_identical_input_set	outputs/dmi_bridge_a23_a1_a2_synthesis_v1/BRIDGEA23_GEOMETRY_COMPARISON.tsv
A23_geometry	A2_minus_A1	ALL_EVALUATION_REACTION:joint_ess	paired_delta_mean	evaluation_x_reaction	22.092026740687103	22.092026740687103	0	0	1671600	1671600	0	frozen_statistic_preserved_by_proven_identical_input_set	outputs/dmi_bridge_a23_a1_a2_synthesis_v1/BRIDGEA23_GEOMETRY_COMPARISON.tsv
A23_geometry	A2_minus_A1	ALL_EVALUATION_REACTION:joint_ess	paired_delta_median	evaluation_x_reaction	9.5246280613056378	9.5246280613056378	0	0	1671600	1671600	0	frozen_statistic_preserved_by_proven_identical_input_set	outputs/dmi_bridge_a23_a1_a2_synthesis_v1/BRIDGEA23_GEOMETRY_COMPARISON.tsv
A23_geometry	A1	DEVELOPMENT:joint_ess	a1_mean	reaction_mean_across_truth_evaluations	5.3455638506049343	5.3455638506049343	0	0	3134	3134	0	frozen_statistic_preserved_by_proven_identical_input_set	outputs/dmi_bridge_a23_a1_a2_synthesis_v1/BRIDGEA23_GEOMETRY_COMPARISON.tsv
A23_geometry	A2	DEVELOPMENT:joint_ess	a2_mean	reaction_mean_across_truth_evaluations	28.652032212964723	28.652032212964723	0	0	3134	3134	0	frozen_statistic_preserved_by_proven_identical_input_set	outputs/dmi_bridge_a23_a1_a2_synthesis_v1/BRIDGEA23_GEOMETRY_COMPARISON.tsv
A23_geometry	A2_minus_A1	DEVELOPMENT:joint_ess	paired_delta_mean	reaction_mean_across_truth_evaluations	23.306468362359794	23.306468362359794	0	0	3134	3134	0	frozen_statistic_preserved_by_proven_identical_input_set	outputs/dmi_bridge_a23_a1_a2_synthesis_v1/BRIDGEA23_GEOMETRY_COMPARISON.tsv
A23_geometry	A2_minus_A1	DEVELOPMENT:joint_ess	paired_delta_median	reaction_mean_across_truth_evaluations	23.306468362359784	23.306468362359784	0	0	3134	3134	0	frozen_statistic_preserved_by_proven_identical_input_set	outputs/dmi_bridge_a23_a1_a2_synthesis_v1/BRIDGEA23_GEOMETRY_COMPARISON.tsv
A23_geometry	A1	CONFIRMATION_HOLDOUT:joint_ess	a1_mean	reaction_mean_across_truth_evaluations	5.3455638506049343	5.3455638506049343	0	0	1045	1045	0	frozen_statistic_preserved_by_proven_identical_input_set	outputs/dmi_bridge_a23_a1_a2_synthesis_v1/BRIDGEA23_GEOMETRY_COMPARISON.tsv
A23_geometry	A2	CONFIRMATION_HOLDOUT:joint_ess	a2_mean	reaction_mean_across_truth_evaluations	28.652032212964723	28.652032212964723	0	0	1045	1045	0	frozen_statistic_preserved_by_proven_identical_input_set	outputs/dmi_bridge_a23_a1_a2_synthesis_v1/BRIDGEA23_GEOMETRY_COMPARISON.tsv
A23_geometry	A2_minus_A1	CONFIRMATION_HOLDOUT:joint_ess	paired_delta_mean	reaction_mean_across_truth_evaluations	23.306468362359791	23.306468362359791	0	0	1045	1045	0	frozen_statistic_preserved_by_proven_identical_input_set	outputs/dmi_bridge_a23_a1_a2_synthesis_v1/BRIDGEA23_GEOMETRY_COMPARISON.tsv
A23_geometry	A2_minus_A1	CONFIRMATION_HOLDOUT:joint_ess	paired_delta_median	reaction_mean_across_truth_evaluations	23.306468362359784	23.306468362359784	0	0	1045	1045	0	frozen_statistic_preserved_by_proven_identical_input_set	outputs/dmi_bridge_a23_a1_a2_synthesis_v1/BRIDGEA23_GEOMETRY_COMPARISON.tsv
A23_geometry	A1	ALL_EVALUATION_REACTION:abs_delta_anchor_target_correlation	a1_mean	evaluation_x_reaction	0.013032347249797247	0.013032347249797247	0	0	572123	572123	0	frozen_statistic_preserved_by_proven_identical_input_set	outputs/dmi_bridge_a23_a1_a2_synthesis_v1/BRIDGEA23_GEOMETRY_COMPARISON.tsv
A23_geometry	A2	ALL_EVALUATION_REACTION:abs_delta_anchor_target_correlation	a2_mean	evaluation_x_reaction	0.025857810767925957	0.025857810767925957	0	0	572123	572123	0	frozen_statistic_preserved_by_proven_identical_input_set	outputs/dmi_bridge_a23_a1_a2_synthesis_v1/BRIDGEA23_GEOMETRY_COMPARISON.tsv
A23_geometry	A2_minus_A1	ALL_EVALUATION_REACTION:abs_delta_anchor_target_correlation	paired_delta_mean	evaluation_x_reaction	0.012825463518128709	0.012825463518128709	0	0	572123	572123	0	frozen_statistic_preserved_by_proven_identical_input_set	outputs/dmi_bridge_a23_a1_a2_synthesis_v1/BRIDGEA23_GEOMETRY_COMPARISON.tsv
A23_geometry	A2_minus_A1	ALL_EVALUATION_REACTION:abs_delta_anchor_target_correlation	paired_delta_median	evaluation_x_reaction	-1.6542721636980673e-09	-1.6542721636980673e-09	0	0	572123	572123	0	frozen_statistic_preserved_by_proven_identical_input_set	outputs/dmi_bridge_a23_a1_a2_synthesis_v1/BRIDGEA23_GEOMETRY_COMPARISON.tsv
A23_geometry	A1	DEVELOPMENT:abs_delta_anchor_target_correlation	a1_mean	reaction_mean_across_truth_evaluations	0.02343687248891508	0.02343687248891508	0	0	2453	2453	0	frozen_statistic_preserved_by_proven_identical_input_set	outputs/dmi_bridge_a23_a1_a2_synthesis_v1/BRIDGEA23_GEOMETRY_COMPARISON.tsv
A23_geometry	A2	DEVELOPMENT:abs_delta_anchor_target_correlation	a2_mean	reaction_mean_across_truth_evaluations	0.028137470476876154	0.028137470476876154	0	0	2453	2453	0	frozen_statistic_preserved_by_proven_identical_input_set	outputs/dmi_bridge_a23_a1_a2_synthesis_v1/BRIDGEA23_GEOMETRY_COMPARISON.tsv
A23_geometry	A2_minus_A1	DEVELOPMENT:abs_delta_anchor_target_correlation	paired_delta_mean	reaction_mean_across_truth_evaluations	0.0047005979879610757	0.0047005979879610757	0	0	2453	2453	0	frozen_statistic_preserved_by_proven_identical_input_set	outputs/dmi_bridge_a23_a1_a2_synthesis_v1/BRIDGEA23_GEOMETRY_COMPARISON.tsv
A23_geometry	A2_minus_A1	DEVELOPMENT:abs_delta_anchor_target_correlation	paired_delta_median	reaction_mean_across_truth_evaluations	0.0023906076885718275	0.0023906076885718275	0	0	2453	2453	0	frozen_statistic_preserved_by_proven_identical_input_set	outputs/dmi_bridge_a23_a1_a2_synthesis_v1/BRIDGEA23_GEOMETRY_COMPARISON.tsv
A23_geometry	A1	CONFIRMATION_HOLDOUT:abs_delta_anchor_target_correlation	a1_mean	reaction_mean_across_truth_evaluations	0.017072978127502504	0.017072978127502504	0	0	838	838	0	frozen_statistic_preserved_by_proven_identical_input_set	outputs/dmi_bridge_a23_a1_a2_synthesis_v1/BRIDGEA23_GEOMETRY_COMPARISON.tsv
A23_geometry	A2	CONFIRMATION_HOLDOUT:abs_delta_anchor_target_correlation	a2_mean	reaction_mean_across_truth_evaluations	0.015350200364977742	0.015350200364977742	0	0	838	838	0	frozen_statistic_preserved_by_proven_identical_input_set	outputs/dmi_bridge_a23_a1_a2_synthesis_v1/BRIDGEA23_GEOMETRY_COMPARISON.tsv
A23_geometry	A2_minus_A1	CONFIRMATION_HOLDOUT:abs_delta_anchor_target_correlation	paired_delta_mean	reaction_mean_across_truth_evaluations	-0.0017227777625247629	-0.0017227777625247629	0	0	838	838	0	frozen_statistic_preserved_by_proven_identical_input_set	outputs/dmi_bridge_a23_a1_a2_synthesis_v1/BRIDGEA23_GEOMETRY_COMPARISON.tsv
A23_geometry	A2_minus_A1	CONFIRMATION_HOLDOUT:abs_delta_anchor_target_correlation	paired_delta_median	reaction_mean_across_truth_evaluations	0.002340771715153421	0.002340771715153421	0	0	838	838	0	frozen_statistic_preserved_by_proven_identical_input_set	outputs/dmi_bridge_a23_a1_a2_synthesis_v1/BRIDGEA23_GEOMETRY_COMPARISON.tsv
A23_case_pooled_utility	A1	ALL	a1_correct_mean_gain	distinct_truth_pair_x_reaction	0.014234484268356776	0.014234484268356776	0	0	1440313	1440313	0	frozen_statistic_preserved_by_proven_identical_input_set	outputs/dmi_bridge_a23_a1_a2_synthesis_v1/BRIDGEA23_UTILITY_COMPARISON.tsv
A23_case_pooled_utility	A2	ALL	a2_correct_mean_gain	distinct_truth_pair_x_reaction	0.022801865806147577	0.022801865806147577	0	0	1440313	1440313	0	frozen_statistic_preserved_by_proven_identical_input_set	outputs/dmi_bridge_a23_a1_a2_synthesis_v1/BRIDGEA23_UTILITY_COMPARISON.tsv
A23_case_pooled_utility	A1	ALL	a1_specificity_mean	distinct_truth_pair_x_reaction	0.03309389154965113	0.03309389154965113	0	0	1440313	1440313	0	frozen_statistic_preserved_by_proven_identical_input_set	outputs/dmi_bridge_a23_a1_a2_synthesis_v1/BRIDGEA23_UTILITY_COMPARISON.tsv
A23_case_pooled_utility	A2	ALL	a2_specificity_mean	distinct_truth_pair_x_reaction	0.054535148930311576	0.054535148930311576	0	0	1440313	1440313	0	frozen_statistic_preserved_by_proven_identical_input_set	outputs/dmi_bridge_a23_a1_a2_synthesis_v1/BRIDGEA23_UTILITY_COMPARISON.tsv
A23_case_pooled_utility	A2_minus_A1	ALL	paired_correct_delta	distinct_truth_pair_x_reaction	0.0085673815377913642	0.0085673815377913642	0	0	1440313	1440313	0	frozen_statistic_preserved_by_proven_identical_input_set	outputs/dmi_bridge_a23_a1_a2_synthesis_v1/BRIDGEA23_UTILITY_COMPARISON.tsv
A23_case_pooled_utility	A2_minus_A1	ALL	paired_specificity_delta	distinct_truth_pair_x_reaction	0.021441257380664738	0.021441257380664738	0	0	1440313	1440313	0	frozen_statistic_preserved_by_proven_identical_input_set	outputs/dmi_bridge_a23_a1_a2_synthesis_v1/BRIDGEA23_UTILITY_COMPARISON.tsv
A23_case_pooled_utility	A1	DEVELOPMENT	a1_correct_mean_gain	distinct_truth_pair_x_reaction	0.014342343990005359	0.014342343990005359	0	0	1081214	1081214	0	frozen_statistic_preserved_by_proven_identical_input_set	outputs/dmi_bridge_a23_a1_a2_synthesis_v1/BRIDGEA23_UTILITY_COMPARISON.tsv
A23_case_pooled_utility	A2	DEVELOPMENT	a2_correct_mean_gain	distinct_truth_pair_x_reaction	0.023114524768358	0.023114524768358	0	0	1081214	1081214	0	frozen_statistic_preserved_by_proven_identical_input_set	outputs/dmi_bridge_a23_a1_a2_synthesis_v1/BRIDGEA23_UTILITY_COMPARISON.tsv
A23_case_pooled_utility	A1	DEVELOPMENT	a1_specificity_mean	distinct_truth_pair_x_reaction	0.033307232209066971	0.033307232209066971	0	0	1081214	1081214	0	frozen_statistic_preserved_by_proven_identical_input_set	outputs/dmi_bridge_a23_a1_a2_synthesis_v1/BRIDGEA23_UTILITY_COMPARISON.tsv
A23_case_pooled_utility	A2	DEVELOPMENT	a2_specificity_mean	distinct_truth_pair_x_reaction	0.055301502394805448	0.055301502394805448	0	0	1081214	1081214	0	frozen_statistic_preserved_by_proven_identical_input_set	outputs/dmi_bridge_a23_a1_a2_synthesis_v1/BRIDGEA23_UTILITY_COMPARISON.tsv
A23_case_pooled_utility	A2_minus_A1	DEVELOPMENT	paired_correct_delta	distinct_truth_pair_x_reaction	0.0087721807783520678	0.0087721807783520678	0	0	1081214	1081214	0	frozen_statistic_preserved_by_proven_identical_input_set	outputs/dmi_bridge_a23_a1_a2_synthesis_v1/BRIDGEA23_UTILITY_COMPARISON.tsv
A23_case_pooled_utility	A2_minus_A1	DEVELOPMENT	paired_specificity_delta	distinct_truth_pair_x_reaction	0.021994270185738421	0.021994270185738421	0	0	1081214	1081214	0	frozen_statistic_preserved_by_proven_identical_input_set	outputs/dmi_bridge_a23_a1_a2_synthesis_v1/BRIDGEA23_UTILITY_COMPARISON.tsv
A23_case_pooled_utility	A1	CONFIRMATION_HOLDOUT	a1_correct_mean_gain	distinct_truth_pair_x_reaction	0.013909728585155608	0.013909728585155608	0	0	359099	359099	0	frozen_statistic_preserved_by_proven_identical_input_set	outputs/dmi_bridge_a23_a1_a2_synthesis_v1/BRIDGEA23_UTILITY_COMPARISON.tsv
A23_case_pooled_utility	A2	CONFIRMATION_HOLDOUT	a2_correct_mean_gain	distinct_truth_pair_x_reaction	0.021860478480742095	0.021860478480742095	0	0	359099	359099	0	frozen_statistic_preserved_by_proven_identical_input_set	outputs/dmi_bridge_a23_a1_a2_synthesis_v1/BRIDGEA23_UTILITY_COMPARISON.tsv
A23_case_pooled_utility	A1	CONFIRMATION_HOLDOUT	a1_specificity_mean	distinct_truth_pair_x_reaction	0.032451542482318865	0.032451542482318865	0	0	359099	359099	0	frozen_statistic_preserved_by_proven_identical_input_set	outputs/dmi_bridge_a23_a1_a2_synthesis_v1/BRIDGEA23_UTILITY_COMPARISON.tsv
A23_case_pooled_utility	A2	CONFIRMATION_HOLDOUT	a2_specificity_mean	distinct_truth_pair_x_reaction	0.052227729263998712	0.052227729263998712	0	0	359099	359099	0	frozen_statistic_preserved_by_proven_identical_input_set	outputs/dmi_bridge_a23_a1_a2_synthesis_v1/BRIDGEA23_UTILITY_COMPARISON.tsv
A23_case_pooled_utility	A2_minus_A1	CONFIRMATION_HOLDOUT	paired_correct_delta	distinct_truth_pair_x_reaction	0.0079507498955866934	0.0079507498955866934	0	0	359099	359099	0	frozen_statistic_preserved_by_proven_identical_input_set	outputs/dmi_bridge_a23_a1_a2_synthesis_v1/BRIDGEA23_UTILITY_COMPARISON.tsv
A23_case_pooled_utility	A2_minus_A1	CONFIRMATION_HOLDOUT	paired_specificity_delta	distinct_truth_pair_x_reaction	0.019776186781680274	0.019776186781680274	0	0	359099	359099	0	frozen_statistic_preserved_by_proven_identical_input_set	outputs/dmi_bridge_a23_a1_a2_synthesis_v1/BRIDGEA23_UTILITY_COMPARISON.tsv
A23_case_pooled_control	A1	ALL:correct_q1	a1_mean_gain	non_tie_distinct_truth_pair_x_reaction	0.014234484268356776	0.014234484268356776	0	0	1440313	1440313	0	frozen_statistic_preserved_by_proven_identical_input_set	outputs/dmi_bridge_a23_a1_a2_synthesis_v1/BRIDGEA23_CONTROL_SUMMARY.tsv
A23_case_pooled_control	A2	ALL:correct_q1	a2_mean_gain	non_tie_distinct_truth_pair_x_reaction	0.022801865806147577	0.022801865806147577	0	0	1440313	1440313	0	frozen_statistic_preserved_by_proven_identical_input_set	outputs/dmi_bridge_a23_a1_a2_synthesis_v1/BRIDGEA23_CONTROL_SUMMARY.tsv
A23_case_pooled_control	A2_minus_A1	ALL:correct_q1	paired_delta_mean	non_tie_distinct_truth_pair_x_reaction	0.0085673815377913642	0.0085673815377913642	0	0	1440313	1440313	0	frozen_statistic_preserved_by_proven_identical_input_set	outputs/dmi_bridge_a23_a1_a2_synthesis_v1/BRIDGEA23_CONTROL_SUMMARY.tsv
A23_case_pooled_control	A1	ALL:wrong_q0	a1_mean_gain	non_tie_distinct_truth_pair_x_reaction	-0.018859407281294222	-0.018859407281294222	0	0	1440313	1440313	0	frozen_statistic_preserved_by_proven_identical_input_set	outputs/dmi_bridge_a23_a1_a2_synthesis_v1/BRIDGEA23_CONTROL_SUMMARY.tsv
A23_case_pooled_control	A2	ALL:wrong_q0	a2_mean_gain	non_tie_distinct_truth_pair_x_reaction	-0.031733283124166602	-0.031733283124166602	0	0	1440313	1440313	0	frozen_statistic_preserved_by_proven_identical_input_set	outputs/dmi_bridge_a23_a1_a2_synthesis_v1/BRIDGEA23_CONTROL_SUMMARY.tsv
A23_case_pooled_control	A2_minus_A1	ALL:wrong_q0	paired_delta_mean	non_tie_distinct_truth_pair_x_reaction	-0.012873875842873488	-0.012873875842873488	0	0	1440313	1440313	0	frozen_statistic_preserved_by_proven_identical_input_set	outputs/dmi_bridge_a23_a1_a2_synthesis_v1/BRIDGEA23_CONTROL_SUMMARY.tsv
A23_case_pooled_control	A1	ALL:analytic_random_q0_5	a1_mean_gain	non_tie_distinct_truth_pair_x_reaction	-0.0023124615064686166	-0.0023124615064686166	0	0	1440313	1440313	0	frozen_statistic_preserved_by_proven_identical_input_set	outputs/dmi_bridge_a23_a1_a2_synthesis_v1/BRIDGEA23_CONTROL_SUMMARY.tsv
A23_case_pooled_control	A2	ALL:analytic_random_q0_5	a2_mean_gain	non_tie_distinct_truth_pair_x_reaction	-0.0044657086590093476	-0.0044657086590093476	0	0	1440313	1440313	0	frozen_statistic_preserved_by_proven_identical_input_set	outputs/dmi_bridge_a23_a1_a2_synthesis_v1/BRIDGEA23_CONTROL_SUMMARY.tsv
A23_case_pooled_control	A2_minus_A1	ALL:analytic_random_q0_5	paired_delta_mean	non_tie_distinct_truth_pair_x_reaction	-0.0021532471525406104	-0.0021532471525406104	0	0	1440313	1440313	0	frozen_statistic_preserved_by_proven_identical_input_set	outputs/dmi_bridge_a23_a1_a2_synthesis_v1/BRIDGEA23_CONTROL_SUMMARY.tsv
A23_case_pooled_control	A1	DEVELOPMENT:correct_q1	a1_mean_gain	non_tie_distinct_truth_pair_x_reaction	0.014342343990005359	0.014342343990005359	0	0	1081214	1081214	0	frozen_statistic_preserved_by_proven_identical_input_set	outputs/dmi_bridge_a23_a1_a2_synthesis_v1/BRIDGEA23_CONTROL_SUMMARY.tsv
A23_case_pooled_control	A2	DEVELOPMENT:correct_q1	a2_mean_gain	non_tie_distinct_truth_pair_x_reaction	0.023114524768358	0.023114524768358	0	0	1081214	1081214	0	frozen_statistic_preserved_by_proven_identical_input_set	outputs/dmi_bridge_a23_a1_a2_synthesis_v1/BRIDGEA23_CONTROL_SUMMARY.tsv
A23_case_pooled_control	A2_minus_A1	DEVELOPMENT:correct_q1	paired_delta_mean	non_tie_distinct_truth_pair_x_reaction	0.0087721807783520678	0.0087721807783520678	0	0	1081214	1081214	0	frozen_statistic_preserved_by_proven_identical_input_set	outputs/dmi_bridge_a23_a1_a2_synthesis_v1/BRIDGEA23_CONTROL_SUMMARY.tsv
A23_case_pooled_control	A1	DEVELOPMENT:wrong_q0	a1_mean_gain	non_tie_distinct_truth_pair_x_reaction	-0.018964888219062413	-0.018964888219062413	0	0	1081214	1081214	0	frozen_statistic_preserved_by_proven_identical_input_set	outputs/dmi_bridge_a23_a1_a2_synthesis_v1/BRIDGEA23_CONTROL_SUMMARY.tsv
A23_case_pooled_control	A2	DEVELOPMENT:wrong_q0	a2_mean_gain	non_tie_distinct_truth_pair_x_reaction	-0.032186977626447913	-0.032186977626447913	0	0	1081214	1081214	0	frozen_statistic_preserved_by_proven_identical_input_set	outputs/dmi_bridge_a23_a1_a2_synthesis_v1/BRIDGEA23_CONTROL_SUMMARY.tsv
A23_case_pooled_control	A2_minus_A1	DEVELOPMENT:wrong_q0	paired_delta_mean	non_tie_distinct_truth_pair_x_reaction	-0.013222089407385007	-0.013222089407385007	0	0	1081214	1081214	0	frozen_statistic_preserved_by_proven_identical_input_set	outputs/dmi_bridge_a23_a1_a2_synthesis_v1/BRIDGEA23_CONTROL_SUMMARY.tsv
A23_case_pooled_control	A1	DEVELOPMENT:analytic_random_q0_5	a1_mean_gain	non_tie_distinct_truth_pair_x_reaction	-0.0023112721145286258	-0.0023112721145286258	0	0	1081214	1081214	0	frozen_statistic_preserved_by_proven_identical_input_set	outputs/dmi_bridge_a23_a1_a2_synthesis_v1/BRIDGEA23_CONTROL_SUMMARY.tsv
A23_case_pooled_control	A2	DEVELOPMENT:analytic_random_q0_5	a2_mean_gain	non_tie_distinct_truth_pair_x_reaction	-0.004536226429044935	-0.004536226429044935	0	0	1081214	1081214	0	frozen_statistic_preserved_by_proven_identical_input_set	outputs/dmi_bridge_a23_a1_a2_synthesis_v1/BRIDGEA23_CONTROL_SUMMARY.tsv
A23_case_pooled_control	A2_minus_A1	DEVELOPMENT:analytic_random_q0_5	paired_delta_mean	non_tie_distinct_truth_pair_x_reaction	-0.0022249543145164063	-0.0022249543145164063	0	0	1081214	1081214	0	frozen_statistic_preserved_by_proven_identical_input_set	outputs/dmi_bridge_a23_a1_a2_synthesis_v1/BRIDGEA23_CONTROL_SUMMARY.tsv
A23_case_pooled_control	A1	CONFIRMATION_HOLDOUT:correct_q1	a1_mean_gain	non_tie_distinct_truth_pair_x_reaction	0.013909728585155608	0.013909728585155608	0	0	359099	359099	0	frozen_statistic_preserved_by_proven_identical_input_set	outputs/dmi_bridge_a23_a1_a2_synthesis_v1/BRIDGEA23_CONTROL_SUMMARY.tsv
A23_case_pooled_control	A2	CONFIRMATION_HOLDOUT:correct_q1	a2_mean_gain	non_tie_distinct_truth_pair_x_reaction	0.021860478480742095	0.021860478480742095	0	0	359099	359099	0	frozen_statistic_preserved_by_proven_identical_input_set	outputs/dmi_bridge_a23_a1_a2_synthesis_v1/BRIDGEA23_CONTROL_SUMMARY.tsv
A23_case_pooled_control	A2_minus_A1	CONFIRMATION_HOLDOUT:correct_q1	paired_delta_mean	non_tie_distinct_truth_pair_x_reaction	0.0079507498955866934	0.0079507498955866934	0	0	359099	359099	0	frozen_statistic_preserved_by_proven_identical_input_set	outputs/dmi_bridge_a23_a1_a2_synthesis_v1/BRIDGEA23_CONTROL_SUMMARY.tsv
A23_case_pooled_control	A1	CONFIRMATION_HOLDOUT:wrong_q0	a1_mean_gain	non_tie_distinct_truth_pair_x_reaction	-0.01854181389716316	-0.01854181389716316	0	0	359099	359099	0	frozen_statistic_preserved_by_proven_identical_input_set	outputs/dmi_bridge_a23_a1_a2_synthesis_v1/BRIDGEA23_CONTROL_SUMMARY.tsv
A23_case_pooled_control	A2	CONFIRMATION_HOLDOUT:wrong_q0	a2_mean_gain	non_tie_distinct_truth_pair_x_reaction	-0.030367250783255573	-0.030367250783255573	0	0	359099	359099	0	frozen_statistic_preserved_by_proven_identical_input_set	outputs/dmi_bridge_a23_a1_a2_synthesis_v1/BRIDGEA23_CONTROL_SUMMARY.tsv
A23_case_pooled_control	A2_minus_A1	CONFIRMATION_HOLDOUT:wrong_q0	paired_delta_mean	non_tie_distinct_truth_pair_x_reaction	-0.011825436886093202	-0.011825436886093202	0	0	359099	359099	0	frozen_statistic_preserved_by_proven_identical_input_set	outputs/dmi_bridge_a23_a1_a2_synthesis_v1/BRIDGEA23_CONTROL_SUMMARY.tsv
A23_case_pooled_control	A1	CONFIRMATION_HOLDOUT:analytic_random_q0_5	a1_mean_gain	non_tie_distinct_truth_pair_x_reaction	-0.0023160426560036962	-0.0023160426560036962	0	0	359099	359099	0	frozen_statistic_preserved_by_proven_identical_input_set	outputs/dmi_bridge_a23_a1_a2_synthesis_v1/BRIDGEA23_CONTROL_SUMMARY.tsv
A23_case_pooled_control	A2	CONFIRMATION_HOLDOUT:analytic_random_q0_5	a2_mean_gain	non_tie_distinct_truth_pair_x_reaction	-0.0042533861512571635	-0.0042533861512571635	0	0	359099	359099	0	frozen_statistic_preserved_by_proven_identical_input_set	outputs/dmi_bridge_a23_a1_a2_synthesis_v1/BRIDGEA23_CONTROL_SUMMARY.tsv
A23_case_pooled_control	A2_minus_A1	CONFIRMATION_HOLDOUT:analytic_random_q0_5	paired_delta_mean	non_tie_distinct_truth_pair_x_reaction	-0.0019373434952533832	-0.0019373434952533832	0	0	359099	359099	0	frozen_statistic_preserved_by_proven_identical_input_set	outputs/dmi_bridge_a23_a1_a2_synthesis_v1/BRIDGEA23_CONTROL_SUMMARY.tsv
A23_association	A1	PL2C_EVALUATION_REACTION:DEVELOPMENT:ALL:sign_magnitude_eta2	a1_rho	source_defined_finite_population	0.67435544003937253	0.67435544003937253	0	0	402648	402648	0	frozen_statistic_preserved_by_proven_identical_input_set	outputs/dmi_bridge_a23_a1_a2_synthesis_v1/BRIDGEA23_GEOMETRY_UTILITY_PERSISTENCE.tsv
A23_association	A2	PL2C_EVALUATION_REACTION:DEVELOPMENT:ALL:sign_magnitude_eta2	a2_rho	source_defined_finite_population	0.67826708139003189	0.67826708139003189	0	0	445586	445586	0	frozen_statistic_preserved_by_proven_identical_input_set	outputs/dmi_bridge_a23_a1_a2_synthesis_v1/BRIDGEA23_GEOMETRY_UTILITY_PERSISTENCE.tsv
A23_association	A2_minus_A1	PL2C_EVALUATION_REACTION:DEVELOPMENT:ALL:sign_magnitude_eta2	rho_a2_minus_a1	source_defined_finite_population	0.0039116413506593561	0.0039116413506593561	0	0	445586	445586	0	frozen_statistic_preserved_by_proven_identical_input_set	outputs/dmi_bridge_a23_a1_a2_synthesis_v1/BRIDGEA23_GEOMETRY_UTILITY_PERSISTENCE.tsv
A23_association	A1	PL2C_EVALUATION_REACTION:DEVELOPMENT:ALL:sign_magnitude_correlation	a1_rho	source_defined_finite_population	-0.040572472692757926	-0.040572472692757926	0	0	140994	140994	0	frozen_statistic_preserved_by_proven_identical_input_set	outputs/dmi_bridge_a23_a1_a2_synthesis_v1/BRIDGEA23_GEOMETRY_UTILITY_PERSISTENCE.tsv
A23_association	A2	PL2C_EVALUATION_REACTION:DEVELOPMENT:ALL:sign_magnitude_correlation	a2_rho	source_defined_finite_population	-0.023982346391637842	-0.023982346391637842	0	0	216915	216915	0	frozen_statistic_preserved_by_proven_identical_input_set	outputs/dmi_bridge_a23_a1_a2_synthesis_v1/BRIDGEA23_GEOMETRY_UTILITY_PERSISTENCE.tsv
A23_association	A2_minus_A1	PL2C_EVALUATION_REACTION:DEVELOPMENT:ALL:sign_magnitude_correlation	rho_a2_minus_a1	source_defined_finite_population	0.016590126301120084	0.016590126301120084	0	0	216915	216915	0	frozen_statistic_preserved_by_proven_identical_input_set	outputs/dmi_bridge_a23_a1_a2_synthesis_v1/BRIDGEA23_GEOMETRY_UTILITY_PERSISTENCE.tsv
A23_association	A1	PL2C_EVALUATION_REACTION:DEVELOPMENT:ALL:directional_entropy3	a1_rho	source_defined_finite_population	0.673371581364136	0.673371581364136	0	0	495547	495547	0	frozen_statistic_preserved_by_proven_identical_input_set	outputs/dmi_bridge_a23_a1_a2_synthesis_v1/BRIDGEA23_GEOMETRY_UTILITY_PERSISTENCE.tsv
A23_association	A2	PL2C_EVALUATION_REACTION:DEVELOPMENT:ALL:directional_entropy3	a2_rho	source_defined_finite_population	0.68937309350801002	0.68937309350801002	0	0	495547	495547	0	frozen_statistic_preserved_by_proven_identical_input_set	outputs/dmi_bridge_a23_a1_a2_synthesis_v1/BRIDGEA23_GEOMETRY_UTILITY_PERSISTENCE.tsv
A23_association	A2_minus_A1	PL2C_EVALUATION_REACTION:DEVELOPMENT:ALL:directional_entropy3	rho_a2_minus_a1	source_defined_finite_population	0.016001512143874019	0.016001512143874019	0	0	495547	495547	0	frozen_statistic_preserved_by_proven_identical_input_set	outputs/dmi_bridge_a23_a1_a2_synthesis_v1/BRIDGEA23_GEOMETRY_UTILITY_PERSISTENCE.tsv
A23_association	A1	PL2C_EVALUATION_REACTION:DEVELOPMENT:ALL:dominant_sign_mass	a1_rho	source_defined_finite_population	-0.68836163543869278	-0.68836163543869278	0	0	495547	495547	0	frozen_statistic_preserved_by_proven_identical_input_set	outputs/dmi_bridge_a23_a1_a2_synthesis_v1/BRIDGEA23_GEOMETRY_UTILITY_PERSISTENCE.tsv
A23_association	A2	PL2C_EVALUATION_REACTION:DEVELOPMENT:ALL:dominant_sign_mass	a2_rho	source_defined_finite_population	-0.66986481106983797	-0.66986481106983797	0	0	495547	495547	0	frozen_statistic_preserved_by_proven_identical_input_set	outputs/dmi_bridge_a23_a1_a2_synthesis_v1/BRIDGEA23_GEOMETRY_UTILITY_PERSISTENCE.tsv
A23_association	A2_minus_A1	PL2C_EVALUATION_REACTION:DEVELOPMENT:ALL:dominant_sign_mass	rho_a2_minus_a1	source_defined_finite_population	0.018496824368854803	0.018496824368854803	0	0	495547	495547	0	frozen_statistic_preserved_by_proven_identical_input_set	outputs/dmi_bridge_a23_a1_a2_synthesis_v1/BRIDGEA23_GEOMETRY_UTILITY_PERSISTENCE.tsv
A23_association	A1	PL2C_EVALUATION_REACTION:DEVELOPMENT:ALL:n_supported_sign_states	a1_rho	source_defined_finite_population	0.49467284233503356	0.49467284233503356	0	0	495547	495547	0	frozen_statistic_preserved_by_proven_identical_input_set	outputs/dmi_bridge_a23_a1_a2_synthesis_v1/BRIDGEA23_GEOMETRY_UTILITY_PERSISTENCE.tsv
A23_association	A2	PL2C_EVALUATION_REACTION:DEVELOPMENT:ALL:n_supported_sign_states	a2_rho	source_defined_finite_population	0.62583488740553306	0.62583488740553306	0	0	495547	495547	0	frozen_statistic_preserved_by_proven_identical_input_set	outputs/dmi_bridge_a23_a1_a2_synthesis_v1/BRIDGEA23_GEOMETRY_UTILITY_PERSISTENCE.tsv
A23_association	A2_minus_A1	PL2C_EVALUATION_REACTION:DEVELOPMENT:ALL:n_supported_sign_states	rho_a2_minus_a1	source_defined_finite_population	0.1311620450704995	0.1311620450704995	0	0	495547	495547	0	frozen_statistic_preserved_by_proven_identical_input_set	outputs/dmi_bridge_a23_a1_a2_synthesis_v1/BRIDGEA23_GEOMETRY_UTILITY_PERSISTENCE.tsv
A23_association	A1	PL2C_EVALUATION_REACTION:DEVELOPMENT:ALL:anchor_width80_contraction	a1_rho	source_defined_finite_population	-0.21057897654861638	-0.21057897654861638	0	0	495547	495547	0	frozen_statistic_preserved_by_proven_identical_input_set	outputs/dmi_bridge_a23_a1_a2_synthesis_v1/BRIDGEA23_GEOMETRY_UTILITY_PERSISTENCE.tsv
A23_association	A2	PL2C_EVALUATION_REACTION:DEVELOPMENT:ALL:anchor_width80_contraction	a2_rho	source_defined_finite_population	-0.12980698294505127	-0.12980698294505127	0	0	495547	495547	0	frozen_statistic_preserved_by_proven_identical_input_set	outputs/dmi_bridge_a23_a1_a2_synthesis_v1/BRIDGEA23_GEOMETRY_UTILITY_PERSISTENCE.tsv
A23_association	A2_minus_A1	PL2C_EVALUATION_REACTION:DEVELOPMENT:ALL:anchor_width80_contraction	rho_a2_minus_a1	source_defined_finite_population	0.080771993603565101	0.080771993603565101	0	0	495547	495547	0	frozen_statistic_preserved_by_proven_identical_input_set	outputs/dmi_bridge_a23_a1_a2_synthesis_v1/BRIDGEA23_GEOMETRY_UTILITY_PERSISTENCE.tsv
A23_association	A1	PL2C_EVALUATION_REACTION:DEVELOPMENT:ALL:joint_ess	a1_rho	source_defined_finite_population	0.15794801694064681	0.15794801694064681	0	0	495547	495547	0	frozen_statistic_preserved_by_proven_identical_input_set	outputs/dmi_bridge_a23_a1_a2_synthesis_v1/BRIDGEA23_GEOMETRY_UTILITY_PERSISTENCE.tsv
A23_association	A2	PL2C_EVALUATION_REACTION:DEVELOPMENT:ALL:joint_ess	a2_rho	source_defined_finite_population	0.10429154071284712	0.10429154071284712	0	0	495547	495547	0	frozen_statistic_preserved_by_proven_identical_input_set	outputs/dmi_bridge_a23_a1_a2_synthesis_v1/BRIDGEA23_GEOMETRY_UTILITY_PERSISTENCE.tsv
A23_association	A2_minus_A1	PL2C_EVALUATION_REACTION:DEVELOPMENT:ALL:joint_ess	rho_a2_minus_a1	source_defined_finite_population	-0.05365647622779969	-0.05365647622779969	0	0	495547	495547	0	frozen_statistic_preserved_by_proven_identical_input_set	outputs/dmi_bridge_a23_a1_a2_synthesis_v1/BRIDGEA23_GEOMETRY_UTILITY_PERSISTENCE.tsv
A23_association	A1	PL2C_EVALUATION_REACTION:DEVELOPMENT:ALL:abs_delta_anchor_target_correlation	a1_rho	source_defined_finite_population	0.019066188041997941	0.019066188041997941	0	0	401556	401556	0	frozen_statistic_preserved_by_proven_identical_input_set	outputs/dmi_bridge_a23_a1_a2_synthesis_v1/BRIDGEA23_GEOMETRY_UTILITY_PERSISTENCE.tsv
A23_association	A2	PL2C_EVALUATION_REACTION:DEVELOPMENT:ALL:abs_delta_anchor_target_correlation	a2_rho	source_defined_finite_population	0.014191532085473295	0.014191532085473295	0	0	445077	445077	0	frozen_statistic_preserved_by_proven_identical_input_set	outputs/dmi_bridge_a23_a1_a2_synthesis_v1/BRIDGEA23_GEOMETRY_UTILITY_PERSISTENCE.tsv
A23_association	A2_minus_A1	PL2C_EVALUATION_REACTION:DEVELOPMENT:ALL:abs_delta_anchor_target_correlation	rho_a2_minus_a1	source_defined_finite_population	-0.0048746559565246463	-0.0048746559565246463	0	0	445077	445077	0	frozen_statistic_preserved_by_proven_identical_input_set	outputs/dmi_bridge_a23_a1_a2_synthesis_v1/BRIDGEA23_GEOMETRY_UTILITY_PERSISTENCE.tsv
A23_association	A1	PL2D_REACTION:DEVELOPMENT:ALL:sign_magnitude_eta2	a1_rho	source_defined_finite_population	0.85711606633671067	0.85711606633671067	0	0	2454	2454	0	frozen_statistic_preserved_by_proven_identical_input_set	outputs/dmi_bridge_a23_a1_a2_synthesis_v1/BRIDGEA23_GEOMETRY_UTILITY_PERSISTENCE.tsv
A23_association	A2	PL2D_REACTION:DEVELOPMENT:ALL:sign_magnitude_eta2	a2_rho	source_defined_finite_population	0.83394400560393644	0.83394400560393644	0	0	2485	2485	0	frozen_statistic_preserved_by_proven_identical_input_set	outputs/dmi_bridge_a23_a1_a2_synthesis_v1/BRIDGEA23_GEOMETRY_UTILITY_PERSISTENCE.tsv
A23_association	A2_minus_A1	PL2D_REACTION:DEVELOPMENT:ALL:sign_magnitude_eta2	rho_a2_minus_a1	source_defined_finite_population	-0.023172060732774225	-0.023172060732774225	0	0	2485	2485	0	frozen_statistic_preserved_by_proven_identical_input_set	outputs/dmi_bridge_a23_a1_a2_synthesis_v1/BRIDGEA23_GEOMETRY_UTILITY_PERSISTENCE.tsv
A23_association	A1	PL2D_CONTEXT_REACTION:DEVELOPMENT:CORDA|training_samples=setx1,setx2:sign_magnitude_eta2	a1_rho	source_defined_finite_population	0.86005349998064762	0.86005349998064762	0	0	1846	1846	0	frozen_statistic_preserved_by_proven_identical_input_set	outputs/dmi_bridge_a23_a1_a2_synthesis_v1/BRIDGEA23_GEOMETRY_UTILITY_PERSISTENCE.tsv
A23_association	A2	PL2D_CONTEXT_REACTION:DEVELOPMENT:CORDA|training_samples=setx1,setx2:sign_magnitude_eta2	a2_rho	source_defined_finite_population	0.85768621382564658	0.85768621382564658	0	0	1871	1871	0	frozen_statistic_preserved_by_proven_identical_input_set	outputs/dmi_bridge_a23_a1_a2_synthesis_v1/BRIDGEA23_GEOMETRY_UTILITY_PERSISTENCE.tsv
A23_association	A2_minus_A1	PL2D_CONTEXT_REACTION:DEVELOPMENT:CORDA|training_samples=setx1,setx2:sign_magnitude_eta2	rho_a2_minus_a1	source_defined_finite_population	-0.002367286155001036	-0.002367286155001036	0	0	1871	1871	0	frozen_statistic_preserved_by_proven_identical_input_set	outputs/dmi_bridge_a23_a1_a2_synthesis_v1/BRIDGEA23_GEOMETRY_UTILITY_PERSISTENCE.tsv
A23_association	A1	PL2D_CONTEXT_REACTION:DEVELOPMENT:CORDA|training_samples=setx1,setx2,setx3:sign_magnitude_eta2	a1_rho	source_defined_finite_population	0.91038777511164071	0.91038777511164071	0	0	1814	1814	0	frozen_statistic_preserved_by_proven_identical_input_set	outputs/dmi_bridge_a23_a1_a2_synthesis_v1/BRIDGEA23_GEOMETRY_UTILITY_PERSISTENCE.tsv
A23_association	A2	PL2D_CONTEXT_REACTION:DEVELOPMENT:CORDA|training_samples=setx1,setx2,setx3:sign_magnitude_eta2	a2_rho	source_defined_finite_population	0.85380308475383637	0.85380308475383637	0	0	1826	1826	0	frozen_statistic_preserved_by_proven_identical_input_set	outputs/dmi_bridge_a23_a1_a2_synthesis_v1/BRIDGEA23_GEOMETRY_UTILITY_PERSISTENCE.tsv
A23_association	A2_minus_A1	PL2D_CONTEXT_REACTION:DEVELOPMENT:CORDA|training_samples=setx1,setx2,setx3:sign_magnitude_eta2	rho_a2_minus_a1	source_defined_finite_population	-0.056584690357804335	-0.056584690357804335	0	0	1826	1826	0	frozen_statistic_preserved_by_proven_identical_input_set	outputs/dmi_bridge_a23_a1_a2_synthesis_v1/BRIDGEA23_GEOMETRY_UTILITY_PERSISTENCE.tsv
A23_association	A1	PL2D_CONTEXT_REACTION:DEVELOPMENT:CORDA|training_samples=setx1,setx3:sign_magnitude_eta2	a1_rho	source_defined_finite_population	0.83385336596629478	0.83385336596629478	0	0	1853	1853	0	frozen_statistic_preserved_by_proven_identical_input_set	outputs/dmi_bridge_a23_a1_a2_synthesis_v1/BRIDGEA23_GEOMETRY_UTILITY_PERSISTENCE.tsv
A23_association	A2	PL2D_CONTEXT_REACTION:DEVELOPMENT:CORDA|training_samples=setx1,setx3:sign_magnitude_eta2	a2_rho	source_defined_finite_population	0.84047549021321633	0.84047549021321633	0	0	1862	1862	0	frozen_statistic_preserved_by_proven_identical_input_set	outputs/dmi_bridge_a23_a1_a2_synthesis_v1/BRIDGEA23_GEOMETRY_UTILITY_PERSISTENCE.tsv
A23_association	A2_minus_A1	PL2D_CONTEXT_REACTION:DEVELOPMENT:CORDA|training_samples=setx1,setx3:sign_magnitude_eta2	rho_a2_minus_a1	source_defined_finite_population	0.0066221242469215458	0.0066221242469215458	0	0	1862	1862	0	frozen_statistic_preserved_by_proven_identical_input_set	outputs/dmi_bridge_a23_a1_a2_synthesis_v1/BRIDGEA23_GEOMETRY_UTILITY_PERSISTENCE.tsv
A23_association	A1	PL2D_CONTEXT_REACTION:DEVELOPMENT:CORDA|training_samples=setx2,setx3:sign_magnitude_eta2	a1_rho	source_defined_finite_population	0.82446386164316976	0.82446386164316976	0	0	1840	1840	0	frozen_statistic_preserved_by_proven_identical_input_set	outputs/dmi_bridge_a23_a1_a2_synthesis_v1/BRIDGEA23_GEOMETRY_UTILITY_PERSISTENCE.tsv
A23_association	A2	PL2D_CONTEXT_REACTION:DEVELOPMENT:CORDA|training_samples=setx2,setx3:sign_magnitude_eta2	a2_rho	source_defined_finite_population	0.85232264998952989	0.85232264998952989	0	0	1853	1853	0	frozen_statistic_preserved_by_proven_identical_input_set	outputs/dmi_bridge_a23_a1_a2_synthesis_v1/BRIDGEA23_GEOMETRY_UTILITY_PERSISTENCE.tsv
A23_association	A2_minus_A1	PL2D_CONTEXT_REACTION:DEVELOPMENT:CORDA|training_samples=setx2,setx3:sign_magnitude_eta2	rho_a2_minus_a1	source_defined_finite_population	0.02785878834636013	0.02785878834636013	0	0	1853	1853	0	frozen_statistic_preserved_by_proven_identical_input_set	outputs/dmi_bridge_a23_a1_a2_synthesis_v1/BRIDGEA23_GEOMETRY_UTILITY_PERSISTENCE.tsv
A23_association	A1	PL2D_CONTEXT_REACTION:DEVELOPMENT:GIMME|training_samples=setx1,setx2:sign_magnitude_eta2	a1_rho	source_defined_finite_population	0.84142554209086329	0.84142554209086329	0	0	1234	1234	0	frozen_statistic_preserved_by_proven_identical_input_set	outputs/dmi_bridge_a23_a1_a2_synthesis_v1/BRIDGEA23_GEOMETRY_UTILITY_PERSISTENCE.tsv
A23_association	A2	PL2D_CONTEXT_REACTION:DEVELOPMENT:GIMME|training_samples=setx1,setx2:sign_magnitude_eta2	a2_rho	source_defined_finite_population	0.81638251561593855	0.81638251561593855	0	0	1270	1270	0	frozen_statistic_preserved_by_proven_identical_input_set	outputs/dmi_bridge_a23_a1_a2_synthesis_v1/BRIDGEA23_GEOMETRY_UTILITY_PERSISTENCE.tsv
A23_association	A2_minus_A1	PL2D_CONTEXT_REACTION:DEVELOPMENT:GIMME|training_samples=setx1,setx2:sign_magnitude_eta2	rho_a2_minus_a1	source_defined_finite_population	-0.025043026474924734	-0.025043026474924734	0	0	1270	1270	0	frozen_statistic_preserved_by_proven_identical_input_set	outputs/dmi_bridge_a23_a1_a2_synthesis_v1/BRIDGEA23_GEOMETRY_UTILITY_PERSISTENCE.tsv
A23_association	A1	PL2D_CONTEXT_REACTION:DEVELOPMENT:GIMME|training_samples=setx1,setx2,setx3:sign_magnitude_eta2	a1_rho	source_defined_finite_population	0.82253364521367689	0.82253364521367689	0	0	1263	1263	0	frozen_statistic_preserved_by_proven_identical_input_set	outputs/dmi_bridge_a23_a1_a2_synthesis_v1/BRIDGEA23_GEOMETRY_UTILITY_PERSISTENCE.tsv
A23_association	A2	PL2D_CONTEXT_REACTION:DEVELOPMENT:GIMME|training_samples=setx1,setx2,setx3:sign_magnitude_eta2	a2_rho	source_defined_finite_population	0.84156844077873039	0.84156844077873039	0	0	1267	1267	0	frozen_statistic_preserved_by_proven_identical_input_set	outputs/dmi_bridge_a23_a1_a2_synthesis_v1/BRIDGEA23_GEOMETRY_UTILITY_PERSISTENCE.tsv
A23_association	A2_minus_A1	PL2D_CONTEXT_REACTION:DEVELOPMENT:GIMME|training_samples=setx1,setx2,setx3:sign_magnitude_eta2	rho_a2_minus_a1	source_defined_finite_population	0.019034795565053497	0.019034795565053497	0	0	1267	1267	0	frozen_statistic_preserved_by_proven_identical_input_set	outputs/dmi_bridge_a23_a1_a2_synthesis_v1/BRIDGEA23_GEOMETRY_UTILITY_PERSISTENCE.tsv
A23_association	A1	PL2D_CONTEXT_REACTION:DEVELOPMENT:GIMME|training_samples=setx1,setx3:sign_magnitude_eta2	a1_rho	source_defined_finite_population	0.85091897142332928	0.85091897142332928	0	0	1236	1236	0	frozen_statistic_preserved_by_proven_identical_input_set	outputs/dmi_bridge_a23_a1_a2_synthesis_v1/BRIDGEA23_GEOMETRY_UTILITY_PERSISTENCE.tsv
A23_association	A2	PL2D_CONTEXT_REACTION:DEVELOPMENT:GIMME|training_samples=setx1,setx3:sign_magnitude_eta2	a2_rho	source_defined_finite_population	0.83714470697230225	0.83714470697230225	0	0	1276	1276	0	frozen_statistic_preserved_by_proven_identical_input_set	outputs/dmi_bridge_a23_a1_a2_synthesis_v1/BRIDGEA23_GEOMETRY_UTILITY_PERSISTENCE.tsv
A23_association	A2_minus_A1	PL2D_CONTEXT_REACTION:DEVELOPMENT:GIMME|training_samples=setx1,setx3:sign_magnitude_eta2	rho_a2_minus_a1	source_defined_finite_population	-0.01377426445102703	-0.01377426445102703	0	0	1276	1276	0	frozen_statistic_preserved_by_proven_identical_input_set	outputs/dmi_bridge_a23_a1_a2_synthesis_v1/BRIDGEA23_GEOMETRY_UTILITY_PERSISTENCE.tsv
A23_association	A1	PL2D_CONTEXT_REACTION:DEVELOPMENT:GIMME|training_samples=setx2,setx3:sign_magnitude_eta2	a1_rho	source_defined_finite_population	0.77037309577912294	0.77037309577912294	0	0	1282	1282	0	frozen_statistic_preserved_by_proven_identical_input_set	outputs/dmi_bridge_a23_a1_a2_synthesis_v1/BRIDGEA23_GEOMETRY_UTILITY_PERSISTENCE.tsv
A23_association	A2	PL2D_CONTEXT_REACTION:DEVELOPMENT:GIMME|training_samples=setx2,setx3:sign_magnitude_eta2	a2_rho	source_defined_finite_population	0.74637399274335448	0.74637399274335448	0	0	1282	1282	0	frozen_statistic_preserved_by_proven_identical_input_set	outputs/dmi_bridge_a23_a1_a2_synthesis_v1/BRIDGEA23_GEOMETRY_UTILITY_PERSISTENCE.tsv
A23_association	A2_minus_A1	PL2D_CONTEXT_REACTION:DEVELOPMENT:GIMME|training_samples=setx2,setx3:sign_magnitude_eta2	rho_a2_minus_a1	source_defined_finite_population	-0.023999103035768465	-0.023999103035768465	0	0	1282	1282	0	frozen_statistic_preserved_by_proven_identical_input_set	outputs/dmi_bridge_a23_a1_a2_synthesis_v1/BRIDGEA23_GEOMETRY_UTILITY_PERSISTENCE.tsv
A23_association	A1	PL2D_CONTEXT_REACTION:DEVELOPMENT:RIPTiDe|training_samples=setx1,setx2:sign_magnitude_eta2	a1_rho	source_defined_finite_population	0.66709340633280045	0.66709340633280045	0	0	128	128	0	frozen_statistic_preserved_by_proven_identical_input_set	outputs/dmi_bridge_a23_a1_a2_synthesis_v1/BRIDGEA23_GEOMETRY_UTILITY_PERSISTENCE.tsv
A23_association	A2	PL2D_CONTEXT_REACTION:DEVELOPMENT:RIPTiDe|training_samples=setx1,setx2:sign_magnitude_eta2	a2_rho	source_defined_finite_population	0.2453114786507368	0.2453114786507368	0	0	131	131	0	frozen_statistic_preserved_by_proven_identical_input_set	outputs/dmi_bridge_a23_a1_a2_synthesis_v1/BRIDGEA23_GEOMETRY_UTILITY_PERSISTENCE.tsv
A23_association	A2_minus_A1	PL2D_CONTEXT_REACTION:DEVELOPMENT:RIPTiDe|training_samples=setx1,setx2:sign_magnitude_eta2	rho_a2_minus_a1	source_defined_finite_population	-0.42178192768206368	-0.42178192768206368	0	0	131	131	0	frozen_statistic_preserved_by_proven_identical_input_set	outputs/dmi_bridge_a23_a1_a2_synthesis_v1/BRIDGEA23_GEOMETRY_UTILITY_PERSISTENCE.tsv
A23_association	A1	PL2D_CONTEXT_REACTION:DEVELOPMENT:RIPTiDe|training_samples=setx1,setx2,setx3:sign_magnitude_eta2	a1_rho	source_defined_finite_population	0.85119137815426826	0.85119137815426826	0	0	158	158	0	frozen_statistic_preserved_by_proven_identical_input_set	outputs/dmi_bridge_a23_a1_a2_synthesis_v1/BRIDGEA23_GEOMETRY_UTILITY_PERSISTENCE.tsv
A23_association	A2	PL2D_CONTEXT_REACTION:DEVELOPMENT:RIPTiDe|training_samples=setx1,setx2,setx3:sign_magnitude_eta2	a2_rho	source_defined_finite_population	0.7890086761990861	0.7890086761990861	0	0	163	163	0	frozen_statistic_preserved_by_proven_identical_input_set	outputs/dmi_bridge_a23_a1_a2_synthesis_v1/BRIDGEA23_GEOMETRY_UTILITY_PERSISTENCE.tsv
A23_association	A2_minus_A1	PL2D_CONTEXT_REACTION:DEVELOPMENT:RIPTiDe|training_samples=setx1,setx2,setx3:sign_magnitude_eta2	rho_a2_minus_a1	source_defined_finite_population	-0.062182701955182162	-0.062182701955182162	0	0	163	163	0	frozen_statistic_preserved_by_proven_identical_input_set	outputs/dmi_bridge_a23_a1_a2_synthesis_v1/BRIDGEA23_GEOMETRY_UTILITY_PERSISTENCE.tsv
A23_association	A1	PL2D_CONTEXT_REACTION:DEVELOPMENT:RIPTiDe|training_samples=setx1,setx3:sign_magnitude_eta2	a1_rho	source_defined_finite_population	0.83578425467878958	0.83578425467878958	0	0	133	133	0	frozen_statistic_preserved_by_proven_identical_input_set	outputs/dmi_bridge_a23_a1_a2_synthesis_v1/BRIDGEA23_GEOMETRY_UTILITY_PERSISTENCE.tsv
A23_association	A2	PL2D_CONTEXT_REACTION:DEVELOPMENT:RIPTiDe|training_samples=setx1,setx3:sign_magnitude_eta2	a2_rho	source_defined_finite_population	0.77971738313591998	0.77971738313591998	0	0	133	133	0	frozen_statistic_preserved_by_proven_identical_input_set	outputs/dmi_bridge_a23_a1_a2_synthesis_v1/BRIDGEA23_GEOMETRY_UTILITY_PERSISTENCE.tsv
A23_association	A2_minus_A1	PL2D_CONTEXT_REACTION:DEVELOPMENT:RIPTiDe|training_samples=setx1,setx3:sign_magnitude_eta2	rho_a2_minus_a1	source_defined_finite_population	-0.056066871542869601	-0.056066871542869601	0	0	133	133	0	frozen_statistic_preserved_by_proven_identical_input_set	outputs/dmi_bridge_a23_a1_a2_synthesis_v1/BRIDGEA23_GEOMETRY_UTILITY_PERSISTENCE.tsv
A23_association	A1	PL2D_CONTEXT_REACTION:DEVELOPMENT:RIPTiDe|training_samples=setx2,setx3:sign_magnitude_eta2	a1_rho	source_defined_finite_population	0.35465790702674566	0.35465790702674566	0	0	161	161	0	frozen_statistic_preserved_by_proven_identical_input_set	outputs/dmi_bridge_a23_a1_a2_synthesis_v1/BRIDGEA23_GEOMETRY_UTILITY_PERSISTENCE.tsv
A23_association	A2	PL2D_CONTEXT_REACTION:DEVELOPMENT:RIPTiDe|training_samples=setx2,setx3:sign_magnitude_eta2	a2_rho	source_defined_finite_population	0.35560259073937617	0.35560259073937617	0	0	160	160	0	frozen_statistic_preserved_by_proven_identical_input_set	outputs/dmi_bridge_a23_a1_a2_synthesis_v1/BRIDGEA23_GEOMETRY_UTILITY_PERSISTENCE.tsv
A23_association	A2_minus_A1	PL2D_CONTEXT_REACTION:DEVELOPMENT:RIPTiDe|training_samples=setx2,setx3:sign_magnitude_eta2	rho_a2_minus_a1	source_defined_finite_population	0.00094468371263051187	0.00094468371263051187	0	0	160	160	0	frozen_statistic_preserved_by_proven_identical_input_set	outputs/dmi_bridge_a23_a1_a2_synthesis_v1/BRIDGEA23_GEOMETRY_UTILITY_PERSISTENCE.tsv
A23_association	A1	PL2D_CONTEXT_REACTION:DEVELOPMENT:iMAT|training_samples=setx1,setx2:sign_magnitude_eta2	a1_rho	source_defined_finite_population	0.88568609899391615	0.88568609899391615	0	0	1728	1728	0	frozen_statistic_preserved_by_proven_identical_input_set	outputs/dmi_bridge_a23_a1_a2_synthesis_v1/BRIDGEA23_GEOMETRY_UTILITY_PERSISTENCE.tsv
A23_association	A2	PL2D_CONTEXT_REACTION:DEVELOPMENT:iMAT|training_samples=setx1,setx2:sign_magnitude_eta2	a2_rho	source_defined_finite_population	0.84097673017761931	0.84097673017761931	0	0	1728	1728	0	frozen_statistic_preserved_by_proven_identical_input_set	outputs/dmi_bridge_a23_a1_a2_synthesis_v1/BRIDGEA23_GEOMETRY_UTILITY_PERSISTENCE.tsv
A23_association	A2_minus_A1	PL2D_CONTEXT_REACTION:DEVELOPMENT:iMAT|training_samples=setx1,setx2:sign_magnitude_eta2	rho_a2_minus_a1	source_defined_finite_population	-0.044709368816296835	-0.044709368816296835	0	0	1728	1728	0	frozen_statistic_preserved_by_proven_identical_input_set	outputs/dmi_bridge_a23_a1_a2_synthesis_v1/BRIDGEA23_GEOMETRY_UTILITY_PERSISTENCE.tsv
A23_association	A1	PL2D_CONTEXT_REACTION:DEVELOPMENT:iMAT|training_samples=setx1,setx2,setx3:sign_magnitude_eta2	a1_rho	source_defined_finite_population	0.84895086041133483	0.84895086041133483	0	0	1736	1736	0	frozen_statistic_preserved_by_proven_identical_input_set	outputs/dmi_bridge_a23_a1_a2_synthesis_v1/BRIDGEA23_GEOMETRY_UTILITY_PERSISTENCE.tsv
A23_association	A2	PL2D_CONTEXT_REACTION:DEVELOPMENT:iMAT|training_samples=setx1,setx2,setx3:sign_magnitude_eta2	a2_rho	source_defined_finite_population	0.86302250091370925	0.86302250091370925	0	0	1737	1737	0	frozen_statistic_preserved_by_proven_identical_input_set	outputs/dmi_bridge_a23_a1_a2_synthesis_v1/BRIDGEA23_GEOMETRY_UTILITY_PERSISTENCE.tsv
A23_association	A2_minus_A1	PL2D_CONTEXT_REACTION:DEVELOPMENT:iMAT|training_samples=setx1,setx2,setx3:sign_magnitude_eta2	rho_a2_minus_a1	source_defined_finite_population	0.014071640502374416	0.014071640502374416	0	0	1737	1737	0	frozen_statistic_preserved_by_proven_identical_input_set	outputs/dmi_bridge_a23_a1_a2_synthesis_v1/BRIDGEA23_GEOMETRY_UTILITY_PERSISTENCE.tsv
A23_association	A1	PL2D_CONTEXT_REACTION:DEVELOPMENT:iMAT|training_samples=setx1,setx3:sign_magnitude_eta2	a1_rho	source_defined_finite_population	0.76581737717795717	0.76581737717795717	0	0	1700	1700	0	frozen_statistic_preserved_by_proven_identical_input_set	outputs/dmi_bridge_a23_a1_a2_synthesis_v1/BRIDGEA23_GEOMETRY_UTILITY_PERSISTENCE.tsv
A23_association	A2	PL2D_CONTEXT_REACTION:DEVELOPMENT:iMAT|training_samples=setx1,setx3:sign_magnitude_eta2	a2_rho	source_defined_finite_population	0.81779499279193635	0.81779499279193635	0	0	1713	1713	0	frozen_statistic_preserved_by_proven_identical_input_set	outputs/dmi_bridge_a23_a1_a2_synthesis_v1/BRIDGEA23_GEOMETRY_UTILITY_PERSISTENCE.tsv
A23_association	A2_minus_A1	PL2D_CONTEXT_REACTION:DEVELOPMENT:iMAT|training_samples=setx1,setx3:sign_magnitude_eta2	rho_a2_minus_a1	source_defined_finite_population	0.051977615613979178	0.051977615613979178	0	0	1713	1713	0	frozen_statistic_preserved_by_proven_identical_input_set	outputs/dmi_bridge_a23_a1_a2_synthesis_v1/BRIDGEA23_GEOMETRY_UTILITY_PERSISTENCE.tsv
A23_association	A1	PL2D_CONTEXT_REACTION:DEVELOPMENT:iMAT|training_samples=setx2,setx3:sign_magnitude_eta2	a1_rho	source_defined_finite_population	0.86784816878603022	0.86784816878603022	0	0	1725	1725	0	frozen_statistic_preserved_by_proven_identical_input_set	outputs/dmi_bridge_a23_a1_a2_synthesis_v1/BRIDGEA23_GEOMETRY_UTILITY_PERSISTENCE.tsv
A23_association	A2	PL2D_CONTEXT_REACTION:DEVELOPMENT:iMAT|training_samples=setx2,setx3:sign_magnitude_eta2	a2_rho	source_defined_finite_population	0.87767065901591745	0.87767065901591745	0	0	1729	1729	0	frozen_statistic_preserved_by_proven_identical_input_set	outputs/dmi_bridge_a23_a1_a2_synthesis_v1/BRIDGEA23_GEOMETRY_UTILITY_PERSISTENCE.tsv
A23_association	A2_minus_A1	PL2D_CONTEXT_REACTION:DEVELOPMENT:iMAT|training_samples=setx2,setx3:sign_magnitude_eta2	rho_a2_minus_a1	source_defined_finite_population	0.0098224902298872374	0.0098224902298872374	0	0	1729	1729	0	frozen_statistic_preserved_by_proven_identical_input_set	outputs/dmi_bridge_a23_a1_a2_synthesis_v1/BRIDGEA23_GEOMETRY_UTILITY_PERSISTENCE.tsv
A23_association	A1	PL2D_REACTION:CONFIRMATION_HOLDOUT:ALL:sign_magnitude_eta2	a1_rho	source_defined_finite_population	0.83514358231832919	0.83514358231832919	0	0	838	838	0	frozen_statistic_preserved_by_proven_identical_input_set	outputs/dmi_bridge_a23_a1_a2_synthesis_v1/BRIDGEA23_GEOMETRY_UTILITY_PERSISTENCE.tsv
A23_association	A2	PL2D_REACTION:CONFIRMATION_HOLDOUT:ALL:sign_magnitude_eta2	a2_rho	source_defined_finite_population	0.84936571864601562	0.84936571864601562	0	0	843	843	0	frozen_statistic_preserved_by_proven_identical_input_set	outputs/dmi_bridge_a23_a1_a2_synthesis_v1/BRIDGEA23_GEOMETRY_UTILITY_PERSISTENCE.tsv
A23_association	A2_minus_A1	PL2D_REACTION:CONFIRMATION_HOLDOUT:ALL:sign_magnitude_eta2	rho_a2_minus_a1	source_defined_finite_population	0.01422213632768643	0.01422213632768643	0	0	843	843	0	frozen_statistic_preserved_by_proven_identical_input_set	outputs/dmi_bridge_a23_a1_a2_synthesis_v1/BRIDGEA23_GEOMETRY_UTILITY_PERSISTENCE.tsv
A23_association	A1	PL2D_CONTEXT_REACTION:CONFIRMATION_HOLDOUT:CORDA|training_samples=setx1,setx2:sign_magnitude_eta2	a1_rho	source_defined_finite_population	0.8615709651518334	0.8615709651518334	0	0	638	638	0	frozen_statistic_preserved_by_proven_identical_input_set	outputs/dmi_bridge_a23_a1_a2_synthesis_v1/BRIDGEA23_GEOMETRY_UTILITY_PERSISTENCE.tsv
A23_association	A2	PL2D_CONTEXT_REACTION:CONFIRMATION_HOLDOUT:CORDA|training_samples=setx1,setx2:sign_magnitude_eta2	a2_rho	source_defined_finite_population	0.86081667800131501	0.86081667800131501	0	0	639	639	0	frozen_statistic_preserved_by_proven_identical_input_set	outputs/dmi_bridge_a23_a1_a2_synthesis_v1/BRIDGEA23_GEOMETRY_UTILITY_PERSISTENCE.tsv
A23_association	A2_minus_A1	PL2D_CONTEXT_REACTION:CONFIRMATION_HOLDOUT:CORDA|training_samples=setx1,setx2:sign_magnitude_eta2	rho_a2_minus_a1	source_defined_finite_population	-0.00075428715051839568	-0.00075428715051839568	0	0	639	639	0	frozen_statistic_preserved_by_proven_identical_input_set	outputs/dmi_bridge_a23_a1_a2_synthesis_v1/BRIDGEA23_GEOMETRY_UTILITY_PERSISTENCE.tsv
A23_association	A1	PL2D_CONTEXT_REACTION:CONFIRMATION_HOLDOUT:CORDA|training_samples=setx1,setx2,setx3:sign_magnitude_eta2	a1_rho	source_defined_finite_population	0.91741308537842603	0.91741308537842603	0	0	622	622	0	frozen_statistic_preserved_by_proven_identical_input_set	outputs/dmi_bridge_a23_a1_a2_synthesis_v1/BRIDGEA23_GEOMETRY_UTILITY_PERSISTENCE.tsv
A23_association	A2	PL2D_CONTEXT_REACTION:CONFIRMATION_HOLDOUT:CORDA|training_samples=setx1,setx2,setx3:sign_magnitude_eta2	a2_rho	source_defined_finite_population	0.86059186258323983	0.86059186258323983	0	0	634	634	0	frozen_statistic_preserved_by_proven_identical_input_set	outputs/dmi_bridge_a23_a1_a2_synthesis_v1/BRIDGEA23_GEOMETRY_UTILITY_PERSISTENCE.tsv
A23_association	A2_minus_A1	PL2D_CONTEXT_REACTION:CONFIRMATION_HOLDOUT:CORDA|training_samples=setx1,setx2,setx3:sign_magnitude_eta2	rho_a2_minus_a1	source_defined_finite_population	-0.056821222795186199	-0.056821222795186199	0	0	634	634	0	frozen_statistic_preserved_by_proven_identical_input_set	outputs/dmi_bridge_a23_a1_a2_synthesis_v1/BRIDGEA23_GEOMETRY_UTILITY_PERSISTENCE.tsv
A23_association	A1	PL2D_CONTEXT_REACTION:CONFIRMATION_HOLDOUT:CORDA|training_samples=setx1,setx3:sign_magnitude_eta2	a1_rho	source_defined_finite_population	0.83550871027723295	0.83550871027723295	0	0	636	636	0	frozen_statistic_preserved_by_proven_identical_input_set	outputs/dmi_bridge_a23_a1_a2_synthesis_v1/BRIDGEA23_GEOMETRY_UTILITY_PERSISTENCE.tsv
A23_association	A2	PL2D_CONTEXT_REACTION:CONFIRMATION_HOLDOUT:CORDA|training_samples=setx1,setx3:sign_magnitude_eta2	a2_rho	source_defined_finite_population	0.84674505470291161	0.84674505470291161	0	0	639	639	0	frozen_statistic_preserved_by_proven_identical_input_set	outputs/dmi_bridge_a23_a1_a2_synthesis_v1/BRIDGEA23_GEOMETRY_UTILITY_PERSISTENCE.tsv
A23_association	A2_minus_A1	PL2D_CONTEXT_REACTION:CONFIRMATION_HOLDOUT:CORDA|training_samples=setx1,setx3:sign_magnitude_eta2	rho_a2_minus_a1	source_defined_finite_population	0.011236344425678668	0.011236344425678668	0	0	639	639	0	frozen_statistic_preserved_by_proven_identical_input_set	outputs/dmi_bridge_a23_a1_a2_synthesis_v1/BRIDGEA23_GEOMETRY_UTILITY_PERSISTENCE.tsv
A23_association	A1	PL2D_CONTEXT_REACTION:CONFIRMATION_HOLDOUT:CORDA|training_samples=setx2,setx3:sign_magnitude_eta2	a1_rho	source_defined_finite_population	0.80332593705463107	0.80332593705463107	0	0	625	625	0	frozen_statistic_preserved_by_proven_identical_input_set	outputs/dmi_bridge_a23_a1_a2_synthesis_v1/BRIDGEA23_GEOMETRY_UTILITY_PERSISTENCE.tsv
A23_association	A2	PL2D_CONTEXT_REACTION:CONFIRMATION_HOLDOUT:CORDA|training_samples=setx2,setx3:sign_magnitude_eta2	a2_rho	source_defined_finite_population	0.84228354514777648	0.84228354514777648	0	0	625	625	0	frozen_statistic_preserved_by_proven_identical_input_set	outputs/dmi_bridge_a23_a1_a2_synthesis_v1/BRIDGEA23_GEOMETRY_UTILITY_PERSISTENCE.tsv
A23_association	A2_minus_A1	PL2D_CONTEXT_REACTION:CONFIRMATION_HOLDOUT:CORDA|training_samples=setx2,setx3:sign_magnitude_eta2	rho_a2_minus_a1	source_defined_finite_population	0.038957608093145413	0.038957608093145413	0	0	625	625	0	frozen_statistic_preserved_by_proven_identical_input_set	outputs/dmi_bridge_a23_a1_a2_synthesis_v1/BRIDGEA23_GEOMETRY_UTILITY_PERSISTENCE.tsv
A23_association	A1	PL2D_CONTEXT_REACTION:CONFIRMATION_HOLDOUT:GIMME|training_samples=setx1,setx2:sign_magnitude_eta2	a1_rho	source_defined_finite_population	0.87255496803464194	0.87255496803464194	0	0	417	417	0	frozen_statistic_preserved_by_proven_identical_input_set	outputs/dmi_bridge_a23_a1_a2_synthesis_v1/BRIDGEA23_GEOMETRY_UTILITY_PERSISTENCE.tsv
A23_association	A2	PL2D_CONTEXT_REACTION:CONFIRMATION_HOLDOUT:GIMME|training_samples=setx1,setx2:sign_magnitude_eta2	a2_rho	source_defined_finite_population	0.82888826770265167	0.82888826770265167	0	0	423	423	0	frozen_statistic_preserved_by_proven_identical_input_set	outputs/dmi_bridge_a23_a1_a2_synthesis_v1/BRIDGEA23_GEOMETRY_UTILITY_PERSISTENCE.tsv
A23_association	A2_minus_A1	PL2D_CONTEXT_REACTION:CONFIRMATION_HOLDOUT:GIMME|training_samples=setx1,setx2:sign_magnitude_eta2	rho_a2_minus_a1	source_defined_finite_population	-0.043666700331990271	-0.043666700331990271	0	0	423	423	0	frozen_statistic_preserved_by_proven_identical_input_set	outputs/dmi_bridge_a23_a1_a2_synthesis_v1/BRIDGEA23_GEOMETRY_UTILITY_PERSISTENCE.tsv
A23_association	A1	PL2D_CONTEXT_REACTION:CONFIRMATION_HOLDOUT:GIMME|training_samples=setx1,setx2,setx3:sign_magnitude_eta2	a1_rho	source_defined_finite_population	0.8291664542264614	0.8291664542264614	0	0	427	427	0	frozen_statistic_preserved_by_proven_identical_input_set	outputs/dmi_bridge_a23_a1_a2_synthesis_v1/BRIDGEA23_GEOMETRY_UTILITY_PERSISTENCE.tsv
A23_association	A2	PL2D_CONTEXT_REACTION:CONFIRMATION_HOLDOUT:GIMME|training_samples=setx1,setx2,setx3:sign_magnitude_eta2	a2_rho	source_defined_finite_population	0.83850584880128132	0.83850584880128132	0	0	427	427	0	frozen_statistic_preserved_by_proven_identical_input_set	outputs/dmi_bridge_a23_a1_a2_synthesis_v1/BRIDGEA23_GEOMETRY_UTILITY_PERSISTENCE.tsv
A23_association	A2_minus_A1	PL2D_CONTEXT_REACTION:CONFIRMATION_HOLDOUT:GIMME|training_samples=setx1,setx2,setx3:sign_magnitude_eta2	rho_a2_minus_a1	source_defined_finite_population	0.0093393945748199148	0.0093393945748199148	0	0	427	427	0	frozen_statistic_preserved_by_proven_identical_input_set	outputs/dmi_bridge_a23_a1_a2_synthesis_v1/BRIDGEA23_GEOMETRY_UTILITY_PERSISTENCE.tsv
A23_association	A1	PL2D_CONTEXT_REACTION:CONFIRMATION_HOLDOUT:GIMME|training_samples=setx1,setx3:sign_magnitude_eta2	a1_rho	source_defined_finite_population	0.8623055494297821	0.8623055494297821	0	0	428	428	0	frozen_statistic_preserved_by_proven_identical_input_set	outputs/dmi_bridge_a23_a1_a2_synthesis_v1/BRIDGEA23_GEOMETRY_UTILITY_PERSISTENCE.tsv
A23_association	A2	PL2D_CONTEXT_REACTION:CONFIRMATION_HOLDOUT:GIMME|training_samples=setx1,setx3:sign_magnitude_eta2	a2_rho	source_defined_finite_population	0.85201779197764138	0.85201779197764138	0	0	438	438	0	frozen_statistic_preserved_by_proven_identical_input_set	outputs/dmi_bridge_a23_a1_a2_synthesis_v1/BRIDGEA23_GEOMETRY_UTILITY_PERSISTENCE.tsv
A23_association	A2_minus_A1	PL2D_CONTEXT_REACTION:CONFIRMATION_HOLDOUT:GIMME|training_samples=setx1,setx3:sign_magnitude_eta2	rho_a2_minus_a1	source_defined_finite_population	-0.010287757452140722	-0.010287757452140722	0	0	438	438	0	frozen_statistic_preserved_by_proven_identical_input_set	outputs/dmi_bridge_a23_a1_a2_synthesis_v1/BRIDGEA23_GEOMETRY_UTILITY_PERSISTENCE.tsv
A23_association	A1	PL2D_CONTEXT_REACTION:CONFIRMATION_HOLDOUT:GIMME|training_samples=setx2,setx3:sign_magnitude_eta2	a1_rho	source_defined_finite_population	0.75220610875680494	0.75220610875680494	0	0	428	428	0	frozen_statistic_preserved_by_proven_identical_input_set	outputs/dmi_bridge_a23_a1_a2_synthesis_v1/BRIDGEA23_GEOMETRY_UTILITY_PERSISTENCE.tsv
A23_association	A2	PL2D_CONTEXT_REACTION:CONFIRMATION_HOLDOUT:GIMME|training_samples=setx2,setx3:sign_magnitude_eta2	a2_rho	source_defined_finite_population	0.7390945633483379	0.7390945633483379	0	0	429	429	0	frozen_statistic_preserved_by_proven_identical_input_set	outputs/dmi_bridge_a23_a1_a2_synthesis_v1/BRIDGEA23_GEOMETRY_UTILITY_PERSISTENCE.tsv
A23_association	A2_minus_A1	PL2D_CONTEXT_REACTION:CONFIRMATION_HOLDOUT:GIMME|training_samples=setx2,setx3:sign_magnitude_eta2	rho_a2_minus_a1	source_defined_finite_population	-0.01311154540846704	-0.01311154540846704	0	0	429	429	0	frozen_statistic_preserved_by_proven_identical_input_set	outputs/dmi_bridge_a23_a1_a2_synthesis_v1/BRIDGEA23_GEOMETRY_UTILITY_PERSISTENCE.tsv
A23_association	A1	PL2D_CONTEXT_REACTION:CONFIRMATION_HOLDOUT:RIPTiDe|training_samples=setx1,setx2:sign_magnitude_eta2	a1_rho	source_defined_finite_population	0.81800091515845341	0.81800091515845341	0	0	34	34	0	frozen_statistic_preserved_by_proven_identical_input_set	outputs/dmi_bridge_a23_a1_a2_synthesis_v1/BRIDGEA23_GEOMETRY_UTILITY_PERSISTENCE.tsv
A23_association	A2	PL2D_CONTEXT_REACTION:CONFIRMATION_HOLDOUT:RIPTiDe|training_samples=setx1,setx2:sign_magnitude_eta2	a2_rho	source_defined_finite_population	0.61444420061810945	0.61444420061810945	0	0	34	34	0	frozen_statistic_preserved_by_proven_identical_input_set	outputs/dmi_bridge_a23_a1_a2_synthesis_v1/BRIDGEA23_GEOMETRY_UTILITY_PERSISTENCE.tsv
A23_association	A2_minus_A1	PL2D_CONTEXT_REACTION:CONFIRMATION_HOLDOUT:RIPTiDe|training_samples=setx1,setx2:sign_magnitude_eta2	rho_a2_minus_a1	source_defined_finite_population	-0.20355671454034396	-0.20355671454034396	0	0	34	34	0	frozen_statistic_preserved_by_proven_identical_input_set	outputs/dmi_bridge_a23_a1_a2_synthesis_v1/BRIDGEA23_GEOMETRY_UTILITY_PERSISTENCE.tsv
A23_association	A1	PL2D_CONTEXT_REACTION:CONFIRMATION_HOLDOUT:RIPTiDe|training_samples=setx1,setx2,setx3:sign_magnitude_eta2	a1_rho	source_defined_finite_population	0.92551289930681035	0.92551289930681035	0	0	37	37	0	frozen_statistic_preserved_by_proven_identical_input_set	outputs/dmi_bridge_a23_a1_a2_synthesis_v1/BRIDGEA23_GEOMETRY_UTILITY_PERSISTENCE.tsv
A23_association	A2	PL2D_CONTEXT_REACTION:CONFIRMATION_HOLDOUT:RIPTiDe|training_samples=setx1,setx2,setx3:sign_magnitude_eta2	a2_rho	source_defined_finite_population	0.85871096022588067	0.85871096022588067	0	0	39	39	0	frozen_statistic_preserved_by_proven_identical_input_set	outputs/dmi_bridge_a23_a1_a2_synthesis_v1/BRIDGEA23_GEOMETRY_UTILITY_PERSISTENCE.tsv
A23_association	A2_minus_A1	PL2D_CONTEXT_REACTION:CONFIRMATION_HOLDOUT:RIPTiDe|training_samples=setx1,setx2,setx3:sign_magnitude_eta2	rho_a2_minus_a1	source_defined_finite_population	-0.066801939080929684	-0.066801939080929684	0	0	39	39	0	frozen_statistic_preserved_by_proven_identical_input_set	outputs/dmi_bridge_a23_a1_a2_synthesis_v1/BRIDGEA23_GEOMETRY_UTILITY_PERSISTENCE.tsv
A23_association	A1	PL2D_CONTEXT_REACTION:CONFIRMATION_HOLDOUT:RIPTiDe|training_samples=setx1,setx3:sign_magnitude_eta2	a1_rho	source_defined_finite_population	0.86304293746765481	0.86304293746765481	0	0	34	34	0	frozen_statistic_preserved_by_proven_identical_input_set	outputs/dmi_bridge_a23_a1_a2_synthesis_v1/BRIDGEA23_GEOMETRY_UTILITY_PERSISTENCE.tsv
A23_association	A2	PL2D_CONTEXT_REACTION:CONFIRMATION_HOLDOUT:RIPTiDe|training_samples=setx1,setx3:sign_magnitude_eta2	a2_rho	source_defined_finite_population	0.9092823698152378	0.9092823698152378	0	0	34	34	0	frozen_statistic_preserved_by_proven_identical_input_set	outputs/dmi_bridge_a23_a1_a2_synthesis_v1/BRIDGEA23_GEOMETRY_UTILITY_PERSISTENCE.tsv
A23_association	A2_minus_A1	PL2D_CONTEXT_REACTION:CONFIRMATION_HOLDOUT:RIPTiDe|training_samples=setx1,setx3:sign_magnitude_eta2	rho_a2_minus_a1	source_defined_finite_population	0.046239432347582987	0.046239432347582987	0	0	34	34	0	frozen_statistic_preserved_by_proven_identical_input_set	outputs/dmi_bridge_a23_a1_a2_synthesis_v1/BRIDGEA23_GEOMETRY_UTILITY_PERSISTENCE.tsv
A23_association	A1	PL2D_CONTEXT_REACTION:CONFIRMATION_HOLDOUT:RIPTiDe|training_samples=setx2,setx3:sign_magnitude_eta2	a1_rho	source_defined_finite_population	0.27561031478816606	0.27561031478816606	0	0	39	39	0	frozen_statistic_preserved_by_proven_identical_input_set	outputs/dmi_bridge_a23_a1_a2_synthesis_v1/BRIDGEA23_GEOMETRY_UTILITY_PERSISTENCE.tsv
A23_association	A2	PL2D_CONTEXT_REACTION:CONFIRMATION_HOLDOUT:RIPTiDe|training_samples=setx2,setx3:sign_magnitude_eta2	a2_rho	source_defined_finite_population	0.27565270441925754	0.27565270441925754	0	0	39	39	0	frozen_statistic_preserved_by_proven_identical_input_set	outputs/dmi_bridge_a23_a1_a2_synthesis_v1/BRIDGEA23_GEOMETRY_UTILITY_PERSISTENCE.tsv
A23_association	A2_minus_A1	PL2D_CONTEXT_REACTION:CONFIRMATION_HOLDOUT:RIPTiDe|training_samples=setx2,setx3:sign_magnitude_eta2	rho_a2_minus_a1	source_defined_finite_population	4.2389631091488411e-05	4.2389631091488411e-05	0	0	39	39	0	frozen_statistic_preserved_by_proven_identical_input_set	outputs/dmi_bridge_a23_a1_a2_synthesis_v1/BRIDGEA23_GEOMETRY_UTILITY_PERSISTENCE.tsv
A23_association	A1	PL2D_CONTEXT_REACTION:CONFIRMATION_HOLDOUT:iMAT|training_samples=setx1,setx2:sign_magnitude_eta2	a1_rho	source_defined_finite_population	0.87926156823443236	0.87926156823443236	0	0	593	593	0	frozen_statistic_preserved_by_proven_identical_input_set	outputs/dmi_bridge_a23_a1_a2_synthesis_v1/BRIDGEA23_GEOMETRY_UTILITY_PERSISTENCE.tsv
A23_association	A2	PL2D_CONTEXT_REACTION:CONFIRMATION_HOLDOUT:iMAT|training_samples=setx1,setx2:sign_magnitude_eta2	a2_rho	source_defined_finite_population	0.8400673035329792	0.8400673035329792	0	0	593	593	0	frozen_statistic_preserved_by_proven_identical_input_set	outputs/dmi_bridge_a23_a1_a2_synthesis_v1/BRIDGEA23_GEOMETRY_UTILITY_PERSISTENCE.tsv
A23_association	A2_minus_A1	PL2D_CONTEXT_REACTION:CONFIRMATION_HOLDOUT:iMAT|training_samples=setx1,setx2:sign_magnitude_eta2	rho_a2_minus_a1	source_defined_finite_population	-0.039194264701453152	-0.039194264701453152	0	0	593	593	0	frozen_statistic_preserved_by_proven_identical_input_set	outputs/dmi_bridge_a23_a1_a2_synthesis_v1/BRIDGEA23_GEOMETRY_UTILITY_PERSISTENCE.tsv
A23_association	A1	PL2D_CONTEXT_REACTION:CONFIRMATION_HOLDOUT:iMAT|training_samples=setx1,setx2,setx3:sign_magnitude_eta2	a1_rho	source_defined_finite_population	0.8359066617099844	0.8359066617099844	0	0	593	593	0	frozen_statistic_preserved_by_proven_identical_input_set	outputs/dmi_bridge_a23_a1_a2_synthesis_v1/BRIDGEA23_GEOMETRY_UTILITY_PERSISTENCE.tsv
A23_association	A2	PL2D_CONTEXT_REACTION:CONFIRMATION_HOLDOUT:iMAT|training_samples=setx1,setx2,setx3:sign_magnitude_eta2	a2_rho	source_defined_finite_population	0.86118968396202367	0.86118968396202367	0	0	593	593	0	frozen_statistic_preserved_by_proven_identical_input_set	outputs/dmi_bridge_a23_a1_a2_synthesis_v1/BRIDGEA23_GEOMETRY_UTILITY_PERSISTENCE.tsv
A23_association	A2_minus_A1	PL2D_CONTEXT_REACTION:CONFIRMATION_HOLDOUT:iMAT|training_samples=setx1,setx2,setx3:sign_magnitude_eta2	rho_a2_minus_a1	source_defined_finite_population	0.025283022252039267	0.025283022252039267	0	0	593	593	0	frozen_statistic_preserved_by_proven_identical_input_set	outputs/dmi_bridge_a23_a1_a2_synthesis_v1/BRIDGEA23_GEOMETRY_UTILITY_PERSISTENCE.tsv
A23_association	A1	PL2D_CONTEXT_REACTION:CONFIRMATION_HOLDOUT:iMAT|training_samples=setx1,setx3:sign_magnitude_eta2	a1_rho	source_defined_finite_population	0.77165246611807869	0.77165246611807869	0	0	592	592	0	frozen_statistic_preserved_by_proven_identical_input_set	outputs/dmi_bridge_a23_a1_a2_synthesis_v1/BRIDGEA23_GEOMETRY_UTILITY_PERSISTENCE.tsv
A23_association	A2	PL2D_CONTEXT_REACTION:CONFIRMATION_HOLDOUT:iMAT|training_samples=setx1,setx3:sign_magnitude_eta2	a2_rho	source_defined_finite_population	0.80726909950989312	0.80726909950989312	0	0	594	594	0	frozen_statistic_preserved_by_proven_identical_input_set	outputs/dmi_bridge_a23_a1_a2_synthesis_v1/BRIDGEA23_GEOMETRY_UTILITY_PERSISTENCE.tsv
A23_association	A2_minus_A1	PL2D_CONTEXT_REACTION:CONFIRMATION_HOLDOUT:iMAT|training_samples=setx1,setx3:sign_magnitude_eta2	rho_a2_minus_a1	source_defined_finite_population	0.035616633391814423	0.035616633391814423	0	0	594	594	0	frozen_statistic_preserved_by_proven_identical_input_set	outputs/dmi_bridge_a23_a1_a2_synthesis_v1/BRIDGEA23_GEOMETRY_UTILITY_PERSISTENCE.tsv
A23_association	A1	PL2D_CONTEXT_REACTION:CONFIRMATION_HOLDOUT:iMAT|training_samples=setx2,setx3:sign_magnitude_eta2	a1_rho	source_defined_finite_population	0.86797644523939022	0.86797644523939022	0	0	588	588	0	frozen_statistic_preserved_by_proven_identical_input_set	outputs/dmi_bridge_a23_a1_a2_synthesis_v1/BRIDGEA23_GEOMETRY_UTILITY_PERSISTENCE.tsv
A23_association	A2	PL2D_CONTEXT_REACTION:CONFIRMATION_HOLDOUT:iMAT|training_samples=setx2,setx3:sign_magnitude_eta2	a2_rho	source_defined_finite_population	0.8734045130615854	0.8734045130615854	0	0	588	588	0	frozen_statistic_preserved_by_proven_identical_input_set	outputs/dmi_bridge_a23_a1_a2_synthesis_v1/BRIDGEA23_GEOMETRY_UTILITY_PERSISTENCE.tsv
A23_association	A2_minus_A1	PL2D_CONTEXT_REACTION:CONFIRMATION_HOLDOUT:iMAT|training_samples=setx2,setx3:sign_magnitude_eta2	rho_a2_minus_a1	source_defined_finite_population	0.0054280678221951817	0.0054280678221951817	0	0	588	588	0	frozen_statistic_preserved_by_proven_identical_input_set	outputs/dmi_bridge_a23_a1_a2_synthesis_v1/BRIDGEA23_GEOMETRY_UTILITY_PERSISTENCE.tsv
M1_original_A1	A1	CONFIRMATION	eta2_usefulness_rho	original_source_defined_reaction_population	0.83514358231832919	0.83514358231832919	0	0	838	838	0	frozen_statistic_preserved_by_proven_identical_input_set_no_bootstrap_rerun	outputs/dmi_bridge_m1_manuscript_evidence_v1/BRIDGEM1_DEVELOPMENT_CONFIRMATION.tsv
M1_original_A1	A1	CONFIRMATION	positive_contexts	original_source_defined_reaction_population	16	16	0	0	838	838	0	frozen_statistic_preserved_by_proven_identical_input_set_no_bootstrap_rerun	outputs/dmi_bridge_m1_manuscript_evidence_v1/BRIDGEM1_DEVELOPMENT_CONFIRMATION.tsv
M1_original_A1	A1	CONFIRMATION	context_count	original_source_defined_reaction_population	16	16	0	0	838	838	0	frozen_statistic_preserved_by_proven_identical_input_set_no_bootstrap_rerun	outputs/dmi_bridge_m1_manuscript_evidence_v1/BRIDGEM1_DEVELOPMENT_CONFIRMATION.tsv
M1_original_A1	A1	CONFIRMATION	minimum_finite_context_count	original_source_defined_reaction_population	34	34	0	0	838	838	0	frozen_statistic_preserved_by_proven_identical_input_set_no_bootstrap_rerun	outputs/dmi_bridge_m1_manuscript_evidence_v1/BRIDGEM1_DEVELOPMENT_CONFIRMATION.tsv
M1_original_A1	A1	CONFIRMATION	bootstrap_median	original_source_defined_reaction_population	0.8354193419051692	0.8354193419051692	0	0	838	838	0	frozen_statistic_preserved_by_proven_identical_input_set_no_bootstrap_rerun	outputs/dmi_bridge_m1_manuscript_evidence_v1/BRIDGEM1_DEVELOPMENT_CONFIRMATION.tsv
M1_original_A1	A1	CONFIRMATION	bootstrap_interval_lower	original_source_defined_reaction_population	0.80156291187429163	0.80156291187429163	0	0	838	838	0	frozen_statistic_preserved_by_proven_identical_input_set_no_bootstrap_rerun	outputs/dmi_bridge_m1_manuscript_evidence_v1/BRIDGEM1_DEVELOPMENT_CONFIRMATION.tsv
M1_original_A1	A1	CONFIRMATION	bootstrap_interval_upper	original_source_defined_reaction_population	0.86312754233763822	0.86312754233763822	0	0	838	838	0	frozen_statistic_preserved_by_proven_identical_input_set_no_bootstrap_rerun	outputs/dmi_bridge_m1_manuscript_evidence_v1/BRIDGEM1_DEVELOPMENT_CONFIRMATION.tsv
