reaction_id	mean_sign_magnitude_eta2	mean_directionally_useful_fraction	mean_non_tie_pair_fraction	mean_information_advantage	mean_directional_entropy3	mean_dominant_sign_mass	mean_n_supported_sign_states	n_finite_eta2_evaluations	n_defined_response_evaluations	proximal_set_member	same_subsystem_as_HEX1
10FTHF5GLUtl	0.18039117540876351	0.25942028985507243	0.3108108108108108	5.0291511020475315e-05	0.020885848024224354	0.98734215203967857	1.1756756756756757	110	115	false	false
11DOCRTSLte			0		0	1	1	0	0	false	false
11DOCRTSTRNte			0		0	1	1	0	0	false	false
2H3MVc	0.1844407878187003	0.15945945945945947	0.5	3.5646071093960352e-08	0.032489204939925222	0.9815441524543268	1.3108108108108107	97	185	false	false
2HATVACIDhc			0		0	1	1	0	0	false	false
2HATVACIDteb	0.14046220043494101	0.17962962962962964	0.24324324324324326	4.1530913681815417e-07	0.0055321808474260775	0.99804538352728633	1.1081081081081081	60	90	false	false
2M3HVACte	0.023724533014623076	0.0036036036036036032	0.5	-7.9186247774092946e-09	0.0034397262819573322	0.99773988753331277	1.1216216216216217	172	185	false	false
2MCITt	0.0099356430005224788	0.052380952380952375	0.1891891891891892	1.7612091161760619e-09	0.0099456720844198539	0.99473787261426561	1.1216216216216217	44	70	false	false
34DHPHELAT1tc	2.2081066015194249e-29	0	0.10810810810810811	-6.1062266354383615e-17	0	1	1	40	40	false	false
34DHXMANDACOX_NADP	0.02112455835715556	0.11333333333333333	0.7432432432432432	0.0006394040449341741	0.012753167255386742	0.99284262117958577	1.2432432432432432	265	275	false	false
3AIBTm	4.7767567665415082e-30	0	0.43243243243243246	-1.1382005228729665e-22	0	1	1	79	160	false	false
3AIBt	0.11004535589871009	0.15111111111111108	0.20270270270270271	0.010890472167359343	0.0082588817993088127	0.99539285986364878	1.0675675675675675	75	75	false	false
3AIBt1	0.085653144758927505	0.10104166666666665	0.43243243243243246	0.0012920638882383266	0.031865168572613817	0.98071975710609505	1.2567567567567568	155	160	false	false
3HPPt	0.077130946854428936	0.064285714285714279	0.1891891891891892	-1.3299921473731387e-05	0.014184313648840884	0.99149557292883028	1.0675675675675675	70	70	false	false
3HPVSteb	0.082820314693480446	0.099393939393939396	0.7432432432432432	3.242428746999994e-07	0.03111785721055299	0.98342309593658916	1.4054054054054055	223	275	false	false
3M4HDXPAC	0.067207237934275244	0.1368421052631579	0.25675675675675674	6.3719762565282523e-09	0.0097329537056648537	0.99508300284488826	1.0675675675675675	43	95	false	false
3MOX4HOXPGALDOX	0.0035366735486836169	0.04242424242424242	0.7432432432432432	0.0016690470408967577	0.0021690176425002822	0.99927899934218201	1.1081081081081081	265	275	false	false
3SALATAim	0.02557713329381554	0.068468468468468463	0.5	8.0086646498233432e-07	0.012683758757178082	0.9916710937324773	1.0675675675675675	175	185	false	false
3SPYRSPm	0.02557713329381554	0.068468468468468463	0.5	8.0086646498233432e-07	0.012683758757178082	0.9916710937324773	1.0675675675675675	175	185	false	false
4CMCOAS	0.03653815897947759	0.039639639639639637	0.5	1.6990547051510804e-08	0.0086294950398714959	0.99421751033949701	1.0675675675675675	70	185	false	false
4HALDD	0.012511660643356695	0.07575757575757576	0.7432432432432432	0.00045823617723277831	0.015725710576222771	0.99208937744495196	1.1756756756756757	275	275	false	false
4HATVACIDhc			0		0	1	1	0	0	false	false
4HATVACIDteb	0.23716927575428023	0.40740740740740738	0.24324324324324326	6.0187612557873371e-06	0.008845287605077046	0.99654432160034123	1.1756756756756757	55	90	false	false
4HBZtm	0.031970889107042891	0.039639639639639637	0.5	1.6990547051503373e-08	0.0086294950398714959	0.99421751033949701	1.0675675675675675	80	185	false	false
4HOXPACDOX_NADP	0.012511660643356695	0.07575757575757576	0.7432432432432432	0.00045823617723277831	0.015725710576222771	0.99208937744495196	1.1756756756756757	275	275	false	false
4HPROLTASCT1	3.0324571603002732e-29	0	0.1891891891891892	-3.5696065812213227e-18	0	1	1	65	70	false	false
56DHPVSteb	0.24263241970061208	0.31261261261261264	0.5	0.00013871494833269361	0.033912421848546953	0.97898035688697149	1.4459459459459461	181	185	false	false
5HOXINOXDA			0		0	1	1	0	0	false	false
5THFtm	0	0	0.054054054054054057	-5.6017112245084389e-20	0	1	1	10	20	false	false
6DHFtl	0.19762658540982936	0.37037037037037041	0.24324324324324326	8.4212979696773925e-06	0.0265311721516489	0.98866052391789849	1.2432432432432432	87	90	false	false
6EPSteb	0.15081310274793577	0.23575757575757575	0.7432432432432432	2.0157793670582912e-05	0.0326371300878249	0.9825666335030202	1.6081081081081081	241	275	false	false
6EPVStep	0.10262108195033603	0.10466666666666666	0.67567567567567566	0.00029758171484856846	0.02712831960229125	0.98467270694855791	1.3648648648648649	246	250	false	false
7HPVStev	0.14584652054516969	0.30810810810810813	0.5	4.2016840495991008e-05	0.031635501876386772	0.98543154555838475	1.4324324324324325	178	185	false	false
A4GALTg	4.0264147729649056e-29	0	0.24324324324324326	-4.762458431732623e-19	0	1	1	80	90	false	false
AADSACYCL	0.0065770122755551483	0.057142857142857141	0.3783783783783784	2.3180311342628691e-08	0.001717453600541896	0.99951842927490431	1.0675675675675675	108	140	false	false
ABTArm	0.080650996353229532	0.26583333333333331	0.54054054054054057	9.6731228428946263e-06	0.034221132263351148	0.98207698134942145	1.2972972972972974	169	200	true	false
ABUTt4_2_r	0.15171094230418744	0.3259259259259259	0.24324324324324326	-0.0075762802863459221	0.035934675920229392	0.98038627520003108	1.2432432432432432	90	90	false	false
ACACT1x	0.064105144023183139	0.14279279279279281	1	1.4916239340241398e-06	0.031139831236327544	0.9871263036045389	1.6216216216216217	305	370	false	false
ACACT4m	0.073786431888041043	0.21507936507936506	0.56756756756756754	8.4674074347379665e-06	0.030935479158019231	0.98176937556158739	1.2567567567567568	208	210	false	false
ACACT9p	8.9298020510854496e-29	0	0.24324324324324326	-3.4333068795374305e-20	0	1	1	75	90	false	false
ACALDtm	0.12634727262104659	0.10666666666666666	0.067567567567567571	3.4030949779953458e-06	0.0029062812943928817	0.99843802558059025	1.0675675675675675	25	25	false	false
ACCOAC	0.040092649863377412	0.14666666666666667	0.67567567567567566	-3.6982089339177094e-05	0.0016896910567157193	0.99968469974371665	1.3108108108108107	250	250	false	false
ACChex	0.20665292006901387	0.28545454545454546	0.7432432432432432	2.0781063587521462e-05	0.053072393413081329	0.97582875817860626	1.7405405405405405	248	275	false	false
ACGALK2	0.023706232827111654	0.090990990990990991	0.5	-5.1264583846151608e-07	0.0083518228189450074	0.996173930710471	1.1891891891891893	175	185	false	false
ACGAM2E	0.1909857398602651	0.27515151515151515	0.7432432432432432	1.0640379993542283e-06	0.07518607134444398	0.96249806114034819	1.5675675675675675	257	275	false	false
ACGAMtly	0.1556631187915366	0.23333333333333331	0.5	0.0063906331842558282	0.048897879291411275	0.97547698154942908	1.5	185	185	false	false
ACNMCT	0.022523500483721242	0.11481481481481481	0.60810810810810811	-1.6010885829481165e-06	0.014145717302592601	0.99162902332107561	1.2027027027027026	218	225	false	false
ACOAD9m	0.10559792669277079	0.18198198198198198	0.5	4.6694236952349474e-08	0.032062448027851131	0.98229420907075393	1.3918918918918919	165	185	false	false
ACOADH120_m	0.13475964842034219	0.236969696969697	0.7432432432432432	5.6881131255062821e-05	0.060200505978132861	0.9678052760415371	1.472972972972973	265	275	false	false
ACOADH160_m	0.12996816184109458	0.16303030303030303	0.7432432432432432	9.1444133683710803e-06	0.040559215953968268	0.98056692623394637	1.4324324324324325	252	275	false	false
ACOADH60_m	0.062836239257578072	0.13333333333333333	0.24324324324324326	1.481675219927043e-06	0.0053011228388064142	0.99703120422925529	1.1081081081081081	86	90	false	false
ACOAO8p	1.539097437869415e-27	0	0.24324324324324326	8.4326835637761457e-21	0	1	1	71	90	false	false
ACONT	0.10526670108950768	0.20666666666666664	0.7432432432432432	0.010921406324170746	0.03927725966328921	0.97944619604487215	1.4324324324324325	275	275	true	false
ACRNtp	0.075286024956778427	0.11891891891891893	0.5	0.0034168560027279349	0.023185100741007141	0.9859410212911226	1.2027027027027026	185	185	false	false
ADKd	0.072312950576828586	0.16666666666666666	0.5	0.00013908285451084862	0.0097548140719186868	0.99460829749672641	1.1756756756756757	185	185	false	false
ADNCYC	0.098849016896285766	0.16121212121212122	0.7432432432432432	-1.3639816005784044e-06	0.014045460520440388	0.9946069437078241	1.2837837837837838	233	275	false	false
ADRNCPT1	0.2594445707673147	0.34848484848484845	0.7432432432432432	1.6052511864489147e-05	0.074098617121467314	0.96370107157280538	1.7432432432432432	243	275	false	false
ADSK	0.10316185076893612	0.17575757575757578	0.7432432432432432	0.00010554182547884244	0.026859282556379364	0.98853777812103893	1.5486486486486486	262	275	false	false
AG13T3g	0.11745758775862419	0.33827160493827158	0.36486486486486486	1.0998823846397762e-06	0.016775007983219417	0.99362608073705971	1.3108108108108107	127	135	false	false
AGDC	0.089396942888628692	0.12037037037037038	0.24324324324324326	2.2354857251647943e-06	0.01590033889945601	0.99236473883454879	1.0675675675675675	84	90	false	false
AGPAT1_1	0.17153474152872933	0.32612612612612613	0.5	-1.0499393020988379e-05	0.076970931750543439	0.95719998655847005	1.5	181	185	false	false
AIRCr	0.08493948277362208	0.12657657657657659	1	5.6529128847156459e-08	0.053919048144705377	0.97069165022948722	1.6081081081081081	256	370	false	false
AK2LGCHOLt	0.046121619570575118	0.086486486486486491	0.5	1.2107645512442419e-06	0.012682549102507011	0.99377996611981767	1.2432432432432432	159	185	false	false
AKGMALtm	0.010265548498768488	0.037575757575757575	0.7432432432432432	-0.00096163340115990319	0.010293251108428318	0.9943094853349872	1.1351351351351351	275	275	false	false
ALAASNLEUt	1.0133909850137546e-31	0	0.1891891891891892	2.3797592327620819e-22	0	1	1	25	70	false	false
ALAASNNaEx	0.030324500970932849	0.050000000000000003	0.43243243243243246	0.0089725108915891146	0.01110586473971849	0.99403382631424464	1.0675675675675675	160	160	false	false
ALAGLYexR	0.065170686532856695	0.057657657657657652	0.5	0.34047725551365848	0.01712107678476258	0.99105455145391308	1.0945945945945945	185	185	false	false
ALASERNaEx	0.0087215109160113033	0.13827160493827159	0.36486486486486486	0.028570556039765695	0.00426074336110179	0.99789107720148085	1.1756756756756757	130	135	false	false
ALCD22_D	0.093697540703195636	0.14909090909090908	0.7432432432432432	0.0046545058657939562	0.053860428556303901	0.97043006031538181	1.3108108108108107	275	275	true	false
ALDD19x_P	0.024892172282022496	0.049090909090909088	0.7432432432432432	0.00033367528387533992	0.018596835063611161	0.98886652607281555	1.2972972972972974	275	275	false	false
ALDD19xr	0.024963902923645441	0.049090909090909088	0.7432432432432432	0.00033367488575042592	0.018596835063611161	0.98886652607281555	1.2972972972972974	275	275	false	false
ALDD2xm	0.12634727262104659	0.10666666666666666	0.067567567567567571	3.4030949779953458e-06	0.0029062812943928817	0.99843802558059025	1.0675675675675675	25	25	true	true
ALR3	0.131539893430174	0.16121212121212122	0.7432432432432432	0.24402532859818482	0.037575762333056484	0.9843559745264453	1.3648648648648649	275	275	true	false
AMACR2p	3.960493650581933e-29	0	0.24324324324324326	8.4487458181833384e-19	0	1	1	90	90	false	false
ARACHCPT1	0.18378251015295435	0.35675675675675678	0.5	2.0964960327972757e-05	0.078843261447750182	0.95775378092930319	1.5	177	185	false	false
ARACHDtr	0.21737067941640709	0.15045045045045044	0.5	-0.00026179417092859927	0.032087961406214033	0.98382373017170954	1.3243243243243243	170	185	false	false
ARGALATHRt		0	0.1891891891891892	-1.1344191257870096e-24	0	1	1	0	70	false	false
ARGARGMETt	2.8808876039644019e-31	0	0.20270270270270271	-6.7056774990965449e-24	0	1	1	25	75	false	false
ARGPHEARGt		0	0.067567567567567571	-8.4703294725430021e-24	0	1	1	0	25	false	false
ARGSERSERt	1.5550749573299179e-29	0	0.3783783783783784	-2.4816048609438488e-21	0	1	1	50	140	false	false
ARGTYRVALt			0		0	1	1	0	0	false	false
ASNALANaEx	0.02421627478491082	0.1851851851851852	0.24324324324324326	0.036605509399390071	0.0043114839969843072	0.99766631651489601	1.1081081081081081	90	90	false	false
ASNASNARGt	1.1270936714366042e-29	0	0.25675675675675674	-9.9266317327346064e-22	0	1	1	50	95	false	false
ASNGLNNaEx	0.0020727905376792494	0.077777777777777779	0.24324324324324326	0.014519171822060323	0.00031242457415773151	0.99993784995859625	1.0405405405405406	90	90	false	false
ASNPHECYSt			0		0	1	1	0	0	false	false
ASNSERNaEx	0.030710799164850675	0.15185185185185185	0.24324324324324326	0.0015949159929682945	0.0047220568607718111	0.99751003556605233	1.1351351351351351	90	90	false	false
ASNTYRPHEt			0		0	1	1	0	0	false	false
ASPDTDe	1.5193837470872106e-21	0	0.5	6.8213702954446561e-17	0	1	1	185	185	false	false
ASPDt6	1.5193837470872106e-21	0	0.5	6.8213702954446561e-17	0	1	1	185	185	false	false
ASPNATm	1.1393090892197998e-29	0	0.3783783783783784	4.4388559926350366e-21	0	1	1	85	140	false	false
ASPPROLYSt	6.554437672066967e-29	0	0.12162162162162163	-1.5058363506743114e-21	0	1	1	25	45	false	false
ASPTA	0.062219202959985974	0.098888888888888887	0.81081081081081086	0.0010669382374752169	0.026400894623602972	0.98676449369207042	1.2972972972972974	300	300	false	false
ATPH1e	0.05594989548136594	0.11441441441441443	0.5	1.5780617961025793e-05	0.016158615981181526	0.99170459319157378	1.1351351351351351	137	185	false	false
ATPtg	0.010079595498956474	0.018518518518518517	0.36486486486486486	-1.5172165221881953e-06	0.0021676621684634982	0.99930174627721313	1.0675675675675675	125	135	false	false
ATVACIDtdu	0.023120828867326429	0.029166666666666664	0.43243243243243246	0.00059682088580748853	0.013962740726604989	0.99229805970919471	1.1216216216216217	160	160	false	false
ATVLACtu	0.36441793107443526	0.21851851851851853	0.24324324324324326	8.3740131677961464e-06	0.016546740696306881	0.99228446740160947	1.1756756756756757	57	90	false	false
B3GALT3g	4.0264147729649056e-29	0	0.24324324324324326	-4.762458431732623e-19	0	1	1	80	90	false	false
B3GALT41g	9.512705011028593e-30	0	0.1891891891891892	-3.1493491676959887e-20	0	1	1	65	70	false	false
B3GALTg			0		0	1	1	0	0	false	false
BAAT3x	3.960493650581933e-29	0	0.24324324324324326	8.4487458181833384e-19	0	1	1	90	90	false	false
BETALDHy	0.068677198112722646	0.19575757575757577	0.7432432432432432	0.017097860458834806	0.028953091531018774	0.98511717270308108	1.472972972972973	275	275	false	false
BUTt	0.052186890697101897	0.13515151515151513	0.7432432432432432	0.013714949944458222	0.025460680509974735	0.98576400351254745	1.2972972972972974	275	275	false	false
C05301te			0		0	1	1	0	0	false	false
C14STR	0.054649449375931893	0.14864864864864866	1	-1.6537741024889923e-08	0.048675791695444538	0.9731065454287845	1.6216216216216217	189	370	false	false
C161CRN2t	0.021426213677425872	0.059999999999999998	0.7432432432432432	-0.0019206436936504946	0.008586466366319585	0.99638339216399163	1.1621621621621621	270	275	false	false
C161CRNt	0.064570267741615686	0.091891891891891897	0.5	0.0019836288792213579	0.018726496188398299	0.9899320202569819	1.2567567567567568	185	185	false	false
C162ACBP			0		0	1	1	0	0	false	false
C226CPT1	0.15502020042816816	0.21441441441441439	0.5	5.4382816487957498e-06	0.05684918726697645	0.96999362621606111	1.5	174	185	false	false
C226CPT2	0.15502020042816816	0.21441441441441439	0.5	5.4382816487957498e-06	0.05684918726697645	0.96999362621606111	1.5	174	185	false	false
C3STDH1	0.050344301951504779	0.063414634146341464	0.55405405405405406	3.6587535695563277e-08	0.011873871700421364	0.99509489949623642	1.1756756756756757	84	205	false	false
C3STDH1Pr	0.15425592894912868	0.30090090090090088	0.5	1.1031727212811007e-06	0.045290472521644275	0.97860833063218766	1.5	179	185	false	false
C4CRNCPT2	0.065209578344838648	0.13603603603603603	0.5	0.014926268237588372	0.026821999952983688	0.9868519547524307	1.2567567567567568	185	185	false	false
C4x	0.10292851070534281	0.17801418439716313	0.63513513513513509	1.876588613774982e-06	0.034119107654876288	0.98040660023409432	1.3648648648648649	194	235	false	false
C6CRNtcx	0.20024569842699505	0.19166666666666668	0.43243243243243246	0.021908931277030291	0.041749577288408356	0.97514012574630382	1.2567567567567568	160	160	false	false
CAATPS_1	0.11560637402649004	0.11272727272727273	0.7432432432432432	1.2384537682152244e-05	0.034809484649083115	0.9836768901274684	1.4054054054054055	259	275	false	false
CARN140t_m	0.037524473659269385	0.10303030303030303	0.7432432432432432	0.25432081999179595	0.011479163913031672	0.99459044070886116	1.1621621621621621	275	275	false	false
CATp	0.036818605091349349	0.080952380952380956	0.56756756756756754	3.6886136706555759e-06	0.012735184102726468	0.99471218579342791	1.2297297297297298	186	210	false	false
CBPPer	0.14368066764351034	0.35765765765765767	0.5	2.6604453826161602e-06	0.045334421296685481	0.97485028892603898	1.4324324324324325	181	185	true	true
CDCA24GSc	2.2656580146929619e-29	0	0.24324324324324326	3.7582185223372225e-22	0	1	1	25	90	false	false
CDCA24Gte	2.2710307735168251e-29	0	0.24324324324324326	1.3195675312549632e-22	0	1	1	25	90	false	false
CDIPTr	0.10772349066448023	0.13783783783783785	1	3.2476264788916614e-07	0.060543999978432982	0.9685524658688105	1.6756756756756757	149	370	false	false
CE1261t	0	0	0.067567567567567571	-3.3881317890172014e-23	0	1	1	5	25	false	false
CE1352te			0		0	1	1	0	0	false	false
CE2209te			0		0	1	1	0	0	false	false
CE2211te			0		0	1	1	0	0	false	false
CE2510ABCt			0		0	1	1	0	0	false	false
CE2510t	0.20721299767991888	0.30900900900900902	0.5	8.9262375191275021e-05	0.045711130757288755	0.97444733111550896	1.3918918918918919	178	185	false	false
CERT1rt	2.1562838906471082e-28	0	0.3783783783783784	3.8241520823419148e-20	0	1	1	90	140	false	false
CITL	0.00048417742050806936	0.021333333333333333	0.67567567567567566	1.640112236011561e-07	0.0025567641008214285	0.99850609524252731	1.0675675675675675	210	250	true	false
CITtcm	0.11891416978344468	0.1993939393939394	0.7432432432432432	0.0055374667240784478	0.045623799098880535	0.97690628445819472	1.4054054054054055	275	275	false	false
CLOHtex2	0.00057972692449335126	0.03783783783783784	0.5	3.5823439574111735e-05	0.00045182217975220281	0.99988477810810072	1.1270270270270271	185	185	false	false
CLOXAtex2	0.0047766840208893924	0.06363636363636363	0.7432432432432432	0.0068541072939256181	0.0019977363232183245	0.99951639014332361	1.1081081081081081	246	275	false	false
CLPNDCPT2		0.043333333333333328	0.54054054054054057	-3.5028386509694752e-13	0.0053063497587904707	0.99823932426886264	1.1081081081081081	0	200	false	false
COAtp	0.068718870903054646	0.12367149758454106	0.93243243243243246	0.0035549614487399702	0.058832002067070337	0.96764240236699028	1.4459459459459461	327	345	false	false
COQ7m	0.12612848089949655	0.11711711711711713	0.5	1.2801252718504637e-08	0.046256716462793598	0.97238405816722928	1.3108108108108107	96	185	false	false
CPK1	0.060198694297790602	0.14000000000000001	0.7432432432432432	0.01426408121156122	0.040568698287560927	0.97816486149310511	1.3108108108108107	275	275	false	false
CRNtp	0.04491997025334428	0.10683760683760683	0.52702702702702697	0.003350514919816687	0.01934423581681231	0.98807306966436292	1.1891891891891893	170	195	false	false
CRVSATPtu	0.11189228418692787	0.17575757575757575	0.7432432432432432	1.7173186997069491e-05	0.040693314014951472	0.97868419590519851	1.6081081081081081	257	275	false	false
CRVSM1hr	0.10942430710756201	0.13750000000000001	0.43243243243243246	2.8299412768934253e-08	0.010413890418103356	0.9951339337733095	1.3108108108108107	111	160	false	false
CRVSM23hr	0.02352391538208504	0.033333333333333333	0.43243243243243246	1.4861493820114168e-07	0.00062692513989939444	0.99986516996786645	1.0540540540540539	116	160	false	false
CSAPASEly	0.13943510406714321	0.25495495495495496	0.5	-1.3777983690085649e-08	0.0344337061007466	0.98319508805405231	1.2567567567567568	154	185	false	false
CSAtu			0		0	1	1	0	0	false	false
CSNAT2x	0.079503947542893763	0.20520833333333335	0.43243243243243246	0.043587321537658166	0.02169925277293324	0.98828886443313635	1.2945945945945947	160	160	false	false
CSPG_At	0.14164321123110041	0.26216216216216215	0.5	3.2300971807409629e-07	0.034620524253319511	0.98309433444576999	1.2567567567567568	154	185	false	false
CSPG_Bt	0.040750335605862692	0.044444444444444446	0.36486486486486486	-1.4764329914344865e-08	0.0020514872595744568	0.99945431876640767	1.0675675675675675	108	135	false	false
CSPG_Btly	0.040750335605862692	0.044444444444444446	0.36486486486486486	-1.4764329914344865e-08	0.0020514872595744568	0.99945431876640767	1.0675675675675675	108	135	false	false
CSPG_Dtly	0.10457896876270342	0.16036036036036036	0.5	-1.2701914992698451e-07	0.03209453885111492	0.98431926865504504	1.2567567567567568	144	185	false	false
CSm	0.041438409977946289	0.12181818181818181	0.7432432432432432	-3.7847825587480655e-05	0.0064009991796139011	0.99767648885054039	1.2432432432432432	274	275	true	false
CYSASNNaEx	0.022412408060095736	0.020720720720720721	0.5	0.00015024886150070385	0.0092093501635399175	0.99554639259638944	1.0540540540540539	185	185	false	false
CYSGLNNaEx	0.0092495388109975728	0.077083333333333337	0.43243243243243246	0.00079591954890664374	0.0023377893624542657	0.99919364570440372	1.1351351351351351	160	160	false	false
CYSGLUHISt			0		0	1	1	0	0	false	false
CYSGLUexR	0.062020385461592269	0.27117117117117118	0.5	0.021667206251175252	0.021745011755949045	0.99008260523012315	1.3243243243243243	185	185	false	false
CYST_Ltr	0.06040486620449783	0.24954954954954953	0.5	1.4682158847322495e-07	0.036335811947911641	0.97928727288566797	1.4459459459459461	157	185	false	false
CYTDK2	0.02847795539858233	0.12060606060606059	0.7432432432432432	0.0081680964239368593	0.010318532962946799	0.99417964860925101	1.2432432432432432	274	275	false	false
CYTDtm	0.12061491667966889	0.29473684210526313	0.25675675675675674	-4.6410924033557174e-05	0.038897553321626976	0.97770651642335205	1.2567567567567568	94	95	false	false
CYTK10n	0.0073744181038774559	0.047747747747747739	0.5	-0.0020111313150150793	0.012593884095926796	0.99302298863575611	1.1756756756756757	185	185	false	false
CYTK11n	1.1163374085362531e-27	0	0.5	-5.0410126523520612e-17	0	1	1	185	185	false	false
CYTK12n	0.00046391328046510404	0	0.5	-1.4437900324742463e-16	0.000147146186717561	0.99997607084018769	1.0405405405405406	185	185	false	false
CYTK2	0.012739255288731374	0.078333333333333338	0.81081081081081086	0.0022869240718998533	0.022421436146017121	0.98700007050838767	1.3243243243243243	205	300	false	false
CYTK4n	0.02164462100045168	0.070270270270270274	0.5	-0.00019435480161960039	0.01554223495578415	0.98987179530666292	1.1081081081081081	185	185	false	false
CYTK7n	0.044732776143611881	0.036036036036036036	0.5	0.35746612795427418	0.0052269074146425263	0.99822543360770299	1.0945945945945945	185	185	false	false
CYTK8	0.013476968048859872	0.11515151515151516	0.7432432432432432	0.0012891122798177682	0.0022946623292278657	0.99929533662430536	1.3378378378378379	275	275	false	false
DAGK_hs	0.13883307172346737	0.36747967479674792	0.55405405405405406	5.0478559676092208e-05	0.023192310691867692	0.98949750770289924	1.4189189189189189	198	205	false	false
DCA24GSc			0		0	1	1	0	0	false	false
DCA24Gte			0		0	1	1	0	0	false	false
DCK1n	0.015486732588208747	0.1828828828828829	0.5	0.01140663467080587	0.010094126650217868	0.99614011983956141	1.2972972972972974	185	185	false	false
DCSPTN1CPT2	0.22764577752551193	0.35675675675675678	0.5	7.5085539779313684e-06	0.076320802343672306	0.95875994449403545	1.5	173	185	false	false
DCSPTN1CRNt	0.091419990554157685	0.14424242424242423	0.7432432432432432	-1.8057755845297067e-05	0.014307828106893267	0.99363564023682405	1.3108108108108107	270	275	false	false
DCYTtm	0.0054124832788922782	0.034545454545454546	0.7432432432432432	6.5341639931227404e-05	0.010413938945324889	0.99461348577376552	1.2297297297297298	260	275	false	false
DESAT18_11	0.23758559239652849	0.26484848484848483	0.7432432432432432	1.5420207772556817e-05	0.041320093209755673	0.98050963663128465	1.5	219	275	false	false
DGTPtm_cho	0.12014286837119512	0.27407407407407403	0.24324324324324326	3.9760398673094488e-05	0.02006426831743054	0.99038545482405649	1.1891891891891893	90	90	false	false
DHCR242r	2.0205681175339042e-29	0	0.24324324324324326	-1.02798428206033e-16	0	1	1	90	90	false	false
DHCR71r	0.14661887984026886	0.28468468468468466	0.5	-7.2942847492329388e-07	0.049651322161747849	0.97637043025002035	1.5	176	185	false	false
DHDPBMTm	0.15549511453281853	0.14144144144144144	0.5	2.3422189005037474e-08	0.053178602868287177	0.96877476109319738	1.3108108108108107	109	185	false	false
DHEASULT	5.6280198655340927e-28	0	0.12162162162162163	4.8989875941937612e-20	0	1	1	30	45	false	false
DHEAtr	0.069625463213735847	0.17222222222222222	0.24324324324324326	3.6423092763793905e-07	0.013114940479804434	0.99265671145212686	1.1351351351351351	80	90	false	false
DHFR	0.11509713660866012	0.32727272727272727	0.7432432432432432	0.01622894430298491	0.038943040401175522	0.98142474680403513	1.6216216216216217	275	275	false	false
DHFtm	0.14465671927235207	0.20900900900900898	0.5	0.014034311341878943	0.030876446397399435	0.98483135990526405	1.2432432432432432	185	185	false	false
DIGALSIDEtl	2.2954742298137821e-29	0	0.12162162162162163	-2.9715170653306413e-20	0	1	1	45	45	false	false
DNDPt15m	0.038276669480337193	0.084000000000000005	0.67567567567567566	3.339827749649188e-06	0.0058560430443187804	0.99810441114556503	1.1081081081081081	194	250	false	false
DNDPt19m	0.021183598922120874	0.12777777777777777	0.24324324324324326	-2.2405306322313001e-05	0.004634155998901714	0.99832747200536975	1.1351351351351351	82	90	false	false
DNDPt1m			0		0	1	1	0	0	false	false
DNDPt24m	0.087614131621610317	0.15555555555555556	0.36486486486486486	6.68258096432816e-07	0.01354930846231622	0.99493935484827634	1.1756756756756757	102	135	false	false
DNDPt25m	0.16697362606928906	0.12222222222222222	0.24324324324324326	6.6187510949051063e-06	0.012697637633631697	0.99444850478859947	1.1081081081081081	74	90	false	false
DNDPt2m			0		0	1	1	0	0	false	false
DNDPt31m	6.2487389499883404e-31	0	0.3108108108108108	-3.0935116334504882e-22	0	1	1	14	115	false	false
DNDPt40m	0.22367678114298525	0.12028985507246376	0.3108108108108108	3.2426246940077843e-07	0.016369613331445439	0.99340835080470735	1.1756756756756757	67	115	false	false
DNDPt43m	0.031665261348081564	0	0.24324324324324326	-1.8421398023249079e-20	0.0010092173570560689	0.99971762556143429	1.0675675675675675	86	90	false	false
DNDPt46m	1.1486136344387206e-29	0	0.067567567567567571	-4.5175090520229354e-23	0	1	1	10	25	false	false
DNDPt50m			0		0	1	1	0	0	false	false
DNDPt5m			0		0	1	1	0	0	false	false
DNDPt62m	0.067566023503392025	0.10000000000000001	0.24324324324324326	1.2115704563206976e-06	0.0042569168548846972	0.99865437054621997	1.0405405405405406	65	90	false	false
DOCOSCOAtxc	0.10777220088870926	0.16851851851851851	0.24324324324324326	1.8740054705300165e-05	0.013037662852333121	0.99425593301724313	1.1351351351351351	72	90	false	false
DOPASULT		0	0.054054054054054057	5.2939559203393774e-24	0	1	1	0	20	false	false
DOPASULT4		0	0.12162162162162163	-7.0586078937858361e-24	0	1	1	0	45	false	false
DOPAc	0.027476613782731155	0.076576576576576572	0.5	7.4842438069860789e-09	0.0065342463656652269	0.99744364026065502	1.1324324324324324	117	185	false	false
DPHMBDCm	0.15549511453281853	0.14144144144144144	0.5	2.3422189005037474e-08	0.053178602868287177	0.96877476109319738	1.3108108108108107	109	185	false	false
DRBK	7.7825857170625581e-29	0	0.067567567567567571	4.3368086899420178e-21	0	1	1	20	25	false	false
DSAT	0.00010927677960427926	0.062162162162162166	1	3.2201792973750977e-10	0.015190676390494094	0.99200504065424266	1.3108108108108107	185	370	false	false
DSMSTEROLte	0.13786005088583914	0.25765765765765763	0.5	1.57013033260917e-07	0.053863605674519408	0.97137566626432448	1.4459459459459461	169	185	false	false
DTMPKm	0.076197462150987438	0.087387387387387397	0.5	1.1652662479637659e-06	0.024315820653627737	0.98872328679876098	1.1621621621621621	181	185	false	false
DUTUP	0.071136195330134391	0.14969696969696969	0.7432432432432432	0.24477293805037328	0.026143248323781242	0.98822550458371827	1.2432432432432432	275	275	false	false
D_LACtm	0.18683072823789057	0.25765765765765763	0.5	1.2627539276519509e-05	0.063798755546630309	0.96566598328087705	1.4432432432432432	183	185	false	false
ECOAH12m	0.10559792669277079	0.18198198198198198	0.5	4.6694236952349474e-08	0.032062448027851131	0.98229420907075393	1.3918918918918919	165	185	false	false
ECOAH1x	0.1426495511451662	0.23454545454545456	0.7432432432432432	1.737976561380593e-06	0.045185496350190708	0.97642762192855792	1.5	237	275	false	false
ECOAH5m	0.026769495356748798	0.21304347826086956	0.3108108108108108	-5.4913885408547841e-06	0.010386740811016768	0.99606092054610929	1.2432432432432432	115	115	false	false
EHGLAT2m	0.023711677152799988	0.021621621621621623	0.5	2.0893414471123595e-06	0.0066195327343574533	0.9956842770028036	1.0540540540540539	168	185	false	false
EHGLATm	0.0055377258726009805	0.062162162162162166	0.5	2.6781034669900871e-09	0.0039711499855425983	0.99822137229532382	1.0675675675675675	176	185	false	false
ELAIDCRNt	0.015424487940598032	0.051428571428571428	0.94594594594594594	0.00045373894284109239	0.012771921362923587	0.99419807999990029	1.2297297297297298	265	350	false	false
ETHAMPtr	9.9739331716186873e-29	0	0.24324324324324326	8.7840453789334826e-22	0	1	1	84	90	false	false
FACOAE120	0.1444599871905386	0.17515151515151514	0.7432432432432432	8.8486257813363387e-06	0.026635851119821658	0.98837662391361059	1.472972972972973	215	275	false	false
FACOAE140	0.11658203248746764	0.24666666666666665	0.7432432432432432	7.0877892461039348e-05	0.041548005924243937	0.97855358455796437	1.527027027027027	245	275	false	false
FACOAE180	0.098319293097600208	0.20238095238095238	0.3783783783783784	2.454332452265458e-05	0.002401303848308146	0.99936813538721325	1.1351351351351351	80	140	false	false
FACOAL180	1.0326730736443909e-28	0	0.3108108108108108	5.2516042729766623e-21	0	1	1	45	115	false	false
FACOAL181	0.18289583063699619	0.21217948717948718	0.70270270270270274	1.068686254401551e-05	0.050542596656028227	0.9744588752013752	1.3918918918918919	199	260	false	false
FACOAL204	0.15778950325712532	0.23454545454545456	0.7432432432432432	0.00011359994350854212	0.045707828449200086	0.97326076352559654	1.5540540540540539	234	275	false	false
FACOAL205	0.20282185528063093	0.20060606060606059	0.7432432432432432	2.0355507299814621e-05	0.043809423056281008	0.97947911585601199	1.6081081081081081	240	275	false	false
FACOAL246_1	0.11268959184324842	0.14363636363636365	0.7432432432432432	2.2953245163001464e-05	0.020942236986568077	0.98854172316770861	1.4324324324324325	237	275	false	false
FADH2tx	0.083478497746170444	0.26036036036036037	1	-7.5918595655328145e-07	0.063356654845441743	0.97159603823848173	1.7972972972972974	356	370	false	false
FAEL183	0.19020872411081566	0.33703703703703702	0.48648648648648651	2.1476831257218545e-05	0.024183656128591136	0.99023658148091342	1.4189189189189189	162	180	false	false
FAOXC10080m	0.01337873737814615	0.025454545454545455	0.7432432432432432	-2.2191655891873342e-09	0.005935439181409167	0.99735491274480736	1.1081081081081081	199	275	false	false
FAOXC101x		0	0.24324324324324326	1.4117215787571675e-23	0	1	1	0	90	false	false
FAOXC103C102x		0.10370370370370369	0.24324324324324326	1.0697506849866387e-10	0.0076136633793742192	0.99727552099994476	1.1891891891891893	0	90	false	false
FAOXC121C101m	0.17905161876549783	0.23757575757575755	0.7432432432432432	2.488399558800259e-06	0.064412296400688573	0.9647537737489329	1.6351351351351351	223	275	false	false
FAOXC121C10x	0.11915670858830089	0.1962962962962963	0.24324324324324326	8.7413274875562464e-08	0.0077500869239126215	0.99665834334005576	1.1351351351351351	78	90	false	false
FAOXC121x	0.19194108558596051	0.20370370370370369	0.24324324324324326	3.2129372839288716e-05	0.019303292330710046	0.989321423686497	1.0675675675675675	72	90	false	false
FAOXC12C12OHm	0.20802384684801045	0.33412698412698416	0.56756756756756754	1.0074531796823573e-05	0.057113881148466571	0.97010984805261846	1.5	205	210	false	false
FAOXC140120m	0.16494101045721041	0.1709090909090909	0.7432432432432432	8.7241155959947326e-06	0.06126845599227853	0.96827137047908396	1.4324324324324325	243	275	false	false
FAOXC140120x	5.4456000426441092e-29	0	0.24324324324324326	-4.9190654122027512e-21	0	1	1	44	90	false	false
FAOXC143C123m		0.17037037037037037	0.48648648648648651	1.9924443302699494e-09	0.0252284739869712	0.98708902331742532	1.3783783783783783	0	180	false	false
FAOXC160	0.19058467878872881	0.13515151515151513	0.7432432432432432	3.2327205151060463e-07	0.044456956104016947	0.97771663149953358	1.5	124	275	false	false
FAOXC160140x	6.5603744103914434e-29	0	0.24324324324324326	-1.0804375816088187e-20	0	1	1	65	90	false	false
FAOXC16080m	0.1876096088452095	0.18363636363636363	0.7432432432432432	8.6983333378803723e-07	0.026601841578969897	0.98856323897363985	1.4324324324324325	160	275	false	false
FAOXC16180m	0.076802422826415639	0.050909090909090911	0.7432432432432432	1.2006598895585939e-07	0.024085733037301851	0.98631479191703952	1.2972972972972974	159	275	false	false
FAOXC163C164Gm		0.088888888888888892	0.48648648648648651	1.3338176498050239e-09	0.012011002681389729	0.99528170648741421	1.1621621621621621	0	180	false	false
FAOXC163Gm		0.088888888888888892	0.48648648648648651	1.3338176498050239e-09	0.012011002681389729	0.99528170648741421	1.1621621621621621	0	180	false	false
FAOXC164C143m		0.052777777777777778	0.48648648648648651	2.5349842396584818e-11	0.0024421673091741115	0.99932953564033289	1.1891891891891893	0	180	false	false
FAOXC16Brx	9.4538815545795795e-30	0	0.24324324324324326	-8.0562244761075661e-21	0	1	1	75	90	false	false
FAOXC16OHC16r	5.5918533016617349e-30	0	0.3108108108108108	-2.8912057932946785e-20	0	1	1	87	115	false	false
FAOXC18280m	0.080332856644719924	0.13636363636363635	0.7432432432432432	2.7357649787837665e-07	0.010638705299278626	0.99486951514149624	1.2432432432432432	211	275	false	false
FAOXC183806m	0.39336400708714553	0.17314814814814816	0.48648648648648651	1.5700588247606041e-08	0.019430057043198907	0.99142158929857294	1.2972972972972974	10	180	false	false
FAOXC18480x		0.14166666666666666	0.10810810810810811	-1.5531421108475832e-11	0.0085435074128883213	0.99639068018845212	1.1081081081081081	0	40	false	false
FAOXC184C163x		0.098148148148148137	0.24324324324324326	3.2872678448709106e-10	0.026802676053161566	0.98411634197149278	1.1756756756756757	0	90	false	false
FAOXC184m		0.022222222222222223	0.24324324324324326	1.4536817067897354e-13	0.0025982569308473963	0.99929098749350542	1.0675675675675675	0	90	false	false
FAOXC2051843m	0.23345107664294809	0.43454545454545457	0.7432432432432432	2.0520933384829316e-06	0.0886411898823323	0.95451730691149239	1.7432432432432432	246	275	false	false
FAOXC226C205m		0.055555555555555552	0.24324324324324326	1.3845341404308305e-13	0.00010513628548577756	0.99998592747829806	1.0675675675675675	0	90	false	false
FAOXC226m		0.055555555555555552	0.24324324324324326	1.3845341404308305e-13	0.00010513628548577756	0.99998592747829806	1.0675675675675675	0	90	false	false
FAOXC22OHC22r			0		0	1	1	0	0	false	false
FAOXC81C61m		0.17037037037037037	0.48648648648648651	1.9924443302699494e-09	0.0252284739869712	0.98708902331742532	1.3783783783783783	0	180	false	false
FAOXTC142TC122m	0.15605113072449239	0.18909090909090909	0.7432432432432432	5.3288054919286376e-07	0.047798356918635689	0.97441807861390339	1.5	203	275	false	false
FAOXTC182TC162m	0.14449659788073679	0.22181818181818183	0.7432432432432432	2.7679542289308529e-07	0.047660258489400122	0.97527181962011644	1.5675675675675675	211	275	false	false
FAS180	0.022756702800594608	0.080000000000000002	0.20270270270270271	-6.4768685584684686e-05	0.0013362268532189784	0.9997095580645825	1.0675675675675675	65	75	false	false
FCLT	1.5966672092909308e-08	0.0090090090090090089	0.5	-3.4010675197098552e-10	9.8795092301622796e-09	0.99999999934293615	1.0675675675675675	77	185	false	false
FOLABCCte	0.057815334758365519	0.23151515151515151	0.7432432432432432	2.0157330925418565e-05	0.02602764793148207	0.98725238161364226	1.5	261	275	false	false
FOLR2	0.0038241075101145337	0.037575757575757575	0.7432432432432432	-0.00052042364364395476	0.0035765736708562069	0.99806666706972391	1.1081081081081081	270	275	false	false
FORtm	0.0041443056117688674	0.015476190476190475	0.3783783783783784	4.4044107122090811e-08	0.00031854688725719215	0.99992699608944524	1.0648648648648649	55	140	false	false
FORtr	0.14774137856588149	0.33513513513513515	0.5	6.7903565995490159e-07	0.050209916156700847	0.97486165375454115	1.5	181	185	false	false
FPGS3	0.11249294395310522	0.13777777777777778	0.60810810810810811	-2.8686954036423805e-05	0.049392989447062566	0.9711907883658164	1.2972972972972974	196	225	false	false
FPGS4m_1	2.5753599432751013e-31	0	0.12162162162162163	3.2124508814385314e-21	0	1	1	35	45	false	false
FPGS5	0.26493864005607043	0.25045045045045045	0.5	3.4275006436394047e-05	0.045604973516142851	0.97840742830213623	1.3648648648648649	166	185	false	false
FPGS5m	2.5753599432751013e-31	0	0.12162162162162163	3.2124508814385314e-21	0	1	1	35	45	false	false
FPGS6	0.14326350275254723	0.19099099099099101	0.5	2.917391743071985e-05	0.031147769512617274	0.98546837951708421	1.3108108108108107	160	185	false	false
FPGS8	0.10724143112051369	0.1099099099099099	0.5	-9.7442532022315286e-08	0.032387265527437668	0.98407251666370976	1.2432432432432432	175	185	false	false
FPGS8m	9.138907116567877e-29	0	0.1891891891891892	1.5488602464078634e-20	0	1	1	50	70	false	false
FTHFCLm	0.12899106598493926	0.21393939393939396	0.7432432432432432	0.00035472536324517907	0.052722577156920594	0.97247787217284887	1.4459459459459461	264	275	false	false
FUMAC	5.3944696374768018e-28	0	0.24324324324324326	2.8108945212587147e-21	0	1	1	70	90	false	false
FUMSO4tm	0.00018989063225619443	0.039639639639639637	0.5	-2.6333760095009059e-05	0.00019063981511368211	0.9999666865189909	1.1216216216216217	185	185	false	false
G14T18g	0.08182465540323694	0.21979166666666666	0.43243243243243246	-1.4494190023065574e-07	0.018568068720640051	0.98999515467252486	1.3108108108108107	153	160	false	false
G14T19g	0.08182465540323694	0.21979166666666666	0.43243243243243246	-1.4494190023065574e-07	0.018568068720640051	0.98999515467252486	1.3108108108108107	153	160	false	false
G14T21g	0.08182465540323694	0.21979166666666666	0.43243243243243246	-1.4494190023065574e-07	0.018568068720640051	0.98999515467252486	1.3108108108108107	153	160	false	false
G14T4g	0.11745758775862419	0.33827160493827158	0.36486486486486486	1.0998823846397762e-06	0.016775007983219417	0.99362608073705971	1.3108108108108107	127	135	false	false
G3PD1irm	0.059718727641667038	0.10000000000000001	0.5	0.0010943915048521413	0.026993082959644903	0.98490995726219888	1.1216216216216217	185	185	false	false
G5SDym	0.002675149498578876	0.0048484848484848485	0.7432432432432432	5.9103482205692531e-07	0.0022474402110750735	0.99902088008156231	1.0540540540540539	243	275	false	false
G6PDA	0.071992974594455278	0.18909090909090909	0.7432432432432432	2.0034667104063598e-05	0.034417131781995569	0.98522069978921245	1.5405405405405406	273	275	false	false
G6PDH2c	0.03148842740853041	0.096846846846846857	1	0.0002034054541046855	0.022613135052403345	0.98799565499579534	1.5405405405405406	339	370	false	false
G6PDH2er	0.0083525748849384834	0.034234234234234232	0.5	0.00021531236743978663	0.001775975092184881	0.99894385311654732	1.0675675675675675	185	185	false	false
G6Pt6er	0.029766565460387032	0.091333333333333322	0.67567567567567566	0.0019556072868254894	0.0084831243325522668	0.9962236069981778	1.2027027027027026	250	250	false	false
GA1tl	0.046114763982946165	0.14691358024691356	0.36486486486486486	2.1562158760181314e-06	0.018915960184682959	0.99054707851119261	1.1216216216216217	121	135	false	false
GACMTRc	4.0240978434123635e-29	0.10810810810810811	0.5	-6.3171583585502271e-10	0.015277708491589114	0.99164402637963001	1.1351351351351351	91	185	false	false
GALASE19ly	0.13561033017195079	0.25225225225225223	0.5	5.2020976405030864e-06	0.052117737663069756	0.97162846084802379	1.4324324324324325	180	185	false	false
GALASE20ly	0.08182465540323694	0.21979166666666666	0.43243243243243246	-1.4494190023065574e-07	0.018568068720640051	0.98999515467252486	1.3108108108108107	153	160	false	false
GALGLUSIDEtl	0.10118435282982879	0.20900900900900898	0.5	0.00063247360480011379	0.067580421817690223	0.96429364473684209	1.4324324324324325	185	185	false	false
GALGT3	5.7814427395882244e-30	0	0.067567567567567571	2.0816681711721684e-19	0	1	1	15	25	false	false
GALNACT3g	0.093552696425999879	0.13963963963963963	0.5	-7.923759970413641e-08	0.035885882204237322	0.9800962031956354	1.3243243243243243	159	185	false	false
GALNACT4g	0.10772986717684224	0.16846846846846847	0.5	1.4286655224198495e-07	0.029071867065940078	0.98538930507339662	1.2567567567567568	144	185	false	false
GALT	0.078106732500384718	0.24606060606060609	0.7432432432432432	-0.003186640547084456	0.05223498224200257	0.97214237411514404	1.5675675675675675	275	275	false	false
GALtly	0.13744144493546345	0.20630630630630628	0.5	4.9196102303698263e-05	0.054701442547741369	0.96866770511468114	1.5	183	185	false	false
GAO1g			0		0	1	1	0	0	false	false
GAO2g			0		0	1	1	0	0	false	false
GAPD	0.0412950327831592	0.10675675675675676	1	-3.410604028267453e-06	0.022853033150796582	0.9877060685537169	1.3513513513513513	364	370	true	true
GCA3St	0.10523917376428736	0.12606060606060604	0.7432432432432432	1.3310700112377861e-05	0.038143288777258519	0.97984029516036508	1.472972972972973	217	275	false	false
GCALDD	0.090095760722918139	0.21801801801801804	0.5	0.00030572990023654636	0.024001157714253173	0.98599844756808708	1.2702702702702702	183	185	false	false
GCALDDm	4.1140583268905427e-28	0	0.5	2.7984137154693422e-20	0	1	1	147	185	false	false
GD1Atg	1.867599382964425e-30	0	0.067567567567567571	4.3368086899420178e-21	0	1	1	25	25	false	false
GDPFUCtg		0	0.17567567567567569	8.6960013114549064e-26	0	1	1	0	65	false	false
GGH_7THFl	0.14376308417594996	0.24504504504504507	0.5	0.00013734194803884374	0.03603890095815334	0.98356120649293244	1.3783783783783783	176	185	false	false
GGTe_1	0	0	0.067567567567567571	-3.3881317890172014e-23	0	1	1	5	25	false	false
GLCAASE1ly	0.22329831875632342	0.3981481481481482	0.24324324324324326	6.7632408078172384e-07	0.028539632586607102	0.9851772587312313	1.2432432432432432	80	90	false	false
GLCAT3g	0.093552696425999879	0.13963963963963963	0.5	-7.923759970413641e-08	0.035885882204237322	0.9800962031956354	1.3243243243243243	159	185	false	false
GLCAT5g	0.17550426305788056	0.23939393939393938	0.44594594594594594	2.6907319152252868e-06	0.027360378894424407	0.98676867500960819	1.3108108108108107	130	165	false	false
GLCAT7g	0.2117645523896162	0.34999999999999998	0.24324324324324326	6.9709736062630275e-07	0.02440295646402257	0.98750700291689941	1.1891891891891893	77	90	false	false
GLCNACASE4ly	0.22329831875632342	0.3981481481481482	0.24324324324324326	6.7632408078172384e-07	0.028539632586607102	0.9851772587312313	1.2432432432432432	80	90	false	false
GLCNACT2g	0.2117645523896162	0.34999999999999998	0.24324324324324326	6.9709736062630275e-07	0.02440295646402257	0.98750700291689941	1.1891891891891893	77	90	false	false
GLCNACT3g	0.2117645523896162	0.34999999999999998	0.24324324324324326	6.9709736062630275e-07	0.02440295646402257	0.98750700291689941	1.1891891891891893	77	90	false	false
GLCRt1	0.081028835149291809	0.077777777777777779	0.24324324324324326	-6.2492198835152203e-07	0.013022702837825565	0.99350640152374781	1.1756756756756757	83	90	false	false
GLCURter	0.05315109594693479	0.04479166666666666	0.43243243243243246	-0.002205984875359971	0.011402417334170349	0.99298373800360784	1.1351351351351351	160	160	false	false
GLCURtly	0.09033092736467796	0.26486486486486488	0.5	0.00017896894665835023	0.040660973345299542	0.9805282961463565	1.4459459459459461	183	185	false	false
GLCter	0.11273864391725553	0.26126126126126126	0.5	0.00010070407978134158	0.038568941739192925	0.98022662027611152	1.3108108108108107	184	185	false	false
GLNALANaEx	0.010009923845209334	0.05675675675675676	0.5	0.0049095860542408415	0.0034483651104896323	0.99854697373016965	1.1081081081081081	185	185	false	false
GLNHISHISt			0		0	1	1	0	0	false	false
GLNPROGLUt	4.0622475875081304e-30	0	0.25675675675675674	5.7954885864767945e-23	0	1	1	35	95	false	false
GLNSERNaEx	0.012707110781218492	0.033333333333333333	0.43243243243243246	-0.003046977393908302	0.010461154289016101	0.99496161910038572	1.1081081081081081	160	160	false	false
GLNTHRNaEx	0.022691654167426488	0.052252252252252246	0.5	0.0049246299728923689	0.0051956215205181911	0.99697545056234016	1.0675675675675675	185	185	false	false
GLNTRPGLUt			0		0	1	1	0	0	false	false
GLU5Km	0.002675149498578876	0.0048484848484848485	0.7432432432432432	5.9103482205692531e-07	0.0022474402110750735	0.99902088008156231	1.0540540540540539	243	275	false	false
GLUPRT	0.08493948277362208	0.12657657657657659	1	5.6529128847156499e-08	0.053919048144705377	0.97069165022948722	1.6081081081081081	256	370	false	false
GLUTHRLYSt			0		0	1	1	0	0	false	false
GLUTRPALAt	2.5541194377355131e-32	0	0.13513513513513514	-5.8021756886919578e-22	0	1	1	15	50	false	false
GLYALDDr	0.017906797978431775	0.041111111111111112	0.81081081081081086	8.17887906233123e-09	0.012896340787333775	0.99293047920207378	1.1351351351351351	229	300	false	false
GLYCLTtm	3.8404149794672075e-28	0	0.5	3.0133006325385421e-20	0	1	1	153	185	false	false
GLYHISASNt	4.7071553456606481e-31	0	0.12162162162162163	-1.8509238477038413e-22	0	1	1	20	45	false	false
GLYHISLYSt			0		0	1	1	0	0	false	false
GLYLYSPHEt			0		0	1	1	0	0	false	false
GLYOX	0.087594473944094073	0.15585585585585585	0.5	1.6626625612985037e-06	0.027280713479145902	0.98683134694807539	1.2567567567567568	177	185	true	false
GLYOp	0.0012194386836642968	0.018518518518518517	0.24324324324324326	-2.7045321690792474e-09	0.001278236903554179	0.99964423424905791	1.0540540540540539	88	90	false	false
GLYTYRLYSt			0		0	1	1	0	0	false	false
GLYVALHISt			0		0	1	1	0	0	false	false
GLYtp	1.524289599762855e-28	0	0.3783783783783784	-2.6614581900775121e-18	0	1	1	135	140	false	false
GMPS2	1.9854394152449537e-28	0	0.43243243243243246	-8.5938551106842545e-21	0	1	1	103	160	false	false
GNDc	0.020280352852829	0.069369369369369369	1	8.9974628347963443e-07	0.017462419937567197	0.99199335856058857	1.2297297297297298	312	370	false	false
GPDDA1	0.43471845531865522	0.32424242424242422	0.29729729729729731	3.4652745385793452e-05	0.030626198257852646	0.98351846066472215	1.1891891891891893	82	110	false	false
GRTTx	0.034219365780327721	0.11636363636363636	0.7432432432432432	1.3995658662928783e-06	0.026540197940265801	0.98665763015825514	1.3513513513513513	197	275	false	false
GSNt	0.099118173471399812	0.18727272727272729	0.7432432432432432	-0.0024338860124437766	0.057673033098016274	0.96729791602902104	1.4189189189189189	269	275	false	false
GTHPi	0.21004933869330283	0.18484848484848485	0.7432432432432432	3.7988929968350874e-06	0.056728885792508899	0.97160786497254936	1.6351351351351351	184	275	false	false
GTHPm	0.24975784910414428	0.26484848484848483	0.7432432432432432	2.778761463856668e-05	0.063632818968727717	0.96970748195710632	1.6081081081081081	245	275	false	false
GTHRDt	0.19636929590323363	0.14814814814814814	0.24324324324324326	7.1341761004571378e-05	0.029431218471194637	0.98543444925734047	1.1216216216216217	90	90	false	false
GULN3D	0.11591943013499281	0.28198198198198199	0.5	0.00025763655512802319	0.03743124957174683	0.98028500631841686	1.3783783783783783	178	185	false	false
GULND	0.1208572824506074	0.11801801801801801	0.5	-0.001637083016430074	0.021135279310186043	0.98758850851121394	1.2027027027027026	185	185	false	false
H2O2tm	0.090405110423802032	0.19382716049382717	0.36486486486486486	-1.7304119144276388e-06	0.017353490888465245	0.99225827951028878	1.2432432432432432	130	135	false	false
H2Oter	0.060417492299064485	0.15396825396825398	0.56756756756756754	0.0022048048678026113	0.027192947341463256	0.98503335214492216	1.3108108108108107	210	210	false	false
H2Otp	0.061713158312068084	0.17882882882882883	1	0.0026624881336521616	0.047567646139473979	0.97718918484246908	1.6891891891891893	358	370	false	false
HACD4m	0.073786431888041043	0.21507936507936506	0.56756756756756754	8.4674074347379665e-06	0.030935479158019231	0.98176937556158739	1.2567567567567568	208	210	false	false
HACD5m	0.12168301752148461	0.21111111111111111	0.56756756756756754	-7.5547087002382226e-06	0.047366364921116337	0.97462159448127028	1.5	208	210	false	false
HACD6m	0.12243045277556187	0.13333333333333333	0.56756756756756754	4.5262658681729319e-05	0.053118779095655107	0.96731864588329031	1.1891891891891893	193	210	false	false
HAS2	0.14255687724932259	0.23063063063063061	0.5	6.9332955669527217e-05	0.041727751326361681	0.97852670614735648	1.4459459459459461	180	185	false	false
HC02220t	0.14733672237754475	0.15333333333333335	0.67567567567567566	0.27502495403228977	0.03751263247741915	0.98239156924648197	1.3513513513513513	243	250	false	false
HC02220te	0.15446059012147922	0.1484848484848485	0.7432432432432432	1.8736661546265832e-05	0.03728771470393516	0.98296611024706926	1.472972972972973	251	275	false	false
HCA6Gte		0	0.054054054054054057	7.0586078937858346e-24	0	1	1	0	20	false	false
HCO3E	0.095540224555066958	0.15180180180180181	1	-0.0033062254739588256	0.033702217594881997	0.98281410254100021	1.4459459459459461	367	370	false	false
HCO3Ee	0.098556607522957362	0.24060606060606063	0.7432432432432432	-0.00058597163350659843	0.01892319966657657	0.99151570287315482	1.4459459459459461	275	275	false	false
HDCACBP			0		0	1	1	0	0	false	false
HEXCCOAtx	0.045759238880868011	0.044444444444444446	0.24324324324324326	8.4650115739707529e-06	0.0010168767710530095	0.9997708846301897	1.0540540540540539	85	90	false	false
HEXDIACtd	0.50916415352745981	0.064814814814814811	0.24324324324324326	-5.6840760737644957e-08	0.03065710030971136	0.98374885872164586	1.1351351351351351	44	90	false	false
HEXDTRte		0.059259259259259255	0.24324324324324326	7.657562212475248e-12	0.0047466139867041865	0.99756916660522643	1.1216216216216217	0	90	false	false
HGNTOR	5.3934927082597174e-28	0	0.24324324324324326	-2.4093381610788977e-21	0	1	1	70	90	false	false
HIBDm	0.078985874733166719	0.082456140350877186	0.25675675675675674	-1.068227313943982e-07	0.015300732653221735	0.99116723286469066	1.2027027027027026	89	95	false	false
HISASPt	5.4821881535736707e-29	0	0.1891891891891892	2.9068859865444453e-21	0	1	1	25	70	false	false
HISHISLYSt	4.1575851008106897e-31	0	0.067567567567567571	-8.4703294725430039e-23	0	1	1	15	25	false	false
HISLYSALAt			0		0	1	1	0	0	false	false
HISLYSTHRt			0		0	1	1	0	0	false	false
HISLYSVALt			0		0	1	1	0	0	false	false
HISMETGLNt			0		0	1	1	0	0	false	false
HISTASE	0.03075725200267946	0.014814814814814814	0.24324324324324326	-4.2062265336817819e-08	0.0062057959085395987	0.99634456187485609	1.0540540540540539	74	90	false	false
HMBS	0.0021086899015712321	0.039639639639639637	0.5	-8.2173594898225903e-09	0.0092167413836975395	0.99548160766707539	1.1756756756756757	137	185	false	false
HMGCOAtm	0.024482674777472447	0.069047619047619038	0.7567567567567568	7.0332693676570168e-07	0.013882608678347652	0.9947012884387666	1.3243243243243243	252	280	false	false
HMGCOAtx	0.074832721843236708	0.1126126126126126	1	0.00071174303740044367	0.037612305809815776	0.98304764410820722	1.4189189189189189	343	370	false	false
HMGLx	0.10845967830462039	0.16666666666666669	0.7432432432432432	2.8921139844903855e-05	0.038944946387682824	0.98048797401236765	1.5405405405405406	273	275	false	false
HMR_0020	0.0071341815303029013	0.066666666666666666	0.20270270270270271	0.0052477790569250169	0.0042734765639420805	0.99780237022878171	1.0675675675675675	75	75	false	false
HMR_0176			0		0	1	1	0	0	false	false
HMR_0178		0	0.17567567567567569	-3.2238834130271853e-25	0	1	1	0	65	false	false
HMR_0192	0.29825640070052145	0.23454545454545456	0.7432432432432432	1.0828083628868882e-05	0.040280843927722139	0.98194069814653018	1.4864864864864864	223	275	false	false
HMR_0194	0.081724471603398893	0.10869565217391304	0.6216216216216216	2.1982002509999464e-06	0.013403689470575606	0.99495544562776228	1.2837837837837838	185	230	false	false
HMR_0200	0.19702919854828904	0.25212121212121208	0.7432432432432432	9.2734040617845865e-06	0.061381161332305076	0.97043254629340181	1.5405405405405406	219	275	false	false
HMR_0203	0.10043183098607905	0.089696969696969706	0.7432432432432432	7.2162222422436563e-06	0.025104415646650398	0.98644253374773139	1.2972972972972974	225	275	false	false
HMR_0204	0.16198998818609811	0.1096969696969697	0.7432432432432432	7.5524917135176202e-06	0.044731132627961565	0.97760326107031703	1.4189189189189189	209	275	false	false
HMR_0206	0.16198998818609811	0.1096969696969697	0.7432432432432432	7.5524917135176202e-06	0.044731132627961565	0.97760326107031703	1.4189189189189189	209	275	false	false
HMR_0209	0.19682978805366877	0.16848484848484849	0.7432432432432432	1.0052931205162083e-05	0.034207842494049533	0.98141434856387588	1.5405405405405406	228	275	false	false
HMR_0211	0.084157771500076126	0.091999999999999998	0.67567567567567566	1.7314450809964662e-06	0.021278072092121746	0.98814676858528983	1.2297297297297298	201	250	false	false
HMR_0214	0.18555024339451825	0.26424242424242428	0.7432432432432432	2.1697422913380015e-05	0.052128688518196395	0.97457254963522189	1.6081081081081081	238	275	false	false
HMR_0238	0.13647260350895518	0.17818181818181819	0.7432432432432432	2.1509566445469784e-06	0.038775306012760268	0.98056689482328419	1.5405405405405406	253	275	false	false
HMR_0244	0.076034718193149359	0.055072463768115941	0.6216216216216216	1.3356712806802155e-07	0.0059027438105906114	0.9982678349811781	1.2162162162162162	173	230	false	false
HMR_0254	0.10298908535337485	0.11533333333333333	0.67567567567567566	3.4307985570571522e-07	0.013545479829147708	0.99359928061923319	1.3648648648648649	203	250	false	false
HMR_0255	0.1428116967145287	0.20606060606060606	0.7432432432432432	2.1795016441602528e-06	0.044742155254467605	0.9781673865798084	1.6081081081081081	238	275	false	false
HMR_0268	0.14018866953605294	0.28727272727272729	0.7432432432432432	6.2307107363071768e-06	0.029499324660919382	0.98703557430938449	1.5405405405405406	238	275	false	false
HMR_0280	0.19180946502659849	0.17818181818181819	0.7432432432432432	4.5736174722895256e-06	0.065598879938782786	0.9643242934215781	1.5405405405405406	221	275	false	false
HMR_0293	0.13663002170852889	0.11891891891891893	0.5	6.1174336388576e-07	0.0272304109191745	0.98469715796735702	1.2972972972972974	178	185	false	false
HMR_0297	0.16072606274658682	0.22363636363636363	0.7432432432432432	1.9179313280391734e-05	0.053787268382484876	0.97342726492466247	1.6081081081081081	208	275	false	false
HMR_0301	0.24212493015361539	0.21575757575757576	0.7432432432432432	1.3897571108019948e-05	0.061121237248417302	0.96518143693060499	1.5540540540540539	211	275	false	false
HMR_0302	0.2299276004324903	0.2084848484848485	0.7432432432432432	1.3297041864377762e-05	0.060147497969401796	0.96690217491573172	1.5540540540540539	211	275	false	false
HMR_0303	0.083744387087556382	0.10933333333333332	0.67567567567567566	1.8117979361998762e-06	0.011716150350650083	0.99418142035061474	1.2162162162162162	179	250	false	false
HMR_0305	0.14138924256767421	0.1484848484848485	0.7432432432432432	6.2268323694309469e-05	0.046496407744752118	0.97378715803758809	1.4054054054054055	217	275	false	false
HMR_0325	0.11706984873643717	0.077333333333333323	0.67567567567567566	5.6031460011944941e-06	0.018815757957922358	0.99033248747726466	1.2297297297297298	185	250	false	false
HMR_0328	0.22690718372889343	0.2084848484848485	0.7432432432432432	2.5029182610678979e-05	0.059101227012825087	0.96721169014998642	1.5405405405405406	217	275	false	false
HMR_0329	0.10863018822284502	0.13200000000000001	0.67567567567567566	8.0307694546306952e-07	0.02683325957335209	0.98668536474819557	1.4054054054054055	193	250	false	false
HMR_0346	0.19487841570526937	0.21515151515151515	0.7432432432432432	9.2519298720381201e-06	0.047836292949811725	0.97583590364545125	1.5405405405405406	225	275	false	false
HMR_0347	0.25162226875138571	0.1993939393939394	0.7432432432432432	5.9134911432905907e-05	0.04335347220103998	0.97981982934510081	1.472972972972973	218	275	false	false
HMR_0370	0.21429852972623903	0.30303030303030304	0.7432432432432432	1.703380845089014e-05	0.036232825155850384	0.98287863684977728	1.6756756756756757	250	275	false	false
HMR_0374	0.11268959184324842	0.14363636363636365	0.7432432432432432	2.2953245163001464e-05	0.020942236986568077	0.98854172316770861	1.4324324324324325	237	275	false	false
HMR_0380	0.12097713447634777	0.078666666666666676	0.67567567567567566	3.3136183094377002e-06	0.019955448806962147	0.99040400115602334	1.1486486486486487	191	250	false	false
HMR_0393	0.22998357135873318	0.24848484848484848	0.7432432432432432	2.1731099836158501e-05	0.037422798912550466	0.98094264880591076	1.5540540540540539	228	275	false	false
HMR_0428	0.14675409541922962	0.11133333333333333	0.67567567567567566	-4.5752524312959456e-07	0.037112994924804674	0.97998784841068198	1.3648648648648649	199	250	false	false
HMR_0429	0.13326255863180142	0.18424242424242424	0.7432432432432432	1.3861030604349597e-06	0.032629737507254175	0.98495331375128337	1.3513513513513513	215	275	false	false
HMR_0437	0.17508281859279529	0.29090909090909089	0.7432432432432432	7.1746454557762575e-06	0.051189356144298113	0.97694660821292145	1.5540540540540539	239	275	false	false
HMR_0439	0.11671945305611794	0.17599999999999999	0.67567567567567566	7.5365373143734596e-06	0.013764740407510965	0.99311154577515026	1.2297297297297298	198	250	false	false
HMR_0614	0.15608315724982841	0.32000000000000001	0.7432432432432432	2.6944517561081196e-05	0.081241248849383774	0.95855036775782354	1.6756756756756757	265	275	false	false
HMR_0625	0.099282673534029656	0.15333333333333332	0.7432432432432432	1.3915961796000209e-06	0.019288533732798582	0.99214831209171139	1.4324324324324325	259	275	false	false
HMR_0653	0.036318939969515046	0.062962962962962957	0.24324324324324326	-8.438955768339866e-08	0.0026936306644141095	0.99901796078552563	1.1351351351351351	88	90	false	false
HMR_0678	0.20657319973727231	0.28378378378378377	0.5	9.746902001929111e-06	0.03591977372245201	0.98243755915745268	1.2567567567567568	179	185	false	false
HMR_0765	0.10897734996552615	0.32612612612612613	0.5	2.496018664372834e-05	0.046733415339826848	0.97726253216623171	1.5	183	185	false	false
HMR_0767	0.052404930717254938	0.069565217391304349	0.6216216216216216	1.6646161538393922e-06	0.0095734087427970498	0.99444644705590357	1.1621621621621621	184	230	false	false
HMR_0769	0.092243669266081962	0.084523809523809515	0.3783783783783784	-6.1184025673845464e-06	0.02579963198098743	0.98657463324613925	1.1756756756756757	120	140	false	false
HMR_0770	0.042158657008701868	0.1736842105263158	0.25675675675675674	1.2604073100842394e-05	0.0091013031712940933	0.99670920121058859	1.0675675675675675	93	95	false	false
HMR_0805	0.18086843764075169	0.25045045045045045	0.5	6.4939471400989122e-05	0.047010962603523776	0.97430951716505554	1.4324324324324325	177	185	false	false
HMR_0811	0.094543377934728334	0.14999999999999999	0.24324324324324326	5.3410929391952461e-08	0.0025566326631871121	0.99929657995351806	1.0675675675675675	70	90	false	false
HMR_0816	0.080292578977283396	0.1113821138211382	0.55405405405405406	1.4026901872568074e-05	0.026394292602042145	0.98417991170792452	1.1216216216216217	138	205	false	false
HMR_0817	0.0395736627087694	0.11018518518518518	0.48648648648648651	1.6171619070136096e-06	0.018915960184682959	0.99054707851119261	1.1216216216216217	141	180	false	false
HMR_0822	0.052640438131476279	0.17246376811594202	0.3108108108108108	2.5312099414126028e-06	0.018915960184682959	0.99054707851119261	1.1216216216216217	106	115	false	false
HMR_0823	1.0440631167756433e-29	0	0.17567567567567569	5.7750271967927816e-21	0	1	1	35	65	false	false
HMR_0830	3.2005270369129427e-28	0	0.29729729729729731	-1.4065880457435054e-21	0	1	1	70	110	false	false
HMR_0835	0.013834304860144739	0.020720720720720721	0.5	5.9336885933153718e-07	0.0068340910965775971	0.99569621066358682	1.1216216216216217	174	185	false	false
HMR_0837	2.4077899883259737e-29	0	0.17567567567567569	3.4750069630945652e-21	0	1	1	45	65	false	false
HMR_0841	1.0359570739142047e-30	0	0.054054054054054057	5.4210108624275217e-21	0	1	1	15	20	false	false
HMR_0842	0.052594867065563676	0.088888888888888892	0.36486486486486486	1.0032369578233603e-07	0.001041067103877149	0.99971619900473851	1.0675675675675675	116	135	false	false
HMR_0875		0	0.12162162162162163	1.3786343542550461e-26	0	1	1	0	45	false	false
HMR_0876			0		0	1	1	0	0	false	false
HMR_0946			0		0	1	1	0	0	false	false
HMR_0954			0		0	1	1	0	0	false	false
HMR_0960		0	0.17567567567567569	-5.3236495833541006e-25	0	1	1	0	65	false	false
HMR_0963		0.074074074074074084	0.24324324324324326	5.1280994132597908e-12	0.02222890042657617	0.98879743738144299	1.2567567567567568	0	90	false	false
HMR_1127			0		0	1	1	0	0	false	false
HMR_1280	0.071501182668051111	0.083783783783783788	0.5	0.0042737195002997795	0.013977020102698388	0.99290048746103199	1.1756756756756757	185	185	false	false
HMR_1284		0.074074074074074084	0.24324324324324326	5.1280994132598587e-12	0.02222890042657617	0.98879743738144299	1.2567567567567568	0	90	false	false
HMR_1305			0		0	1	1	0	0	false	false
HMR_1392			0		0	1	1	0	0	false	false
HMR_1503	0.054649449375931893	0.14864864864864866	1	-1.6537741024889923e-08	0.048675791695444538	0.9731065454287845	1.6216216216216217	189	370	false	false
HMR_1546	0.10751391507024013	0.24144144144144142	0.5	4.0090974957110386e-07	0.039032467334975035	0.98027688119240664	1.4459459459459461	145	185	false	false
HMR_1549	0.10751391507024013	0.24144144144144142	0.5	4.0090974957110386e-07	0.039032467334975035	0.98027688119240664	1.4459459459459461	145	185	false	false
HMR_1557	0.13492450900437208	0.22500000000000001	0.43243243243243246	6.0559478846077207e-07	0.039923781611915857	0.98020247979166031	1.3243243243243243	140	160	false	false
HMR_1637	0.094249750022747575	0.33703703703703702	0.24324324324324326	1.5688497543281958e-07	0.018677770138033588	0.98977835361072819	1.2432432432432432	69	90	false	false
HMR_1738	0.24873778533998708	0.029629629629629627	0.24324324324324326	3.2657194627844142e-08	0.0020085008624952131	0.99947914881014888	1.0540540540540539	20	90	false	false
HMR_1740	0.24873778533998708	0.029629629629629627	0.24324324324324326	3.2657194627844142e-08	0.0020085008624952131	0.99947914881014888	1.0540540540540539	20	90	false	false
HMR_1746	0.24873778533998708	0.029629629629629627	0.24324324324324326	3.2657194627844142e-08	0.0020085008624952131	0.99947914881014888	1.0540540540540539	20	90	false	false
HMR_1748	0.24873778533998708	0.029629629629629627	0.24324324324324326	3.2657194627844142e-08	0.0020085008624952131	0.99947914881014888	1.0540540540540539	20	90	false	false
HMR_1752	0.24873778533998708	0.029629629629629627	0.24324324324324326	3.2657194627844142e-08	0.0020085008624952131	0.99947914881014888	1.0540540540540539	20	90	false	false
HMR_1758	0.24873778533998708	0.029629629629629627	0.24324324324324326	3.2657194627844142e-08	0.0020085008624952131	0.99947914881014888	1.0540540540540539	20	90	false	false
HMR_1760	0.24873778533998708	0.029629629629629627	0.24324324324324326	3.2657194627844142e-08	0.0020085008624952131	0.99947914881014888	1.0540540540540539	20	90	false	false
HMR_1771	0.069057425870481581	0.044444444444444446	0.24324324324324326	2.0290974744252935e-08	0.0075795103923932509	0.9962797975776625	1.1216216216216217	42	90	false	false
HMR_1927	0.030002581159710866	0.088888888888888892	0.24324324324324326	1.2361959884443051e-07	0.0046885727932248081	0.99753954459787864	1.1216216216216217	70	90	false	false
HMR_1968	0.00022904921000745505	0.022222222222222223	0.24324324324324326	-3.8913063242882127e-10	3.6482503443239998e-05	0.99999520136519626	1.0675675675675675	75	90	false	false
HMR_1976			0		0	1	1	0	0	false	false
HMR_2088	0.084618847493243415	0.31578947368421051	0.25675675675675674	0.0022817842991078377	0.014167531079007605	0.99179064481638379	1.2567567567567568	95	95	false	false
HMR_2190	0.051263631289885654	0.17387387387387387	0.5	3.4437718861056994e-05	0.031969559469463005	0.9844358166710524	1.3783783783783783	181	185	false	false
HMR_2193	0.051263631289885654	0.17387387387387387	0.5	3.4437718861056994e-05	0.031969559469463005	0.9844358166710524	1.3783783783783783	181	185	false	false
HMR_2215	0.091201453299850826	0.11351351351351352	0.5	4.1395468331689508e-06	0.022149974218474779	0.98996633158846326	1.3081081081081081	170	185	false	false
HMR_2262	0.16063609875161911	0.26484848484848483	0.7432432432432432	2.9259335261418642e-08	0.059775563549091873	0.96832201101982773	1.6756756756756757	266	275	false	false
HMR_2282			0		0	1	1	0	0	false	false
HMR_2284	0.11446633262519736	0.23393939393939392	0.7432432432432432	2.4158369113167903e-06	0.027396848807554667	0.98849909551581949	1.4324324324324325	228	275	false	false
HMR_2292	0.011216889460887532	0.083333333333333329	0.24324324324324326	-2.2240498366112914e-09	0.00012138823984453141	0.99997764065148109	1.1621621621621621	41	90	false	false
HMR_2296	0.10433689443707898	0.16484848484848486	0.7432432432432432	9.3418014806358165e-07	0.036077922546031135	0.98228682198318973	1.4324324324324325	249	275	false	false
HMR_2332	0.28981144292334499	0.17657657657657658	0.5	1.5517272602000083e-05	0.054162029775135692	0.97027049296560164	1.4324324324324325	160	185	false	false
HMR_2334	0.28981144292334499	0.17657657657657658	0.5	1.5517272602000083e-05	0.054162029775135692	0.97027049296560164	1.4324324324324325	160	185	false	false
HMR_2338	0.28981144292334499	0.17657657657657658	0.5	1.5517272602000083e-05	0.054162029775135692	0.97027049296560164	1.4324324324324325	160	185	false	false
HMR_2342	0.13999077561077894	0.25151515151515152	0.7432432432432432	-1.3286865791327518e-05	0.03962270175378823	0.98324170462089699	1.5405405405405406	264	275	false	false
HMR_2348	0.064246093460229095	0.17454545454545456	0.7432432432432432	-1.4067006475570598e-07	0.021446487840796953	0.99052122367722784	1.4459459459459461	236	275	false	false
HMR_2349	0.064246093460229095	0.17454545454545456	0.7432432432432432	-1.4067006475570598e-07	0.021446487840796953	0.99052122367722784	1.4459459459459461	236	275	false	false
HMR_2350	0.064246093460229095	0.17454545454545456	0.7432432432432432	-1.4067006475570598e-07	0.021446487840796953	0.99052122367722784	1.4459459459459461	236	275	false	false
HMR_2363	0.20207778500226223	0.18787878787878787	0.7432432432432432	1.631670244161982e-06	0.072821187287030173	0.96252035353755994	1.4324324324324325	192	275	false	false
HMR_2364	0.20207778500226223	0.18787878787878787	0.7432432432432432	1.631670244161982e-06	0.072821187287030173	0.96252035353755994	1.4324324324324325	192	275	false	false
HMR_2368	0.061644387629445678	0.10545454545454545	0.7432432432432432	5.0291366895958202e-06	0.021961493428480063	0.98726075851338846	1.2432432432432432	223	275	false	false
HMR_2376	0.21439145739926332	0.21845238095238095	0.7567567567567568	1.7615115694806488e-05	0.08206661023703879	0.95779575157722197	1.6891891891891893	260	280	false	false
HMR_2393	0.24496367854061479	0.34234234234234234	0.5	3.4926445988733198e-06	0.051460574989817695	0.9705153279856128	1.2432432432432432	154	185	false	false
HMR_2433		0.12173913043478261	0.3108108108108108	1.052119821888372e-10	0.0061973671907071693	0.99746073692167014	1.1756756756756757	0	115	false	false
HMR_2542		0.15925925925925927	0.48648648648648651	2.0158583837447639e-10	0.039183374458716128	0.97983746243871717	1.4324324324324325	0	180	false	false
HMR_2543		0.15925925925925927	0.48648648648648651	2.0158583837447639e-10	0.039183374458716128	0.97983746243871717	1.4324324324324325	0	180	false	false
HMR_2611	0.11145706410607813	0.092592592592592574	0.24324324324324326	8.8161379232037756e-06	0.0052932429677036664	0.9982141822231434	1.0405405405405406	85	90	false	false
HMR_2624	0.089766329636644979	0.20000000000000001	0.5	0.37814096586808954	0.028476021240032685	0.98596101582736151	1.3648648648648649	185	185	false	false
HMR_2635	0.11254737226814704	0.21818181818181817	0.7432432432432432	-6.3094964452424473e-07	0.057233274809198487	0.97212952551219634	1.5405405405405406	254	275	false	false
HMR_2652			0		0	1	1	0	0	false	false
HMR_2668	0.20834826752036201	0.26484848484848483	0.7432432432432432	3.4036069532047708e-07	0.036322812011388081	0.98237879586401089	1.5	167	275	false	false
HMR_2669	0.24367416358002084	0.26121212121212117	0.7432432432432432	1.2439050572316386e-06	0.056927953794073324	0.97210632979341327	1.5675675675675675	206	275	false	false
HMR_2670	0.24367416358002084	0.26121212121212117	0.7432432432432432	1.2439050572316386e-06	0.056927953794073324	0.97210632979341327	1.5675675675675675	206	275	false	false
HMR_2675	0.19436860069403711	0.28969696969696973	0.7432432432432432	1.4378822128518319e-05	0.10102100732802195	0.94337185773158505	1.6621621621621621	254	275	false	false
HMR_2676	0.19436860069403711	0.28969696969696973	0.7432432432432432	1.4378822128518319e-05	0.10102100732802195	0.94337185773158505	1.6621621621621621	254	275	false	false
HMR_2677	0.19436860069403711	0.28969696969696973	0.7432432432432432	1.4378822128518319e-05	0.10102100732802195	0.94337185773158505	1.6621621621621621	254	275	false	false
HMR_2689	0.076313526579432051	0.14727272727272728	0.7432432432432432	3.9478823833656423e-08	0.02594676712667358	0.98803293923847957	1.3783783783783783	175	275	false	false
HMR_2700	0.077881968042712496	0.17454545454545456	0.7432432432432432	6.0825464973588788e-06	0.032033247531220617	0.98189030767720353	1.472972972972973	266	275	false	false
HMR_2701	0.077881968042712496	0.17454545454545456	0.7432432432432432	6.0825464973588788e-06	0.032033247531220617	0.98189030767720353	1.472972972972973	266	275	false	false
HMR_2704	0.21926646223969989	0.43783783783783786	0.5	8.0352454905376391e-06	0.087317664170230874	0.95391562280194708	1.5	183	185	false	false
HMR_2707	0.16484107627281996	0.2864864864864865	0.5	1.3127095153874111e-05	0.039386490639647623	0.97893108900253767	1.3243243243243243	180	185	false	false
HMR_2713	0.021738691301299368	0.095945945945945951	1	-0.00016092157809048692	0.016564972364898786	0.99088412241087565	1.3243243243243243	282	370	false	false
HMR_2945	0.25700575516682356	0.25272727272727274	0.7432432432432432	2.4311970776606666e-05	0.066703362709239558	0.96313231550821687	1.5945945945945945	232	275	false	false
HMR_2947	0.20262796919316109	0.18909090909090909	0.7432432432432432	2.0379119817774764e-05	0.048044533934622297	0.97608676381401649	1.5405405405405406	237	275	false	false
HMR_2951	0.20039213737613223	0.25272727272727274	0.7432432432432432	2.4999845707527926e-05	0.07294345315728977	0.96220009600263434	1.5945945945945945	240	275	false	false
HMR_2954	0.18328357546695664	0.24303030303030301	0.7432432432432432	8.8510564237583883e-06	0.047917643709466766	0.97753020300813298	1.5945945945945945	232	275	false	false
HMR_2955	0.12586442583781743	0.20545454545454545	0.7432432432432432	1.725634790092298e-05	0.052920485494473014	0.97288514740812171	1.2972972972972974	237	275	false	false
HMR_2962	0.17880989333628269	0.20969696969696969	0.7432432432432432	2.1060922223776869e-05	0.069466579468640835	0.96197491340680585	1.472972972972973	241	275	false	false
HMR_2963	0.16498458785208969	0.24666666666666665	0.7432432432432432	1.2986876812593186e-05	0.058445143884673263	0.96931546159409032	1.6081081081081081	236	275	false	false
HMR_2966	0.17002244749678189	0.18424242424242424	0.7432432432432432	2.0455847774290825e-05	0.061694597661662132	0.96641435527732222	1.5405405405405406	252	275	false	false
HMR_2969	0.16003088617135183	0.18666666666666668	0.7432432432432432	1.9550490928325946e-05	0.061183787539799452	0.96786797852044526	1.5405405405405406	233	275	false	false
HMR_2974	0.17889400975907982	0.16060606060606059	0.7432432432432432	1.6203568986197348e-05	0.060275900725021155	0.96944259790931486	1.4864864864864864	233	275	false	false
HMR_2978	0.22786789151793163	0.21939393939393936	0.7432432432432432	2.5073907035439946e-05	0.064685596527758363	0.96574460159970388	1.6081081081081081	233	275	false	false
HMR_2994	0.095326801268918959	0.15757575757575756	0.7432432432432432	4.1734014701028757e-06	0.039923340879454143	0.98002278785718577	1.5540540540540539	238	275	false	false
HMR_3001	0.3433417754117043	0.36242424242424243	0.7432432432432432	0.00024078645157783225	0.068500367439010695	0.96320246209949989	1.5675675675675675	241	275	false	false
HMR_3003	0.19197427564835523	0.20060606060606059	0.7432432432432432	1.3258709835238048e-05	0.059865668825021541	0.97004745645959833	1.4864864864864864	255	275	false	false
HMR_3021		0.21481481481481479	0.24324324324324326	8.2271819060369774e-11	0.012050532679776522	0.99282991252549391	1.1756756756756757	0	90	false	false
HMR_3059	8.9298020510854496e-29	0	0.24324324324324326	-3.4333068795374305e-20	0	1	1	75	90	false	false
HMR_3063	1.237436981311884e-07	0	0.24324324324324326	-3.5565882459253307e-15	1.6881581568448503e-07	0.99999998707472593	1.0675675675675675	76	90	false	false
HMR_3071	6.0142859709884976e-29	0	0.24324324324324326	4.2163417818880729e-21	0	1	1	67	90	false	false
HMR_3073	6.0142859709884976e-29	0	0.24324324324324326	4.2163417818880729e-21	0	1	1	67	90	false	false
HMR_3097	4.4491393846766637e-29	0	0.24324324324324326	-1.2046690805394494e-21	0	1	1	57	90	false	false
HMR_3099	6.4184911392734718e-29	0	0.20270270270270271	-9.637352644315595e-22	0	1	1	65	75	false	false
HMR_3101	6.4184911392734718e-29	0	0.20270270270270271	-9.637352644315595e-22	0	1	1	65	75	false	false
HMR_3106	0.065440809690886975	0.066666666666666666	0.7432432432432432	0.0019126944747487058	0.035209868097996075	0.97969858296261192	1.3108108108108107	275	275	false	false
HMR_3110	0.21926646223969989	0.43783783783783786	0.5	8.0352454905376391e-06	0.087317664170230874	0.95391562280194708	1.5	183	185	false	false
HMR_3112	0.1922349401481841	0.37027027027027026	0.5	1.706389106290685e-05	0.047957821009066502	0.97655183454784922	1.5	179	185	false	false
HMR_3128	0.20709477415498953	0.21454545454545454	0.7432432432432432	1.7510174598681013e-05	0.05547228189532688	0.97303044203576206	1.4864864864864864	243	275	false	false
HMR_3175	0.16063609875161911	0.26484848484848483	0.7432432432432432	2.9259335261418642e-08	0.059775563549091873	0.96832201101982773	1.6756756756756757	266	275	false	false
HMR_3197		0	0.17567567567567569	-1.5271026693286666e-25	0	1	1	0	65	false	false
HMR_3198		0	0.17567567567567569	-1.5271026693286666e-25	0	1	1	0	65	false	false
HMR_3218	0.16484107627281996	0.2864864864864865	0.5	1.3127095153874111e-05	0.039386490639647623	0.97893108900253767	1.3243243243243243	180	185	false	false
HMR_3219	0.16484107627281996	0.2864864864864865	0.5	1.3127095153874111e-05	0.039386490639647623	0.97893108900253767	1.3243243243243243	180	185	false	false
HMR_3221	0.16484107627281996	0.2864864864864865	0.5	1.3127095153874111e-05	0.039386490639647623	0.97893108900253767	1.3243243243243243	180	185	false	false
HMR_3224	0.1666396560958639	0.30990990990990991	0.5	8.3567057256327797e-06	0.037779283263725379	0.98121529275550279	1.4324324324324325	180	185	false	false
HMR_3234	0.19412208027346375	0.29393939393939394	0.7432432432432432	1.2816139745211768e-05	0.087874568902213138	0.95301283557084582	1.6891891891891893	257	275	false	false
HMR_3236	0.19412208027346375	0.29393939393939394	0.7432432432432432	1.2816139745211768e-05	0.087874568902213138	0.95301283557084582	1.6891891891891893	257	275	false	false
HMR_3240	0.13999077561077894	0.25151515151515152	0.7432432432432432	-1.3286865791327518e-05	0.03962270175378823	0.98324170462089699	1.5405405405405406	264	275	false	false
HMR_3337	5.9011598643018005e-31	0	0.24324324324324326	4.93788836658618e-21	0	1	1	66	90	false	false
HMR_3339	5.9011598643018005e-31	0	0.24324324324324326	4.93788836658618e-21	0	1	1	66	90	false	false
HMR_3342	0.19194108558596051	0.20370370370370369	0.24324324324324326	3.2129372839288716e-05	0.019303292330710046	0.989321423686497	1.0675675675675675	72	90	false	false
HMR_3343	0.19194108558596051	0.20370370370370369	0.24324324324324326	3.2129372839288716e-05	0.019303292330710046	0.989321423686497	1.0675675675675675	72	90	false	false
HMR_3344	0.19194108558596051	0.20370370370370369	0.24324324324324326	3.2129372839288716e-05	0.019303292330710046	0.989321423686497	1.0675675675675675	72	90	false	false
HMR_3345	0.19194108558596051	0.20370370370370369	0.24324324324324326	3.2129372839288716e-05	0.019303292330710046	0.989321423686497	1.0675675675675675	72	90	false	false
HMR_3347	0.19194108558596051	0.20370370370370369	0.24324324324324326	3.2129372839288716e-05	0.019303292330710046	0.989321423686497	1.0675675675675675	72	90	false	false
HMR_3348	0.19194108558596051	0.20370370370370369	0.24324324324324326	3.2129372839288716e-05	0.019303292330710046	0.989321423686497	1.0675675675675675	72	90	false	false
HMR_3353	0.19194108558596051	0.20370370370370369	0.24324324324324326	3.2129372839288716e-05	0.019303292330710046	0.989321423686497	1.0675675675675675	72	90	false	false
HMR_3411	0.076313526598288453	0.14727272727272728	0.7432432432432432	3.9478823060854532e-08	0.02594676712667358	0.98803293923847957	1.3783783783783783	175	275	false	false
HMR_3413	0.23771371557211377	0.22933333333333333	0.67567567567567566	8.8068315062416075e-07	0.052679878272798818	0.97511541544889691	1.4324324324324325	177	250	false	false
HMR_3421		0.10476190476190476	0.3783783783783784	9.3559970493604569e-12	0.0058414243795932045	0.99810220090906832	1.1081081081081081	0	140	false	false
HMR_3423		0.12222222222222222	0.24324324324324326	-5.0040299247702544e-11	0.0095597246974981672	0.99632875569496548	1.1756756756756757	0	90	false	false
HMR_3425		0.22592592592592592	0.24324324324324326	-6.563506430232968e-11	0.0054457640438013138	0.99861480013760906	1.1756756756756757	0	90	false	false
HMR_3428		0	0.17567567567567569	2.2270247261043057e-26	0	1	1	0	65	false	false
HMR_3432		0.16111111111111112	0.48648648648648651	2.0729801582240878e-10	0.041347292421997847	0.97902529799777804	1.4324324324324325	0	180	false	false
HMR_3449	0.22372109715860297	0.29636363636363638	0.7432432432432432	-6.4766444419386113e-06	0.104868164388491	0.94723900085989055	1.6756756756756757	258	275	false	false
HMR_3452		0.12222222222222222	0.24324324324324326	8.8888814037166404e-11	0.0080088362872912759	0.9962568952242814	1.1351351351351351	0	90	false	false
HMR_3627	0.25730951920052303	0.2878787878787879	0.7432432432432432	2.7723374774964394e-05	0.085980865109612309	0.95357035141220914	1.6081081081081081	234	275	false	false
HMR_3631	0.14722263734565719	0.22545454545454546	0.7432432432432432	2.7804118359423508e-06	0.045228633453496474	0.97775411835626691	1.5945945945945945	248	275	false	false
HMR_3636	0.12586442583781743	0.20545454545454545	0.7432432432432432	1.725634790092298e-05	0.052920485494473014	0.97288514740812171	1.2972972972972974	237	275	false	false
HMR_3644	0.25664314468177574	0.26363636363636361	0.7432432432432432	1.1382425868411193e-05	0.065698824418739823	0.96390382112967554	1.6081081081081081	236	275	false	false
HMR_3645	0.15566471606453841	0.15272727272727274	0.7432432432432432	2.2253534814532038e-05	0.039773975750047381	0.98019947671936947	1.4864864864864864	234	275	false	false
HMR_3648	0.24885190924038103	0.35696969696969699	0.7432432432432432	6.2903865633347529e-06	0.077177942419210055	0.96096413930036617	1.5405405405405406	230	275	false	false
HMR_3650	0.21337315071050106	0.28121212121212119	0.7432432432432432	3.0770781624894452e-05	0.072737653978372216	0.96053074980284425	1.5405405405405406	246	275	false	false
HMR_3653	0.14575341941688974	0.17878787878787877	0.7432432432432432	-0.00015943190058750238	0.052373967297252515	0.97316103097583739	1.4864864864864864	251	275	false	false
HMR_3663	0.19180013373394134	0.24606060606060609	0.7432432432432432	2.2469678065103572e-05	0.067245947827419092	0.96281293714171734	1.6216216216216217	239	275	false	false
HMR_3666	0.31509886998635461	0.27878787878787881	0.7432432432432432	6.8516605866126182e-05	0.075122018197632673	0.96174748928898668	1.5945945945945945	238	275	false	false
HMR_3679	0.17407213465007845	0.20606060606060606	0.7432432432432432	5.7852405898817163e-06	0.040670204303611734	0.98035312179802225	1.472972972972973	235	275	false	false
HMR_3681	0.31710632469291716	0.35878787878787882	0.7432432432432432	6.6438726086132791e-05	0.082927772036572867	0.95299058085074684	1.6081081081081081	233	275	false	false
HMR_3682	0.19197427564835523	0.20060606060606059	0.7432432432432432	1.3258709835238048e-05	0.059865668825021541	0.97004745645959833	1.4864864864864864	255	275	false	false
HMR_3688	0.20262796919316109	0.18909090909090909	0.7432432432432432	2.0379119817774764e-05	0.048044533934622297	0.97608676381401649	1.5405405405405406	237	275	false	false
HMR_3692	0.20039213737613223	0.25272727272727274	0.7432432432432432	2.4999845707527926e-05	0.07294345315728977	0.96220009600263434	1.5945945945945945	240	275	false	false
HMR_3694	0.18328357546695664	0.24303030303030301	0.7432432432432432	8.8510564237583883e-06	0.047917643709466766	0.97753020300813298	1.5945945945945945	232	275	false	false
HMR_3695	0.12586442583781743	0.20545454545454545	0.7432432432432432	1.725634790092298e-05	0.052920485494473014	0.97288514740812171	1.2972972972972974	237	275	false	false
HMR_3705	0.17002244749678189	0.18424242424242424	0.7432432432432432	2.0455847774290825e-05	0.061694597661662132	0.96641435527732222	1.5405405405405406	252	275	false	false
HMR_3709	0.21337315071050106	0.28121212121212119	0.7432432432432432	3.0770781624894452e-05	0.072737653978372216	0.96053074980284425	1.5405405405405406	246	275	false	false
HMR_3713	0.17889400975907982	0.16060606060606059	0.7432432432432432	1.6203568986197348e-05	0.060275900725021155	0.96944259790931486	1.4864864864864864	233	275	false	false
HMR_3715	0.2373280450393408	0.22727272727272727	0.7432432432432432	3.6028900999249596e-05	0.081831253339108137	0.95680982091101408	1.6081081081081081	249	275	false	false
HMR_3716	0.26332016365757982	0.19696969696969696	0.7432432432432432	2.0960588044926131e-05	0.11311975834587548	0.93525818600989574	1.6081081081081081	247	275	false	false
HMR_3721	0.20211523029148462	0.2915151515151515	0.7432432432432432	4.9564473577050705e-05	0.057296895837228357	0.96713009122138927	1.5405405405405406	235	275	false	false
HMR_3729	0.28235277419873045	0.30181818181818182	0.7432432432432432	4.5071828587884072e-05	0.076761478843666103	0.95867319744921942	1.5540540540540539	235	275	false	false
HMR_3864	0.02076573181774901	0.058730158730158723	0.56756756756756754	0.00047589272035610403	0.0039251835057829126	0.99837795306419286	1.1081081081081081	205	210	false	false
HMR_4772	0.12503393458395626	0.13693693693693693	0.5	1.2160824900929186e-07	0.035283753345913695	0.97862939450277264	1.3621621621621622	109	185	false	false
HMR_5387	0.097933876785453275	0.11851851851851851	0.12162162162162163	2.4471253073049258e-06	0.013917899287231228	0.99112132441429412	1.0540540540540539	35	45	false	false
HMR_5389	0.097933876785453275	0.11851851851851851	0.12162162162162163	2.4471253073049258e-06	0.013917899287231228	0.99112132441429412	1.0540540540540539	35	45	false	false
HMR_6545	0.039191270808870658	0.11575757575757575	0.7432432432432432	-0.00054020549792287793	0.0086054353095698938	0.9960854385816823	1.2972972972972974	258	275	false	false
HMR_6583	0.0045303204739240155	0.17826086956521739	0.3108108108108108	1.0811032821998497e-07	0.0010688978337328257	0.99978658861444891	1.1081081081081081	93	115	false	false
HMR_6755	0.24919961300806751	0.21052631578947367	0.25675675675675674	6.2777315448975675e-08	0.016703992035123252	0.9901554830388537	1.2027027027027026	40	95	false	false
HMR_6785	0.03653815897947759	0.039639639639639637	0.5	1.6990547051510804e-08	0.0086294950398714959	0.99421751033949701	1.0675675675675675	70	185	false	false
HMR_6786	0.03653815897947759	0.039639639639639637	0.5	1.6990547051510804e-08	0.0086294950398714959	0.99421751033949701	1.0675675675675675	70	185	false	false
HMR_6834	2.1571938409373772e-27	0	0.1891891891891892	-4.3884373648222808e-21	0	1	1	55	70	false	false
HMR_6839	0.020948597273859369	0.071428571428571425	0.1891891891891892	1.228904763032986e-05	0.0024295884054453139	0.99918767751261284	1.0540540540540539	65	70	false	false
HMR_6910	0.391318189594282	0.08018018018018018	0.5	2.3074578226168449e-08	0.018746489537228812	0.98880247691508849	1.1891891891891893	25	185	false	false
HMR_7628	0.052694507685051475	0.068468468468468463	0.5	1.2441593062073907e-09	0.017957283427503499	0.99180959537347613	1.1891891891891893	118	185	false	false
HMR_7748	0.024584976020416021	0.1484848484848485	0.7432432432432432	0.014617048718715579	0.015760689005779028	0.99316479011065628	1.3108108108108107	275	275	true	true
HMR_7749	0.024584976020416021	0.1484848484848485	0.7432432432432432	0.014617048718715579	0.015760689005779028	0.99316479011065628	1.3108108108108107	275	275	true	true
HMR_8510	0.18683072823789057	0.25765765765765763	0.5	1.2627539276519509e-05	0.063798755546630309	0.96566598328087705	1.4432432432432432	183	185	false	false
HMR_8776	4.1140583268905427e-28	0	0.5	2.7984137154693422e-20	0	1	1	147	185	false	false
HMR_9638	2.5398534055307468e-30	0	0.12162162162162163	-8.7840453789334864e-22	0	1	1	33	45	false	false
HMR_9652	0.0055690379400152356	0.028828828828828826	0.5	-2.8328927870992364e-09	0.0073581780411605202	0.99566482463999983	1.0675675675675675	136	185	false	false
HMR_9680	0.043124284238844096	0.088288288288288289	0.5	0.00072045021490271181	0.018823090905858982	0.99125185243335157	1.1891891891891893	185	185	false	false
HMR_9720	0.26844056631460878	0.20724637681159419	0.3108108108108108	4.2834973062798483e-10	0.036667141328446666	0.98207878160369255	1.2432432432432432	31	115	false	false
HPDCACRNCPT1	0.16063609875161911	0.26484848484848483	0.7432432432432432	2.9259335261418642e-08	0.059775563549091873	0.96832201101982773	1.6756756756756757	266	275	false	false
HPROx	0.037188547300098594	0.10909090909090909	0.7432432432432432	0.23527387852450979	0.020968084476325682	0.99076712288517144	1.2837837837837838	275	275	false	false
HPROxm	0.05968269907109295	0.12666666666666668	0.7432432432432432	0.0016473919273737954	0.022161334807604315	0.98893744230675151	1.2432432432432432	275	275	false	false
HPYRDC	0.058400827703278431	0.13333333333333333	0.24324324324324326	-8.3876231956180032e-08	0.0037634618678488931	0.99887735229021002	1.0675675675675675	90	90	false	false
HPYRR2x_1	0.15114294644824228	0.21261261261261263	0.5	2.8614617158552273e-06	0.048920875565410811	0.97325926611750613	1.4324324324324325	173	185	false	false
HS1ly	0.22329831875632342	0.3981481481481482	0.24324324324324326	6.7632408078172384e-07	0.028539632586607102	0.9851772587312313	1.2432432432432432	80	90	false	false
HSD17B9r			0		0	1	1	0	0	false	false
HSD3A1r	0.19105571460560927	0.26862745098039215	0.22972972972972974	0.048423636172768042	0.0063239642877405272	0.99808522377618369	1.1621621621621621	85	85	false	false
HSD3B11	0.036636192378717861	0.20000000000000001	0.24324324324324326	4.1440052829389101e-07	0.0055434977605101207	0.99774896989092987	1.1891891891891893	72	90	false	false
HSD3B7P	0.070251032877894554	0.098148148148148151	0.48648648648648651	0.004355197275717323	0.010969866981444924	0.99499164674755536	1.1756756756756757	180	180	false	false
Htg	0.028438420000605823	0.10360360360360361	0.5	-0.002095957589688403	0.014030802194121259	0.9929450537776997	1.2432432432432432	185	185	false	false
ICDHyp	0.036858201638048191	0.046666666666666662	0.94594594594594594	-0.00014700933184359595	0.017716248342178085	0.99075155267551074	1.2162162162162162	320	350	true	false
IDOAASE3ly	0.22329831875632342	0.3981481481481482	0.24324324324324326	6.7632408078172384e-07	0.028539632586607102	0.9851772587312313	1.2432432432432432	80	90	false	false
ILEASPt	8.8176409415544455e-31	0	0.25675675675675674	2.2104587877908275e-23	0	1	1	30	95	false	false
ILEPROLYSt			0		0	1	1	0	0	false	false
ILESERARGt	1.0882550096500657e-31	0	0.12162162162162163	1.1901597198688896e-21	0	1	1	10	45	false	false
ILETA	0.059344385180283295	0.10540540540540541	0.5	-1.5182804293501064e-05	0.028032912709511904	0.98209956655610564	1.1216216216216217	165	185	false	false
INSTt2	0.020297098743634043	0.024074074074074074	0.48648648648648651	4.2400695322557981e-05	0.0013011799043104737	0.99960175469314538	1.0675675675675675	180	180	false	false
IPDDIx	0.034219365777913013	0.11636363636363636	0.7432432432432432	1.3995658662863403e-06	0.026540197940265801	0.98665763015825514	1.3513513513513513	197	275	false	false
KAT180_m	0.17548269962167304	0.23153153153153155	1	4.806417641711218e-05	0.077600114461467057	0.96041119775473949	1.6621621621621621	253	370	false	false
KHK	1.1558472818697527e-27	0	0.67567567567567566	3.1055164227226464e-19	0	1	1	218	250	false	false
KHK2	0.084770816072619909	0.19639639639639642	0.5	0.00030214290416102766	0.025489347127001041	0.98560996494464015	1.2702702702702702	183	185	false	false
LALDO	0.093903117234995212	0.21454545454545454	0.7432432432432432	0.0013752999852479023	0.05666127256222131	0.97009886202571227	1.4189189189189189	275	275	true	false
LCADi_D	0.25606199710127725	0.30270270270270272	0.5	1.9713971853140609e-05	0.054187390868020234	0.97149402476376878	1.4864864864864864	181	185	true	false
LCAT14e		0	0.067567567567567571	-6.8931717712752248e-28	0	1	1	0	25	false	false
LCAT16e			0		0	1	1	0	0	false	false
LCAT17e			0		0	1	1	0	0	false	false
LCAT20e			0		0	1	1	0	0	false	false
LCAT25e		0	0.054054054054054057	-3.0157626499329131e-27	0	1	1	0	20	false	false
LCAT31e			0		0	1	1	0	0	false	false
LCAT34e		0	0.054054054054054057	9.0472879497987396e-27	0	1	1	0	20	false	false
LCAT37e			0		0	1	1	0	0	false	false
LCAT38e			0		0	1	1	0	0	false	false
LCAT39e		0	0.067567567567567571	-7.1688986421262389e-26	0	1	1	0	25	false	false
LCAT42e			0		0	1	1	0	0	false	false
LCAT45e			0		0	1	1	0	0	false	false
LCAT50e			0		0	1	1	0	0	false	false
LCAT52e			0		0	1	1	0	0	false	false
LCAT53e			0		0	1	1	0	0	false	false
LCAT5e		0	0.054054054054054057	1.3786343542550458e-26	0	1	1	0	20	false	false
LEUASNASPt			0		0	1	1	0	0	false	false
LEUKTRB4WOHt		0	0.054054054054054057	6.8931717712752305e-27	0	1	1	0	20	false	false
LEUSERTRPt			0		0	1	1	0	0	false	false
LEUTRPARGt			0		0	1	1	0	0	false	false
LEUTRPt			0		0	1	1	0	0	false	false
LGNCt	0.080209247483559287	0.098148148148148151	0.24324324324324326	-0.0049811705580144316	0.0028178970731247218	0.99930172752144941	1.1081081081081081	90	90	false	false
LNLCCRNt	0.11259882609340334	0.14242424242424243	0.7432432432432432	0.27134318093649223	0.020325101557558931	0.99089846199458376	1.2945945945945947	265	275	false	false
LNLNCACPT2	0.026653526523024464	0.11055555555555555	0.81081081081081086	-0.00019847118865587061	0.0092015882395544441	0.99470410502897932	1.2702702702702702	230	300	false	false
LPASE	0.039901887674419594	0.12252252252252253	1	3.1734703074527571e-06	0.035769192578114659	0.98040518220090811	1.6216216216216217	299	370	false	false
LSTNtd	0.049160065587474232	0.024561403508771926	0.25675675675675674	-1.1709781236638538e-05	0.015737274990023666	0.99112084455607519	1.0540540540540539	95	95	false	false
LSTO2r	0.15059251170294752	0.2604938271604938	0.36486486486486486	6.6565719150227494e-07	0.051627034802558647	0.97487273829344623	1.3648648648648649	131	135	false	false
LYSACm	2.0817016298584928e-29	0	0.36486486486486486	2.3758751310639144e-20	0	1	1	101	135	false	false
LYSARGLEUt			0		0	1	1	0	0	false	false
LYSGLNPHEt			0		0	1	1	0	0	false	false
LYSOXp	0.0065770122755551483	0.057142857142857141	0.3783783783783784	2.3180311342628691e-08	0.001717453600541896	0.99951842927490431	1.0675675675675675	108	140	false	false
LYSTRPARGt			0		0	1	1	0	0	false	false
LYStm	3.4620170472152871e-28	0	0.10810810810810811	1.4004278061271097e-20	0	1	1	26	40	false	false
MACOXO	0	0	0.24324324324324326	2.0391533915381303e-22	0	1	1	15	90	false	false
MCITS	0.0099356430005224788	0.052380952380952375	0.1891891891891892	1.7612091161760619e-09	0.0099456720844198539	0.99473787261426561	1.1216216216216217	44	70	false	false
MDHm	0.058049507333287252	0.10451977401129943	0.79729729729729726	0.0043679070440361192	0.027019649584748423	0.98698426944728668	1.1756756756756757	283	295	true	false
ME2m	0.05377463174967969	0.22777777777777777	0.24324324324324326	1.5510646327478383e-06	0.00068596567359621599	0.9998661371538331	1.1351351351351351	85	90	true	false
MEPIt		0	0.1891891891891892	6.9325613242539464e-25	0	1	1	0	70	false	false
METARGLEUt			0		0	1	1	0	0	false	false
METGLNTYRt			0		0	1	1	0	0	false	false
METGLYARGt	1.9131599655912548e-30	0	0.13513513513513514	3.1057874732657679e-23	0	1	1	25	50	false	false
METLEUex	0.039942725851514732	0.1126126126126126	0.5	0.304038960210469	0.013204725746913018	0.99372148138721017	1.2297297297297298	185	185	false	false
MGCHrm	0.019187913849278343	0.029166666666666664	0.43243243243243246	-8.6139772113649616e-09	0.008809962975364679	0.99506491209927628	1.0675675675675675	139	160	false	false
MITKP	0.1079094116181384	0.24259259259259258	0.24324324324324326	1.7700893704826185e-07	0.0030858132198155574	0.99912450782162388	1.1756756756756757	71	90	false	false
MTHFD	0.043901215207522049	0.18154761904761907	0.7567567567567568	0.0023805536706533459	0.04671087868245969	0.97599979647567736	1.3243243243243243	272	280	false	false
NACHEX23ly	0.16664533785378216	0.24567901234567899	0.36486486486486486	4.4277029031377905e-07	0.027249596474764805	0.98579852575974602	1.2432432432432432	102	135	false	false
NACHEX24ly	0.19717907722224032	0.3171171171171171	0.5	1.4642026275838994e-06	0.059867349248479335	0.96846413968155598	1.5	180	185	false	false
NACHEXA1ly	0.071631767045007663	0.11981981981981983	0.5	2.2142619219569104e-08	0.006909352342996276	0.99694931330376602	1.1351351351351351	118	185	false	false
NACHEXA2ly	0.049495760417690729	0.072727272727272724	0.29729729729729731	1.2575850812356449e-09	0.0018876921058703158	0.99951815153300783	1.0675675675675675	40	110	false	false
NACHEXA4ly	0.09765065129687707	0.085714285714285715	0.3783783783783784	3.1112713147409194e-07	0.0035909862584527935	0.99873787933006586	1.1756756756756757	85	140	false	false
NADPtxu	0.10939698260712347	0.13650793650793652	0.56756756756756754	0.003767232329723732	0.024113099860349749	0.98960035073304464	1.1756756756756757	185	210	false	false
NADtx	0.11235655402087603	0.24374999999999999	0.43243243243243246	0.0095626330366450282	0.022124604969432953	0.99052860013026933	1.2567567567567568	160	160	false	false
NAHCO3_HCLt	0.051633256282578914	0.06576576576576576	0.5	0.28710916591237617	0.007006859831670772	0.99750715215544183	1.1756756756756757	185	185	false	false
NAPRT	0.037609922695946409	0.072592592592592584	0.60810810810810811	0.18758746700737017	0.0076841833750573756	0.99671725352399487	1.1081081081081081	209	225	false	false
NBAHH_ir	3.1366240428338078e-29	0	0.13513513513513514	2.1684043449710089e-21	0	1	1	45	50	false	false
NDP1	0.078142486325158897	0.093333333333333338	0.7432432432432432	1.8416052567491768e-06	0.0068155798594283206	0.99788282008425877	1.1081081081081081	213	275	false	false
NDP6	0.1295003041808	0.18303030303030304	0.7432432432432432	1.6401838369029676e-06	0.03070567058765437	0.98405231157859829	1.5540540540540539	242	275	false	false
NDPK1m	0.011394739242250719	0.087804878048780483	0.55405405405405406	0.00029219599856498914	0.0017972477787930523	0.99949562619272891	1.2432432432432432	205	205	false	false
NDPK4	0.024209326402033892	0.066666666666666666	0.7432432432432432	0.0008123405237737693	0.0086802268280170777	0.995829325372657	1.1891891891891893	275	275	false	false
NDPK4m	0.053526084099184953	0.08018018018018018	0.5	-2.4623729929808101e-06	0.0073368228354900198	0.99757359256218459	1.2432432432432432	179	185	false	false
NDPK5m	0.14971391422567329	0.28484848484848485	0.7432432432432432	3.149664648201107e-05	0.039238638130255916	0.98074313779383004	1.4459459459459461	265	275	false	false
NDPK5n	0.067193025469464443	0.058558558558558564	0.5	0.040232798865197816	0.0082588817993088127	0.99539285986364878	1.0675675675675675	185	185	false	false
NDPK6m	0.05556679158295897	0.17454545454545456	0.7432432432432432	0.0048758201334543824	0.027064928324690422	0.98585178228332093	1.4189189189189189	275	275	false	false
NDPK7	0.047588055422532569	0.097747747747747735	1	-0.00086434130547003894	0.053758358423784666	0.97183254301856314	1.5405405405405406	280	370	false	false
NEU23	1.3282638456896129e-29	0	0.17567567567567569	-1.1467522978212074e-21	0	1	1	45	65	false	false
NMNAT	0.057198700277178847	0.070909090909090908	0.7432432432432432	-9.226453277648576e-06	0.02018635665742817	0.98991690665447041	1.1081081081081081	225	275	false	false
NNMT	1.7989613567190595e-31	0	0.24324324324324326	2.1567968564345609e-23	0	1	1	22	90	false	false
NRPPHRSFt		0	0.067567567567567571	1.0587911840678754e-24	0	1	1	0	25	false	false
NRPPHRSULT		0	0.067567567567567571	1.0587911840678754e-24	0	1	1	0	25	false	false
NRVNCABCt	0.13709785488808307	0.18703703703703703	0.24324324324324326	2.951362118989098e-07	0.011236157453133694	0.99468974141452415	1.1081081081081081	50	90	false	false
NTD1	0.15031159274090408	0.23757575757575755	0.7432432432432432	3.1062468545491272e-06	0.059887068385102486	0.96826539078727003	1.6081081081081081	241	275	false	false
NTD1m	0.10329609039141861	0.21636363636363637	0.7432432432432432	4.2586583553148595e-05	0.040172453785293265	0.97777668918894323	1.4054054054054055	253	275	false	false
NTD2	0.09100411657686637	0.15376344086021504	0.41891891891891891	-5.5067876085610362e-08	0.0084461004840171404	0.99707135983688566	1.1081081081081081	103	155	false	false
NTD4	0.18082180009342688	0.37272727272727274	0.7432432432432432	0.00018008622094584038	0.077560972956812788	0.95475171880252041	1.6756756756756757	255	275	false	false
NTD6	0.16809945997741671	0.31515151515151518	0.7432432432432432	3.0287066418982513e-05	0.0660993137152351	0.96661529139984337	1.6216216216216217	266	275	false	false
NTPP2	0.20626550772192079	0.29878787878787882	0.7432432432432432	1.5275969867983317e-05	0.046828359277004912	0.97802802200814387	1.6081081081081081	225	275	false	false
O2tp	0.034420270915866358	0.13333333333333333	1	7.0141298860757205e-05	0.034068935070365271	0.98342714115805785	1.5405405405405406	357	370	false	false
OCCOAtx	0.0038727222541403697	0.081250000000000003	0.43243243243243246	1.2620058810205418e-07	0.00034289236016338265	0.99994054810810307	1.0675675675675675	150	160	false	false
OCD11COACPT1_1	0.23771083756443714	0.30545454545454548	0.7432432432432432	1.3372501239801696e-05	0.050267924184700663	0.9762308696587485	1.5675675675675675	224	275	false	false
OCOAT1m	0.046109935081340939	0.17030303030303032	0.7432432432432432	2.1125461760224433e-05	0.020152848683275035	0.98974548782310035	1.1891891891891893	262	275	false	false
ODECOAtx	0.19628185008120294	0.33333333333333331	0.24324324324324326	1.4882782761061908e-05	0.018564150232472695	0.99040957311649502	1.1756756756756757	76	90	false	false
OIVD1m	0.03308638866005835	0.042028985507246375	0.6216216216216216	4.7936731841371615e-08	0.010695764729473015	0.99445928563286268	1.0675675675675675	199	230	false	false
ORNDC	0.065401143584195701	0.14727272727272728	0.7432432432432432	-2.2809844057623582e-08	0.025342230591656738	0.98756348073317746	1.3108108108108107	238	275	false	false
ORNTArm	1.4107033808981442e-28	0	0.68918918918918914	-1.840220599132872e-21	0	1	1	211	255	false	false
ORPT	0.063379413983230451	0.14414414414414414	1	-1.5344651765692768e-08	0.043254767934230089	0.97803355805133652	1.6324324324324324	257	370	false	false
P45019A1r	0.15094186796347592	0.25740740740740742	0.24324324324324326	7.5376640296082688e-08	0.021493588513676526	0.99031958971397871	1.1351351351351351	76	90	false	false
P45019A2r	3.2485416181241244e-30	0	0.24324324324324326	-2.321497707289564e-22	0	1	1	53	90	false	false
P45046A1r	0.035055865670430737	0.037037037037037035	0.24324324324324326	4.1113205398228876e-08	0.0028014448835058312	0.99918046338454136	1.1081081081081081	53	90	false	false
PAFHe	0.046121619570575118	0.086486486486486491	0.5	1.2107645512442419e-06	0.012682549102507011	0.99377996611981767	1.2432432432432432	159	185	false	false
PAILAR_HSPLA2		0	0.10810810810810811	-3.6189151799194958e-26	0	1	1	0	40	false	false
PCFLOPm	0.016825959736702114	0.23703703703703702	0.24324324324324326	-1.5340792610260019e-07	0.0027821715956465199	0.99909285195844189	1.2432432432432432	86	90	false	false
PCHOL2LINL_HSABCt	2.5911928727035284e-27	0	0.24324324324324326	1.1544745355169719e-21	0	1	1	67	90	false	false
PCHOL2OLE_HSABCt	3.6199392681799008e-28	0	0.24324324324324326	8.3322944737311915e-21	0	1	1	62	90	false	false
PCHOL2OLE_HSt1e	3.6199392681799008e-28	0	0.24324324324324326	8.3322944737311915e-21	0	1	1	62	90	false	false
PCHOL2PALM_HSte		0	0.054054054054054057	-2.7572687085100926e-25	0	1	1	0	20	false	false
PCHOL2STE_HSt1e	1.656049447989638e-27	0	0.24324324324324326	-4.8186763221577977e-21	0	1	1	62	90	false	false
PCHOLEIC_HSt1e	1.7458335723914219e-27	0	0.24324324324324326	1.3050581705844037e-21	0	1	1	71	90	false	false
PCHOLET_HSABCt	1.3562372253651242e-27	0	0.24324324324324326	-4.6931899596016045e-21	0	1	1	62	90	false	false
PCHOLHEP_HSABCt	1.3815870077330262e-27	0	0.24324324324324326	-1.8270814388181648e-20	0	1	1	66	90	false	false
PCHOLLINL_HSPLA2			0		0	1	1	0	0	false	false
PCHOLLINL_HSt1e	1.5345838315388245e-27	0	0.24324324324324326	6.5252908529220171e-21	0	1	1	67	90	false	false
PCHOLMYR_HsABCt	1.5025147074391261e-27	0	0.24324324324324326	-7.9307381135513759e-21	0	1	1	71	90	false	false
PCHOLN15_HSABCt	1.2680651952699259e-27	0	0.24324324324324326	-2.4193770700833939e-20	0	1	1	71	90	false	false
PCHOLN1836_HSPLA2			0		0	1	1	0	0	false	false
PCHOLN19_HSPLA2			0		0	1	1	0	0	false	false
PCHOLN203_HSABCt	2.3872699441325032e-28	0	0.24324324324324326	4.9491821392162379e-20	0	1	1	76	90	false	false
PCHOLN203_HSt1e	2.3872699441325032e-28	0	0.24324324324324326	4.9491821392162379e-20	0	1	1	76	90	false	false
PCHOLN205_HSPLA2			0		0	1	1	0	0	false	false
PCHOLN224_HSt1e	4.687460683725284e-28	0	0.24324324324324326	-5.6318279515219263e-20	0	1	1	58	90	false	false
PCHOLN225_HSt1e	1.729186268109403e-27	0	0.24324324324324326	1.5761087137057793e-20	0	1	1	67	90	false	false
PCHOLN24_HSPLA2			0		0	1	1	0	0	false	false
PCHOLN261_HSPLA2		0	0.13513513513513514	9.9261673506363317e-26	0	1	1	0	50	false	false
PCHOLN28_HSPLA2		0	0.10810810810810811	-2.2919796139490139e-24	0	1	1	0	40	false	false
PCHOLSTE_HSt1e	5.2787461799144007e-28	0	0.24324324324324326	-2.8108945212587159e-21	0	1	1	66	90	false	false
PCHOL_HStg		0.014814814814814814	0.12162162162162163	-1.0380380696237701e-12	0.00022750118106214844	0.9999497728349922	1.0675675675675675	0	45	false	false
PCREATtmdiffir	4.6868925390071841e-29	0.054054054054054057	0.5	-1.0898843932603701e-09	0.0018750286092228648	0.99954446402823516	1.0675675675675675	72	185	false	false
PCRNtm	0.10093920586026851	0.12222222222222222	0.36486486486486486	0.47901431019285834	0.0060927051757580526	0.99813470287708694	1.1621621621621621	135	135	false	false
PE12_HSt1e	1.7160069574698376e-27	0	0.24324324324324326	4.0958748738341278e-20	0	1	1	67	90	false	false
PE14_HSt1e	1.6657125377646611e-28	0	0.24324324324324326	1.551011441194541e-20	0	1	1	67	90	false	false
PE203_HSABCt	5.7396547412744932e-28	0	0.24324324324324326	-6.6256799429669713e-21	0	1	1	61	90	false	false
PE203_HSt1e	5.7396547412744932e-28	0	0.24324324324324326	-6.6256799429669713e-21	0	1	1	61	90	false	false
PE224_HSte		0	0.24324324324324326	-4.1359030627651392e-26	0	1	1	0	90	false	false
PE2LINL_HSPLA2			0		0	1	1	0	0	false	false
PEAR_HSPLA2			0		0	1	1	0	0	false	false
PEDH17_HSPLA2		0	0.054054054054054057	4.1359030627651386e-26	0	1	1	0	20	false	false
PEDH203_HSt1e	1.5847375949828621e-28	0	0.24324324324324326	1.7066145307642201e-21	0	1	1	66	90	false	false
PELPALM_HSt1e	7.5148020757914581e-28	0	0.24324324324324326	9.3361853741807311e-21	0	1	1	75	90	false	false
PEOLE_HSABCt	9.0262037646864094e-28	0	0.24324324324324326	1.3050581705844031e-21	0	1	1	67	90	false	false
PEOLE_HSt1e	9.0262037646864094e-28	0	0.24324324324324326	1.3050581705844031e-21	0	1	1	67	90	false	false
PEPALM_HSASBCt	9.0798718783216354e-28	0	0.24324324324324326	4.0908554193318797e-21	0	1	1	70	90	false	false
PEPALM_HSt1e	9.0798718783216354e-28	0	0.24324324324324326	4.0908554193318797e-21	0	1	1	70	90	false	false
PETOHMr_hs	0.023646507123277333	0.18333333333333335	0.1891891891891892	-7.5523210494123866e-07	0.0062906559603297238	0.99671527545568461	1.0675675675675675	70	70	false	false
PEt		0	0.24324324324324326	-7.5978071078944773e-25	0	1	1	0	90	false	false
PFK	0.073503532337712285	0.12972972972972974	1	0.0039260638035552306	0.030919330203641949	0.98299870298415915	1.4594594594594594	365	370	true	true
PGLYCt		0.095652173913043481	0.3108108108108108	1.4861049383354715e-10	0.0082330643179045152	0.99648743921250915	1.2432432432432432	0	115	false	false
PGLYCtm		0.080701754385964899	0.51351351351351349	3.7615396570028994e-10	0.016198078392161027	0.99117676171778324	1.2702702702702702	0	190	false	false
PHEASNMETt			0		0	1	1	0	0	false	false
PHELYSPROt			0		0	1	1	0	0	false	false
PHEMEtm	2.4405989514280893e-30	0	0.17567567567567569	1.1574098223480985e-38	0	1	1	34	65	false	false
PHEPHEASNt			0		0	1	1	0	0	false	false
PHEPHEt			0		0	1	1	0	0	false	false
PHETRPLEUt			0		0	1	1	0	0	false	false
PHETYRGLNt			0		0	1	1	0	0	false	false
PI3P4K	0.088512441283422144	0.1484848484848485	0.7432432432432432	7.6732275885392531e-05	0.031834987277753947	0.9819660368389479	1.5	250	275	false	false
PI45P3K	0.30528698986401087	0.3259259259259259	0.24324324324324326	1.7276381050670874e-05	0.021095198622147968	0.98848899729862816	1.1756756756756757	63	90	false	false
PI4P5K	0.015951565858350822	0.015740740740740739	0.48648648648648651	9.1392666716963935e-11	2.7342111700794888e-05	0.99999671020660597	1.0675675675675675	152	180	false	false
PI5P4K	0.15515841706400224	0.19393939393939394	0.7432432432432432	4.1744095592445044e-05	0.052339934629382759	0.97168110886127934	1.4054054054054055	235	275	false	false
PIK3	0.078304108623671348	0.062962962962962957	0.24324324324324326	3.4807265758870814e-07	0.0023158740806985332	0.99928826554291217	1.0405405405405406	34	90	false	false
PIK4	0.20582197928680718	0.24969696969696972	0.7432432432432432	4.1170615619590814e-05	0.072881628951066882	0.96233340531247302	1.6756756756756757	253	275	false	false
PIK5	0.028856887790043726	0.18425925925925923	0.48648648648648651	4.2818504461838979e-07	0.0031377743654854044	0.99911738813589346	1.2432432432432432	173	180	false	false
PItx	0.048291523312556893	0.10424242424242425	0.7432432432432432	8.1592783994622722e-05	0.019878823522752422	0.99000799235866377	1.2972972972972974	274	275	false	false
PMEVK	0.084424733299429594	0.13018018018018018	1	8.8733230053361543e-07	0.049541771732692891	0.97420243315462884	1.6027027027027028	251	370	false	false
PMI12346PHn	0.13807185948450934	0.48468468468468473	0.5	0.00033426610124838674	0.054387119644295281	0.9719208351218297	1.5	184	185	false	false
PPP9ABCte	0.07638750334362289	0.063063063063063057	0.5	2.701858082929846e-08	0.014092873390926507	0.99057624023436364	1.1081081081081081	76	185	false	false
PPPGO	0.15446730385782359	0.083950617283950604	0.36486486486486486	2.9968135720141066e-08	0.018466649599652801	0.99091811628418791	1.1081081081081081	52	135	false	false
PRDX	0.15228151732622683	0.16969696969696968	0.7432432432432432	6.8904909174849287e-05	0.064203672751029395	0.96812869869449325	1.4864864864864864	270	275	false	false
PRISTANALtx	3.3327797125614309e-28	0	0.20270270270270271	-2.1957744264808651e-17	0	1	1	75	75	false	false
PRISTCOAtcx			0		0	1	1	0	0	false	false
PROCYSt		0	0.12162162162162163	-1.0783984282172804e-24	0	1	1	0	45	false	false
PROHISTYRt			0		0	1	1	0	0	false	false
PROPHEt			0		0	1	1	0	0	false	false
PROPROARGt	8.0496291571868163e-30	0	0.25675675675675674	3.1689434386312201e-22	0	1	1	50	95	false	false
PROSTGH2t	0.056512814403969519	0.028985507246376808	0.6216216216216216	0.25843406073466074	0.0052668866637538888	0.99822050845776245	1.1621621621621621	230	230	false	false
PROTRPTHRt			0		0	1	1	0	0	false	false
PROtm	7.8115312448282779e-27	0	0.3783783783783784	2.826669949694351e-20	0	1	1	110	140	false	false
PSDm_hs	0.16664840144773718	0.21818181818181817	0.7432432432432432	2.1575469381094908e-06	0.050788834386329987	0.97093581604888612	1.5135135135135136	222	275	false	false
PTDCACRNCPT2			0		0	1	1	0	0	false	false
PTE2x			0		0	1	1	0	0	false	false
PTVSTGLUChc			0		0	1	1	0	0	false	false
PTVSThc			0		0	1	1	0	0	false	false
PUNP6	6.8796210690213048e-29	0	0.24324324324324326	-9.6310783261877856e-22	0	1	1	55	90	false	false
PUNP7	0.027611395868192869	0.093333333333333324	0.67567567567567566	0.0033452354209777603	0.0075556204754199975	0.99679625036144026	1.2837837837837838	240	250	false	false
PVSGLUCtev	0.13191078142824048	0.2288288288288288	0.5	5.6900196363156232e-05	0.031838573561291231	0.98309025711279552	1.5	179	185	false	false
PYK	0.069044277747440083	0.19954954954954954	1	0.0046318697375126085	0.03519769526470156	0.98316495496348466	1.472972972972973	364	370	true	true
PYK6	0.064727491470811069	0.19414414414414413	1	0.0026612611402029186	0.0397201690135187	0.97953870046741487	1.5945945945945945	275	370	false	false
Pe13_HSt1e	5.7319628365879026e-28	0	0.24324324324324326	9.2357962841357783e-21	0	1	1	61	90	false	false
R01803			0		0	1	1	0	0	false	false
RBFK	0.1670442937614092	0.26969696969696971	0.7432432432432432	4.4340593146425943e-05	0.066023240771366232	0.96623283620258649	1.6216216216216217	265	275	false	false
RDH1a	0.0076576634550807729	0.059459459459459463	0.5	0.00464181081334448	0.0034944373686035331	0.99791676563058607	1.1081081081081081	185	185	false	false
RDH2	0.00034659434252892784	0.016216216216216217	0.5	7.1244120743956206e-07	0.0024697257658378787	0.99891346544062676	1.0675675675675675	185	185	false	false
RDH2a	0.00045799966691322604	0.021428571428571429	0.3783783783783784	9.4144016698322326e-07	0.0024697257658378787	0.99891346544062676	1.0675675675675675	140	140	false	false
RE0453N	0.14773735514471717	0.27878787878787881	0.7432432432432432	0.23688037769304066	0.049315498881057469	0.97546866130990328	1.5405405405405406	275	275	false	false
RE0566C	0.12134728798605303	0.23243243243243245	0.5	1.0270335858627042e-05	0.026371524422458641	0.98811472918778309	1.4324324324324325	181	185	false	false
RE0575C	0.10960647543669269	0.091891891891891897	0.5	2.1433094480484741e-08	0.023425560195290442	0.98954390997623454	1.3756756756756756	170	185	false	false
RE0918C	1.5375851083104441e-27	0	0.1891891891891892	3.3945853733772341e-20	0	1	1	55	70	false	false
RE1517M		0.048148148148148148	0.48648648648648651	8.5363244576511992e-12	0.012121684027138728	0.99315669778892512	1.1486486486486487	0	180	false	false
RE1518X		0	0.24324324324324326	-3.9214488298810206e-24	0	1	1	0	90	false	false
RE1520X		0	0.24324324324324326	-3.9214488298810206e-24	0	1	1	0	90	false	false
RE1521M	0.10985754623263475	0.19030303030303031	0.7432432432432432	2.928779555650662e-05	0.049306394065120052	0.97245026044691185	1.5	259	275	false	false
RE1523X	0.10676220840298507	0.21171171171171169	1	1.3760787729851141e-05	0.065983610554936983	0.96725942949146271	1.6891891891891893	319	370	false	false
RE1527M		0.13333333333333333	0.48648648648648651	7.3368517245940459e-11	0.031453333162036558	0.98330968338951208	1.2297297297297298	0	180	false	false
RE1530M	0.10704412952996296	0.23515151515151517	0.7432432432432432	4.1817835508401888e-05	0.043805320813056131	0.97537213336368167	1.4864864864864864	252	275	false	false
RE1533X		0	0.24324324324324326	-3.9214488298810206e-24	0	1	1	0	90	false	false
RE1534X		0	0.24324324324324326	-1.333292602159547e-23	0	1	1	0	90	false	false
RE1573X		0	0.24324324324324326	-3.9214488298810206e-24	0	1	1	0	90	false	false
RE1835C	0.23924217533049774	0.25925925925925924	0.24324324324324326	1.0950071475670332e-08	0.021433811773905662	0.98942378655216667	1.1891891891891893	44	90	false	false
RE2235R			0		0	1	1	0	0	false	false
RE2407C	0.10751391484371958	0.24144144144144142	0.5	4.0090974468500738e-07	0.039032467334975035	0.98027688119240664	1.4459459459459461	145	185	false	false
RE2677C_1	2.5038267400576548e-27	0	0.12162162162162163	2.0077818008990822e-21	0	1	1	45	45	false	false
RE2677R_1			0		0	1	1	0	0	false	false
RE2912M	0.13301320732207064	0.27927927927927926	0.5	3.7953895206051392e-05	0.055654669056642091	0.9694487679881415	1.5	185	185	false	false
RE2988X	0.10898429733290022	0.1471794871794872	0.8783783783783784	1.447907680349678e-05	0.043713217787667701	0.97927364217568735	1.4324324324324325	268	325	false	false
RE2999M	0.10986046127863539	0.19030303030303031	0.7432432432432432	2.9288635309450997e-05	0.049306394065120052	0.97245026044691185	1.5	259	275	false	false
RE3000M	0.10986046127863539	0.19030303030303031	0.7432432432432432	2.9288635309450997e-05	0.049306394065120052	0.97245026044691185	1.5	259	275	false	false
RE3001M	0.10986046127863539	0.19030303030303031	0.7432432432432432	2.9288635309450997e-05	0.049306394065120052	0.97245026044691185	1.5	259	275	false	false
RE3010C	0.052421186725823236	0	0.25675675675675674	3.1592662209508843e-15	4.0261857162509597e-05	0.99999503503305998	1.0675675675675675	95	95	false	false
RE3016R	3.5699355151146119e-27	0	0.25675675675675674	-6.2769599459687101e-20	0	1	1	80	95	false	false
RE3076X	3.3327797125614309e-28	0	0.20270270270270271	-2.1957744264808651e-17	0	1	1	75	75	false	false
RE3113C	0.17994868300988384	0.40630630630630632	0.5	1.9981190512320882e-05	0.056207714707354188	0.97194662036247848	1.5	184	185	false	false
RE3119C	0.14764985656617699	0.25135135135135134	0.5	1.0533911691672076e-05	0.053149628713081945	0.9730870180440282	1.5	180	185	false	false
RE3120C	0.14764985656617699	0.25135135135135134	0.5	1.0533911691672076e-05	0.053149628713081945	0.9730870180440282	1.5	180	185	false	false
RE3121C	0.14764985656617699	0.25135135135135134	0.5	1.0533911691672076e-05	0.053149628713081945	0.9730870180440282	1.5	180	185	false	false
RE3134C	0.063215424382894597	0.19099099099099101	0.5	-1.4978282316584901e-08	0.03348511530495045	0.98110150477454183	1.3108108108108107	167	185	false	false
RE3156X			0		0	1	1	0	0	false	false
RE3161C		0.23043478260869565	0.3108108108108108	3.7765200375675056e-10	0.014401452673361593	0.99355832808086253	1.1756756756756757	0	115	false	false
RE3166C		0.22592592592592592	0.24324324324324326	-6.5634741695606434e-11	0.0054457640438013138	0.99861480013760906	1.1756756756756757	0	90	false	false
RE3170C		0.33148148148148149	0.24324324324324326	8.2679194514285748e-10	0.028425517322902164	0.98607044848245462	1.2432432432432432	0	90	false	false
RE3172C		0.33148148148148149	0.24324324324324326	8.2679194514285748e-10	0.028425517322902164	0.98607044848245462	1.2432432432432432	0	90	false	false
RE3173C		0.21481481481481479	0.24324324324324326	7.4331327620174425e-11	0.012050532679776522	0.99282991252549391	1.1756756756756757	0	90	false	false
RE3193M			0		0	1	1	0	0	false	false
RE3218C	7.8154455604525016e-29	0	0.12162162162162163	3.6140072416183481e-21	0	1	1	25	45	false	false
RE3231C	0.15618869664147247	0.26846846846846845	0.5	2.2264002393974107e-05	0.033348736900314715	0.9811828769627049	1.3243243243243243	182	185	false	false
RE3242C	0.014160704090235444	0.20869565217391303	0.3108108108108108	-2.2393801971678283e-06	0.001259366312865013	0.99973420154513937	1.1756756756756757	103	115	false	false
RE3243C	0.014160704090235444	0.20869565217391303	0.3108108108108108	-2.2393801971678283e-06	0.001259366312865013	0.99973420154513937	1.1756756756756757	103	115	false	false
RE3346M	0.043171858025336116	0.11333333333333333	0.67567567567567566	0.0022390887255958063	0.0079191112861984169	0.99729742251167997	1.1216216216216217	250	250	false	false
RE3432C	0.12704488286590937	0.17567567567567569	0.5	0.017778698518727588	0.020152771978529993	0.98867100303742317	1.2432432432432432	185	185	false	false
RE3470C			0		0	1	1	0	0	false	false
RE3488R			0		0	1	1	0	0	false	false
RE3496C		0	0.10810810810810811	4.8252202398926569e-26	0	1	1	0	40	false	false
RE3626M		0	0.48648648648648651	-2.5880030461265563e-24	0	1	1	0	180	false	false
RNDR1	0.058323935761821238	0.13603603603603603	1	0.0014286472310933997	0.034509455214562973	0.9828928169030402	1.472972972972973	275	370	false	false
RNDR2	0.05499435965290847	0.097948717948717942	0.8783783783783784	0.22444716655534339	0.03855931610451948	0.98021504789289104	1.3648648648648649	275	325	false	false
RSVATPtu	0.19171587041493973	0.26484848484848483	0.7432432432432432	9.3193615511869704e-05	0.049155163402643171	0.9757134243939235	1.4864864864864864	250	275	false	false
RSVSPONhc			0		0	1	1	0	0	false	false
RSVtev	0.12773324315195489	0.12909090909090909	0.7432432432432432	-0.010073867852447503	0.047398198827567996	0.97261254823714594	1.2837837837837838	273	275	false	false
RTOTAL3CRNt			0		0	1	1	0	0	false	false
RTOTALt	0.040725397590286566	0.16060606060606059	0.7432432432432432	8.6687093931904605e-05	0.021131234807835419	0.99017603485972239	1.472972972972973	252	275	false	false
S2T3g	0.040750335605862692	0.044444444444444446	0.36486486486486486	-1.4764329914344865e-08	0.0020514872595744568	0.99945431876640767	1.0675675675675675	108	135	false	false
S2TASE5ly	0.10457896876270342	0.16036036036036036	0.5	-1.2701914992698451e-07	0.03209453885111492	0.98431926865504504	1.2567567567567568	144	185	false	false
S3TASE3ly	0.22329831875605949	0.3981481481481482	0.24324324324324326	6.763240807164627e-07	0.028539632586607102	0.9851772587312313	1.2432432432432432	80	90	false	false
S4T1g	0.25449531840424627	0.14414414414414414	0.5	-2.6811394887567754e-06	0.06870957944465414	0.96327739330790174	1.2702702702702702	162	185	false	false
S4TASE4ly	0.27354890852546188	0.21851851851851853	0.24324324324324326	6.5506635453355663e-08	0.032081920548258244	0.9834083380973585	1.1891891891891893	70	90	false	false
S6T18g	0.08182465540323694	0.21979166666666666	0.43243243243243246	-1.4494190023065574e-07	0.018568068720640051	0.98999515467252486	1.3108108108108107	153	160	false	false
S6T2g	0.11745758775862419	0.33827160493827158	0.36486486486486486	1.0998823846397762e-06	0.016775007983219417	0.99362608073705971	1.3108108108108107	127	135	false	false
S6TASE11ly			0		0	1	1	0	0	false	false
S6TASE14ly			0		0	1	1	0	0	false	false
S6TASE17ly			0		0	1	1	0	0	false	false
S6TASE20ly			0		0	1	1	0	0	false	false
S6TASE23ly	0.16664533785378216	0.24567901234567899	0.36486486486486486	4.4277029031377905e-07	0.027249596474764805	0.98579852575974602	1.2432432432432432	102	135	false	false
S6TASE24ly	0.19717907737168242	0.3171171171171171	0.5	1.4642026275847814e-06	0.059867349248479335	0.96846413968155598	1.5	180	185	false	false
S6TASE4ly	0.058002890192182972	0.062162162162162166	0.5	2.1794556958443755e-08	0.013625960026500884	0.99283834394132131	1.2027027027027026	140	185	false	false
S6TASE8ly	0.27354890852546188	0.21851851851851853	0.24324324324324326	6.5506635453355663e-08	0.032081920548258244	0.9834083380973585	1.1891891891891893	70	90	false	false
S6TASE9ly	0.046959792463925142	0.083333333333333329	0.24324324324324326	-9.4515471339482293e-08	0.0084916539648338518	0.99592430949661703	1.1891891891891893	68	90	false	false
SACCD3m	1.4365094601954224e-27	0	0.10810810810810811	9.035018104045872e-22	0	1	1	24	40	false	false
SADT	0.10506557686492586	0.25135135135135134	0.5	0.00018915457093339645	0.025075237823907526	0.98944045324438756	1.4324324324324325	183	185	false	false
SALMCOM	0.24919961300806751	0.125	0.43243243243243246	3.7274031047829244e-08	0.016703992035123252	0.9901554830388537	1.2027027027027026	40	160	false	false
SARCStp	0.062497729111132577	0.16428571428571428	0.3783783783783784	2.5734620942560552e-08	0.0030397386020379505	0.99920627970909126	1.1216216216216217	128	140	false	false
SBPP1	0.18526101255289942	0.30606060606060609	0.7432432432432432	2.8805556013457958e-05	0.042903130351981789	0.97906719204506554	1.6081081081081081	266	275	false	false
SCP3x	0.06567676192847241	0.19333333333333333	0.7432432432432432	0.00015440990200185487	0.041271747655088613	0.97924950063895322	1.4864864864864864	273	275	false	false
SERGLYexR	0.072515450423590838	0.23423423423423426	0.5	0.015373919802674016	0.0050257829910747591	0.99803052430672656	1.2702702702702702	185	185	false	false
SERTRPHISt			0		0	1	1	0	0	false	false
SIAT9g	4.3921165168659351e-30	0	0.13513513513513514	1.0272815584300155e-19	0	1	1	25	50	false	false
SMS1			0		0	1	1	0	0	false	false
SMS12			0		0	1	1	0	0	false	false
SMS2			0		0	1	1	0	0	false	false
SMS3			0		0	1	1	0	0	false	false
SMS4			0		0	1	1	0	0	false	false
SMS8			0		0	1	1	0	0	false	false
SO4CLtex2	0.032036278904765507	0.076576576576576572	0.5	-0.00026004268851297985	0.0036940666715624421	0.99778127967419727	1.2432432432432432	185	185	false	false
SPHINGStl	8.8880963806958381e-28	0	0.5	3.3209796274330762e-21	0	1	1	165	185	false	false
SPHK11			0		0	1	1	0	0	false	false
SPHK21c	0.13516624890778442	0.18242424242424241	0.7432432432432432	2.4406705291662451e-05	0.054886683270122291	0.97251225420427656	1.6756756756756757	259	275	false	false
SPHMYLN18114_hs_ATPt			0		0	1	1	0	0	false	false
SPHMYLN18115_hs_ATPt			0		0	1	1	0	0	false	false
SPHMYLN18117_hs_ATPt			0		0	1	1	0	0	false	false
SPHMYLNtg	5.078383131908991e-31	0.0060606060606060606	0.29729729729729731	-4.2464853415114538e-13	0.00022750118106214844	0.9999497728349922	1.0675675675675675	55	110	false	false
SPMS	4.9131185326448082e-07	0.014814814814814814	0.24324324324324326	-1.449929717895656e-09	0.00060333750805265703	0.99985653683021614	1.0540540540540539	32	90	false	false
SPR	0.084809629804401737	0.099099099099099086	0.5	2.1604896812238982e-07	0.015109911974712542	0.99275654585887929	1.2432432432432432	125	185	false	false
SPRMS	0.13323323557756289	0.22072072072072069	0.5	4.1412728913320544e-07	0.055841365451583511	0.97044112722182141	1.3648648648648649	168	185	false	false
ST3GAL21g	9.512705011028593e-30	0	0.1891891891891892	-3.1493491676959887e-20	0	1	1	65	70	false	false
ST3GAL61g			0		0	1	1	0	0	false	false
ST8SIA52g	5.7814427395882244e-30	0	0.067567567567567571	2.0816681711721684e-19	0	1	1	15	25	false	false
STRDNCCOAtxc		0.1074074074074074	0.24324324324324326	9.7521927263669117e-11	0.012604858152349574	0.99401701673776366	1.1891891891891893	0	90	false	false
STRDNCCPT2	0.16887833279397244	0.35677083333333337	0.86126126126126135	1.257446697119724e-05	0.078942415371298924	0.96088071159337773	1.7972972972972974	303	320	false	false
SUBERCACT			0		0	1	1	0	0	false	false
SUCCACT	5.0877126445475269e-29	0	0.43243243243243246	-1.8250736570172656e-19	0	1	1	150	160	false	false
SUCD1m	0.054582625522764494	0.1198198198198198	1	0.00012898826214499245	0.032644451583974242	0.98361317962733519	1.3648648648648649	328	370	true	false
SULFOX			0		0	1	1	0	0	false	false
TACRtu			0		0	1	1	0	0	false	false
TDCA3Sabc	0.19295863029343815	0.18727272727272729	0.7432432432432432	1.4345402159353696e-05	0.028406514458700512	0.98389578959883961	1.4054054054054055	221	275	false	false
TETPENT3CPT2	0.060007198718981448	0.1954022988505747	0.39189189189189189	0.0042123387885874613	0.021802229972761572	0.98949281575471681	1.1891891891891893	145	145	false	false
TETTET6CPT2	0.1039370646215195	0.24210526315789474	0.25675675675675674	-0.00049190934330646291	0.034262959905788239	0.98212863367981906	1.2567567567567568	95	95	false	false
THEXDDm	0.20558415922991491	0.17407407407407408	0.24324324324324326	4.2220200876746414e-08	0.0071520001137025616	0.99657433145863761	1.1351351351351351	31	90	false	false
THFtl	0.10946530148080047	0.30270270270270272	0.5	0.0001427696281287201	0.04794711661967823	0.97747229050653861	1.4324324324324325	184	185	false	false
THFtm	0.021180745343973927	0.054545454545454543	0.7432432432432432	9.1045518857501407e-06	0.0052300969447894568	0.9982251415495017	1.1756756756756757	245	275	false	false
THRCYSNaEx	0.027300211867022989	0.059259259259259255	0.24324324324324326	7.7239232477118567e-05	1.1539328062607542e-05	0.99999877021129435	1.0675675675675675	90	90	false	false
THRPHEARGt			0		0	1	1	0	0	false	false
THYMDt1	7.2774315031006878e-28	0	0.48648648648648651	-9.1490601103369393e-17	0	1	1	180	180	false	false
THYMDtl	9.4860468219289713e-27	0	0.067567567567567571	-2.3129646346357428e-19	0	1	1	20	25	false	false
TMDK1	0.15522663334426115	0.23272727272727273	0.7432432432432432	8.985181449724869e-05	0.065986819294254234	0.96256688149107716	1.4864864864864864	262	275	false	false
TMNDNCCRNt	0.031330531338319215	0.070303030303030298	0.7432432432432432	0.2255871701774623	0.0052906740046874323	0.99821581738120657	1.1756756756756757	265	275	false	false
TPI	0.062329998231930861	0.1864864864864865	1	3.1549537549512633e-05	0.057648936531719895	0.96955913641313984	1.4864864864864864	363	370	true	true
TRIPVStev	0.131582833044809	0.24954954954954953	0.5	4.5512674527711194e-05	0.028091528263256074	0.98547900619480189	1.3648648648648649	182	185	false	false
TRPILELYSt			0		0	1	1	0	0	false	false
TRPLYSt			0		0	1	1	0	0	false	false
TRPMETARGt			0		0	1	1	0	0	false	false
TRPTHRTYRt			0		0	1	1	0	0	false	false
TRPVALASPt			0		0	1	1	0	0	false	false
TSTSTERONEtr	0.023924313338270765	0.019047619047619046	0.1891891891891892	-8.0138207497257914e-08	0.0035281813026325211	0.99755204715325074	1.0540540540540539	45	70	false	false
TTCCOAtx	0.05059323340518837	0.10370370370370371	0.24324324324324326	3.2775547145415141e-06	0.0073563276429418813	0.99663493382628043	1.1216216216216217	88	90	false	false
TTDCRNt	0.11677755617508602	0.18303030303030304	0.7432432432432432	0.25410480207445696	0.045833073906784899	0.97594606916908222	1.2972972972972974	270	275	false	false
TYRASPARGt			0		0	1	1	0	0	false	false
TYRGLUt			0		0	1	1	0	0	false	false
TYRLEUARGt			0		0	1	1	0	0	false	false
TYRVALMETt			0		0	1	1	0	0	false	false
UAG2EMA	0.18322412141939104	0.29333333333333333	0.67567567567567566	2.9632030709058401e-06	0.070539477222441693	0.96467931814502683	1.5	233	250	false	false
UAGALDP	0.11470910113536741	0.22342342342342345	0.5	-2.8106169148489879e-06	0.039607845820147231	0.97983294688597322	1.4459459459459461	183	185	false	false
UGLCNACtg	0.14046737225662417	0.29459459459459458	0.5	1.1353146166346751e-05	0.050992338477653727	0.97267961089352029	1.5	183	185	false	false
UMPK3n	0.047346526116932186	0.17387387387387387	0.5	0.34202485946215111	0.0099794473224842674	0.99512405020462791	1.3108108108108107	185	185	false	false
UMPK4n	0.046115986505589159	0.10810810810810811	0.5	0.0090096160579206611	0.017915974168950927	0.99181021847285344	1.2567567567567568	185	185	false	false
UMPK5n	0.046411894293508296	0.12882882882882882	0.5	0.0015775215119450993	0.015394601830258986	0.99268743722682307	1.1351351351351351	185	185	false	false
UMPtr	0.071938750505421381	0.19279279279279277	0.5	0.024874273709703999	0.020609847527931751	0.99031786376900544	1.3783783783783783	185	185	false	false
URIDK2m	0.10566971569294496	0.21939393939393936	0.7432432432432432	2.5006987505933654e-05	0.047161520648846197	0.97595799533514638	1.5405405405405406	272	275	false	false
VALLEUPHEt			0		0	1	1	0	0	false	false
VALLYSTYRt			0		0	1	1	0	0	false	false
VALTA	2.6343786690513824e-28	0	0.5	1.1758115519422587e-18	0	1	1	146	185	false	false
VLCSp	0.26265787720061851	0.32962962962962961	0.24324324324324326	-8.3505767832802432e-08	0.019517024928587492	0.9934999078885397	1.2432432432432432	72	90	false	false
VLCSr	3.6528843080251796e-31	0	0.13513513513513514	-8.4703294725430036e-24	0	1	1	15	50	false	false
XOLEST183CEH	1.3887461462483183e-30	0	0.44594594594594594	2.5298050691328437e-20	0	1	1	122	165	false	false
XOLTRI24tc	0.0065042738731244934	0.011111111111111112	0.24324324324324326	1.4576920255190663e-08	7.9946736952305831e-05	0.99998596471271428	1.0540540540540539	24	90	false	false
XSERtg	0.17527136801343626	0.2279279279279279	0.5	2.2367133766398451e-05	0.046511802571029867	0.97665882589919195	1.3783783783783783	166	185	false	false
r0002	0.012686233866470803	0.049645390070921981	0.63513513513513509	4.4291971237937932e-06	0.0042735209046601092	0.99852427463276472	1.2567567567567568	220	235	false	false
r0016	0.056849831038845708	0.12	0.54054054054054057	2.7196196013836657e-06	0.016606680803906069	0.99220665107549255	1.1891891891891893	180	200	false	false
r0082	0.035180429834535877	0.0303030303030303	0.7432432432432432	0.00069635521854618414	0.0043470436128243599	0.99824251165329869	1.1081081081081081	268	275	false	false
r0149			0		0	1	1	0	0	false	false
r0156	0.034917542144581301	0.057657657657657652	0.5	4.1087277097571422e-06	0.019780484691300892	0.98963333172533074	1.1081081081081081	168	185	false	false
r0166	0.14839405909017792	0.23603603603603601	0.5	1.3755219347770853e-05	0.044058281998506435	0.97766781046680751	1.3648648648648649	181	185	false	false
r0170	0.11839852339528562	0.2878787878787879	0.7432432432432432	0.0084104383843285977	0.060884686658901621	0.96813593530832287	1.6756756756756757	275	275	false	false
r0196	0.0045860899745337833	0.066666666666666666	0.56756756756756754	0.10543755088325837	0.0019342987286613254	0.9994643049835491	1.1756756756756757	206	210	false	false
r0202	0.076260939345101753	0.2688888888888889	0.60810810810810811	0.00034987967330409351	0.013892956878781264	0.99542059529865923	1.2972972972972974	225	225	true	true
r0249	0.15076635819314682	0.24504504504504507	0.5	0.020803345249993381	0.043834806556049287	0.97920234022812358	1.3648648648648649	185	185	false	false
r0287	0.020309477891559614	0.050724637681159417	0.3108108108108108	-1.9502068961581419e-06	0.0051657161896084677	0.99684444700319397	1.0675675675675675	89	115	false	false
r0311	0.094278255687420473	0.16848484848484849	0.7432432432432432	4.1634980926879224e-06	0.02848353937697334	0.98486073375586392	1.4675675675675677	261	275	false	false
r0385	1.2689570117135067e-27	0	0.067567567567567571	-2.3852447794681098e-20	0	1	1	20	25	false	false
r0386	1.3537975886281379e-29	0	0.067567567567567571	-1.3552527156068806e-21	0	1	1	25	25	false	false
r0403			0		0	1	1	0	0	false	false
r0407	0.061141394766408855	0.21979166666666666	0.86486486486486491	0.0030223637320568432	0.0325912117248894	0.98082864460703723	1.6216216216216217	309	320	false	false
r0410			0		0	1	1	0	0	false	false
r0422	0.035180429834535877	0.0303030303030303	0.7432432432432432	0.00069635521854618414	0.0043470436128243599	0.99824251165329869	1.1081081081081081	268	275	false	false
r0425	0.05515017195381617	0.093333333333333338	0.7432432432432432	0.24326836033275925	0.014303269415188447	0.99380129480782597	1.2162162162162162	275	275	false	false
r0431_1	0.10751839165597485	0.13508771929824559	0.51351351351351349	-2.8338044564413725e-05	0.043006293983189073	0.97664627965679429	1.3243243243243243	172	190	false	false
r0440	0.15244333716773423	0.3112612612612613	1	3.1193539557250229e-05	0.081154585641176238	0.96238250983080886	1.8648648648648649	340	370	false	false
r0444	0.20275133054723979	0.33423423423423426	0.5	5.7336144551111811e-05	0.075768616590072085	0.96108710976885303	1.5	185	185	false	false
r0483	0.037567496886784284	0.05185185185185185	0.60810810810810811	0.2670376171963571	0.0049382626737717716	0.99838023973024115	1.0405405405405406	195	225	false	false
r0511	0.073620030784453214	0.093333333333333324	0.67567567567567566	6.5790804974911457e-08	0.016258785166458935	0.99415658036720167	1.3108108108108107	160	250	false	false
r0596	0.059755004584543997	0.075438596491228069	0.25675675675675674	-1.6489626962217847e-05	0.01474990584784574	0.99137205527132433	1.1351351351351351	93	95	false	false
r0636	0.050599060539365429	0.14864864864864866	0.5	-0.00041755749563569816	0.015065257024812085	0.99344959643346431	1.3108108108108107	185	185	false	false
r0643	0.041037906460884871	0.040540540540540543	0.5	0.00011293587356089874	0.015042411426163397	0.99192042064909924	1.1891891891891893	183	185	false	false
r0670			0		0	1	1	0	0	false	false
r0673	0.13904528829316978	0.17837837837837839	0.5	5.0719541090944854e-07	0.062395059025153965	0.96291520462810665	1.3783783783783783	173	185	false	false
r0706	0.44861698674998673	0.30740740740740741	0.24324324324324326	4.8333067088145337e-07	0.035100806310655437	0.98334636686306598	1.2432432432432432	72	90	false	false
r0714_1	0.044881764321121717	0.18695652173913044	0.3108108108108108	2.322420932977354e-05	0.0063831581876764073	0.99699941379343904	1.1351351351351351	100	115	false	false
r0732	0.12991364456994234	0.22608695652173913	0.3108108108108108	1.5063861047630302e-05	0.023204222551862243	0.98808527730360862	1.1351351351351351	100	115	false	false
r0756	0.01201914643721959	0.04242424242424242	0.7432432432432432	0.00058997664257119003	0.0086077373134109975	0.99681680013390195	1.1081081081081081	275	275	false	false
r0786	0.054696869331026583	0.10270270270270271	0.5	1.4252844132912404e-05	0.016523855527153321	0.99096903057241159	1.3648648648648649	185	185	false	false
r0830	0.046820378933196821	0.099099099099099086	0.5	0.33284105867235669	0.0086203838857864378	0.99712762274892219	1.1081081081081081	185	185	false	false
r0860	0.13217855862215239	0.27393939393939393	0.7432432432432432	7.2857492072202698e-05	0.054943234346151774	0.97186448468504272	1.5540540540540539	237	275	false	false
r0892	0.12330038460522361	0.22702702702702704	0.5	0.00011076529267890039	0.049929455904653322	0.97350549527367025	1.3648648648648649	181	185	false	false
r0899	0.13026798888285487	0.17837837837837839	0.5	5.725590688547506e-06	0.039788660394601119	0.97805866009061437	1.3648648648648649	165	185	false	false
r0926	0.15656530205434058	0.25405405405405407	0.5	-3.3810146498124283e-06	0.050703475377411787	0.97521257376481585	1.5	183	185	false	false
r0954	0.028157504215592467	0.086666666666666656	0.7432432432432432	-0.00025559113339240552	0.027333762578424025	0.98592975467828714	1.2297297297297298	275	275	false	false
r1003	0.15244333716773423	0.3112612612612613	1	3.1193539557250229e-05	0.081154585641176238	0.96238250983080886	1.8648648648648649	340	370	false	false
r1051	0.069749004306489767	0.043243243243243246	0.5	-0.0027024468373471507	0.020669466156110337	0.98950837705234096	1.2972972972972974	185	185	false	false
r1116	0.050157560333780125	0.13243243243243244	0.5	1.4240066225974111e-05	0.02003411272182307	0.98980406402982113	1.1891891891891893	173	185	false	false
r1134	0.1165114056245535	0.26666666666666666	0.44594594594594594	1.2680613972202136e-06	0.023526563726101669	0.98900084995483772	1.2432432432432432	140	165	false	false
r1148	0.1290597864474837	0.20526315789473684	0.77027027027027029	0.018530839204731746	0.065428404577564742	0.96410747258866092	1.4459459459459461	255	285	false	false
r1150	4.7432484665491815e-27	0	0.12162162162162163	-9.8782864604234847e-20	0	1	1	40	45	false	false
r1164	0.10447542191637028	0.25454545454545452	0.7432432432432432	1.314150009616632e-05	0.022489955865560341	0.990430456139342	1.4675675675675677	261	275	false	false
r1165	0.23039687981039134	0.23939393939393938	0.7432432432432432	1.926974930789277e-06	0.043528484671128381	0.97813427521363761	1.4189189189189189	214	275	false	false
r1168	0.14513625828977642	0.16545454545454547	0.7432432432432432	1.3060013894758967e-05	0.035781827174965752	0.98211023095077543	1.472972972972973	241	275	false	false
r1170	0.12725766974496158	0.24181818181818182	0.7432432432432432	2.55984400639329e-05	0.037194487731260287	0.9800514885086884	1.472972972972973	244	275	false	false
r1183	0.22708821643960866	0.25818181818181818	0.7432432432432432	1.0810391893449149e-05	0.072473115451026485	0.95998135407808616	1.6216216216216217	243	275	false	false
r1260	0.2291353208131556	0.34363636363636363	0.7432432432432432	6.6733742031449658e-05	0.060706950342929319	0.96709105279392749	1.5405405405405406	244	275	false	false
r1367	0.20857467080158074	0.34684684684684686	0.5	4.0679626314694594e-05	0.051291220884487447	0.97449807391319887	1.4459459459459461	181	185	false	false
r1378	0.21195023784563394	0.38421052631578945	0.25675675675675674	0.046902983230567317	0.027370467403178184	0.98503414452537108	1.2540540540540541	95	95	false	false
r1380	0.0013885660677168366	0.066666666666666666	0.24324324324324326	1.5377955267187096e-08	7.5023050944012385e-05	0.99998819700996444	1.0540540540540539	70	90	false	false
r1382_1	0.12945129376044334	0.26574074074074078	0.48648648648648651	8.3530412138026103e-07	0.012963560131020685	0.99482487488778282	1.3108108108108107	127	180	false	false
r1383_1	0.21710289263737756	0.2309090909090909	0.7432432432432432	1.0341857704898284e-06	0.071697539711576191	0.96117868531806916	1.5	242	275	false	false
r1435	0.0025357575085518461	0.059459459459459463	0.5	0.00030203249290882474	0.0023103200324429978	0.99906110235960977	1.1216216216216217	180	185	false	false
r1447	0.060251448374968486	0.090740740740740733	0.48648648648648651	4.850640453800734e-05	0.014944356878475387	0.99286318379262906	1.1081081081081081	159	180	false	false
r1472	0.035047405769545584	0.040579710144927533	0.3108108108108108	-5.9181973584033593e-08	0.006621888118349197	0.99761488210506288	1.1216216216216217	108	115	false	false
r1531_1	0.12809372965805862	0.07407407407407407	0.36486486486486486	0.00011126199461812239	0.01180985055495559	0.99437201251009943	1.0405405405405406	78	135	false	false
r1557	0.068006169649082959	0.1171171171171171	0.5	-0.011044615929232034	0.031602309374098622	0.98215265086960457	1.2567567567567568	185	185	false	false
r1559	0.052939363025766038	0.11825396825396825	0.56756756756756754	0.012367836776139372	0.017503916209558924	0.99094592193245756	1.2567567567567568	210	210	false	false
r1560	0.0082629793863373841	0.076984126984126988	0.56756756756756754	0.00023296496976091998	0.0013436224208725198	0.99970410524265618	1.2432432432432432	200	210	false	false
r1568	0.03603239852981386	0.1828828828828829	0.5	0.025427180848318673	0.012720268845199641	0.99404511018048924	1.2432432432432432	185	185	false	false
r1573	0.025008028500451609	0.074774774774774774	0.5	-0.0058472565059305183	0.0024222988537368306	0.9993404628645024	1.2432432432432432	185	185	false	false
r1574	0.027762515911208371	0.10450450450450449	0.5	0.0076276765982166211	0.0040958324694838543	0.99787325828899287	1.1081081081081081	185	185	false	false
r1575	0.033353852666621213	0.10900900900900899	0.5	0.0049296430137041117	0.019385844467451386	0.99085126198538442	1.2297297297297298	185	185	false	false
r1583	0.051369439890272317	0.087387387387387369	0.5	-0.0035304075667988363	0.012354088929665309	0.99503378924088892	1.2297297297297298	185	185	false	false
r1584	0.10725644278604693	0.091891891891891897	0.5	0.40946895781723924	0.025108323340112711	0.98744335956970142	1.2972972972972974	185	185	false	false
r1592	0.022775437389186304	0.14234234234234233	0.5	-0.0038139194895394483	0.014383898832034437	0.99271271443655729	1.2027027027027026	185	185	false	false
r1595	0.015761020782673704	0.044144144144144144	0.5	-0.0016048551407054027	0.0079802442974657647	0.99616451136194528	1.1351351351351351	185	185	false	false
r1596	0.092942330446181179	0.19279279279279277	0.5	0.41657751909068064	0.013004809814060325	0.99470169298038791	1.2972972972972974	185	185	false	false
r1599	0.032625125664677741	0.12342342342342341	0.5	0.0039469552679784045	0.020140846215924813	0.98693070827192741	1.2432432432432432	185	185	false	false
r1604	0.020337390331425845	0.07567567567567568	0.5	-0.0028235655627429188	0.015338658310316272	0.99106564849608636	1.1891891891891893	185	185	false	false
r1609	0.011911671971242467	0.04504504504504505	0.5	0.010255273057249917	0.00047624381428873892	0.99990597605070031	1.1081081081081081	185	185	false	false
r1615	0.054063910394925856	0.21081081081081082	0.5	0.024368449904427474	0.022076123120477534	0.98790686353468338	1.2972972972972974	185	185	false	false
r1625	0.010467452486858589	0.028828828828828826	0.5	1.0389663915906272e-07	0.00065697079919412797	0.99983646597309472	1.1081081081081081	185	185	false	false
r1628	0.044919630888206427	0.095495495495495505	0.5	0.13868498776686675	0.0022849305548369946	0.99929893219289001	1.1756756756756757	185	185	false	false
r1637	0.052399841875311222	0.079279279279279274	0.5	0.33335826060154616	0.0050654080344978919	0.99831700072509422	1.1081081081081081	185	185	false	false
r1653	0.13397879134173205	0.1891891891891892	0.5	0.3759810857754976	0.034290352307106038	0.98253009104231703	1.3108108108108107	185	185	false	false
r1654	0.05238930967774641	0.083783783783783788	0.5	0.33642954723819202	0.006747621755212852	0.99774158274736258	1.1081081081081081	185	185	false	false
r1657	0.07258929205102338	0.14324324324324325	0.5	0.0063910401922337122	0.021444023904707794	0.98928373737908581	1.3243243243243243	185	185	false	false
r1660	0.0057831590448648778	0.019819819819819819	0.5	-0.0018477696362306411	0.0015122427356369472	0.99958079570900504	1.0675675675675675	185	185	false	false
r1999	1.9438026259140088e-27	0	0.20270270270270271	9.9096078565175111e-19	0	1	1	70	75	false	false
r2002	5.9424437874704105e-24	0	0.20270270270270271	2.9312971802950311e-17	0	1	1	75	75	false	false
r2035	1.5462561109876818e-25	0	0.20270270270270271	-4.0862375211898299e-19	0	1	1	75	75	false	false
r2125	0.023538077772457647	0.10060606060606062	0.7432432432432432	0.011393538390657749	0.022108111333563142	0.98802247332790827	1.3513513513513513	275	275	false	false
r2335	0.0150613398570053	0.045161290322580643	0.41891891891891891	4.2484300949910726e-05	1.1311096125450941e-05	0.99999879792515689	1.0675675675675675	155	155	false	false
r2372	0.030027096279585802	0.0945945945945946	0.5	0.0027922275753326301	0.015602730932731654	0.99212059387724161	1.2567567567567568	185	185	false	false
r2376	0.020362146125704125	0.040540540540540543	0.5	0.0028638113174532442	0.0035068401109622552	0.99839962794147041	1.1756756756756757	185	185	false	false
r2381	0.13020026454142006	0.15925925925925924	0.24324324324324326	3.1449963986440561e-05	0.006275320318340355	0.99800249756913784	1.1756756756756757	88	90	false	false
r2385	0.22057107633941631	0.33888888888888891	0.24324324324324326	7.6049732879603281e-06	0.016122029728180658	0.99378153830196281	1.1756756756756757	90	90	false	false
r2392	0.086875739262033277	0.20925925925925926	0.24324324324324326	-0.0045310672433189645	0.0089966949400718844	0.9963107440890645	1.1756756756756757	90	90	false	false
r2438	0.10638172244139153	0.14054054054054055	0.5	0.0060541353695181752	0.029333054904223662	0.98373782136886712	1.2432432432432432	185	185	false	false
r2497	0.018159129356704599	0.050666666666666665	0.67567567567567566	6.3358490008186968e-07	0.013590271088830265	0.99136438620687806	1.2297297297297298	231	250	false	false
r2502	0.25129894043060674	0.28148148148148144	0.48648648648648651	1.8470223772776108e-05	0.047341694913248175	0.97718186257978956	1.4189189189189189	172	180	false	false
r2508	0.02631198500768725	0.028571428571428571	0.3783783783783784	3.2751903417235072e-06	0.00078191578763717	0.99983403453755104	1.0540540540540539	140	140	false	false
r2510	0.024899391246073092	0.014492753623188404	0.3108108108108108	-2.3462390722801166e-08	0.0042317857961267653	0.99852951298767101	1.0675675675675675	10	115	false	false
r2514m	0.13301320732207064	0.27927927927927926	0.5	3.7953895206051392e-05	0.055654669056642091	0.9694487679881415	1.5	185	185	false	false
r2521	0.067386502076418886	0.14599999999999999	0.67567567567567566	0.0023459346638881758	0.02945628261610727	0.98578387477613638	1.4459459459459461	250	250	false	false
