subsystem	reaction_count	delta_b_mean_median	delta_b_mean_q10	delta_b_mean_q90	delta_b_mean_finite_count	delta_b_mean_nonfinite_count	delta_b_sd_median	delta_b_sd_q10	delta_b_sd_q90	delta_b_sd_finite_count	delta_b_sd_nonfinite_count	delta_b_q10_median	delta_b_q10_q10	delta_b_q10_q90	delta_b_q10_finite_count	delta_b_q10_nonfinite_count	delta_b_q50_median	delta_b_q50_q10	delta_b_q50_q90	delta_b_q50_finite_count	delta_b_q50_nonfinite_count	delta_b_q90_median	delta_b_q90_q10	delta_b_q90_q90	delta_b_q90_finite_count	delta_b_q90_nonfinite_count	delta_b_width80_median	delta_b_width80_q10	delta_b_width80_q90	delta_b_width80_finite_count	delta_b_width80_nonfinite_count	uniform_delta_b_mean_median	uniform_delta_b_mean_q10	uniform_delta_b_mean_q90	uniform_delta_b_mean_finite_count	uniform_delta_b_mean_nonfinite_count	uniform_delta_b_sd_median	uniform_delta_b_sd_q10	uniform_delta_b_sd_q90	uniform_delta_b_sd_finite_count	uniform_delta_b_sd_nonfinite_count	uniform_delta_b_q10_median	uniform_delta_b_q10_q10	uniform_delta_b_q10_q90	uniform_delta_b_q10_finite_count	uniform_delta_b_q10_nonfinite_count	uniform_delta_b_q50_median	uniform_delta_b_q50_q10	uniform_delta_b_q50_q90	uniform_delta_b_q50_finite_count	uniform_delta_b_q50_nonfinite_count	uniform_delta_b_q90_median	uniform_delta_b_q90_q10	uniform_delta_b_q90_q90	uniform_delta_b_q90_finite_count	uniform_delta_b_q90_nonfinite_count	uniform_delta_b_width80_median	uniform_delta_b_width80_q10	uniform_delta_b_width80_q90	uniform_delta_b_width80_finite_count	uniform_delta_b_width80_nonfinite_count	anchor_sd_contraction_median	anchor_sd_contraction_q10	anchor_sd_contraction_q90	anchor_sd_contraction_finite_count	anchor_sd_contraction_nonfinite_count	anchor_width80_contraction_median	anchor_width80_contraction_q10	anchor_width80_contraction_q90	anchor_width80_contraction_finite_count	anchor_width80_contraction_nonfinite_count	p_negative_median	p_negative_q10	p_negative_q90	p_negative_finite_count	p_negative_nonfinite_count	p_tie_median	p_tie_q10	p_tie_q90	p_tie_finite_count	p_tie_nonfinite_count	p_positive_median	p_positive_q10	p_positive_q90	p_positive_finite_count	p_positive_nonfinite_count	dominant_sign_mass_median	dominant_sign_mass_q10	dominant_sign_mass_q90	dominant_sign_mass_finite_count	dominant_sign_mass_nonfinite_count	directional_entropy3_median	directional_entropy3_q10	directional_entropy3_q90	directional_entropy3_finite_count	directional_entropy3_nonfinite_count	joint_ess_median	joint_ess_q10	joint_ess_q90	joint_ess_finite_count	joint_ess_nonfinite_count	negative_ess_median	negative_ess_q10	negative_ess_q90	negative_ess_finite_count	negative_ess_nonfinite_count	tie_ess_median	tie_ess_q10	tie_ess_q90	tie_ess_finite_count	tie_ess_nonfinite_count	positive_ess_median	positive_ess_q10	positive_ess_q90	positive_ess_finite_count	positive_ess_nonfinite_count	negative_abs_mean_median	negative_abs_mean_q10	negative_abs_mean_q90	negative_abs_mean_finite_count	negative_abs_mean_nonfinite_count	negative_abs_q10_median	negative_abs_q10_q10	negative_abs_q10_q90	negative_abs_q10_finite_count	negative_abs_q10_nonfinite_count	negative_abs_q50_median	negative_abs_q50_q10	negative_abs_q50_q90	negative_abs_q50_finite_count	negative_abs_q50_nonfinite_count	negative_abs_q90_median	negative_abs_q90_q10	negative_abs_q90_q90	negative_abs_q90_finite_count	negative_abs_q90_nonfinite_count	negative_abs_width80_median	negative_abs_width80_q10	negative_abs_width80_q90	negative_abs_width80_finite_count	negative_abs_width80_nonfinite_count	positive_abs_mean_median	positive_abs_mean_q10	positive_abs_mean_q90	positive_abs_mean_finite_count	positive_abs_mean_nonfinite_count	positive_abs_q10_median	positive_abs_q10_q10	positive_abs_q10_q90	positive_abs_q10_finite_count	positive_abs_q10_nonfinite_count	positive_abs_q50_median	positive_abs_q50_q10	positive_abs_q50_q90	positive_abs_q50_finite_count	positive_abs_q50_nonfinite_count	positive_abs_q90_median	positive_abs_q90_q10	positive_abs_q90_q90	positive_abs_q90_finite_count	positive_abs_q90_nonfinite_count	positive_abs_width80_median	positive_abs_width80_q10	positive_abs_width80_q90	positive_abs_width80_finite_count	positive_abs_width80_nonfinite_count	negative_width80_contraction_vs_all_median	negative_width80_contraction_vs_all_q10	negative_width80_contraction_vs_all_q90	negative_width80_contraction_vs_all_finite_count	negative_width80_contraction_vs_all_nonfinite_count	positive_width80_contraction_vs_all_median	positive_width80_contraction_vs_all_q10	positive_width80_contraction_vs_all_q90	positive_width80_contraction_vs_all_finite_count	positive_width80_contraction_vs_all_nonfinite_count	sign_magnitude_eta2_median	sign_magnitude_eta2_q10	sign_magnitude_eta2_q90	sign_magnitude_eta2_finite_count	sign_magnitude_eta2_nonfinite_count	sign_magnitude_correlation_median	sign_magnitude_correlation_q10	sign_magnitude_correlation_q90	sign_magnitude_correlation_finite_count	sign_magnitude_correlation_nonfinite_count	delta_anchor_target_correlation_median	delta_anchor_target_correlation_q10	delta_anchor_target_correlation_q90	delta_anchor_target_correlation_finite_count	delta_anchor_target_correlation_nonfinite_count	abs_delta_anchor_target_correlation_median	abs_delta_anchor_target_correlation_q10	abs_delta_anchor_target_correlation_q90	abs_delta_anchor_target_correlation_finite_count	abs_delta_anchor_target_correlation_nonfinite_count	delta_lactate_mean_median	delta_lactate_mean_q10	delta_lactate_mean_q90	delta_lactate_mean_finite_count	delta_lactate_mean_nonfinite_count	delta_lactate_sd_median	delta_lactate_sd_q10	delta_lactate_sd_q90	delta_lactate_sd_finite_count	delta_lactate_sd_nonfinite_count	delta_lactate_target_correlation_median	delta_lactate_target_correlation_q10	delta_lactate_target_correlation_q90	delta_lactate_target_correlation_finite_count	delta_lactate_target_correlation_nonfinite_count	abs_delta_lactate_target_correlation_median	abs_delta_lactate_target_correlation_q10	abs_delta_lactate_target_correlation_q90	abs_delta_lactate_target_correlation_finite_count	abs_delta_lactate_target_correlation_nonfinite_count
Aminosugar metabolism	26	0	0	0	26	0	6.7776216136006212e-07	0	0.00091571518168011604	26	0	0	-0.00053359583611468236	0	26	0	0	0	0	26	0	0	0	2.3268778787511391e-17	26	0	0	0	0.0014769187113105632	26	0	0	-9.0727664488587242e-05	0	26	0	0.00013796932077163004	0	0.0026292456098354431	26	0	0	-0.00098308321043709098	0	26	0	0	-0.00016886426063276986	0	26	0	0	0	0.00023043856378381674	26	0	0.00036607270869172683	0	0.0064647639638141918	26	0	0.55092448068485766	0.43940506116124661	0.67702672024661381	23	3	0.65820055287524193	0.55335500231966206	0.73636359918218119	23	3	0	0	0.22817593154749882	26	0	0.49999999999999983	0	1	26	0	0	0	0.036912869818713445	26	0	1	0.99985181000755952	1	26	0	0	0	0.0012245544450716372	26	0	13.86058447539385	13.86058447539385	13.86058447539385	26	0	7.8627213619060869	6.8523134871045626	11.788877523910713	23	3	16.765286341094082	13.860584475393846	16.975836880981841	26	0	5.9906323684296181	3.3081268531198202	12.962010724824111	23	3	0.0017848579662847531	0.00028524954948828496	0.0066497602433576129	23	3	0.0010045963176777899	7.2523870152455986e-05	0.003366918098038075	23	3	0.0017464560451899264	0.00025031226196095768	0.0067678523764427307	23	3	0.0026818426871105029	0.0004784161536924217	0.010279261766068682	23	3	0.00065536302215924531	0.0001417479235757894	0.0053438018111041877	23	3	0.0012142441128879316	0.00018920567092011001	0.0036869942676415854	23	3	0.00039952913391923944	7.6649794545510878e-05	0.0020422762807633557	23	3	0.0010174997755903377	0.00016538210692360508	0.003719225295345633	23	3	0.0017008865987613963	0.00025288647659424775	0.0061184132968765013	23	3	0.00048400911722019848	8.110953446544251e-05	0.0031035443096811542	23	3	0.00036924833177937044	0	0.37008071196132408	23	3	0.43254664995417491	0	0.66660374304374148	23	3	0.0016288617450004584	4.9177038730563784e-31	0.021535617693770267	22	4	-0.0027390514822429246	-0.024560884909025409	0.092866661355339455	22	4	0.054089306308661461	-0.031138871516540993	0.18508721053675875	22	4	0.049649761085618409	-0.11983448888628967	0.2079267863736175	22	4	-0.026042096824198523	-0.026042096824198523	-0.026042096824198523	26	0	0.10471349638687662	0.10471349638687662	0.10471349638687662	26	0	-9.4692779545145741e-05	-0.090610558444796679	0.1765433226477037	22	4	3.2669574778088937e-07	-0.00034835974247443953	0.057451271797306559	22	4
Arginine and proline metabolism	22	0	0	0	22	0	9.0457887516837735e-07	0	0.47064403557048101	22	0	0	0	0	22	0	0	0	0	22	0	0	0	0	22	0	0	0	1.1509788448618017	22	0	0	0	0	22	0	3.287442750717442e-05	0	1.279928814012059	22	0	0	-2.1059009107767639	0	22	0	0	0	0	22	0	0	0	2.5194468912105654e-05	22	0	9.6398445107531583e-05	0	3.2714624553956848	22	0	0.49464555245023561	0.42371293977107416	0.66445026264671336	22	0	0.57941239129847488	0.4767303812217587	0.7389173972335199	22	0	0	0	0.011626032394758873	22	0	0.49999999999999983	0	1	22	0	0	0	1.4080870709145601e-06	22	0	1	1	1	22	0	0	0	0	22	0	13.86058447539385	13.86058447539385	13.86058447539385	22	0	8.0615753906724681	3.1871960466289675	13.458276351054582	19	3	16.765286341094082	14.682455003744209	16.975836880981841	22	0	9.8792547578066952	6.0381936089353392	11.488322151936162	22	0	0.00023514512564131948	1.5566505897745648e-05	8.6438306742493616	19	3	0.00011582265785772438	2.6208798810401239e-06	6.953517326573424	19	3	0.00022167781723705048	1.7669974177233127e-05	8.3461644791980074	19	3	0.00036762988335219571	2.3605127177167833e-05	12.570646414069646	19	3	0.00010558590878016953	1.0660437683882426e-06	2.950467928253536	19	3	0.0018882867961297692	5.7956812207177015e-05	11.26774253037936	22	0	0.0011265593687816934	2.0473731503504961e-05	9.3700760007007506	22	0	0.0017859574692534251	5.8439037428741286e-05	11.227647966151791	22	0	0.0020976454470209185	7.9702068367002709e-05	11.388912180510692	22	0	9.5658621359059567e-05	4.2702693308593199e-05	1.3870956544622974	22	0	0	0	0.87007102970517192	19	3	0	0	0.24524783973308995	22	0	3.0435135501793504e-31	0	0.0038806315555599512	22	0	0.00014771809883410461	-0.029652891020406344	0.14495275227675281	19	3	0.064166246053367876	-0.069717800143590469	0.24568222631930928	22	0	0.040314274116148657	-0.15355398954832866	0.13049270627687853	22	0	-0.026042096824198523	-0.026042096824198523	-0.026042096824198523	22	0	0.10471349638687662	0.10471349638687662	0.10471349638687662	22	0	6.5068063698187385e-07	-0.030185293605749459	0.056379177770062003	22	0	8.2804168246104012e-06	-0.050549751091711954	0.015092286016456669	22	0
Bile acid synthesis	68	0	0	0	68	0	0	0	0.0033073284821089435	68	0	0	0	0	68	0	0	0	0	68	0	0	0	0	68	0	0	0	2.8505625972950465e-05	68	0	0	0	0	68	0	0	0	0.031136623253304806	68	0	0	-1.9977732765409357e-05	0	68	0	0	0	0	68	0	0	0	0	68	0	0	0	0.082346824783639833	68	0	0.50224142449369635	0.35305869947409974	0.71117691840090103	64	4	0.63535447333634132	0.4958424726622756	0.8001316335909896	64	4	0	0	0.00046660458730562906	68	0	1	0	1	68	0	0	0	0	68	0	1	1	1	68	0	0	0	0	68	0	13.86058447539385	13.86058447539385	13.86058447539385	68	0	8.7413533693077969	5.4066136475746784	13.326224753291129	62	6	13.497192157742877	13.497192157742877	16.660932036162727	68	0	9.8966300108880141	6.1077744413052706	14.748588905312516	62	6	7.69080120045917e-05	1.1578356434605467e-05	1.164311997795032	62	6	3.9559758121706443e-05	8.6411443338382627e-06	0.46131654954755424	62	6	7.8096929866801714e-05	1.060289007755048e-05	1.0522769348739494	62	6	7.9125764279758268e-05	1.6336348849625369e-05	2.1910290321894466	62	6	4.174465099335178e-05	1.0122013965377846e-06	0.77897859474919329	62	6	3.9645740997422592e-05	1.0757549168400699e-05	2.2675389024313222	62	6	1.9212660265796991e-05	8.7006048351181688e-06	1.2896505940587368	62	6	3.7839811727371776e-05	1.0937593121517863e-05	1.9436601722042037	62	6	5.9712372099847408e-05	1.1787288624673824e-05	2.8924067533875073	62	6	1.8734390641138876e-05	3.3196588323788367e-07	0.22235670706757638	62	6	0	0	0.54106913596300965	62	6	0	0	0.46246525778350112	62	6	1.3334840007601891e-29	0	0.033855752134008398	63	5	-1.4649258468508231e-06	-0.15667020633301551	0.2164831577054733	56	12	0.10785326586548974	-0.072991987066616471	0.30979871250331104	63	5	-0.078665074579876371	-0.45295138744415614	0.10482241584137242	63	5	-0.026042096824198523	-0.026042096824198523	-0.026042096824198523	68	0	0.10471349638687662	0.10471349638687662	0.10471349638687662	68	0	-0.040036879825226621	-0.20676651658625383	0.045567803671663111	63	5	-1.0673364452514747e-21	-0.22730906214797622	0.21107433073951787	63	5
Cholesterol metabolism	233	0	-2.3880719935025819e-07	0	233	0	8.5876892216505269e-06	0	0.00023110357642568629	233	0	0	-0.00011078798111499917	0	233	0	0	-4.4133065851880593e-07	0	233	0	0	0	4.2458205451125922e-06	233	0	1.3498566164305893e-05	0	0.00023093404457509171	233	0	0	-7.6118788474361423e-06	0	233	0	5.0082700262107401e-05	0	0.0011341564768009361	233	0	-2.6369050047775865e-05	-0.00072551217714351165	0	233	0	0	-1.579364091415977e-05	0	233	0	6.4082434766996277e-06	0	0.00067623047137068282	233	0	0.00011178774066869014	0	0.002625143711015084	233	0	0.54641011125374106	0.43734908894399877	0.65027885681626496	198	35	0.6616541766574312	0.48146694087516767	0.85325204655265696	198	35	0.0043239027583522448	0	0.54703513054655506	233	0	0	0	1	233	0	8.5945107093019556e-06	0	0.100861021364343	233	0	0.99999999999999989	0.99999761434547541	1	233	0	0	0	3.025190619718407e-05	233	0	13.86058447539385	13.86058447539385	13.86058447539385	233	0	7.529038465154855	5.6686097888086415	12.856029711600613	198	35	16.975836880981841	13.497192157742877	16.975836880981841	214	19	7.645045221783926	5.3173007424203957	10.206540436755722	178	55	0.00032868961063632727	8.2698196751335435e-06	0.0009769256249405325	198	35	0.00021368227094472995	3.5929472975728813e-06	0.0005048990586225485	198	35	0.00031628814079554121	6.8495119541092988e-06	0.00089519158649923583	198	35	0.00041244424524103298	1.3218629334625094e-05	0.0014671540957425526	198	35	9.8272530287426977e-05	1.1137611246865662e-06	0.00029582463396549998	198	35	0.00040496856727865858	3.7533772338581417e-05	0.0012224107090897949	178	55	0.00018556445523594051	1.179881526873685e-05	0.00064561448759364783	178	55	0.00033605452529399484	3.6677859505800532e-05	0.00098806011754252717	178	55	0.00057567725933485938	3.7778014911134749e-05	0.0015297438310170768	178	55	0.00018959124379619978	1.2800901723581748e-06	0.00038987131615737	178	55	0.049599826809208158	0	0.36957964784970243	198	35	0.16000276386959023	0	0.44830048760214058	178	55	0.0015000737256925059	1.7365478463828347e-30	0.02380377449323141	179	54	3.0510986186188065e-05	-0.0090051776316106228	0.042525225821258103	175	58	0.078557861225656681	-0.015853420335936518	0.17729997234373809	179	54	0.017604022980822989	-0.11569638205770891	0.1331049842603213	179	54	-0.026042096824198523	-0.026042096824198523	-0.026042096824198523	233	0	0.10471349638687662	0.10471349638687662	0.10471349638687662	233	0	-9.8545948531902118e-06	-0.11612020510998003	0.050501350778795584	179	54	1.7605251565812961e-08	-0.020392836415831637	0.039009271447955962	179	54
Chondroitin sulfate degradation	44	0	0	0	44	0	0	0	1.5307434716278275e-09	44	0	0	0	0	44	0	0	0	0	44	0	0	0	0	44	0	0	0	0	44	0	0	0	0	44	0	0	0	7.5014706886430694e-05	44	0	0	0	0	44	0	0	0	0	44	0	0	0	0	44	0	0	0	0.00015225654167870848	44	0	0.49449481569664289	0.40460327121905282	0.62541467953965912	44	0	0.58133096780574078	0.4681296799110099	0.72794633407941789	44	0	0	0	0	44	0	0.99999999999999989	0.49999999999999983	1	44	0	0	0	0	44	0	1	1	1	44	0	0	0	0	44	0	13.86058447539385	13.86058447539385	13.86058447539385	44	0	10.677537061113195	4.9361963178083137	12.302353959044519	44	0	15.162978452264612	13.497192157742877	16.765286341094082	44	0	8.2142253574116015	4.9285382567098361	13.554749866885503	44	0	0.00017388355756875834	5.6204110284448328e-05	0.00029740543226989288	44	0	8.7382981501109958e-05	2.3831682503792397e-05	0.00016811845422395522	44	0	0.00014258264625286972	6.026499709579872e-05	0.00030264034095443592	44	0	0.00022506954551030947	9.8400812350806475e-05	0.00040225573979586727	44	0	8.9527035364477296e-05	1.0388832078020564e-05	0.00021583866731719143	44	0	0.00013203671152309634	4.7543530180761749e-05	0.00021770393461043952	44	0	6.9868375927443637e-05	1.8869629478878377e-05	0.00013267947332674644	44	0	0.00012776476962020195	4.517877507606732e-05	0.00021051180987064288	44	0	0.00018467005108205041	5.9292881883737389e-05	0.00029107072067431915	44	0	8.1433521305038963e-05	2.0757902160176795e-05	0.00014412374091507532	44	0	0.0027367271016260908	0	0.49975952773978338	44	0	0.21601628815923818	0	0.64967125947334015	44	0	4.6712590198477089e-08	0	0.033230303197532916	44	0	-0.00076118752597939695	-0.22208925763259854	0.32232825170415297	43	1	-0.027564401532259673	-0.14072984905161706	0.15094901379105946	44	0	0.010118222616044533	-0.10622996206052267	0.11772710983918577	44	0	-0.026042096824198523	-0.026042096824198523	-0.026042096824198523	44	0	0.10471349638687662	0.10471349638687662	0.10471349638687662	44	0	-2.2774779139660211e-17	-0.23776461378501368	0.0067448963594080218	44	0	2.0840062481937761e-24	-0.14071941286748457	0.044107569408689873	44	0
Chondroitin synthesis	42	0	0	0	42	0	0	0	1.3508027215833176e-09	42	0	0	0	0	42	0	0	0	0	42	0	0	0	0	42	0	0	0	0	42	0	0	0	0	42	0	0	0	0.00011677343496295896	42	0	0	0	0	42	0	0	0	0	42	0	0	0	0	42	0	0	0	0.00030838174408883963	42	0	0.48112214583850471	0.45433750100283604	0.59986080711562539	42	0	0.57104655101995883	0.52529763786962858	0.6699373157982792	42	0	0	0	0	42	0	1	0.49999999999999983	1	42	0	0	0	0	42	0	1	1	1	42	0	0	0	0	42	0	13.86058447539385	13.86058447539385	13.86058447539385	42	0	7.4718972700390758	5.13761122630053	11.081699414389057	42	0	15.162978452264612	13.497192157742877	16.765286341094082	42	0	9.954576214908716	4.9234045917489917	10.957634909660301	42	0	9.8493580041896168e-05	4.5729754771553385e-05	0.00054381011022711784	42	0	5.4569109681404054e-05	7.8949471057203097e-06	0.0002353422561225311	42	0	9.2841720407436235e-05	5.3337334121187235e-05	0.00043870672216538492	42	0	0.00017929016881787201	6.8409512554245237e-05	0.00079666113156940613	42	0	8.3472880442390208e-05	4.5744284493651952e-05	0.00038782831720881884	42	0	0.00013497295854151308	4.0853528654535509e-05	0.000367833424557098	42	0	5.1021507450690854e-05	1.5172394383507463e-05	0.00014637104143698574	42	0	0.00012553027927477873	4.1952484837864254e-05	0.00037271947351416389	42	0	0.00016524007362893786	6.8780831825826836e-05	0.00058691145032549366	42	0	5.2924160555170264e-05	4.7954463120267215e-05	0.00022803965482237699	42	0	0.28664468551254341	0	0.46954068173137986	42	0	0.092964590947419712	0	0.60609138437762544	42	0	0.0014147017850841526	5.2649247769834266e-18	0.014245218333345896	42	0	-0.08439129832005865	-0.10215951026899053	0.14921403317170101	42	0	0.030073434488493426	-0.04590772858046778	0.19713375608866435	42	0	0.087291541413928628	-0.0221992214451327	0.16236148447811807	42	0	-0.026042096824198523	-0.026042096824198523	-0.026042096824198523	42	0	0.10471349638687662	0.10471349638687662	0.10471349638687662	42	0	0.0038260133335590355	-0.09375349196977352	0.0056693856884152136	42	0	-0.039704578796241716	-0.23205043746544751	8.2771759769966468e-18	42	0
Citric acid cycle	20	0	-0.55833696268399391	0.055656132856323509	20	0	0.19768265943054236	0.0031595306451470632	0.91723578045612364	20	0	0	-1.349373714856783	0.0024535768694279834	20	0	0	-0.33705610236398958	0.059725857210045738	20	0	0	-0.0082889141269914864	1.0892668397786236	20	0	0.31314781940707304	0.00062706924866898694	2.1944096730864238	20	0	0	-0.91776766469499627	0.16409096043912727	20	0	0.86353670690777873	0.0061857972783459208	2.7879528977063912	20	0	-0.00094439756538070648	-3.282081605443488	5.553514950404123e-05	20	0	0	-1.2629053531526171	0.59716495993684127	20	0	3.6710282637790253e-06	-8.8242079598293013e-07	1.6000515561009225	20	0	2.3785177068104049	0.017823520909488143	6.7248155095911235	20	0	0.50206435449618303	0.43134731986253128	0.58050822856029061	20	0	0.55607884876299396	0.48402129439711206	0.66908890491570061	20	0	0.0016803656910521123	0	0.96472144474491028	20	0	0	0	0	20	0	1.6862005085130595e-06	0	0.86724582346185486	20	0	1	0.99999999999999989	1	20	0	0	0	5.863168637911764e-33	20	0	13.86058447539385	13.86058447539385	13.86058447539385	20	0	10.090587647022408	6.8903135542418008	12.817417646349179	20	0	16.975836880981841	15.345197966911579	17.932836971520718	17	3	9.6141901851488853	5.9755619874399795	13.366491787034326	20	0	1.926285889804106	0.015591456111872787	6.6006438093340014	20	0	0.79899293204663913	0.0095246056592803736	4.3115361931587417	20	0	1.9454787069954746	0.015714974615779382	6.2312980435242586	20	0	2.9121056391631113	0.018484006891540398	7.2885239721307045	20	0	0.71633846701809567	0.0054134535796913439	2.2527210625518146	20	0	1.0421347271571286	0.0065526440148712881	5.645063759975077	20	0	0.22142712977470019	0.004568859250549423	4.3271376131053785	20	0	0.83314931742507459	0.0071304902010941168	5.6668626696234865	20	0	1.9490829012792081	0.0079199850296937917	7.092705382130311	20	0	0.76957820442952496	0.0014903592805347013	2.2297923283262437	20	0	0	0	0.017509163750121372	20	0	0	0	0.32841784235825122	20	0	4.9141632890621039e-31	0	4.1637369175950592e-07	20	0	0.00082308917638391457	-0.066995305324904761	0.099133417099615553	20	0	-0.0035763234937108996	-0.15859679004006474	0.12865424152199312	20	0	-0.028105832712980929	-0.22245080553039459	0.18345959320119018	20	0	-0.026042096824198523	-0.026042096824198523	-0.026042096824198523	20	0	0.10471349638687662	0.10471349638687662	0.10471349638687662	20	0	0.00032953428141894954	-0.16502061648310604	0.042092606869677196	20	0	-2.7931255452725081e-06	-0.025686795350917006	0.074132603452356283	20	0
Drug metabolism	70	0	0	0	70	0	3.8525633120199824e-06	0	0.0021968035448334611	70	0	0	0	0	70	0	0	0	0	70	0	0	0	0	70	0	0	0	0.00056949611771087486	70	0	0	0	0	70	0	0.000113908532553419	0	0.0044877832583902558	70	0	0	-0.00021602492503502847	0	70	0	0	0	0	70	0	0	0	0.0012483041704267948	70	0	0.00029649711287842818	0	0.012376043787245416	70	0	0.58331089710191786	0.41958646068199623	0.71695651006991845	56	14	0.71418313527575683	0.50312451341845787	0.87247669247436244	56	14	0	0	0.0007127634045652983	70	0	0.49999999999999983	0	1	70	0	0	0	0.021225619451956845	70	0	1	0.99999999999999978	1	70	0	0	0	1.0514486584536011e-15	70	0	13.86058447539385	13.86058447539385	13.86058447539385	70	0	7.6569498270711174	5.4565263615000408	12.409821080466127	56	14	16.765286341094082	13.339450722803829	16.975836880981841	70	0	9.1191297992759015	5.8500734909723633	12.439619713057239	56	14	0.0017590693546621582	0.00013602417152140526	6.9017312377327471	56	14	0.00090393734525003337	0.00010001150280015332	3.8229006595773871	56	14	0.0016500347205865499	0.00012292656736998339	6.5331708118069782	56	14	0.0019700611145387742	0.00015631022174235782	9.1970756430796587	56	14	0.00030584858173272065	2.4739662195212769e-05	1.3491300618874891	56	14	0.0018235291014416571	0.0002228135208057491	6.4109888451620041	56	14	0.00081000615839598084	0.00014005182911308594	4.8023969393273997	56	14	0.001600904628333847	0.00019147487507707909	6.9719459310816143	56	14	0.0020498741429782028	0.00025941690722685673	7.9706968026140146	56	14	0.00032537503602081852	3.5367059728748764e-05	1.8085988693514334	56	14	0.013212210425314813	0	0.56613850900721574	56	14	0.0021773312701549585	0	0.31512033808720186	56	14	0.00017107907074725092	0	0.025142188638605519	56	14	0.00056318157118234258	-0.067930561679600557	0.18247992811304947	56	14	-0.0031210737938182622	-0.13224937557990535	0.13315230339248074	56	14	0.0095497774341352665	-0.10081787609104377	0.137994065781648	56	14	-0.026042096824198523	-0.026042096824198523	-0.026042096824198523	70	0	0.10471349638687662	0.10471349638687662	0.10471349638687662	70	0	-2.9924266342057576e-06	-0.055018817987276564	0.032953378002018134	56	14	4.6504248307193898e-19	-0.030265278157242854	0.067649353937468501	56	14
Eicosanoid metabolism	39	0	0	0	39	0	0	0	0.39411501448532571	39	0	0	0	0	39	0	0	0	0	39	0	0	0	0	39	0	0	0	0.85489101760251163	39	0	0	0	0	39	0	0	0	1.3165931383403153	39	0	0	0	0	39	0	0	0	0	39	0	0	0	0.073979987493287852	39	0	0	0	3.4694125991722986	39	0	0.52290941722839701	0.42637927900457712	0.72297251623014425	27	12	0.58265821357700398	0.4960882903470506	0.82386389454276654	27	12	0	0	4.1594180910419493e-43	39	0	1	0	1	39	0	0	0	2.7147498964110748e-16	39	0	1	1	1	39	0	0	0	0	39	0	13.86058447539385	13.86058447539385	13.86058447539385	39	0	6.3500387235014504	4.6379592200609148	11.528106348530523	21	18	13.860584475393846	13.47025709358355	16.882530114354267	39	0	11.858292430651748	6.9701061673542073	15.611314692767294	25	14	2.7925031625663097	8.5067680943120946e-09	10.449906848165094	21	18	1.4806014254630657	4.4686161751950755e-09	6.5691441980653424	21	18	2.3131122970245839	8.2115844274543719e-09	10.26898864416934	21	18	4.3618204341068889	1.4990849630276786e-08	10.920457160590475	21	18	0.0014684465016205042	5.8094731474061175e-10	2.2879056885630611	21	18	0.0091940266919593831	1.3639242824759192e-08	11.329683767395844	25	14	0.0075435181136642333	8.1676732693832786e-09	8.0115358246126895	25	14	0.0093702677926797758	8.8194528147980741e-09	10.406374307795836	25	14	0.010505259714075437	2.4619690780780563e-08	13.266743491856021	25	14	0.0014684465016205042	1.0398962013080115e-09	5.0111043947121807	25	14	0	0	0.5	21	18	0	0	0.38953664768522234	25	14	4.3731911868371617e-32	0	4.144337049055514e-06	18	21	0.0010676843607805527	-0.038474910534357407	0.74541406396280907	13	26	-0.0044423704896392625	-0.1728315112416291	0.2035888808112998	18	21	0.0015595058543359133	-0.17291119600711966	0.16784171767496966	18	21	-0.026042096824198523	-0.026042096824198523	-0.026042096824198523	39	0	0.10471349638687662	0.10471349638687662	0.10471349638687662	39	0	-9.2553665624069783e-18	-0.12433366216769723	0.20447328563002706	18	21	-6.765136050642078e-18	-0.29399635762487292	0.021595045439155532	18	21
Fatty acid oxidation	706	0	0	0	706	0	2.3381226073226715e-08	0	0.00088666580459982678	706	0	0	-0.00021126375040920119	0	706	0	0	0	0	706	0	0	0	0.00013978348526838633	706	0	0	0	0.0011443738791886557	706	0	0	-3.8888907819926299e-07	0	706	0	9.7853595691981025e-07	0	0.0031007195641412529	706	0	0	-0.0011314114580783512	0	706	0	0	-3.2657482744469676e-18	0	706	0	0	0	0.0010242760086030651	706	0	2.6743916875127084e-06	0	0.0088177822454676077	706	0	0.5152334902669482	0.35685836923395875	0.64001425857525296	659	47	0.62947665503340766	0.47747208636087213	0.86605048332402412	659	47	0	0	0.39452940771657596	706	0	0.49999999999999983	0	1	706	0	0	0	0.21666896751086115	706	0	1	0.9999989971308354	1	706	0	0	0	1.3495062790281592e-05	706	0	13.86058447539385	13.86058447539385	13.86058447539385	706	0	9.2886620309082115	5.7448528356811863	15.611314692767294	648	58	13.93955991032422	12.851629718214959	16.975836880981841	681	25	9.0327023197959164	5.8488557765405123	14.012850062518407	576	130	0.00062832921492587826	1.7765125879168835e-08	0.0081631174630793588	648	58	0.00037129855125413814	1.0536608031639567e-08	0.0035489320551009237	648	58	0.00057560125684762294	1.6589932964390934e-08	0.0075389616744853316	648	58	0.00090136325927420797	2.1988590474068572e-08	0.012363614962531109	648	58	0.00013877493454191362	4.1657949497806928e-09	0.0043883806122354272	648	58	0.00046650486102310076	1.5624588786510961e-08	0.021129870096365494	576	130	0.0002340169355242068	8.2771933425286167e-09	0.011342490317486307	576	130	0.00040889259942353116	1.2242616375357453e-08	0.017884328688409671	576	130	0.00072175483741294206	2.273423534943644e-08	0.031869310200299941	576	130	0.00021680842515437219	9.862652968811637e-09	0.0057196831224222144	576	130	0.00085689341958042342	0	0.52473612281385507	648	58	0.040046656141627501	0	0.56553785588498429	576	130	1.7268993365558831e-05	0	0.034675423218130275	515	191	8.6467331307829814e-05	-0.10565856537525216	0.08204462160503849	429	277	0.025436015179566132	-0.11885196641862034	0.14263438739038989	515	191	0.010608284472958925	-0.13096156234916814	0.13008480666562977	515	191	-0.026042096824198523	-0.026042096824198523	-0.026042096824198523	706	0	0.10471349638687662	0.10471349638687662	0.10471349638687662	706	0	-2.5858042415566407e-06	-0.11394771331736868	0.1276397854364385	515	191	-2.7812619765359907e-05	-0.11037140731295268	0.062344318262319273	515	191
Fatty acid synthesis	207	0	0	0	207	0	4.9319930803256351e-05	0	0.00033131476549404194	207	0	0	-0.00014002884325589333	0	207	0	0	0	0	207	0	0	0	0.00016731530789322694	207	0	4.2241978702746441e-05	0	0.00050889691075819759	207	0	0	-1.6512858709663479e-05	1.6930375012714583e-06	207	0	0.00026588561679539188	0	0.0017993165514873562	207	0	-3.1726376097295215e-05	-0.00059575263952545436	0	207	0	0	-1.8441795624345858e-05	2.653764885975734e-06	207	0	1.2665805981002345e-05	0	0.0011820835540137021	207	0	0.00063344439282088426	0	0.0047496110233932395	207	0	0.53159796168836726	0.4187518482422346	0.70088854564300695	206	1	0.66513911160357886	0.51794024904521185	0.84564250311685485	206	1	0.00052215428992697396	0	0.28096415614432463	207	0	0	0	1	207	0	2.1754951146657488e-07	0	0.24801942006828659	207	0	0.99999999999999989	0.99999783312263357	1	207	0	0	0	2.7295465229503561e-05	207	0	13.86058447539385	13.86058447539385	13.86058447539385	207	0	7.616058508325632	5.5257757714615865	11.61904748059958	205	2	16.975836880981841	13.339450722803829	16.975836880981841	205	2	7.8998475535962376	5.252024179481495	11.433599606217365	204	3	0.00040888888948267723	2.3398593710168379e-07	0.0022294424855461435	205	2	0.00021697841079986347	7.762421557152936e-08	0.00098079214582917954	205	2	0.0003539402148101018	2.1128818703508778e-07	0.0019981768641201378	205	2	0.00052146975475826998	2.4766331462196961e-07	0.0031211544021582552	205	2	0.00011942115023554843	6.5800429124586425e-08	0.0014690290110424675	205	2	0.00043000319048255528	1.2722759547463625e-05	0.0029117921158020531	204	3	0.00017073202770537602	6.0228674989067657e-06	0.0014588703464550202	204	3	0.00036468511681478843	9.99394323908857e-06	0.0026112743865298362	204	3	0.00058741605923637286	1.524717167566586e-05	0.0034112068866440325	204	3	0.00018260138641187224	7.4980855061222218e-07	0.0014060752895546367	204	3	0.044024270804163712	0	0.56304336344517181	205	2	0.045478285432174692	0	0.64396736615725836	204	3	0.00032185355625605834	7.2232384485910148e-32	0.030091696650544557	193	14	-4.2721003787309645e-06	-0.025557909203999293	0.055103760142570304	183	24	0.044441213693884235	-0.08611112780637635	0.14684318146581921	193	14	0.010640143580147841	-0.13384376438890211	0.12043152415754391	193	14	-0.026042096824198523	-0.026042096824198523	-0.026042096824198523	207	0	0.10471349638687662	0.10471349638687662	0.10471349638687662	207	0	0.0015813377336543143	-0.10272488674881118	0.079831853312446882	193	14	-0.00058039252570144407	-0.091296252074420617	0.041851986140565824	193	14
Folate metabolism	46	0	0	0	46	0	7.0931250141149511e-06	0	0.27392010322588051	46	0	0	-0.00047413740397728892	0	46	0	0	0	0	46	0	0	0	0.0029240123199165977	46	0	0	0	0.54386215465492149	46	0	0	0	5.347236562268914e-05	46	0	0.00041546674439575941	0	0.97476561323004429	46	0	0	-0.0017917321060402914	0	46	0	0	-3.9546899103614935e-05	0	46	0	0	0	0.0055649708416709723	46	0	0.00083024286029677113	0	2.7827693967964362	46	0	0.533749655561081	0.36025944421087264	0.72166486293403631	46	0	0.64331715685503998	0.45856393001489087	0.80258403651605703	46	0	0	0	0.40408749503532815	46	0	0.49999999999999983	0	1	46	0	6.9875193097336466e-35	0	0.2446700639054486	46	0	1	0.99999999999999989	1	46	0	0	0	0	46	0	13.86058447539385	13.86058447539385	13.86058447539385	46	0	7.683019939968208	5.4986320034231122	12.959295465790349	45	1	16.765286341094082	14.899206605594918	16.975836880981841	45	1	9.0774703776421823	5.5193182027174652	11.488916378937471	44	2	0.0031137311467365845	0.00060075814014376601	3.5487577764769322	45	1	0.0014656337299817695	0.00023092083958770518	2.3711024161007419	45	1	0.0028459976949430279	0.00055615182283865936	3.661283281344875	45	1	0.0041947934494015017	0.00075271035529993994	4.4015394361869413	45	1	0.0012136412669823036	0.00018053655609608782	1.6934817739142756	45	1	0.0021571689821979125	0.000488448486767932	3.7296794928899026	44	2	0.0015569405903874936	0.00034917139418140806	2.2623822733005818	44	2	0.0020416130707474785	0.00042807875523482686	3.6386377164885486	44	2	0.0027945984392465741	0.00059040913947473923	5.2459936035619901	44	2	0.00087879814280654943	0.0001437547380030621	0.88003186284512802	44	2	0	0	0.45893111734026004	45	1	0.014562461751333244	0	0.44063479059931837	44	2	1.7011047744152083e-16	0	0.029560216649258488	46	0	0.00041927125241236025	-0.13930609510039196	0.078364944577931139	35	11	-0.00021754230363287604	-0.20057271207928054	0.22897480859649932	46	0	0.0018116940651125369	-0.16160641728992756	0.1930750938032178	46	0	-0.026042096824198523	-0.026042096824198523	-0.026042096824198523	46	0	0.10471349638687662	0.10471349638687662	0.10471349638687662	46	0	-7.1536853192007281e-21	-0.060034757384957907	0.039633183569856206	46	0	-5.2257180568728326e-07	-0.076831086154136113	0.13978719967007452	46	0
Fructose and mannose metabolism	14	0	-0.0079303147376064212	0.003519719535194467	14	0	0.00016308176879326874	0	0.0044119023081096286	14	0	0	-0.0079515472967536457	0.0025609500977101592	14	0	0	-0.0079483460834145307	0.0035353798752291205	14	0	0	-0.0069324566550689115	0.016729646394736685	14	0	0.00023584028927690245	0	0.01028502981857878	14	0	0	-0.010167537453974546	0.012437069850947332	14	0	0.0023225671153243909	0	0.0091196755425940555	14	0	0	-0.011644319607599204	0.0013842917713248015	14	0	0	-0.010865532179206407	0.012337936083775349	14	0	0	-0.0074969987366259733	0.021947984540934402	14	0	0.0059119775499715923	0	0.022566880409668578	14	0	0.5138803574844919	0.44559070570443698	0.80273148540656736	14	0	0.6327536598389607	0.48034643548315947	0.81306144315476248	14	0	0	0	0.99830099190471544	14	0	0	0	1	14	0	0	0	0.79542416267151284	14	0	1	1	1	14	0	0	0	0	14	0	13.86058447539385	13.86058447539385	13.86058447539385	14	0	8.9567464160836359	4.5063905012452592	14.116154319422504	14	0	15.704154113881287	13.556492930803653	17.09247033926631	14	0	10.719455987683586	4.6724849126082573	13.69239351205721	11	3	0.010201463984811081	1.57395590725238e-08	1.0146574901579875	14	0	0.0074055038198026259	1.5230256199559702e-08	0.74010865821086058	14	0	0.010227706549300837	1.5719256250176381e-08	0.97230598313556948	14	0	0.013394647447809114	1.5885595931293383e-08	1.4286774489181058	14	0	0.0024628228096839184	4.3474979006462175e-10	0.16387394240332981	14	0	0.019494878757887305	1.83701387949163e-08	0.93328659376037981	11	3	0.011698495121443275	1.815070071159435e-08	0.67050987898147385	11	3	0.019442680320214584	1.8229153075439371e-08	0.84752361132784548	11	3	0.02006616505445908	1.8923175314192763e-08	1.3107976586865506	11	3	0.00354469777449965	6.0210263886873124e-10	0.54593688848499333	11	3	0	0	0.31651274240192406	14	0	0	0	0	11	3	0	0	0.001125488599443172	10	4	0.0056374572763951396	-0.10861329703262296	0.036100662791230156	8	6	-0.0072248339560056444	-0.17615947349580799	0.051894600223017825	10	4	0.09759321248431671	-0.002352854169196234	0.21813136047644111	10	4	-0.026042096824198523	-0.026042096824198523	-0.026042096824198523	14	0	0.10471349638687662	0.10471349638687662	0.10471349638687662	14	0	0.0033944964427890484	-0.0058059858580754228	0.05849741293404262	10	4	0.00021882950727287854	-0.0036109003271718766	0.057218544619966241	10	4
Galactose metabolism	9	0	0	0	9	0	4.9112662630983382e-07	0	1.8870220464047649	9	0	0	0	0	9	0	0	0	0	9	0	0	0	0	9	0	4.6688048874632523e-17	0	3.7555833640324363	9	0	0	0	0	9	0	6.146314195369098e-05	0	5.9334151714659811	9	0	0	-3.8789301943829595	0	9	0	0	0	0	9	0	7.5401236743078322e-06	0	5.04884785920816	9	0	9.1285280531632515e-05	0	16.000572878890903	9	0	0.55480485645570798	0.54783984158866694	0.6681343459415291	6	3	0.61627694980798342	0.60069974567213857	0.7593592551970656	6	3	0	0	0.074668345310758402	9	0	0.49999999999999983	0	1	9	0	1.3573201422580503e-16	0	0.022838631634926217	9	0	1	0.99999999152919616	1	9	0	0	0	1.5102196778388579e-07	9	0	13.86058447539385	13.86058447539385	13.86058447539385	9	0	8.0926822213860969	4.8487648391546463	9.4547618377153881	6	3	16.975836880981841	13.860584475393846	17.021041768061636	9	0	8.3925206607741103	6.7345927470385725	10.177192545495895	6	3	2.4292287162259534	0.00012765532460854898	4.9664761782844007	6	3	0.75702794056545353	8.1229060585716041e-05	2.23834753964675	6	3	2.3711365742944399	0.00012293492188707384	4.7643082500076481	6	3	3.528758341664465	0.00016524421305795257	7.2947863577616463	6	3	1.8539986909287285	2.7980499536947438e-05	3.7592810035851754	6	3	2.4680405125185958	0.00014315446493171123	5.0907629743698255	6	3	0.93539320288643601	0.00010207128800198152	2.9162751001930212	6	3	2.354154214702763	0.00012828538950349647	4.7724812586208207	6	3	3.5221308797243456	0.00016064473999076906	7.534687472167545	6	3	1.8531789072346816	5.5850955799365573e-05	3.8273906493399563	6	3	0.090137394928491044	0.03419338731546101	0.2697202700001739	6	3	0.086325021486426068	0.020078141601213462	0.13254610565301544	6	3	0.0031810190052433932	2.88111153754411e-05	0.0038304979055088541	6	3	4.4704265474047941e-05	-0.0047350821456342406	0.0001649137912482486	6	3	0.028616006763001616	-0.13306950582222543	0.1900082359794904	6	3	0.013364851700381028	-0.16556716519809034	0.18113500899706289	6	3	-0.026042096824198523	-0.026042096824198523	-0.026042096824198523	9	0	0.10471349638687662	0.10471349638687662	0.10471349638687662	9	0	-2.3245040074005785e-05	-0.042237495188550522	5.0674206078205115e-05	6	3	0.015839275250929267	-0.01937455185241346	0.032574083377396174	6	3
Glutamate metabolism	10	0	-9.7153973015884414e-05	0.48384672236201182	10	0	0.00046138111139008061	0	0.37764202486509268	10	0	0	-0.00041951413563193516	0.35756818099155419	10	0	0	-0.00010125381715519255	0.48693013527921569	10	0	0	0	0.69601970693146764	10	0	0.00083849338552436465	0	0.458665659310448	10	0	0	-0.00022766765606871447	0.2310955905235875	10	0	0.0021986183017395689	0	1.4510558789193826	10	0	0	-0.0013964832915271059	0	10	0	0	-4.4265465890121021e-05	0.066452689383912272	10	0	8.4039920203063877e-06	0	0.99385512797962583	10	0	0.0058615381331343763	0	3.7852031213874242	10	0	0.5215790478442961	0.3610915488680258	0.58765439139945952	10	0	0.65452693733355016	0.44481278941531588	0.70949008639079969	10	0	0	0	0.067618264551723914	10	0	0	0	1	10	0	1.6045973485178718e-13	0	0.87482130717689466	10	0	1	0.99999999999998135	1	10	0	0	0	5.4890440927669953e-13	10	0	13.86058447539385	13.86058447539385	13.86058447539385	10	0	10.367029243656789	6.8829298334471227	13.893952758849345	10	0	15.198885603782827	13.81793188878112	16.975836880981841	10	0	10.182067327348665	6.5629590066382457	13.383288988885534	10	0	0.0096233875405807232	0.002350925273841507	3.8382467527995541	10	0	0.0093082271983912102	0.00070997205846045047	2.0676430513643278	10	0	0.0096100381143105987	0.0018972387804721414	3.3563675847946119	10	0	0.010844294004163165	0.003841371372145659	5.9210092415578632	10	0	0.0032539775388592037	0.0018206469378403516	1.7987559170153178	10	0	0.018327374784580561	0.0014711178312298413	3.0642147142918095	10	0	0.011937831407175609	0.00069429800525477512	2.1782621303733527	10	0	0.018312774222721158	0.0015994973329222719	3.0150361808623711	10	0	0.022227023583009119	0.0020351251652018015	4.206340170918148	10	0	0.0045115866991724133	0.00048763781843684349	0.8392402689082441	10	0	0	0	0.17000165912607851	10	0	0	0	0.30534108525459452	10	0	8.7582011748888419e-07	0	0.0011885855373113077	10	0	3.1777666016967851e-05	-0.028449123558822405	0.026184940509286207	9	1	-0.025825984983098536	-0.25465710988950768	0.079475787732148306	10	0	-0.0064068244527603381	-0.10407535323454027	0.04019805920382731	10	0	-0.026042096824198523	-0.026042096824198523	-0.026042096824198523	10	0	0.10471349638687662	0.10471349638687662	0.10471349638687662	10	0	-0.0080944272284048067	-0.076824111129652817	0.021050795124403443	10	0	-0.0014479845227102172	-0.047453791517502168	0.042253843458422424	10	0
Glutathione metabolism	13	0	-5.1212890487224584e-05	0	13	0	4.2812384171891371e-06	1.7050782185034158e-11	0.085538347818740201	13	0	0	-6.3179651467002888e-05	0	13	0	0	-5.0929401707096494e-05	1.5495696408685619e-07	13	0	0	-1.9319065188585347e-05	6.5158821543445281e-06	13	0	4.8423469785838506e-06	0	0.053709570205440531	13	0	0	-3.9016650268661082e-05	1.6027164332311053e-07	13	0	4.2507451846917471e-05	3.5422179986615923e-07	0.54878751352108701	13	0	-5.7150547833042535e-07	-0.00026218529532784525	0	13	0	0	-4.1011217651937845e-05	6.5401423860809057e-06	13	0	0	0	2.4581835237575206e-05	13	0	9.4501146105843849e-05	9.3635781411619917e-07	1.5125990408474488	13	0	0.47297951179457332	0.41042301650632979	0.59835527053216953	13	0	0.63870254519335079	0.42425303190642788	0.74788315486095147	13	0	1.6915697500250045e-09	0	0.77626712716395352	13	0	0	0	0.49999999999999983	13	0	0	0	0.37353154417655204	13	0	1	0.99999999999033917	1	13	0	0	0	2.2982836017931299e-10	13	0	13.86058447539385	13.86058447539385	13.86058447539385	13	0	9.2171197073073543	5.3188574310729901	11.913211805599166	13	0	16.765286341094082	12.851629718214959	16.975836880981841	13	0	11.715587933535193	8.4983467075301977	17.214414576666567	13	0	0.00073176527399667485	7.5101368747792471e-05	10.613844482657088	13	0	0.00037633323945639456	2.1511982663206273e-05	9.4007652250807041	13	0	0.0006634048225569089	5.7705112401797861e-05	10.680734760116898	13	0	0.00090955249633218921	8.6325445926824137e-05	11.685159833977137	13	0	0.00013726941296759906	6.844373697002607e-06	1.3898176185797828	13	0	0.00049375967322689966	4.4756391822396627e-05	6.2578528723804094	13	0	0.00013106618485492436	3.3998389719107729e-05	3.2818073891177075	13	0	0.00049099565793539403	4.6386511658627582e-05	5.625420074295187	13	0	0.00052011446306048743	5.3484211477835059e-05	10.38236578499896	13	0	0.00014328859610560299	1.8762987517259366e-05	1.7827726479396655	13	0	0	0	0.62516355561515102	13	0	0	0	0.034948228866023744	13	0	9.3217293291478106e-30	0	0.0033516278278755427	13	0	0.0012957466343386922	-0.0073021631022750187	0.19234975230641349	12	1	0.062161921544080033	-0.075674340866062895	0.25222948213424828	13	0	0.017349678946208286	-0.15860769567605121	0.064184633530158672	13	0	-0.026042096824198523	-0.026042096824198523	-0.026042096824198523	13	0	0.10471349638687662	0.10471349638687662	0.10471349638687662	13	0	-2.105651047949311e-20	-0.07569839188770458	0.024942776979920294	13	0	2.4542506219961526e-18	-0.043243583057797096	0.010993145023555865	13	0
Glycerophospholipid metabolism	119	0	-6.355896206321771e-08	0	119	0	0	0	0.00029657018337151444	119	0	0	-1.5463016426483489e-05	0	119	0	0	-1.5414265165678516e-08	0	119	0	0	0	1.6431806821424341e-08	119	0	0	0	0.00040865938434758823	119	0	0	-1.9711870440226306e-08	0	119	0	0	0	0.00080845761261319103	119	0	0	-0.00060070537589281025	0	119	0	0	-1.734080436393499e-07	0	119	0	0	0	0.00011515143334392264	119	0	0	0	0.0026655967597467144	119	0	0.48923627452941998	0.38489792048292354	0.63030355607101507	58	61	0.57531077983188506	0.35087859253326947	0.79464786265762177	58	61	0	0	0.38566591942181561	119	0	1	0	1	119	0	0	0	0.10531970175145078	119	0	1	0.99999999999989886	1	119	0	0	0	2.6930949934981898e-12	119	0	13.86058447539385	13.86058447539385	13.86058447539385	119	0	9.1768027916311734	7.0243774869616926	12.918767242888542	48	71	13.860584475393846	13.350573868289281	16.774678049254412	110	9	9.493482953796839	5.9768046537237352	15.611314692767294	58	61	0.0013503605311991924	5.093669617588124e-05	0.0082564071553374637	48	71	0.00059367771181523656	3.3803421525626587e-05	0.0026317671514265889	48	71	0.001208037539100904	5.054560496109396e-05	0.0077490463277428536	48	71	0.0018996127757279246	5.2311379687934028e-05	0.012023843240216572	48	71	0.00047879710028618061	2.9837414541500169e-06	0.0065039026364136932	48	71	0.0010781728224034347	1.9731636280155334e-08	0.0067730430317286278	58	61	0.0005110015277253766	1.1757376084076421e-08	0.0032708518888231457	58	61	0.00091515206310501494	1.7342534172502821e-08	0.0057650766249282533	58	61	0.0015803432301648439	2.0950065751159882e-08	0.011026086504356972	58	61	0.00016884127215929413	1.6799840446353258e-09	0.0053995691652018833	58	61	0	0	0.2277957293895454	48	71	0	0	0.51132589023259478	58	61	4.9101563836352272e-14	0	0.0080141157242102409	50	69	-5.2214123246893725e-07	-0.058913704722534752	0.053940126942575287	48	71	0.1310554187216374	-0.082645211957977791	0.21336250574050572	50	69	0.012208466733803061	-0.094931345546225496	0.19042827861916115	50	69	-0.026042096824198523	-0.026042096824198523	-0.026042096824198523	119	0	0.10471349638687662	0.10471349638687662	0.10471349638687662	119	0	-5.7077678385252089e-06	-0.142519215027305	0.035091197037255925	50	69	-0.0017540695708951569	-0.024130421428549494	0.00033572435715483031	50	69
Glycine, serine, alanine, and threonine metabolism	17	0	-0.00069643576183723937	0	17	0	1.1764436540610964e-05	0	0.54046177634902381	17	0	0	-0.002185204320962197	0	17	0	0	-0.00039003125584636308	0	17	0	0	-0.00010680964510201525	0	17	0	0	0	1.2718476713836155	17	0	0	-0.0026387018341304655	0	17	0	0.0010735357917364841	0	1.8215157919849529	17	0	0	-0.30558274445420552	0	17	0	0	-0.0014042812700844622	0	17	0	0	-5.4641624281548406e-05	0.30293352111648109	17	0	0.0028570981299590277	0	4.0072057131154803	17	0	0.44994474232661252	0.21858796521622084	0.58586064778843694	17	0	0.52738618992689101	0.26656990530673486	0.7067116921079013	17	0	0	0	0.74726361527530538	17	0	0.49999999999999983	0	1	17	0	0	0	5.3396825144401145e-05	17	0	1	1	1	17	0	0	0	8.1532390146637681e-43	17	0	13.86058447539385	13.86058447539385	13.86058447539385	17	0	12.269873064834316	8.1004789944192588	16.045258867487966	17	0	13.888472849648039	13.006834468874178	16.975836880981841	16	1	11.122907898555166	7.4124747292781983	17.311252293495329	16	1	0.071607093389396664	0.00083533076651511366	19.032072808011609	17	0	0.061211857618042445	0.0004133527827134428	15.839843832250507	17	0	0.070330390831334771	0.00072815610572682507	15.839843832250507	17	0	0.076136832563380524	0.00093044509542087673	27.936632266658211	17	0	0.0087249713307396559	8.0505301831990529e-05	9.3962168177823848	17	0	0.0012134369986439655	0.0007666693879073577	6.5204877878423115	16	1	0.001113172304528441	0.00040138552454921887	3.6809713017827823	16	1	0.001229662511587896	0.00061392219614150628	6.3858442307964092	16	1	0.0016334418462692958	0.0010550867910324633	9.5057112324713753	16	1	0.00082217319197408858	2.9823838671646754e-05	1.6331658707968186	16	1	0	0	0.26159040028661285	17	0	0	0	0.31023786292625399	16	1	0	0	6.0882521265414915e-08	17	0	-0.14751811899934808	-0.21650526123500566	0.040802712879900692	13	4	-0.018872097140160742	-0.11576485862058174	0.097698780619096787	17	0	0.0038891142048529154	-0.015962260014326223	0.22127057857905408	17	0	-0.026042096824198523	-0.026042096824198523	-0.026042096824198523	17	0	0.10471349638687662	0.10471349638687662	0.10471349638687662	17	0	0.011895686854597683	-0.016683626528373293	0.03769370524583425	17	0	-8.6109296277189263e-05	-0.29512603024312756	0.043485957317060085	17	0
Glycolysis/gluconeogenesis	26	0	-0.0032456218059101348	0.00095299447877739401	26	0	0.0024551353327222597	2.1558009756985942e-05	0.87831300192960338	26	0	0	-0.007236980267407371	6.9895759135199832e-05	26	0	0	-0.0034560934380845065	0.0014220532018734665	26	0	0	-0.00049207638245570007	0.0058599564914573604	26	0	0.0050511757655598635	0	1.9090953923640237	26	0	0	-0.0032685352936674158	0.0016900495382472531	26	0	0.0070261186969012941	0.00041569524594725881	2.3929801056139208	26	0	-0.0016338186463077111	-1.5263966932073778	0	26	0	0	-0.0036427999324759111	0.0023948052762136768	26	0	0.00015599838135553812	0	0.13194845980361156	26	0	0.019104642126614658	0.0011626812195772232	6.2270250237182774	26	0	0.47913265880451977	0.39453343459808576	0.58946465699958761	26	0	0.50845324286669713	0.44925484869839688	0.70642950074201083	26	0	0.008347803054869261	0	0.99356744887822401	26	0	0	0	0.49999999999999983	26	0	0.00060037776942056559	0	0.85445127728343118	26	0	0.99999999999999989	0.99999999139878837	1	26	0	0	0	1.4764997305531798e-07	26	0	13.86058447539385	13.86058447539385	13.86058447539385	26	0	9.5334183451362406	7.2510233291870065	14.647882227026567	26	0	16.975836880981841	15.255260649181107	17.034153610124076	16	10	8.4419020905981004	5.8045515192919916	13.104431404260588	26	0	0.011583715258720744	0.0010592586025799434	4.6514438646127756	26	0	0.0038112696044752398	0.00066379163147704562	3.1523386378921332	26	0	0.011026223380653004	0.00096057973494134067	4.4221599481666729	26	0	0.016603789644280473	0.0015155968621883254	5.9029295615988975	26	0	0.0062580052228476402	0.0004773956260723574	1.8212521030713698	26	0	0.010636680676999619	0.0012030871809512104	5.55506246869896	26	0	0.0056903976862642692	0.00056122636990450715	3.9308607462700476	26	0	0.0093589440698225654	0.0011743224757801169	5.1577284961904759	26	0	0.017778133847817117	0.0013122519083996179	6.9630180082540809	26	0	0.0047324680748256839	0.00026045027712960503	1.5489213715470971	26	0	0	0	0.39898520935773263	26	0	0	0	0.49145327998181698	26	0	2.01466042347544e-21	3.2095583684960335e-31	0.0081272677792810551	26	0	-0.00019461885211897209	-0.053107440592123668	0.016692829747976375	26	0	-0.0070440539091855096	-0.27984514721927728	0.27946483188827675	26	0	0.049909042467945093	-0.037813375143452191	0.19013162263114672	26	0	-0.026042096824198523	-0.026042096824198523	-0.026042096824198523	26	0	0.10471349638687662	0.10471349638687662	0.10471349638687662	26	0	-5.5387498335010007e-05	-0.087374954636185803	0.07462970906490772	26	0	0.0030662849557374118	-0.015649580763064323	0.088117645469487527	26	0
Glycosphingolipid metabolism	47	0	0	0	47	0	0	0	7.8058352230946122e-06	47	0	0	0	0	47	0	0	0	0	47	0	0	0	0	47	0	0	0	0	47	0	0	0	0	47	0	0	0	0.00074654191681535538	47	0	0	0	0	47	0	0	0	0	47	0	0	0	0	47	0	0	0	0.0018584714814261693	47	0	0.51091687507691641	0.34009445329724947	0.69490447441156478	38	9	0.63605802426332225	0.44817885491664949	0.87460321120594964	38	9	0	0	1.7154844454515415e-26	47	0	1	0.49999999999999983	1	47	0	0	0	1.2707297623166096e-40	47	0	1	1	1	47	0	0	0	0	47	0	13.86058447539385	13.86058447539385	13.86058447539385	47	0	9.0162946720063779	4.3590709983684635	14.188971002064322	30	17	13.860584475393846	13.338789928029282	16.765286341094082	47	0	10.770005528290637	5.4268214617985251	18.319327513216439	33	14	0.0010710288143535788	0.00031396689520484883	0.0031358665465307644	30	17	0.00060214903499443688	0.00016781657719437665	0.0019548176958129816	30	17	0.00085842832605884231	0.000308414344601577	0.0029181919031702665	30	17	0.0013137907963650377	0.0003745264511017725	0.004733016589274189	30	17	0.00045415116641105667	5.2684611693578384e-05	0.0012432125057091697	30	17	0.0012489186330186277	4.3197623549331459e-05	0.0033678786494950913	33	14	0.00040745387153237871	8.9641098076829855e-06	0.0014063087958204883	33	14	0.00097372562186386264	3.5572763381476167e-05	0.0023063383205560008	33	14	0.0017224769638163719	5.4288381445485169e-05	0.0043968265759677227	33	14	0.00042868216220033671	9.8672551735561155e-06	0.0019313567400558078	33	14	0	0	0.618021272552159	30	17	0	0	0.59814788585049528	33	14	0	0	0.0089469080134915481	33	14	1.4418495478161134e-05	-0.18258108228948594	0.072356953617278758	25	22	0.00072275049052969919	-0.19729633587065515	0.14568399524559261	33	14	-0.008037796070842743	-0.14760964420840988	0.068090053937809591	33	14	-0.026042096824198523	-0.026042096824198523	-0.026042096824198523	47	0	0.10471349638687662	0.10471349638687662	0.10471349638687662	47	0	1.7228781807967955e-17	-0.071934553064229148	0.087035380180224498	33	14	1.4448460877607037e-22	-0.010040532083489604	0.042236998779284052	33	14
Heme synthesis	15	0	0	0	15	0	2.8520091110646762e-08	0	1.1171896476169355e-06	15	0	0	0	0	15	0	0	0	0	15	0	0	0	0	15	0	0	0	0	15	0	0	0	0	15	0	7.3421172213286395e-07	0	2.9355051339512712e-05	15	0	0	0	0	15	0	0	0	0	15	0	0	0	0	15	0	2.0485956753445076e-06	0	7.9105279585837821e-05	15	0	0.62829259033861462	0.45774993756674137	0.68691268007932449	15	0	0.71128463240114692	0.57440921647977494	0.8354531277756676	15	0	0	0	2.4125268462782945e-57	15	0	0.49999999999999983	0.49999999999999983	1	15	0	0	0	2.4125268462782945e-57	15	0	1	1	1	15	0	0	0	0	15	0	13.86058447539385	13.86058447539385	13.86058447539385	15	0	9.8480116592702593	6.2035693221811492	11.635364595458794	15	0	16.765286341094082	14.43392546480151	16.765286341094082	15	0	6.9682809540691659	4.7427627382406063	16.145554299006548	14	1	4.9201181435611651e-05	7.3492309641473176e-06	0.00034505533796745983	15	0	4.5226710353807918e-05	4.8165855721277321e-06	0.00026238070161793627	15	0	5.1028374311234826e-05	7.3090012199241037e-06	0.00035311615949785378	15	0	5.8559595101018735e-05	8.459692252210541e-06	0.000384698291633713	15	0	7.5365179567167763e-06	2.8409380429341553e-06	6.5663505641844921e-05	15	0	9.3597585120923046e-06	2.498333583608881e-06	0.00068018816295309999	14	1	7.9493245389327011e-06	1.9555613935465671e-06	0.00054560380178965222	14	1	1.03374243565284e-05	2.4462774899433048e-06	0.00070684520880731118	14	1	1.0894112462451809e-05	2.9163939297416028e-06	0.00075136225269941282	14	1	1.7761604280661491e-06	1.1099878244646069e-06	0.00015819110076083654	14	1	0	0	0.11005252725555324	15	0	0	0	0.1834208787592555	14	1	0	0	0.00025789377219096935	15	0	-0.012597068975175246	-0.072522821845622087	0.046765656811914094	12	3	0.006721775720983909	-0.1029124567345476	0.15427319583097912	15	0	0.014273030327099947	-0.051925538621981772	0.094278475819684238	15	0	-0.026042096824198523	-0.026042096824198523	-0.026042096824198523	15	0	0.10471349638687662	0.10471349638687662	0.10471349638687662	15	0	4.4368115481587837e-17	-0.0044334076314176702	0.036379183844242359	15	0	0.00067232011356149171	-8.8923774096612591e-05	0.0083999215676279996	15	0
Inositol phosphate metabolism	41	0	0	0	41	0	6.4470995700225105e-07	0	0.00048459178191721455	41	0	0	-7.8139904059866918e-05	0	41	0	0	0	0	41	0	0	0	0	41	0	0	0	0.00048987186900853051	41	0	0	0	0	41	0	2.4162969293681699e-05	0	0.0022070293559528298	41	0	0	-0.0006234826946779307	0	41	0	0	0	0	41	0	0	0	0.00042177501484912317	41	0	6.4919105438429126e-05	0	0.0036038319162416716	41	0	0.48970204143245477	0.36843531563643928	0.64617447400957795	40	1	0.66235251787358185	0.49235878796305765	0.8739884500651468	40	1	0	0	0.14920455102420985	41	0	0.49999999999999983	0	1	41	0	0	0	0.0095071228264205325	41	0	1	0.99999999999999978	1	41	0	0	0	8.9730856163732266e-18	41	0	13.86058447539385	13.86058447539385	13.86058447539385	41	0	9.8167607659566762	6.4830768170430648	15.725093467623166	38	3	14.682456704832489	12.889783419233135	16.975836880981841	41	0	10.138405908926456	6.7145811326449225	13.171901279537133	39	2	0.00047957462802430067	0.00015618717711856373	0.0077899728663254793	38	3	0.00025944117741110361	9.3130838828425541e-05	0.0036020520311422981	38	3	0.00043556473929218351	0.00014747158520384717	0.0077021939099285661	38	3	0.00063912569674045021	0.00016687241837387364	0.014334105775948009	38	3	0.00014582277633919756	2.3965980505096588e-05	0.0016951390197552452	38	3	0.0011137086127339258	0.00015945011057617146	0.005488116912271853	39	2	0.00043433504098446939	7.6944896025264294e-05	0.002567855875954058	39	2	0.00094072991558367589	0.00012881990944053185	0.0051121124182794235	39	2	0.0012742556646930163	0.00025847141951011889	0.0096621978762748174	39	2	0.00030529250685071513	4.6533346537036286e-05	0.0015601942991620502	39	2	0.037997060407217093	0	0.46608650307132693	38	3	0.0083936915883287555	0	0.4705026080106805	39	2	2.3494555439676031e-09	0	0.010558747617963014	40	1	-2.2697802360012635e-06	-0.10960446943877457	0.060478628344243404	37	4	-0.0037698786729573261	-0.041386701188182294	0.17914080674238575	40	1	0.012163732080617013	-0.06328029955194997	0.10862246701856805	40	1	-0.026042096824198523	-0.026042096824198523	-0.026042096824198523	41	0	0.10471349638687662	0.10471349638687662	0.10471349638687662	41	0	9.3081058318846357e-07	-0.039541131722868314	0.10200600910870541	40	1	-1.4018595378788571e-18	-0.01399588609976558	0.011862750205987524	40	1
Keratan sulfate degradation	33	0	0	0	33	0	0	0	1.9572695099505346e-06	33	0	0	0	0	33	0	0	0	0	33	0	0	0	0	33	0	0	0	0	33	0	0	0	0	33	0	0	0	0.00019430486360521866	33	0	0	-5.6052087121917873e-05	0	33	0	0	0	0	33	0	0	0	0	33	0	0	0	0.00053614347974571363	33	0	0.42669006248659297	0.3575336083613182	0.50044445554751715	21	12	0.5223889860969092	0.42081441487810695	0.62735920127885092	21	12	0	0	1.730165832531783e-07	33	0	1	0.49999999999999983	1	33	0	0	0	0	33	0	1	0.99999999999999989	1	33	0	0	0	0	33	0	13.86058447539385	13.86058447539385	13.86058447539385	33	0	8.9370602988504952	5.9030838762123423	9.9616486989764077	21	12	14.549311039412137	13.860584475393846	16.859203422697373	33	0	4.5200993668566882	3.1739552722408257	9.7315515162010495	21	12	0.00042599126517371043	5.1612943304745208e-05	0.00099045392057543367	21	12	0.00020979327305216194	5.1334542818835664e-05	0.00036344470635401135	21	12	0.00040694653840917043	5.160418064494917e-05	0.00077935645126528462	21	12	0.00058805276520189408	7.808229908167421e-05	0.0015542169596217429	21	12	0.00027076407547765863	3.8934772465834235e-05	0.00074081458237846545	21	12	0.00023807190502975602	9.4530968129297112e-05	0.00056382954588328157	21	12	0.00010142402901170398	3.387711648945571e-05	0.00024473846052762969	21	12	0.00024745627282365376	7.0920836390775274e-05	0.00060557946345385946	21	12	0.00032561996087958123	0.00011401936458881626	0.00075125951784706156	21	12	0.0001567992037445997	4.1067556451264628e-05	0.00050245920711287201	21	12	0.091969704174736433	0	0.25093240515764803	21	12	0.61725096884143116	0.49030242563391896	0.79110982746320868	21	12	0.018816508898333285	0.0076933666648570454	0.031635896469116034	21	12	-0.029775522579679282	-0.39092287582718654	0.0032227521729400518	21	12	-0.027063321061324839	-0.055713934880121434	-0.012426856838911916	21	12	0.030836780091449432	-0.010190010538477862	0.095080466889804038	21	12	-0.026042096824198523	-0.026042096824198523	-0.026042096824198523	33	0	0.10471349638687662	0.10471349638687662	0.10471349638687662	33	0	0.067530516367428059	3.4212829937982724e-06	0.28151524330028166	21	12	0.0038055604146149569	1.8185508206239387e-17	0.066045682258029481	21	12
Leukotriene metabolism	7	0	0	1.0759635767547993	7	0	0	0	0.39578544976584362	7	0	0	0	0.98504683024123507	7	0	0	0	1.076150337378758	7	0	0	0	1.1798101026599905	7	0	0	0	0.87494659282001153	7	0	0	0	1.0531859203144243	7	0	0	0	0.95938775823128219	7	0	0	-0.36926517110967039	0.90368396646393512	7	0	0	0	1.0400136408808158	7	0	0	0	1.2121747214503729	7	0	0	0	2.5757738950645939	7	0	0.57874542793616157	0.44266197671456609	0.66674749819926682	6	1	0.65019731282589244	0.56238690360892651	0.8569201627140306	6	1	0	0	0.034895977654239699	7	0	1	0	1	7	0	0	0	0.4000000000000003	7	0	1	1	1	7	0	0	0	0	7	0	13.86058447539385	13.86058447539385	13.86058447539385	7	0	9.9716437618558658	8.4848230581073238	13.431512776256911	4	3	13.860584475393846	13.443322029424223	16.849506557049185	7	0	15.200418842253207	10.904475618388567	19.172172099929863	6	1	9.7070360677422709	1.0494561546188215	16.188655185046205	4	3	6.8088055501529077	0.7651279288973355	13.556857095575948	4	3	8.5554680758648338	1.0200067617568169	15.150192382023981	4	3	10.59087570326858	1.4645827380208156	16.913740505867182	4	3	1.8347697597691472	0.43507187350008003	2.8821866427024418	4	3	0.37618998222002836	1.8225107222500021e-08	9.8577987988973863	6	1	0.15163158157070283	7.8320455989081298e-09	7.5856934492394021	6	1	0.3043845300620765	7.9055509564476179e-09	9.5201238595724522	6	1	0.65527556438871226	4.49354752445993e-08	13.138156652355736	6	1	0.3672253606385682	5.7026065582061422e-10	5.7826928132370021	6	1	0	0	0	4	3	0	0	0.15517178686013194	6	1	2.8369123764488968e-31	5.6738247528977937e-32	6.7302750721639471e-16	3	4	-0.0012203991426199537	-0.0022261955097416693	-0.00021460277549823834	2	5	0.064439623070379412	-0.066382505997189936	0.080830206814666766	3	4	0.13487406386357942	0.11422466795354527	0.17961435117876307	3	4	-0.026042096824198523	-0.026042096824198523	-0.026042096824198523	7	0	0.10471349638687662	0.10471349638687662	0.10471349638687662	7	0	-6.5292159237228032e-18	-0.11644378656999047	0.0021230539930136329	3	4	-0.012517977127998828	-0.10445693479284128	0.0069893484318517066	3	4
Methionine and cysteine metabolism	22	0	0	0	22	0	0	0	0.0001103166484359185	22	0	0	0	0	22	0	0	0	0	22	0	0	0	0	22	0	0	0	0.00025038358276498429	22	0	0	0	0	22	0	0	0	0.00040766850285544324	22	0	0	-0.00027948974818992869	0	22	0	0	0	0	22	0	0	0	0	22	0	0	0	0.0011507666670891672	22	0	0.51403425791254187	0.25161720340364263	0.59332039982327811	20	2	0.57360794047711261	0.41326530200361128	0.66111324345734834	20	2	0	0	1.8115620963168413e-05	22	0	1	0	1	22	0	0	0	3.5930861045986413e-05	22	0	1	0.99999999999999989	1	22	0	0	0	0	22	0	13.86058447539385	13.86058447539385	13.86058447539385	22	0	10.244867213230592	5.4911020217115443	14.256796502918688	20	2	16.085539357229344	13.718906270867556	16.765286341094082	22	0	6.0187333055728933	4.6809485845425751	14.588863480735721	17	5	0.00083973651541632854	0.00018861337752043998	0.0038513378095521985	20	2	0.00060170800262680443	0.00010483528119331986	0.003293069749456493	20	2	0.00077325306483454854	0.00018811852623526403	0.0037169142089852874	20	2	0.0010414378366210971	0.00020017237911221865	0.0039757269356502853	20	2	0.00011091565424536949	1.04468015668926e-05	0.00060855225981006956	20	2	0.0007153305911312643	3.9557023050724558e-05	0.0018211670885592787	17	5	0.00053380760412577747	2.7597353673961293e-05	0.0015144858859868421	17	5	0.0006473387105895359	4.0638716118534216e-05	0.0017828249439838235	17	5	0.00081662310142302606	5.6229047919773868e-05	0.0020568337205738932	17	5	0.00013426292557763928	1.2543562753269508e-05	0.00040927071896226797	17	5	0	0	0.37257951909525716	20	2	0	0	0.15157284815682018	17	5	0	0	4.3459304305047205e-06	20	2	0.00015028109932142141	-0.015293738591616961	0.36159677397197532	15	7	0.10099817314373248	-0.091797240809129654	0.28405266850436955	20	2	0.0084526973889924046	-0.1177602501897887	0.13577490350415355	20	2	-0.026042096824198523	-0.026042096824198523	-0.026042096824198523	22	0	0.10471349638687662	0.10471349638687662	0.10471349638687662	22	0	1.8155104191612965e-06	-0.039070710235438851	0.11562416539973464	20	2	-0.00011574915644437073	-0.1676037031381665	0.015442248366668104	20	2
Miscellaneous	82	0	0	9.474033036693323e-06	82	0	0.00015920298083838216	0	0.44530070039472841	82	0	0	-0.00028174156648338121	1.4821485247349317e-06	82	0	0	0	5.3084400275573655e-05	82	0	0	0	0.00038590621594892052	82	0	0.00010729652456367613	0	0.86997011122161194	82	0	0	0	9.3176317284819962e-05	82	0	0.0012040617997894003	0	1.7437604581413428	82	0	0	-0.003627416833512196	0	82	0	0	0	8.2570265404266995e-05	82	0	0	0	0.5263249386104546	82	0	0.0033767189206795915	0	4.6831273848281354	82	0	0.50732610211798113	0.35794787139967993	0.62622565942657471	74	8	0.61932209456779719	0.46130846456380636	0.80537441379522734	74	8	3.5806932523624408e-32	0	0.27672042259498264	82	0	0	0	1	82	0	2.4608869407719888e-29	0	0.88981225944474185	82	0	1	0.99999999999999978	1	82	0	0	0	2.9741339274479538e-25	82	0	13.86058447539385	13.86058447539385	13.86058447539385	82	0	9.1601529514964657	5.9773735892158362	13.09843974514728	71	11	16.975836880981841	13.6948614012788	16.975836880981841	81	1	9.7499772401202129	5.8250539056950164	14.116154319422504	71	11	0.0040035136140095977	0.00032018772756761509	5.9814649809906753	71	11	0.0013490218917293054	0.00024917388989842415	4.2298611494985288	71	11	0.0038848238317305472	0.00030132516379463255	6.1699430981207817	71	11	0.0054308776616657818	0.00033937642975295144	7.1919033779757768	71	11	0.0016486490416635846	3.8051265958318891e-05	2.1586673551258491	71	11	0.0029081360461769533	0.00040005189364639095	6.4543906453507676	71	11	0.0018817710915657753	0.00017804092412367274	4.9047922900111249	71	11	0.002850631467144444	0.00033179671129658899	6.5822234087386597	71	11	0.0042551664283708461	0.00044508895390672803	8.3392895945675978	71	11	0.0018289439062159542	4.0722053642452602e-05	2.1586673551258491	71	11	0	0	0.47224547422365526	71	11	0	0	0.54645788485701585	71	11	1.7063269950926842e-24	0	0.0040631100806888202	74	8	0.00022216447485073928	-0.080868513053113059	0.16050923347379709	66	16	0.025090817413337671	-0.14995752342322921	0.22099387524652231	74	8	-0.0021035378695394096	-0.09978492419504173	0.1795355730440345	74	8	-0.026042096824198523	-0.026042096824198523	-0.026042096824198523	82	0	0.10471349638687662	0.10471349638687662	0.10471349638687662	82	0	-1.5222907941263679e-07	-0.091189500680836769	0.052736029144690617	74	8	1.7111910687478217e-19	-0.078490113197251535	0.10821168277182124	74	8
NAD metabolism	17	0	-0.0010580562166788985	0.00070778723234563826	17	0	1.0044977270336264e-05	0	0.017738629627804758	17	0	0	-0.0010605131367769961	0.00016202637823825309	17	0	0	-0.0010580260930506428	0.00070929464847969438	17	0	0	0	0.00070929464847969438	17	0	0	0	0.00070901682270057631	17	0	0	-0.0010948680328908061	0.0010236706788888566	17	0	0.00077268287842498728	0	0.098306401672649146	17	0	0	-0.001584656614747697	2.9360897192430978e-05	17	0	0	-0.00052975330398901635	0.00052216891457853838	17	0	0	0	0.0021711328514614644	17	0	0.0020947415463056975	0	0.28966008997976844	17	0	0.53479253730294829	0.37799943327457353	0.80887015097399462	17	0	0.71516163395816879	0.49732859317571498	0.91374448838729627	17	0	0	0	0.35437619179852425	17	0	0.49999999999999983	0	1	17	0	0	0	0.49999999999999989	17	0	1	0.99986064999389479	1	17	0	0	0	0.0011320316783587881	17	0	13.86058447539385	13.86058447539385	13.86058447539385	17	0	11.871063119075711	4.573991509285964	14.913785817490858	16	1	16.765286341094082	12.514797391186603	17.341556318418323	17	0	11.489637086116417	8.0343399678656926	13.769797342067296	15	2	0.0021928930749593595	0.00064166651444407734	4.0418168958289513	16	1	0.00076728400376839545	0.00042230260016444207	2.5010926231835455	16	1	0.0019210173210802962	0.00043813456402213685	3.4007822078868841	16	1	0.0031246684547147473	0.00082412108633190108	5.9984124017642655	16	1	0.00099143830240676334	9.260826780764812e-05	0.6912104203561098	16	1	0.0045660805009917777	0.0014872346539027484	4.1575026458865398	15	2	0.0037658306008077581	0.00083066530948460598	2.8394957652877082	15	2	0.0046292771479746831	0.0013437696525333597	3.55924743305038	15	2	0.0057649151648644916	0.0017783295717944689	6.218983813349757	15	2	0.0020033957809560848	0.00028859176390382338	0.99645183958750061	15	2	0	0	0.372374920294259	16	1	0	0	0.17446974342210203	15	2	0	0	0.023425197317835742	17	0	0.0073648387408355581	-0.054526291024826187	0.081294380350195677	12	5	0.0039948542922370305	-0.10886017307344753	0.25159181150738125	17	0	0.012172947672493448	-0.085004341925335541	0.12868912302248259	17	0	-0.026042096824198523	-0.026042096824198523	-0.026042096824198523	17	0	0.10471349638687662	0.10471349638687662	0.10471349638687662	17	0	2.3271889257850186e-18	-0.004474185049236439	0.32882269161302763	17	0	-0.0022020845738914769	-0.10387895932577274	0.00026572226417160205	17	0
Nucleotide interconversion	144	0	-2.2581053958875511e-07	2.2451618213839644e-05	144	0	0.0091806850936232646	4.4040455407421381e-09	0.83350842096244893	144	0	0	-0.000751642671427555	0	144	0	0	-2.0178386328233372e-07	2.2469164858017714e-05	144	0	0	0	0.0018135854177615787	144	0	0.0001621387046048393	0	1.9533728760836275	144	0	0	-5.1488096549117367e-05	0.00036392360253206422	144	0	0.49969555974361923	7.0457517160422036e-06	2.6199708393851528	144	0	0	-1.1536415867922214	0	144	0	0	-5.4575178600354692e-05	0.0001411450767668175	144	0	0	0	1.3561652669444695	144	0	1.3217781134143203	2.0443180003211545e-05	6.7051133580130013	144	0	0.52804212519220806	0.39006068900856794	0.63316862101612614	143	1	0.59987364982426061	0.46842035159054962	0.72518326645344522	143	1	2.4128573645841346e-36	0	0.50689967354254417	144	0	0	0	0.49999999999999983	144	0	0	0	0.62649677811955118	144	0	1	0.99999999999999878	1	144	0	0	0	3.8409507762380307e-14	144	0	13.86058447539385	13.86058447539385	13.86058447539385	144	0	9.6120267869606231	5.7047056614605136	12.908947237494862	140	4	16.765286341094082	15.162978452264612	16.975836880981841	130	14	9.3001578122875053	5.4360685330563969	13.764200696888299	143	1	3.1742146666479174	0.00117887180338807	14.585890764324173	140	4	1.6626114312024933	0.00065156276476514635	12.151506125618896	140	4	2.9468194988649445	0.00095220552149152403	13.786284545063824	140	4	4.3446666400813037	0.00143039658551071	16.882687217945914	140	4	0.93307039877211473	0.00021270766678622055	3.605525969697708	140	4	2.1180849058337343	0.0011618045405947688	17.651617016990112	143	1	0.99823135297488186	0.00067290506217022688	16.511348287310657	143	1	1.671136577058038	0.00094944865733733092	18.549307391138711	143	1	2.7666048219944503	0.0013634905907555751	20.582339478011832	143	1	1.1076622529712907	9.6764322632383385e-05	3.63174226501308	143	1	0	0	0.28595000598068887	140	4	0	0	0.39135436190628109	143	1	2.7199233483660902e-30	0	0.0032441377886151127	143	1	1.8160173855795285e-05	-0.057844629284189084	0.062360275444169194	133	11	0.0017560423788492464	-0.14974424539475817	0.17946289971392115	143	1	0.041186601646077459	-0.092285884632295132	0.20966944506680441	143	1	-0.026042096824198523	-0.026042096824198523	-0.026042096824198523	144	0	0.10471349638687662	0.10471349638687662	0.10471349638687662	144	0	1.2785929422208761e-19	-0.048065516846071042	0.081764588709827779	143	1	-4.1105956803919884e-17	-0.04211330978560178	0.056232207183694899	143	1
Pentose phosphate pathway	25	0	-3.3277827114787493e-07	0.010763219915317099	25	0	0.0017053677706873427	2.1486706570111311e-07	0.21556891418990892	25	0	0	-2.8680672800054045e-06	0.0021816729131548451	25	0	0	0	0.0098632521619862051	25	0	0	0	0.017107410041965126	25	0	0.0022295218164819523	0	0.46491754683080494	25	0	0	0	0.013685688242801027	25	0	0.0052544478450071794	4.7326661092369826e-05	1.3889187255815432	25	0	0	-0.027064462196420055	0.0014902204101389393	25	0	0	0	0.014082301591148823	25	0	0.00047248674557052561	0	0.044102173429437438	25	0	0.013725116166657378	0.00011076688489780902	3.607296770745215	25	0	0.46523821144981164	0.40447835269457488	0.59179346296548818	25	0	0.54084708478367438	0.45863469801070195	0.69812243286842002	25	0	1.1930462181508876e-14	0	0.29108066991595943	25	0	0	0	0.8000000000000006	25	0	0.0023218495713196591	0	0.99999999994230293	25	0	1	0.99999999999998523	1	25	0	0	0	4.3876439182378176e-13	25	0	13.86058447539385	13.86058447539385	13.86058447539385	25	0	8.131321037469748	3.7550512961074194	12.756414747499475	25	0	16.765286341094082	14.575731631870287	16.975836880981841	17	8	10.185062916710525	5.3554075155284115	13.826322926736136	24	1	0.0059379060862967585	0.0017188035857519492	6.0450046745588768	25	0	0.0029177591840654216	0.00044676924161047839	3.8943806866101305	25	0	0.0071594861184067493	0.0014916176479939851	6.1084429113231433	25	0	0.0094221505842284146	0.0034350698367453607	7.316833540133695	25	0	0.005470455976960803	0.00057750856239372622	1.2216932340574334	25	0	0.038482906573484042	0.0010671215562037088	4.3723127054803719	24	1	0.024853544367906377	0.00038614689107582291	2.09333457945525	24	1	0.033653776646377261	0.0010117590637898374	4.3313351736178589	24	1	0.049364787592491161	0.0017800877318929944	5.6552683431034891	24	1	0.0034839885816810301	0.00065605987965384528	1.6304278091291498	24	1	0	0	0.76657497061083701	25	0	0	0	0.33718660747265128	24	1	1.0093199067047907e-12	0	3.5143185707931623e-06	25	0	0.00010248038642727072	-0.06705376320374859	0.1312173394232711	23	2	0.061381938824758786	-0.12869697943787531	0.34818423356251144	25	0	0.020454242206906399	-0.0441744963591717	0.19573207708746584	25	0	-0.026042096824198523	-0.026042096824198523	-0.026042096824198523	25	0	0.10471349638687662	0.10471349638687662	0.10471349638687662	25	0	-0.012152430674094791	-0.090363207152120775	0.0027818733811610977	25	0	2.6112657966567406e-21	-0.090490463350255915	0.015437100583983003	25	0
Phenylalanine metabolism	23	0	0	2.1523021848165862e-05	23	0	4.0825933185933129e-11	0	0.14305360157039571	23	0	0	0	4.1874410302175235e-07	23	0	0	0	2.0873470428036073e-05	23	0	0	0	3.3017365722800893e-05	23	0	0	0	0.26824636443884298	23	0	0	0	4.2553130997356327e-07	23	0	1.7912882476807742e-08	0	0.26005245199174493	23	0	0	0	3.189349086073866e-07	23	0	0	0	2.1079856208481789e-05	23	0	0	0	8.8358582994973528e-05	23	0	5.528313729513259e-08	0	0.56733010715979615	23	0	0.47469862044842848	0.36986805362787001	0.61086025903312258	22	1	0.58261470229786361	0.4976626179524346	0.92260171183430306	22	1	0	0	4.4783235883027349e-16	23	0	0.49999999999999983	0	1	23	0	0	0	0.60745685118824533	23	0	1	1	1	23	0	0	0	0	23	0	13.86058447539385	13.86058447539385	13.86058447539385	23	0	10.350704494392025	3.4528981105131082	19.042438175225207	19	4	16.765286341094082	13.17634285751326	16.975836880981841	23	0	11.983368131346111	5.9456797380160884	17.83568358884132	21	2	0.0023475208629204587	2.313523119304263e-05	1.1263722410849726	19	4	0.0021704696809548658	1.7727763140217582e-05	0.54085603604805133	19	4	0.0023556979154719308	2.3113609732627629e-05	1.0335531139608778	19	4	0.0023556979154719308	2.4118701794870371e-05	1.8752561342597145	19	4	0.00019237428388039894	6.6375144695773574e-06	0.4498371826879593	19	4	0.0010404875564396971	4.9917149892296984e-06	0.99859713803389805	21	2	0.00098193501159409436	2.4029037961179444e-06	0.41115390924970896	21	2	0.0010428536876935072	5.8128644317239922e-06	0.87511036343088655	21	2	0.0011767485479152007	8.1065944598114711e-06	1.7637559643694001	21	2	2.7015331078206542e-05	1.8855932972090244e-06	0.39584315451674407	21	2	0	0	0.0010327989069188156	19	4	0	0	0	21	2	0	0	4.7231897969771811e-29	22	1	-0.0021637049804539748	-0.12276475549758883	0.17684960837644001	14	9	-0.010113327436247183	-0.17069747583962441	0.37121175016070285	22	1	-0.031858958503689493	-0.16531834766178605	0.068822436194581088	22	1	-0.026042096824198523	-0.026042096824198523	-0.026042096824198523	23	0	0.10471349638687662	0.10471349638687662	0.10471349638687662	23	0	-1.0351573108473724e-17	-0.084665837056193086	0.06981207203141318	22	1	-5.9102072658560793e-17	-0.069231206305451515	0.012897760166269269	22	1
Purine catabolism	19	0	0	0	19	0	3.5824195572851219e-09	0	0.0020185557061420177	19	0	0	-4.4376427377154198e-05	0	19	0	0	0	0	19	0	0	0	4.8786733969859238e-18	19	0	0	0	0.00363050571765181	19	0	0	-7.3857883226002824e-06	3.1536043292895854e-06	19	0	7.8986562551709877e-07	0	0.005279932280525694	19	0	0	-0.0019023838978540473	0	19	0	0	0	7.0804043952706126e-07	19	0	0	0	0.001491829098038619	19	0	2.1728382626840395e-06	0	0.01396043830988258	19	0	0.50483142583258367	0.43819472151091099	0.61983005597175866	16	3	0.67724969064289997	0.51842320127902664	0.86111693578001058	16	3	0	0	0.12350049332940687	19	0	0.49999999999999983	0	1	19	0	0	0	0.050434695212500304	19	0	1	0.99999999999265599	1	19	0	0	0	1.7593208075973232e-10	19	0	13.86058447539385	13.86058447539385	13.86058447539385	19	0	10.069041143410784	7.4815518080282821	12.101685602238097	16	3	15.476272561683082	12.890195085421935	16.975836880981841	19	0	10.775520026610547	6.4454670120454605	17.837037703477471	15	4	0.0021292915281772495	0.00014630400583662655	0.030912059071396256	16	3	0.0012691613784592045	2.8467173337838454e-05	0.021058547545909516	16	3	0.0020385287764964058	0.00011732896718049091	0.030635597568694755	16	3	0.002562441066309781	0.00019086224335400343	0.036164037001113966	16	3	0.00074664983598048422	2.2159064041125588e-05	0.01227599240496564	16	3	0.0031362216027110731	0.00016493893781335648	0.0096650735438837867	15	4	0.0013335469689643757	0.00012483727052136576	0.004660448730354619	15	4	0.0026911311341727799	0.00015692452209426091	0.0096655325584230709	15	4	0.0055333762613150178	0.00019788889630495456	0.011551595911262381	15	4	0.0025641752100891667	3.8917471647183637e-05	0.0045664938010005944	15	4	0	0	0.13599712622495777	16	3	0	0	0.35229881020384102	15	4	2.3868152521125125e-32	0	0.0035071068819206679	16	3	-0.00017715692037184789	-0.24838285137806881	0.0028847269775237961	13	6	0.0092823957488557783	-0.20532067776946444	0.16973206520689926	16	3	0.058085930860960713	0.0070816291857165019	0.228226959786617	16	3	-0.026042096824198523	-0.026042096824198523	-0.026042096824198523	19	0	0.10471349638687662	0.10471349638687662	0.10471349638687662	19	0	7.66994026254948e-18	-0.0017681378467107305	0.080845976162172137	16	3	-1.7095129898594488e-20	-0.024191354707293829	0.022147031466398404	16	3
Purine synthesis	12	-1.1403630612715049e-05	-1.1403630612715049e-05	0	12	0	1.9635086279428396e-05	1.7851281987099475e-05	1.9635086279428396e-05	12	0	-2.5864089323207381e-05	-2.5864089323207381e-05	0	12	0	-1.1505689878358916e-05	-1.1505689878358916e-05	0	12	0	-2.1715370346115745e-06	-2.1715370346115745e-06	0	12	0	3.7666590496546572e-05	3.2753728410859194e-05	3.7666590496546572e-05	12	0	-1.5500059032212465e-05	-1.5500059326680281e-05	0	12	0	4.2571857903872802e-05	4.2571857824182364e-05	4.2571857903872802e-05	12	0	-0.00019467943750673509	-0.00019467943750673509	-3.3605138187124753e-07	12	0	-1.3530491375366385e-05	-1.3530491375366385e-05	0	12	0	1.5805297034588524e-06	1.5805297034588539e-07	3.1825154071871241e-06	12	0	0.00011110071337807808	0.00011110071337807808	0.00011110071337807808	12	0	0.45528620752425208	0.440866265442514	0.45747713657995515	12	0	0.46096142971257825	0.46096142971257825	0.48490638296785338	12	0	0.99610452893147161	0.00052002566865682611	0.99610452893147161	12	0	0	0	0	12	0	0.0038954710685284088	0.00038954710685284121	0.0050697781247642723	12	0	0.99999997002547603	0.99999997002547603	0.9999999970025476	12	0	4.9987595485979137e-07	4.9987595485979182e-08	4.9987595485979137e-07	12	0	13.86058447539385	13.86058447539385	13.86058447539385	12	0	11.966401518363257	11.892039945250762	14.410849272461252	12	0	14.481934900542884	13.694140706302878	15.269729094782889	2	10	4.9072996174915566	4.9072996174915566	7.0595822669744415	11	1	0.00014319035604777803	7.6661155635042455e-05	0.0062101454935342866	12	0	4.3937184695036523e-05	3.1255449508498733e-05	0.0046429129341737287	12	0	0.00012296611613217426	7.6587897836834953e-05	0.0073312444167967679	12	0	0.00018613135179601948	0.00012393169145905918	0.0080529221401255853	12	0	4.1737557305121726e-05	4.0427967230212018e-05	0.00097008900190826048	12	0	6.456858381039507e-05	6.456858381039507e-05	6.9269022255849606e-05	11	1	1.0864952961845851e-05	1.0864952961845851e-05	2.9846367821105644e-05	11	1	3.9836349013925009e-05	3.9836349013925009e-05	7.1434762470686138e-05	11	1	0.00010464358522120854	0.00010464358522120854	0.00011702061808828581	11	1	7.3144579202439513e-06	7.3144579202439513e-06	4.0282457221888719e-05	11	1	0	0	0	12	0	0.55319074774952148	0.49459357740528093	0.55319074774952148	11	1	4.7074182707315538e-09	4.7074182707632418e-10	4.7074182707315538e-09	12	0	-0.043619033285736603	-0.043619033285736603	-0.043393593828644217	11	1	0.026116109306285447	0.0013612972269000283	0.026116109306285447	12	0	0.21463912950693129	0.20297029842654241	0.21463913223062378	12	0	-0.026042096824198523	-0.026042096824198523	-0.026042096824198523	12	0	0.10471349638687662	0.10471349638687662	0.10471349638687662	12	0	-0.031890487176765334	-0.031890487176765334	0.041157498521041426	12	0	0.052726097796504945	0.031266908661363627	0.052726097796504945	12	0
Pyrimidine catabolism	24	0	-6.8771204358549759e-06	0	24	0	0	0	0.00091068106945837145	24	0	0	-0.00020159092158489469	0	24	0	0	0	0	24	0	0	0	1.1459853317440799e-06	24	0	0	0	0.0015403449913942548	24	0	0	-7.5982250944200145e-05	0	24	0	0	0	0.0035093499468663836	24	0	0	-0.0017121727866511933	0	24	0	0	0	0	24	0	0	0	0.00031001483934062104	24	0	0	0	0.00888745149552881	24	0	0.52447067041609796	0.42760945196937944	0.73106388936513378	18	6	0.66819385342216964	0.50848537586314169	0.87679673168330541	18	6	0	0	0.40740991244948649	24	0	1	0	1	24	0	0	0	0.14194689566343341	24	0	1	0.99999999485287849	1	24	0	0	0	9.1901967794785914e-08	24	0	13.86058447539385	13.86058447539385	13.86058447539385	24	0	11.513390050766757	6.6174400653790695	18.817429046610631	15	9	14.899206605594918	13.565244714291222	16.975836880981841	23	1	7.9293343303523951	5.6339235551902691	14.266557369600159	17	7	0.0041185358479544727	0.00028203728564213848	10.981033879417639	15	9	0.0012902619887426984	0.00020347370337018178	9.6202379506286952	15	9	0.0029589252108249923	0.00028014618591116672	9.8302737835551799	15	9	0.0048595871982764181	0.00034146661836793348	14.115163450469002	15	9	0.0011537561540615024	4.1025962956558569e-05	2.2826876334768063	15	9	0.013034177912461611	0.00033314607017618245	7.162547806308365	17	7	0.010626966235149058	5.3379628994538927e-05	5.2842785297102255	17	7	0.012701957389643782	8.3173599621751731e-05	6.8100938461057208	17	7	0.013615767279513634	0.00017810781277097289	8.1901950225795606	17	7	0.0018701431583037498	5.0765461246795159e-05	1.156237121861007	17	7	0	0	0.21683394154253138	15	9	0	0	0.54048665721021538	17	7	0	0	0.0062288349371075287	18	6	-0.0025673429067276793	-0.3032587255861412	0.12673207343576717	14	10	0.035321274633328736	-0.16179395178579759	0.29677831189815074	18	6	0.0078540361972626784	-0.15199881999347123	0.10065774841396791	18	6	-0.026042096824198523	-0.026042096824198523	-0.026042096824198523	24	0	0.10471349638687662	0.10471349638687662	0.10471349638687662	24	0	-8.6739082548542062e-07	-0.36382063640640216	0.11401497112286056	18	6	-5.3993101505509213e-18	-0.40699147546312814	0.059827173142864301	18	6
Pyrimidine synthesis	16	0	-9.5979494723628163e-06	1.0055799304137573e-05	16	0	7.033564221254166e-05	1.8862041378596448e-05	0.42315000076879827	16	0	0	-0.0011440846933871271	8.8067795362106304e-07	16	0	0	-9.8499877142519303e-06	1.0165900433243231e-05	16	0	0	-1.1271022739558155e-06	2.5283921447077225e-05	16	0	8.3285046136005281e-05	1.6856477880496529e-17	0.75495542024472673	16	0	0	-2.321725753281826e-05	2.3217257093002176e-05	16	0	0.00035750099266481896	0.00011286718944520215	1.3340675103988715	16	0	-5.463223134531062e-05	-0.10863659954984814	0	16	0	0	-1.5780001748349097e-05	0.000204181110797227	16	0	1.6631415803014741e-05	0	0.0010107828410214732	16	0	0.00091062322756368854	0.00030109192890362039	3.2923843627334444	16	0	0.45625635697328204	0.40846258155938175	0.59408505184207772	16	0	0.50775828263940592	0.43599885205537464	0.7564276674647985	16	0	0.0035702019829169851	0	0.98881215406565615	16	0	0	0	0.49999999999999983	16	0	0.0049794883579903776	0	0.93567189895188685	16	0	0.99999999999999978	0.99993814988268959	1	16	0	7.5369267102560217e-17	0	0.00056227213259265815	16	0	13.86058447539385	13.86058447539385	13.86058447539385	16	0	8.5569372191732018	5.2999690268161261	11.649188859573538	16	0	16.765286341094082	16.505564601543846	16.975836880981841	9	7	6.8810351153499898	4.960186116419818	11.661003797618681	16	0	0.005550732138008484	5.6778590608858529e-05	2.0827425637047927	16	0	0.0033416893145323968	1.4615008392358187e-05	1.5126533973432537	16	0	0.0053278280527794342	4.650749814151478e-05	2.0796145604681078	16	0	0.0067657121474933163	0.00010070024074793872	2.8265340740112057	16	0	0.00034429903068203103	3.2165052033775178e-05	1.132921893726536	16	0	0.0047143417304712802	5.5195824276643302e-05	4.667778754144587	16	0	0.0023950866693253489	1.0117642449483774e-05	3.5230370327876992	16	0	0.0041867810707913638	4.1518727916769495e-05	4.7301768164702631	16	0	0.0049427280688628637	0.00010460210530618795	6.0787095596209237	16	0	0.0001969152772658379	7.4617956935932371e-06	0.755061485939029	16	0	0	0	0.5238588212692008	16	0	0.0040164284005761441	0	0.54883917774919666	16	0	2.8529328790851471e-13	2.518458510611682e-31	0.00033388007047736016	16	0	-0.0012441671055456495	-0.050802590943421738	0.0079932663326925928	16	0	-0.0011709479135791488	-0.058393329946277717	0.16833379712324201	16	0	0.044031719916392195	-0.08932174667083366	0.20984824920299716	16	0	-0.026042096824198523	-0.026042096824198523	-0.026042096824198523	16	0	0.10471349638687662	0.10471349638687662	0.10471349638687662	16	0	-0.00052003542355998306	-0.038400597974773062	0.062634310036528959	16	0	0.008474096642875557	-0.049201077065227854	0.049588720363712827	16	0
Pyruvate metabolism	23	0	0	0	23	0	0.00014828336897441309	0	0.64627452444742217	23	0	0	-0.51977276417970342	0	23	0	0	0	0	23	0	0	0	0	23	0	0	0	1.5395045185474925	23	0	0	-0.030004542059236361	0	23	0	0.0079909988129334784	0	1.8319182762786947	23	0	-0.0030720025511718589	-1.8571491992735472	0	23	0	0	-0.029917664153990151	0	23	0	0	0	0.48862857249996072	23	0	0.020623007176340996	0	4.5152210582736636	23	0	0.46956213392286955	0.4221482933120248	0.59179158315299052	22	1	0.54886152194010607	0.50575137238706103	0.67183421064312077	22	1	1.1738506667511561e-07	0	0.34680499829119049	23	0	0.49999999999999983	0	1	23	0	2.9902528729735771e-29	0	0.0035167331968765062	23	0	1	0.99999999999999989	1	23	0	0	0	0	23	0	13.86058447539385	13.86058447539385	13.86058447539385	23	0	9.6693338569699847	4.9485721624533756	12.180501958705696	21	2	16.765286341094082	13.339450722803829	16.975836880981841	23	0	9.5038669160074001	5.1517322766257339	13.812602731437618	22	1	0.93967189511843552	0.00095151518679813577	3.8762131221680756	21	2	0.51159829066102525	0.00029774551560158408	2.7767151569280388	21	2	0.87586127235417521	0.00091024805094632388	3.9314569841782436	21	2	1.3421482642572218	0.001720471934629189	5.3926200285620816	21	2	0.54355001673315928	0.00047683791962350227	1.7494772657242201	21	2	0.3540737135105092	0.000672957692656815	3.7318470317963062	22	1	0.23804372990141637	0.00042156782701245914	2.3716111692445243	22	1	0.32812881852534204	0.00059757669072072698	3.8260984757733629	22	1	0.45481303481053059	0.00098772987440139625	4.9649753100416065	22	1	0.20425312982112628	0.00033595330080933371	1.7274632831622541	22	1	0	0	0.17455998425780006	21	2	0.0033216886945793278	0	0.71655456837931542	22	1	1.2681326880016456e-12	0	0.0080962314418891231	22	1	-2.9612567643349477e-05	-0.085206843320692296	0.010549853075473275	21	2	0.022176620179880886	-0.12333776921877868	0.16324060074201283	22	1	0.03812857484009996	-0.10320796557146857	0.1716898394028821	22	1	-0.026042096824198523	-0.026042096824198523	-0.026042096824198523	23	0	0.10471349638687662	0.10471349638687662	0.10471349638687662	23	0	-0.0034376095982947925	-0.084207534548459126	0.034385209882052417	22	1	0.029470660200871475	-0.03009993187262397	0.13213624220253767	22	1
ROS detoxification	5	0	-0.00011703277346524598	3.7120812927893159e-07	5	0	7.5660055440228589e-07	3.7500505348809768e-07	0.0010866622502186847	5	0	0	-0.00091741962175413032	5.4049402323886697e-08	5	0	0	-5.9584658740585277e-05	3.9819408813249067e-07	5	0	0	0	9.7781181444116807e-07	5	0	0	0	0.0021951309014214613	5	0	0	-6.2570305586284717e-05	6.9027746562492807e-07	5	0	3.2999541586587087e-05	1.1235332807795804e-05	0.0026245136591452095	5	0	0	-0.0016036779832802675	0	5	0	0	-8.089805114292015e-05	3.3592517047865776e-07	5	0	0	0	1.4383063461405223e-05	5	0	8.2658339293937706e-05	2.9778048672613302e-05	0.0069878853208139345	5	0	0.41224208551379338	0.38464149430964512	0.44385748682030063	5	0	0.46041722099509302	0.43094591878046773	0.4982234098202864	5	0	0	0	0.35125530746127331	5	0	0.49999999999999983	0	0.49999999999999983	5	0	0	0	0.71900008107843549	5	0	1	0.99999988978888599	1	5	0	0	0	1.6562470845775126e-06	5	0	13.86058447539385	13.86058447539385	13.86058447539385	5	0	5.0721441895402641	3.1948314118817418	7.0172635975979922	5	0	16.765286341094082	13.93603004489171	16.765286341094082	4	1	11.833139063547886	8.5818376827676541	14.193223657370723	5	0	0.00058309214168097978	0.00010497657472268823	0.0031757299155289413	5	0	0.00026780271963259194	6.554277357182631e-05	0.0017185453449110825	5	0	0.00064074255046917342	0.00010519260793346312	0.0028575316865736954	5	0	0.00070962556111385305	0.00012576775650412629	0.0038638712718057694	5	0	0.000159405110640937	4.5879971510373077e-05	0.00093145097461639834	5	0	0.00090667831606121676	0.00051965205091928745	0.0016175798128140488	5	0	0.00056658736339181427	0.0001723832918347048	0.0014180211073737735	5	0	0.00083567956615278598	0.0003290871735410287	0.0016255166388127395	5	0	0.0012554463674031113	0.00085833553553202292	0.0019519961037198033	5	0	0.00025494523666650141	6.31424826518295e-05	0.00033839849745680503	5	0	0	0	0.64999322058609743	5	0	0	0	0.079111689910471114	5	0	0	0	1.6188118615481069e-08	5	0	0.0070310577058030951	-0.039504748463327202	0.098554916181773283	5	0	-0.041047239835461796	-0.21748493703559033	0.089088369299372652	5	0	-0.031110492292799087	-0.15158609732558032	0.096722246234944159	5	0	-0.026042096824198523	-0.026042096824198523	-0.026042096824198523	5	0	0.10471349638687662	0.10471349638687662	0.10471349638687662	5	0	-0.01675362586121263	-0.055452185634702118	-0.002572115758590874	5	0	-3.4398275074643136e-05	-0.043119520584747356	0.035984816354609608	5	0
Sphingolipid metabolism	88	0	0	9.4948657057829357e-09	88	0	0	0	1.509947064888521e-05	88	0	0	0	0	88	0	0	0	0	88	0	0	0	1.0496191965511696e-05	88	0	0	0	3.0367560208122347e-06	88	0	0	0	2.0705147922444175e-06	88	0	0	0	0.00050625103620057963	88	0	0	-1.3805145406852544e-07	0	88	0	0	0	0	88	0	0	0	4.3387132257809877e-05	88	0	0	0	0.0012823486460048191	88	0	0.54427157239559842	0.3225711158891485	0.73586747375935224	62	26	0.63784183116402327	0.36766988972122255	0.85426167147850485	62	26	0	0	7.6612002251441761e-11	88	0	1	0	1	88	0	0	0	0.18985761668160042	88	0	1	1	1	88	0	0	0	0	88	0	13.86058447539385	13.86058447539385	13.86058447539385	88	0	9.2382636077835585	4.4028433853327007	14.692382173446266	49	39	13.860584475393846	13.497192157742877	16.765286341094082	84	4	9.6059782732113419	5.8423902947644173	17.477767444411516	58	30	0.0023978484742861283	5.5266298256184948e-06	0.0061940759052270464	49	39	0.0013262430932142427	4.6130815773972622e-06	0.0039657242394896697	49	39	0.0019031617012927327	5.053887422447393e-06	0.0060812087166632403	49	39	0.0027016384672275619	7.321384803085618e-06	0.0096992431253779508	49	39	0.00045415116641105667	2.6872957858978231e-06	0.0043292857618373384	49	39	0.0028762446421812925	0.00030948036070097625	0.0088290909368914008	58	30	0.0012896064928043063	0.00010046866467848628	0.0059581149004991072	58	30	0.0021276630991103333	0.00016899293553972755	0.0082713747950096846	58	30	0.0037631149619494018	0.00031640043221409014	0.012231381078462913	58	30	0.00076302410443743098	2.9195499286041392e-05	0.0052923437496189916	58	30	0	0	0.53189100821527024	49	39	0	0	0.36827056986151202	58	30	0	0	0.00079502865394969857	61	27	-4.3244021829613402e-05	-0.082168353461751595	0.069074024968760542	37	51	0.093419221185359724	-0.10823273721663722	0.54140995280734749	61	27	-0.014013399948032327	-0.16346731738189332	0.093419221185359724	61	27	-0.026042096824198523	-0.026042096824198523	-0.026042096824198523	88	0	0.10471349638687662	0.10471349638687662	0.10471349638687662	88	0	-2.5557769691846903e-07	-0.11629294804795859	0.024672546844296987	61	27	-2.5086587150322394e-07	-0.13668658429885228	0.050686160956696008	61	27
Steroid metabolism	33	0	0	0	33	0	0	0	0	33	0	0	0	0	33	0	0	0	0	33	0	0	0	0	33	0	0	0	0	33	0	0	0	0	33	0	0	0	0	33	0	0	0	0	33	0	0	0	0	33	0	0	0	0	33	0	0	0	0	33	0	0.5652788302156122	0.30597107637147314	0.66607516289637259	30	3	0.6659416021536616	0.46144952842545928	0.81942256699694582	30	3	0	0	0	33	0	1	1	1	33	0	0	0	0	33	0	1	1	1	33	0	0	0	0	33	0	13.86058447539385	13.86058447539385	13.86058447539385	33	0	13.832516570859433	5.4784134087681728	19.042438175225207	28	5	13.497192157742877	13.35180977334322	15.889412071417208	33	0	8.2518416042872325	3.3940815250860714	15.970293743676816	18	15	0.0015834929112061847	2.8694175587263886e-05	9.1907464171855224	28	5	0.0011009503372352608	1.4954096672633301e-05	8.7887537151685109	28	5	0.0013848136750812573	2.6250251603016797e-05	9.2262170163847514	28	5	0.001612410305553813	5.2126085130400493e-05	10.1524605864024	28	5	5.8364939886883382e-05	2.0345760619242316e-05	1.3854129559537167	28	5	0.0001804776494965351	1.4273894926189651e-05	8.3853249126220213	18	15	9.9972718841766044e-05	7.9399160738647107e-06	7.5948916525430743	18	15	0.000162065993783447	1.4309645599720884e-05	8.2218117360032075	18	15	0.00021443785387984237	1.8037209204587309e-05	9.6360192972309981	18	15	9.4438405667574829e-05	6.6968936908190597e-07	2.14887754147462	18	15	0	0	0.46986165831444371	28	5	0	0	0.81149344560578474	18	15	0	0	0.0012615172302995624	30	3	-0.0007040592859610729	-0.054610154871368638	0.09182181964467595	16	17	0.040318706894815017	-0.14201396389670204	0.3818300998897497	30	3	0.013516474375309742	-0.1153143124125298	0.23745634876333188	30	3	-0.026042096824198523	-0.026042096824198523	-0.026042096824198523	33	0	0.10471349638687662	0.10471349638687662	0.10471349638687662	33	0	1.7029277999699083e-18	-0.23205090540024736	0.20398302460200479	30	3	0.0088177781342994935	-0.23328433166807305	0.25175370727702795	30	3
Tetrahydrobiopterin metabolism	12	0	0	0	12	0	3.0515022735395678e-07	1.4812136647691349e-09	1.1128023678975767	12	0	0	0	0	12	0	0	0	0	12	0	0	0	0	12	0	0	0	2.3111365903307819	12	0	0	0	0	12	0	9.1408209624901723e-06	1.9315759049718722e-06	4.2647936176426136	12	0	0	-7.7104502138402912e-06	0	12	0	0	0	0	12	0	2.1125298221012607e-06	0	3.3202785318431189	12	0	2.3824984707248976e-05	5.1142499628850502e-06	9.3070907790107658	12	0	0.45078743158814882	0.41160112801205395	0.58134272012725052	11	1	0.51626474841109349	0.43949112276199664	0.72931870881734762	11	1	0	0	0.0098066999377346073	12	0	0.49999999999999983	0	0.49999999999999983	12	0	8.9969678604161689e-17	0	0.0098067274940693058	12	0	1	0.99999999999999989	1	12	0	0	0	0	12	0	13.86058447539385	13.86058447539385	13.86058447539385	12	0	8.4561593091209843	3.597320946709138	10.782114644394355	11	1	16.765286341094082	16.765286341094082	16.975836880981841	12	0	9.4030949993826543	8.2667068531028214	12.804176235084464	10	2	0.00022323700783803479	0.00013077538535345503	8.3912142294831966	11	1	0.00021046676577166719	5.6927400692290348e-05	7.1439386094991342	11	1	0.00022438464072937851	0.00010663419675971765	8.2682496342596892	11	1	0.00028480861225620234	0.00017230055833789202	8.8926284169921637	11	1	5.1763754215916526e-05	1.6093720006829917e-05	1.6373475862418587	11	1	0.00032816298244061585	0.00015799026436373132	6.7472081117624985	10	2	0.0002683560846683642	0.00010741637813109328	5.7012413150787538	10	2	0.00031987730490029266	0.0001522549455978037	6.5574683325252803	10	2	0.00035458927633695298	0.00019770827994163305	7.1180145495680982	10	2	3.7941645961922889e-05	2.8906341529341006e-05	2.9142678628440883	10	2	0.018158768262870328	0	0.74328677400038634	11	1	0	0	0.0018158768262870263	10	2	7.2790065307271548e-11	0	0.0073250185589731768	11	1	8.9611581518488426e-05	-0.075140645801934372	0.021313831650933673	9	3	0.18410767245725876	-0.12477848680841945	0.22726497224445616	11	1	0.056905989680218476	0.036685675564856593	0.092625367599186076	11	1	-0.026042096824198523	-0.026042096824198523	-0.026042096824198523	12	0	0.10471349638687662	0.10471349638687662	0.10471349638687662	12	0	0.00038333547559521523	-0.041425888927022321	0.040367250928226232	11	1	-0.00013281758581662885	-0.036841339883982263	0.14090832591692923	11	1
Transport, endoplasmic reticular	89	0	0	0	89	0	1.2903313794244463e-06	0	0.077921040727788132	89	0	0	0	0	89	0	0	0	0	89	0	0	0	0	89	0	0	0	0.079999534151682913	89	0	0	0	0	89	0	5.0082700262107401e-05	0	0.87577435760842592	89	0	0	-0.00060288109165565484	0	89	0	0	0	0	89	0	0	0	0.00060288109165565701	89	0	0.00011178774066869014	0	2.4377482696124884	89	0	0.50232447387603529	0.38983970016679087	0.62585332942993699	88	1	0.57049200136181977	0.41630372802206533	0.73065283466777975	88	1	0	0	4.1415515630219023e-07	89	0	0.49999999999999983	0	1	89	0	0	0	1.1887412167503269e-05	89	0	1	0.99999999999999989	1	89	0	0	0	0	89	0	13.86058447539385	13.86058447539385	13.86058447539385	89	0	9.8112499234617108	5.5683202272912329	14.381470768636454	84	5	16.076573813226265	13.497192157742877	16.975836880981841	86	3	9.3195609278483538	4.6375711297668669	15.944053695351586	86	3	0.046268483192473064	5.4827737888172644e-05	8.0216371028598488	84	5	0.028848896879608101	3.3310664001316832e-05	6.9402257172414457	84	5	0.038953653559868531	4.0067468494798777e-05	7.8163551793069921	84	5	0.052876115923509909	7.3783663279656915e-05	8.5836515990813282	84	5	0.013655623862656651	1.2386978934611965e-05	2.2615212283468318	84	5	0.073993870222870517	1.7429454542344765e-05	11.290116813918072	86	3	0.028064879604879255	1.1099471740452694e-05	9.4348029804232922	86	3	0.037469759267392391	1.7351373583186817e-05	10.883859515186675	86	3	0.095159677295479389	2.1560565489399221e-05	12.102153552745069	86	3	0.0052768889735283226	8.5203816060061708e-07	1.9526236921776601	86	3	0	0	0.48918423154321239	84	5	0	0	0.62851887181766108	86	3	1.592061360878393e-30	0	0.01450726696931337	84	5	-0.0011516106892625652	-0.11898646043567765	0.11539248842920022	69	20	0.0037042231231838967	-0.17896826812634575	0.20887771727726803	84	5	0.0085313034098050567	-0.11995376596366771	0.17600641496091074	84	5	-0.026042096824198523	-0.026042096824198523	-0.026042096824198523	89	0	0.10471349638687662	0.10471349638687662	0.10471349638687662	89	0	2.5451692924408702e-25	-0.052538648735258778	0.055427935993435831	84	5	1.6269398846501856e-26	-0.020737154218010811	0.066235992391406928	84	5
Transport, extracellular	890	0	0	0	890	0	0	0	0.0355756537052688	890	0	0	0	0	890	0	0	0	0	890	0	0	0	0	890	0	0	0	5.5778522973437105e-05	890	0	0	0	0	890	0	0	0	1.1463448404804302	890	0	0	-7.3583703865844871e-05	0	890	0	0	0	0	890	0	0	0	0	890	0	0	0	2.8513183530992352	890	0	0.57139569382645905	0.40780477265088239	0.72567294644368152	670	220	0.68810210555544948	0.49810631844300957	0.8903523315367603	670	220	0	0	5.4986755837025657e-05	890	0	1	0	1	890	0	0	0	3.5973268127627581e-39	890	0	1	1	1	890	0	0	0	0	890	0	13.86058447539385	13.86058447539385	13.86058447539385	890	0	10.707347983008805	6.0572146573652486	17.976145512937244	486	404	13.860584475393846	13.497192157742877	16.765286341094082	886	4	10.370760217104838	6.0051739450433157	15.611314692767294	619	271	1.0385901309525378	2.6857130131258922e-05	15.578853149637272	486	404	0.46268672203313155	1.4770491002962986e-05	12.197705529723571	486	404	0.95970593726585873	2.6891475011661343e-05	15.36169169397953	486	404	1.7106649866285704	3.4697484414209046e-05	18.582638743578279	486	404	0.30656315818034097	2.7830691826192365e-06	4.3407887744725677	486	404	0.0015447089881245558	5.1682665758487369e-06	13.090337012970162	619	271	0.001328364977115756	3.2365018715544199e-06	10.937357224875766	619	271	0.0015339985996965285	4.6712789961958189e-06	13.472174840321683	619	271	0.0016560303036430332	6.2668974425597726e-06	15.76012294019673	619	271	0.0001311211933802685	8.5273873296703465e-07	3.9538205662072357	619	271	0	0	0.35613015119557112	486	404	0	0	0.35353056362397073	619	271	0	0	7.0960283000958956e-05	619	271	1.0171152252873442e-05	-0.13199290725005564	0.10989399506298478	403	487	0.011981567145006158	-0.17344324959996527	0.21334658180018701	619	271	0.025691242590860561	-0.12470890061228296	0.18196171552179249	619	271	-0.026042096824198523	-0.026042096824198523	-0.026042096824198523	890	0	0.10471349638687662	0.10471349638687662	0.10471349638687662	890	0	1.5993650478240228e-21	-0.12258197721109247	0.068215703392718013	619	271	-6.4490099795909561e-23	-0.053857601360504964	0.08568038282666883	619	271
Transport, mitochondrial	274	0	0	0	274	0	2.5522581523966659e-08	0	0.40571592140374246	274	0	0	-1.2974555582229596e-08	0	274	0	0	0	0	274	0	0	0	3.9536724048846123e-05	274	0	0	0	0.77676851424360049	274	0	0	0	2.7632246465156964e-06	274	0	2.3063542370740577e-05	0	1.5447228444151608	274	0	0	-0.0017845519699074353	0	274	0	0	0	1.145090307364694e-06	274	0	0	0	0.0032189292727297712	274	0	6.3922662428289592e-05	0	4.0843757084677099	274	0	0.53007312840561305	0.38166691395122071	0.65056284033847744	245	29	0.62499159260514392	0.47593491121846127	0.8096031527881884	245	29	0	0	0.088288790194282402	274	0	0.49999999999999983	0	1	274	0	0	0	0.27507144695222169	274	0	1	0.99999999999999978	1	274	0	0	0	1.678527995394131e-32	274	0	13.86058447539385	13.86058447539385	13.86058447539385	274	0	9.3751507663517799	5.5782180525487215	13.531929606922553	232	42	16.588628514185679	13.339450722803829	16.975836880981841	266	8	9.7580020380474028	5.1340869068496691	12.999658498654911	238	36	0.0057989050459673151	2.710992937939538e-05	8.4382084236948156	232	42	0.0027955219843289348	1.5279561744824146e-05	6.1025337219621099	232	42	0.0050819680295548994	2.6021956414279158e-05	7.4465070342133579	232	42	0.00788361269087718	3.2907158824444931e-05	10.228946883688739	232	42	0.0016679569931692863	4.8815884026811704e-06	2.7522222154615053	232	42	0.0036857718650382541	1.2825037085819897e-05	8.7663355864524792	238	36	0.0023278462646836914	5.7286913249408513e-06	5.3078726574860999	238	36	0.0036063771763147866	1.2937052024756971e-05	7.6579040467264718	238	36	0.0048520046344832334	1.489270951180665e-05	10.976654466834198	238	36	0.0015348212745236629	1.2720430638254623e-06	2.9145452370573381	238	36	0	0	0.49075779564475186	232	42	0	0	0.55822726506372755	238	36	9.4892229676964604e-29	0	0.0099652342604604725	230	44	-8.1981162989752838e-06	-0.11159457916545257	0.13255158382501395	198	76	0.00016053677630829084	-0.16293101243716968	0.23387206453577664	230	44	0.014500459542383659	-0.15497647050479285	0.15990006113435562	230	44	-0.026042096824198523	-0.026042096824198523	-0.026042096824198523	274	0	0.10471349638687662	0.10471349638687662	0.10471349638687662	274	0	-4.178012797976048e-05	-0.11315104991025382	0.074535211535335891	230	44	-2.6777878063568663e-22	-0.10590411713653908	0.072874628414545645	230	44
Transport, peroxisomal	84	0	0	0	84	0	0	0	0.030566504514474523	84	0	0	0	0	84	0	0	0	0	84	0	0	0	0.00038239540266490066	84	0	0	0	0.048035696981213447	84	0	0	0	0	84	0	0	0	0.38214831840924335	84	0	0	-0.0053699772917567938	0	84	0	0	0	0	84	0	0	0	0.01644627270590289	84	0	0	0	1.1872676365039501	84	0	0.48963939526960426	0.3184629829463137	0.70013922202497825	81	3	0.58397188880049566	0.44078446826163664	0.8001316335909896	81	3	0	0	0.067222040198316235	84	0	0.99999999999999989	0	1	84	0	0	0	0.16368150414189123	84	0	1	0.99999999999999989	1	84	0	0	0	0	84	0	13.86058447539385	13.86058447539385	13.86058447539385	84	0	8.9081650096955638	5.5798697845074479	14.643958968380293	77	7	15.440365410164869	13.497192157742877	16.975836880981841	77	7	9.7715323556712015	5.5597402208987035	14.314596247787536	77	7	0.00726485246935318	8.7731846664671319e-05	4.2351996024768361	77	7	0.00298024866396215	7.6679008656113168e-05	2.5598199217441628	77	7	0.0083463447718185417	8.0934694453794337e-05	4.237434953544021	77	7	0.0095274293083294388	0.00013399685223091558	5.7112686354033393	77	7	0.0023067367365410818	2.3266551008624423e-05	1.9355030355672584	77	7	0.01186730991220674	0.00016202544234849127	3.8061485426494208	77	7	0.0084255332734989481	0.00012051377809108512	3.3031588444781277	77	7	0.012746480791218899	0.00016622602498933276	3.8446783121898203	77	7	0.014276289798107423	0.00017796894124867205	4.8211731381239433	77	7	0.0038809043137085757	2.6781935345613398e-05	1.2519450094546634	77	7	0	0	0.58108871525715444	77	7	0	0	0.55556093216836089	77	7	1.3915792887748967e-29	0	0.0024064413891336524	78	6	3.0192954800682997e-05	-0.16740137607387873	0.089616231123011272	66	18	0.0073896451103088977	-0.14649455181822618	0.19236298158874623	78	6	-0.021933246566478888	-0.1647260875863692	0.11956723027447275	78	6	-0.026042096824198523	-0.026042096824198523	-0.026042096824198523	84	0	0.10471349638687662	0.10471349638687662	0.10471349638687662	84	0	-9.618527981509672e-10	-0.14622504004903822	0.097543481565903256	78	6	1.9998177558097455e-22	-0.14770601786963988	0.090349885965183743	78	6
Triacylglycerol synthesis	6	0	-3.2637075940045965e-05	0	6	0	0.00012227655693808313	3.3730225748203866e-06	0.00047116423937744277	6	0	0	-0.00049628534604871264	0	6	0	0	-2.8991804327927579e-05	0	6	0	0	-9.7454171724934043e-07	0	6	0	7.8484518164978457e-05	0	0.0006748818925959634	6	0	0	-3.761185222305786e-05	1.2988807359548375e-05	6	0	0.0016279877605805072	0.0005253500632415131	0.0024252174067071934	6	0	0	-0.0011777245399659138	0	6	0	0	-3.2832577278197751e-05	1.8182195937569172e-05	6	0	0	0	0.001249347504757568	6	0	0.0045755119134198241	0.0016281057191405341	0.0066293640259978857	6	0	0.43308854682029396	0.38896024658954342	0.54402502084015936	6	0	0.53834711556905812	0.48361615398549507	0.65594019685544858	6	0	6.8279793701030495e-33	0	0.9155624986337294	6	0	0.24999999999999992	0	0.74999999999999989	6	0	1.0221728266217418e-25	0	0.084437501366270498	6	0	1	0.99988223584134128	1	6	0	2.2800426571745208e-31	0	0.0010025915775989894	6	0	13.86058447539385	13.86058447539385	13.86058447539385	6	0	8.6878925578508746	7.2964498646001763	11.876905152976811	6	0	16.765286341094082	14.855611121472718	17.510867500994255	4	2	5.8534604022067613	4.734272135996707	11.317413758474705	5	1	0.0025814318121294352	0.00099445210320119504	0.0065650655845191485	6	0	0.001036681561873564	0.00045499739246517148	0.0036740491746860213	6	0	0.0014681248169194838	0.00092908640155736351	0.005602988176937003	6	0	0.0047258470511550577	0.0014648036620660966	0.0085782465961858519	6	0	0.00066205662070832616	0.00027243078764660976	0.0024852887989581024	6	0	0.0027642716406018498	0.0014190667309569413	0.0068637604077915176	5	1	0.001055426013857063	0.00077225566607003128	0.0048050022801705561	5	1	0.0024761190700593474	0.0011363870814218805	0.0067058733665903546	5	1	0.0039467630214180243	0.0015940220445688521	0.0086573548072712142	5	1	0.0019464880867335319	0.00019819107099658848	0.0030788204138937265	5	1	0	0	0.16485181902165286	6	0	0.44581781557939082	0	0.62257810635489264	5	1	7.4505229832943164e-28	0	0.012640864741906899	6	0	-0.00036177207336900749	-0.004777454982837279	0.17610415115669809	5	1	-0.068104845560151395	-0.17865354235202632	-0.002482847875143108	6	0	0.010621052501729497	-0.10488468103383952	0.17089489438888897	6	0	-0.026042096824198523	-0.026042096824198523	-0.026042096824198523	6	0	0.10471349638687662	0.10471349638687662	0.10471349638687662	6	0	-0.040390299926611049	-0.098173490566550295	-0.0034308865874477573	6	0	1.3712845251206696e-06	-0.011633880736448911	0.022307337584330983	6	0
Tryptophan metabolism	15	0	0	0.0002259852503608018	15	0	1.7160595877051801e-06	0	0.00067997174901500196	15	0	0	0	3.1894788926756541e-05	15	0	0	0	0.00024485595199738076	15	0	0	0	0.00033880837952698331	15	0	0	0	0.00081736197805318267	15	0	0	0	0.00042185895400337337	15	0	2.4685598129920012e-05	0	0.0014432105072156589	15	0	0	0	0	15	0	0	0	0.00026101891751048243	15	0	3.8210583902208162e-05	0	0.0016792893976440263	15	0	6.3429497318492206e-05	0	0.003790785082345947	15	0	0.47718039802938494	0.45876566168919042	0.65025891294800087	11	4	0.65798090256375286	0.5668223093621394	0.72827790187851027	11	4	0	0	4.5544207268221674e-28	15	0	0.49999999999999983	0	1	15	0	3.9833402541149173e-05	0	0.90500715204759141	15	0	1	0.99999999999999989	1	15	0	0	0	1.5707471403561318e-26	15	0	13.86058447539385	13.86058447539385	13.86058447539385	15	0	6.3621895140068885	3.2648250858428196	10.660759820301106	11	4	16.765286341094082	13.860584475393846	16.975836880981841	14	1	9.8168135124041491	4.4985681840229272	11.082284860517049	11	4	0.00031553027093414042	1.7160011106672976e-05	0.0013041758857643027	11	4	8.6845898353004182e-05	5.9945022835596311e-06	0.00049130240118423134	11	4	0.00023771873945287948	1.4318060533235902e-05	0.001409296303674103	11	4	0.00049232330212908046	3.0465823151311138e-05	0.0019702743219202324	11	4	0.00013584593028482411	1.993124318071921e-05	0.00068226549234307911	11	4	0.00047104307070092909	0.00015073527759539132	0.0010316559017467554	11	4	0.00017199785453735723	8.9350058935605504e-05	0.00049141939184351878	11	4	0.00046615035526902863	0.00014808857451938345	0.0011728654589832084	11	4	0.00094591810295769317	0.00017467376605427771	0.0021433684823512914	11	4	0.00013535705679332922	5.4727249157618223e-05	0.00032427554949948135	11	4	0.55550255191633169	0	0.79033409546828548	11	4	0	0	0.40083945066898746	11	4	5.8796339909987502e-14	2.2375220014772287e-30	2.3625814801221468e-08	11	4	3.0192954800682997e-05	-0.029895087715289925	0.031651545941226607	11	4	-0.036136090650010319	-0.16313462634826681	0.055154775273347834	11	4	0.045612260145880296	-4.7375994387476298e-05	0.17069789687224585	11	4	-0.026042096824198523	-0.026042096824198523	-0.026042096824198523	15	0	0.10471349638687662	0.10471349638687662	0.10471349638687662	15	0	0.003753630348702062	-0.02526064585302927	0.081466645653957059	11	4	-1.5368708270416765e-05	-0.022706496585281736	0.002661884817148674	11	4
Tyrosine metabolism	57	0	0	0	57	0	0	0	0.18167166608774732	57	0	0	0	0	57	0	0	0	0	57	0	0	0	0	57	0	0	0	0.31298380378205337	57	0	0	0	0	57	0	0	0	0.75539025151668504	57	0	0	-6.1570205759949125e-06	0	57	0	0	0	0	57	0	0	0	0	57	0	0	0	2.0006257387750632	57	0	0.55425697675620755	0.38125428428359193	0.74943327247742797	53	4	0.66976639678823524	0.3977962274059022	0.92284063561821217	53	4	0	0	1.7884078577100488e-05	57	0	1	0	1	57	0	0	0	1.5150340969685414e-30	57	0	1	1	1	57	0	0	0	0	57	0	13.86058447539385	13.86058447539385	13.86058447539385	57	0	10.314591614887032	5.555914625174462	19.042438175225207	48	9	15.325591565201073	13.439039203983015	16.975836880981841	57	0	9.5533751768758268	4.694053682824074	16.998504022261386	43	14	1.4359509122102034e-05	1.7974179734529685e-06	4.7434509936531875	48	9	7.1185402505021616e-06	1.1740342751050732e-06	3.5814754913771738	48	9	1.4744949029828437e-05	1.8019164001606049e-06	4.7001163206458045	48	9	2.1544312124056055e-05	2.1006743286835976e-06	5.1556478319396968	48	9	7.5418036752545413e-06	7.576970412844816e-08	0.97975745340567766	48	9	0.00026463465307162084	2.9517318470868256e-06	4.4957774935026178	43	14	0.0002220933454562184	1.9273079758718053e-06	3.007975756672653	43	14	0.00025036907324213118	2.4363704362297115e-06	4.4087728088649438	43	14	0.0003114193559101623	3.3576167256803575e-06	4.9560031811647258	43	14	1.9164238097351617e-05	3.3059378685559806e-07	1.2871200829609493	43	14	0	0	1.1324274851176758e-15	48	9	0	0	0.31792239878103301	43	14	0	0	0.00021818912046005386	49	8	0.022063999487924917	-0.063089534279613543	0.58916196470651594	32	25	0.078451526088613915	-0.08230956491824104	0.61152338122205363	49	8	0.053061369436555303	-0.053476848849803749	0.61152338122205363	49	8	-0.026042096824198523	-0.026042096824198523	-0.026042096824198523	57	0	0.10471349638687662	0.10471349638687662	0.10471349638687662	57	0	-2.6849654513718674e-07	-0.42349321735296919	0.11280060202723567	49	8	1.4256995536251116e-17	-0.44927909329809163	0.17905314434558034	49	8
UNMAPPED_PATHWAY	288	0	0	0	288	0	0	0	9.3364365379526622e-06	288	0	0	0	0	288	0	0	0	0	288	0	0	0	0	288	0	0	0	0	288	0	0	0	0	288	0	0	0	0.00077754507199495073	288	0	0	-1.0952876766663482e-17	0	288	0	0	0	0	288	0	0	0	0	288	0	0	0	0.0019800446114575979	288	0	0.49454974674164409	0.38266624870328397	0.65436374523991703	253	35	0.56829196301128171	0.42464330205325884	0.85542735323558416	253	35	0	0	1.9090372970919752e-19	288	0	1	0.49999999999999983	1	288	0	0	0	1.9446486716861382e-26	288	0	1	0.99999999999999989	1	288	0	0	0	0	288	0	13.86058447539385	13.86058447539385	13.86058447539385	288	0	8.5329701870111556	5.4872256382603375	14.116154319422504	234	54	14.549311039412137	13.497192157742877	16.765286341094082	283	5	7.01151193883892	3.4528981105131082	13.025837171925305	230	58	0.00048670498090789833	5.7838389013308765e-06	0.0084284077716484784	234	54	0.00025579153442895173	3.5385960720934371e-06	0.0050453536259326137	234	54	0.00046224832483965621	5.6112341373805298e-06	0.00810314444589612	234	54	0.00062464258453140886	6.4727027536350765e-06	0.012339746037107953	234	54	0.00027770999154765942	2.9899606692371054e-06	0.0053551493902738792	234	54	0.00035852734728378358	1.3473900902333555e-05	0.012765951806920396	230	58	0.00021835757057838993	1.1526933046294426e-05	0.0067015947105276879	230	58	0.00037779910702960746	1.2967895630765764e-05	0.012701957389643782	230	58	0.00043137547678037528	1.5688226445915231e-05	0.01409934738332976	230	58	0.00019174680396609651	4.6984488723465525e-06	0.0051633673151795269	230	58	0.0010450548697193696	0	0.49937873932952631	234	54	0.38838947860867007	0	0.75894255929276488	230	58	0.00080354560668368107	0	0.10081731186897863	241	47	0.00046091050962947591	-0.25818333760883194	0.087264123443479405	197	91	0.0099780790159494231	-0.11084131417895184	0.13436829778503148	241	47	-0.0089803705618611042	-0.14044870319212899	0.11388823142120753	241	47	-0.026042096824198523	-0.026042096824198523	-0.026042096824198523	288	0	0.10471349638687662	0.10471349638687662	0.10471349638687662	288	0	8.2381676236560995e-09	-0.09375349196977352	0.20274304773604393	241	47	1.8185508206239387e-17	-0.23834954575003814	0.082236690629663919	241	47
Urea cycle	18	0	0	0	18	0	7.9165183628819032e-08	8.3350284524433801e-10	0.0001470390136397225	18	0	0	0	0	18	0	0	0	0	18	0	0	0	0	18	0	0	0	0.00020022733003549923	18	0	0	0	0	18	0	2.4173335520987947e-05	7.8653478879601969e-08	0.0018230434758294218	18	0	0	-8.6816115279091476e-06	0	18	0	0	0	0.00011476527594318648	18	0	0	0	0.00089274209362014991	18	0	6.9993092905425031e-05	2.2534253237679801e-07	0.0049431352333729854	18	0	0.47135622150878054	0.37687528540267867	0.53879639962330239	18	0	0.55116296959248434	0.42467266991508074	0.67683331835130434	18	0	0	0	1.1814030982177212e-08	18	0	0.49999999999999983	0	0.49999999999999983	18	0	0	0	2.0250608340113198e-18	18	0	1	1	1	18	0	0	0	0	18	0	13.86058447539385	13.86058447539385	13.86058447539385	18	0	8.8857949161611209	4.120079220482423	13.176850497648513	18	0	16.765286341094082	16.765286341094082	16.975836880981841	18	0	8.9254795784670709	5.0098705136113955	12.748392339304994	18	0	0.00060892687919639416	0.00012925045381610931	0.010020934569686522	18	0	0.00040673948981008728	5.416533639957567e-05	0.0034925062992807445	18	0	0.00049737214419251464	6.9270550916667353e-05	0.0090322697347028687	18	0	0.00064824094154366737	0.00017085356846022521	0.014706156276039516	18	0	6.0727493787055972e-05	3.6962627177869142e-06	0.0053936861805131504	18	0	0.00014019107783639091	2.0732288417412057e-06	0.014478983749309591	18	0	8.2108310900545238e-05	1.6575547115234822e-06	0.010558850451263157	18	0	0.0001338560977419665	1.9143126947145796e-06	0.013606731070241219	18	0	0.00019065097354458962	2.8994683613078891e-06	0.020484994144776197	18	0	4.0846949507886956e-05	2.246916096599294e-07	0.0069952983690143144	18	0	0	0	0.52421599291929699	18	0	0	0	0.37311240800312023	18	0	0	0	1.6377946169299939e-06	18	0	-0.0020160999488999442	-0.30411455637167562	0.10742542210378203	14	4	-0.00060789992830598489	-0.15911856454930318	0.15679057418294279	18	0	-0.016601651442381314	-0.12987053150729758	0.081783027050145174	18	0	-0.026042096824198523	-0.026042096824198523	-0.026042096824198523	18	0	0.10471349638687662	0.10471349638687662	0.10471349638687662	18	0	-3.6779876638576739e-08	-0.00093499851557894166	0.050330152623978164	18	0	2.6484400983873877e-07	-0.0081085212365837062	0.10596514313668104	18	0
Valine, leucine, and isoleucine metabolism	28	0	0	0	28	0	8.5556513475535202e-09	0	1.7627986135389268e-05	28	0	0	0	0	28	0	0	0	0	28	0	0	0	0	28	0	0	0	2.1616903397082189e-05	28	0	0	0	0	28	0	1.441281880998927e-05	0	4.7001788068531716e-05	28	0	0	0	0	28	0	0	0	0	28	0	0	0	0	28	0	3.5260849360896643e-05	0	0.0001273629811644254	28	0	0.5545340270138468	0.46231492516976386	0.69350351246654418	26	2	0.60647739999504491	0.50160783744445658	0.73342718493831638	26	2	0	0	0	28	0	0.49999999999999983	0	1	28	0	0	0	0	28	0	1	1	1	28	0	0	0	0	28	0	13.86058447539385	13.86058447539385	13.86058447539385	28	0	9.2287549368750454	6.0814156652519324	12.604703001440029	26	2	16.765286341094082	14.587619966534596	16.765286341094082	28	0	7.4746979276721834	5.003163086534645	13.010193901379582	24	4	9.1567293154295299e-05	2.8060098832203108e-05	0.12081672690232917	26	2	7.0763154950316372e-05	1.0133134197071408e-05	0.11115868292589455	26	2	9.6246001737042394e-05	2.2061930948929684e-05	0.11908291396481707	26	2	0.00014199387119674778	4.4836965184958299e-05	0.1280540921444589	26	2	5.1155496303708086e-05	7.7404788836742556e-06	0.008459069278797287	26	2	9.5155279518070534e-05	3.4281217292854214e-05	1.2065647092889018	24	4	6.8938028294927758e-05	1.9110854789283177e-05	1.1670021116334888	24	4	9.6345738235834456e-05	3.3153211881820472e-05	1.2035146074619743	24	4	0.00013828123826370908	5.2611563623189747e-05	1.2606501693391721	24	4	3.5210219953156366e-05	1.4365875661818354e-05	0.010286842430715204	24	4	0	0	0.38595287066732864	26	2	0	0	0	24	4	1.0305825631603439e-30	0	1.7889487738352335e-05	26	2	1.93238826356848e-05	-0.028351663008493167	0.018687336559255655	23	5	-0.010267666244143865	-0.17030468446608232	0.052385631041668795	26	2	0.0081259206018306426	-0.1071009336987476	0.10093607306350538	26	2	-0.026042096824198523	-0.026042096824198523	-0.026042096824198523	28	0	0.10471349638687662	0.10471349638687662	0.10471349638687662	28	0	-0.0042402337651034254	-0.081878528239734349	0.013142948447805471	26	2	-3.3112141241772592e-06	-0.1663496865330221	0.058238686565171525	26	2
Vitamin A metabolism	11	0	0	0	11	0	0.0011633843536425997	0	0.10121366442026841	11	0	0	0	0	11	0	0	0	0	11	0	0	0	0	11	0	0	0	0.2461528923229821	11	0	0	0	0	11	0	0.6432798441704054	0	1.0217411865368686	11	0	0	0	0	11	0	0	0	0	11	0	0	0	0	11	0	1.8130486934222017	0	2.6590232908982774	11	0	0.62896720691459218	0.45768807034156561	0.68628094052473576	10	1	0.71057864952828365	0.59418697862762626	0.75461527612032953	10	1	0	0	0	11	0	0.49999999999999983	0	1	11	0	0	0	2.48799251227436e-34	11	0	1	1	1	11	0	0	0	0	11	0	13.86058447539385	13.86058447539385	13.86058447539385	11	0	10.144829877889343	7.5117570095094823	12.374144751779417	10	1	16.765286341094082	13.631871426961387	16.765286341094082	11	0	10.961154112149314	8.5708269118466998	14.851882649381361	10	1	7.3813537571633567	2.1896309445312485	17.057950161082481	10	1	4.9884361386171605	1.2585834970661482	16.504043209652099	10	1	6.3645356260345647	2.158883173493749	17.502514106042298	10	1	9.3704794264495188	2.381675026230448	18.449343226900449	10	1	2.4838659141133403	0.60351510121169805	4.3067588929087872	10	1	8.2511809298078447	3.027607533067068	15.974337997278694	10	1	6.492079959356805	2.1775663215953784	13.969965081162902	10	1	7.381697041634073	3.0247814866042937	16.332304943419647	10	1	9.5672993459941935	3.3119309888649431	18.847793813188989	10	1	3.0081870609209105	0.97257970419029693	5.1553680695219573	10	1	0	0	0.050117179020121805	10	1	0	0	0	10	1	0	0	2.1192063144528892e-30	10	1	0.010403776703266549	-0.06861726815854248	0.079127538872561187	10	1	0.0034655214641325484	-0.036093934750247032	0.064899903262627873	10	1	0.01278888492708587	-0.0092746369889305461	0.12451402271066395	10	1	-0.026042096824198523	-0.026042096824198523	-0.026042096824198523	11	0	0.10471349638687662	0.10471349638687662	0.10471349638687662	11	0	-3.1622053352003772e-18	-0.071476713031064426	0.0098548738182008822	10	1	-4.1377577336624377e-06	-0.0076626758838019777	0.03167157438087792	10	1
