truth_pair_id	evaluation_id	primary_matched_pair	condition	mouse_id	candidate_id	sample_index	pre_candidates	post_candidates	positive_weight_candidates_pre	positive_weight_candidates_post	post_holdout_mass	post_holdout_ess	status
007832ad575d14b27e7ece27a672a5ce965dadb1f167bd28d61a2fecc996832e	E0051	true	CT2A	C1	b37add75f03b4f23ac6656dd0c4885d4486ea5d21bec8d5dbb8bc0b75f7b3972	15	20	19	20	19	0.87837827449405581	8.9873398835840899	EVALUABLE
007832ad575d14b27e7ece27a672a5ce965dadb1f167bd28d61a2fecc996832e	E0051	true	GL261	G2	d928590f61fb177ab6a5b0e11cbeca11a10927ce32463c8505150ddf6a21fd31	8	20	19	20	19	0.99999999968028253	1.0000006914295532	EVALUABLE
018b0e265b635f2935a91b9977913642782296152362e4c8bb7a8b32fd178624	E0116	true	CT2A	C4	b329f0fd2be35ea618be2d80915238663395d1f9ea256684680fd3e9e29b07b1	13	20	19	20	19	0.88528734764019579	15.24517907446095	EVALUABLE
018b0e265b635f2935a91b9977913642782296152362e4c8bb7a8b32fd178624	E0116	true	GL261	G2	f88bd6cf2efb8f44e7d076dd701147d46987ae954fb4b6708b6977e588db41be	0	20	19	20	19	0.99999999999995648	1.2735224120581012	EVALUABLE
01e70d10e0c231194238164eba7ddb3b2ff575d209cfc2f84cf546aaca07cd33	E0234	true	CT2A	C2	0ce9f3c2ac8cacca151a431395692262091d1c40960aa953be66fdd4db529db5	17	20	19	20	19	0.7910371031772464	6.3155281110141379	EVALUABLE
01e70d10e0c231194238164eba7ddb3b2ff575d209cfc2f84cf546aaca07cd33	E0234	true	GL261	G5	d2e77ddb8a929cfcb9b862f9915f2d5a3eb09741f2765ade2b0bcd69a98c741d	12	20	19	20	19	0.90229771052231234	12.383760064603189	EVALUABLE
029ef99267dbbc1875f7cb11b2be844c6db064b79fa29cdb56b36a9bb66627e1	E0075	true	CT2A	C1	72b247f6826b8e7aec7fae9987164b81f087b64e28ead12694c3984bbcbe4c0e	17	20	19	20	19	0.99999999946032447	3.2031410321271871	EVALUABLE
029ef99267dbbc1875f7cb11b2be844c6db064b79fa29cdb56b36a9bb66627e1	E0075	true	GL261	G1	5aa9dfc3f05d4356dd4aae2f9affd61bee89f17b06004e56c2253e057c5d0c49	19	20	19	20	19	0.81598515079962619	5.8764206310558	EVALUABLE
0357449b46caf5a0168d6c5ac169e0ff1a5d9508f01ac5f6854161c9e04b9dbd	E0133	true	CT2A	C2	266655b6dab32829146ddcc71d87648a3213fd2d014bd900061222549c133c15	1	20	19	20	19	0.91926992803820051	13.577886786908767	EVALUABLE
0357449b46caf5a0168d6c5ac169e0ff1a5d9508f01ac5f6854161c9e04b9dbd	E0133	true	GL261	G4	9d089ba3b0e645d3e16cc9b9a500224416307f7ee4379f38d87bf989d2174ec1	19	20	19	20	19	0.43859339085612381	3.1519865593422973	EVALUABLE
037025beb6fedfb492075897853722bdea384cd4da26a974aab2c0db24232ce2	E0345	true	CT2A	C5	6508b7696b03342dad3d181ee2a37181527c2774e8c448101cc01a92eaafb736	11	20	19	20	19	0.83102206712872173	6.0701497685195545	EVALUABLE
037025beb6fedfb492075897853722bdea384cd4da26a974aab2c0db24232ce2	E0345	true	GL261	G1	0d37965ea995985f614ffc8e8261127f65775a5f6e502c959cba7441f181e37a	3	20	19	20	19	0.94310933529352581	9.5221621289824725	EVALUABLE
03a7bab80584ec8a437f149d487a2b8e21a0a76fe59955423a57504d6889ba62	E0074	true	CT2A	C5	28974673bdb36bda1f7bf18ad986236c9a8aec47248f35092cc7d299e61343fd	7	20	19	20	19	0.86798304907518842	8.8580891703831828	EVALUABLE
03a7bab80584ec8a437f149d487a2b8e21a0a76fe59955423a57504d6889ba62	E0074	true	GL261	G5	d928590f61fb177ab6a5b0e11cbeca11a10927ce32463c8505150ddf6a21fd31	8	20	19	20	19	0.99999313696569991	1.00137353489484	EVALUABLE
046f6bf4d6f7aab4aa6f0317534718289277006b071f8a0d633cd1859c0da354	E0124	true	CT2A	C5	28de38258d03212a0d010bf8ac5b5dd9d5bb9878b0d353e342028da17117a4df	11	20	19	20	19	0.27999945837677576	1.9239119317978395	EVALUABLE
046f6bf4d6f7aab4aa6f0317534718289277006b071f8a0d633cd1859c0da354	E0124	true	GL261	G5	f88bd6cf2efb8f44e7d076dd701147d46987ae954fb4b6708b6977e588db41be	0	20	19	20	19	0.9999992402763398	2.3153608645961747	EVALUABLE
047ff68d971144f048852432bbac0cf0e1f8e9c16fada3b0e3d810c4b8a3c827	E0028	true	CT2A	C1	4d85e0e53f094e3e360e5f150709789f644fae3f51b6152c96087ddc8ae08529	16	20	19	20	19	0.79459812995933965	3.8757297342117707	EVALUABLE
047ff68d971144f048852432bbac0cf0e1f8e9c16fada3b0e3d810c4b8a3c827	E0028	true	GL261	G4	a5e71df85ff7da9f890eb3cd5dcb2b7117ced118c99b3684ee841000c8e0b65d	13	20	19	20	19	0.98624402221296548	5.6441730073772849	EVALUABLE
04a126244d84f7cc51964e92c71961b8d8c9822a2c6abe2de5b8ef1d1235282d	E0357	true	CT2A	C2	f715c48d725df09590892b8a0f532f274829fa59347013d5f282226dd527b95b	2	20	19	20	19	0.25842559321173469	1.6970703516408945	EVALUABLE
04a126244d84f7cc51964e92c71961b8d8c9822a2c6abe2de5b8ef1d1235282d	E0357	true	GL261	G3	bd09497d41ee55e42aaa83e8316d7445fa924f491c973830af83a92070b5fe21	11	20	19	20	19	0.9134825913123108	12.667706583308277	EVALUABLE
04e3d1a80968091b56689b17d79c014a1adc389094ee7f5d088ca052621d36e5	E0252	true	CT2A	C1	227fe4afb2202ead22ee9d269e9306fc1462f44fe8ea75b1015ef56783db29e3	3	20	19	20	19	0.019893028392686113	1.069935255172147	EVALUABLE
04e3d1a80968091b56689b17d79c014a1adc389094ee7f5d088ca052621d36e5	E0252	true	GL261	G3	ad3ae52546893ca463d0370db5c0243a4cd79da6df16d930a4acee2fee7bf062	3	20	19	20	19	0.37006686590174065	1.0099259792958202	EVALUABLE
04f8dde49c06135ccaa7ea7ba645ba6d3f0db307abb1f7571775c1e6b4278152	E0308	true	CT2A	C2	646a5c644a59a85946ca3a5bdaa04f073d39a57cae74abbda4fc566e8f03094d	1	20	19	20	19	0.00016887770906388815	1.0171950491117938	EVALUABLE
04f8dde49c06135ccaa7ea7ba645ba6d3f0db307abb1f7571775c1e6b4278152	E0308	true	GL261	G4	56619b4e4e6013ca0ea5dfecefc8a41771a2787473f82472dde4086101e026ce	1	20	19	20	19	0.4864192523306799	1.0926497642978019	EVALUABLE
055969b5c6f4c7ebbafa699b45ddb04881f0f6229118f95eecf9e4b48d692b4a	E0317	true	CT2A	C4	8f95d37fc5b6314ac49444f700aeebaca5fabad2ed9d263b0a3bc8b912daa437	6	20	19	20	19	0.89073560523381512	1.836973724890564	EVALUABLE
055969b5c6f4c7ebbafa699b45ddb04881f0f6229118f95eecf9e4b48d692b4a	E0317	true	GL261	G3	26bd1960d683b74e709d8ff2a2aab9731820160003488d524219cb81841dd9eb	8	20	19	20	19	0.91288979936190384	12.362300527035332	EVALUABLE
05a1e07c6dbe6192225824aa608dca124a4b427fc4308bb1ac4d70f884ac3d9f	E0131	true	CT2A	C2	5e8a0c4892e9698556e454389aaa6a2b6ca7ec28c8f86829df78dbc7a396e38e	2	20	19	20	19	0.92317807412878194	13.559433702547377	EVALUABLE
05a1e07c6dbe6192225824aa608dca124a4b427fc4308bb1ac4d70f884ac3d9f	E0131	true	GL261	G2	3112b8d4aded8669cde397953cf284b43fec3262a7981bef090ac70d789c2f05	0	20	19	20	19	0.22428753450047895	2.3032191756163858	EVALUABLE
05a397b8674789f4605dad6c62f28e55df16f3b0e12ad95fc684010c5e7701da	E0370	true	CT2A	C5	5e0bd4de471984c8757d52c33b2e66b55d81a00be7c5d5379d7344b8a2650a64	7	20	19	20	19	0.9999999824572896	1.0000002547764655	EVALUABLE
05a397b8674789f4605dad6c62f28e55df16f3b0e12ad95fc684010c5e7701da	E0370	true	GL261	G1	5adee773b070f41e31484efe24458fa5c480e0f237b88e9bae1dff6c2c042cf8	3	20	19	20	19	0.91084251286347095	13.790587295408368	EVALUABLE
064a39f8c2985065596ffe4706652b0c38f2d3ce21566ba622c9e42134bb23e1	E0079	true	CT2A	C1	72b247f6826b8e7aec7fae9987164b81f087b64e28ead12694c3984bbcbe4c0e	17	20	19	20	19	0.99999999946032447	3.2031410321271871	EVALUABLE
064a39f8c2985065596ffe4706652b0c38f2d3ce21566ba622c9e42134bb23e1	E0079	true	GL261	G5	1da91e6cbc1ec44f0d5dcba4f1de73f1c00882c5b1d520c8967a9b59c82629c7	15	20	19	20	19	0.032122196060961158	1.008140024550668	EVALUABLE
065e57b3216c2c1204b776fa69db5518a6b42722afc5278bbbc09238078f28d5	E0013	true	CT2A	C3	9b3eb60c2fcc4a9ae62238b0c2f7954eee420bb3818ca6ad9cbf97843e48628a	0	20	19	20	19	0.64647562658452307	2.2822491552057262	EVALUABLE
065e57b3216c2c1204b776fa69db5518a6b42722afc5278bbbc09238078f28d5	E0013	true	GL261	G4	4e3f6d6ceeb0b403b1b2482130d0f49869cd9e2da46c27f2006cd8893987eb72	0	20	19	20	19	0.048124664809921877	1.7704596109987456	EVALUABLE
0664866c13f88b68e76d33dc8eb1c25c146992bc0ceef1982b25416f8927494c	E0085	true	CT2A	C3	aea3a41483799622bd3b3a2a0650bf7c51696eb5f00fff1b0bcf6f837c40d54a	0	20	19	20	19	0.62514709765911958	1.934046774145012	EVALUABLE
0664866c13f88b68e76d33dc8eb1c25c146992bc0ceef1982b25416f8927494c	E0085	true	GL261	G1	5aa9dfc3f05d4356dd4aae2f9affd61bee89f17b06004e56c2253e057c5d0c49	19	20	19	20	19	0.81598515079962619	5.8764206310558	EVALUABLE
070da83e494cdf4140381603356f80ffbca2b8c48f9dc5ef028f25df8a8dada8	E0158	true	CT2A	C2	7d84eb225b8def23833824a5db45b74528179b1bd889afa1812a7b3af34d5dd1	0	20	19	20	19	0.26495617064923199	2.1960015042847636	EVALUABLE
070da83e494cdf4140381603356f80ffbca2b8c48f9dc5ef028f25df8a8dada8	E0158	true	GL261	G4	f80ad607c1575d29cbb710927847afa0dfca390b07439baab0f53ee25e267754	18	20	19	20	19	0.94216186795224655	9.9206875619484585	EVALUABLE
0743c810e8df51dc1ef1816e151242d772ed8bc2d04874dc2f9b949545051aa3	E0259	true	CT2A	C2	227fe4afb2202ead22ee9d269e9306fc1462f44fe8ea75b1015ef56783db29e3	3	20	19	20	19	0.99999928014341111	8.3964399801343461	EVALUABLE
0743c810e8df51dc1ef1816e151242d772ed8bc2d04874dc2f9b949545051aa3	E0259	true	GL261	G5	deff62e02ba886762368ef91d7c5a863a4429df48e2f355d224c8d1fd18fccdc	11	20	19	20	19	0.96891467430175926	3.6775151576379277	EVALUABLE
0759ab61b28894be5ac394913a2230bcc325bcee46fdd1641213f7142503b955	E0099	true	CT2A	C5	b4ae76366e987fab217f0c6c55185c04e34463b12c4b0011689de6c987c02b7d	16	20	19	20	19	0.99999999974128262	4.8962032443262862	EVALUABLE
0759ab61b28894be5ac394913a2230bcc325bcee46fdd1641213f7142503b955	E0099	true	GL261	G5	1da91e6cbc1ec44f0d5dcba4f1de73f1c00882c5b1d520c8967a9b59c82629c7	15	20	19	20	19	0.032122196060961158	1.008140024550668	EVALUABLE
07da6102c6828e929991a3c89f872c850589da69db79d5f92f8b29d144007588	E0054	true	CT2A	C1	188a2a07d3b1a67be4abb28cc85a852f1e92bdcda3a689e25dc9d58f9c4ffb18	12	20	19	20	19	0.92704457943212026	9.0162850363673179	EVALUABLE
07da6102c6828e929991a3c89f872c850589da69db79d5f92f8b29d144007588	E0054	true	GL261	G5	d928590f61fb177ab6a5b0e11cbeca11a10927ce32463c8505150ddf6a21fd31	8	20	19	20	19	0.99999313696569991	1.00137353489484	EVALUABLE
09044c402d5b399bd686cc07f37d7e2e5295951f467bfade36bcec923be55d21	E0365	true	CT2A	C4	f748cd6aeca05446d28a19c599fcdda457fbd8a29c4d8a73e760985713b9f609	1	20	19	20	19	0.99479711934879289	4.2685202784268483	EVALUABLE
09044c402d5b399bd686cc07f37d7e2e5295951f467bfade36bcec923be55d21	E0365	true	GL261	G1	4b4cf4267fcb04925be0dfbb09053360ba7fe7c53232c32dfae0571e12ddfcbf	12	20	19	20	19	0.90741067607121062	13.83025409192345	EVALUABLE
091024c87f9fa9786518b7125ede54c8032240da9930c69b2ff4d9588dd51967	E0105	true	CT2A	C2	23292304d2d32b2fdbaff4ee52762d292782269c9b4414137b63abfae0a20815	1	20	19	20	19	0.65394485843619532	1.6334953823870695	EVALUABLE
091024c87f9fa9786518b7125ede54c8032240da9930c69b2ff4d9588dd51967	E0105	true	GL261	G1	4500acff7cff7bd2c0197f246185188706160736fb30b9bd89dc5dc0dd135971	15	20	19	20	19	0.79829538376874565	8.7179706207972192	EVALUABLE
09b1849980da505c5f2f6cadca8d381213a0f6ba1ddbe4a8a8e1535c9d01565e	E0249	false	CT2A	C5	0ce9f3c2ac8cacca151a431395692262091d1c40960aa953be66fdd4db529db5	17	20	19	20	19	0.18324465145353788	2.042864758125154	EVALUABLE
09b1849980da505c5f2f6cadca8d381213a0f6ba1ddbe4a8a8e1535c9d01565e	E0249	false	GL261	G5	d2e77ddb8a929cfcb9b862f9915f2d5a3eb09741f2765ade2b0bcd69a98c741d	12	20	19	20	19	0.90229771052231234	12.383760064603189	EVALUABLE
09e58415f99cfcdf3f3907c8127c15bea9ed51c18629b30d889692dd47aee53e	E0074	true	CT2A	C5	f477e3d5e656111b38ff39e23e8311ca8a8abd935c292bccfcb769f43f87ef81	4	20	19	20	19	0.88169908594762114	8.7855979279561023	EVALUABLE
09e58415f99cfcdf3f3907c8127c15bea9ed51c18629b30d889692dd47aee53e	E0074	true	GL261	G5	d928590f61fb177ab6a5b0e11cbeca11a10927ce32463c8505150ddf6a21fd31	8	20	19	20	19	0.99999313696569991	1.00137353489484	EVALUABLE
0ab5e9fc7e1a9afe5a3c1f488ef59f4034c117a8f1f0506b363f7e708efafa5e	E0368	true	CT2A	C4	f748cd6aeca05446d28a19c599fcdda457fbd8a29c4d8a73e760985713b9f609	1	20	19	20	19	0.99479711934879289	4.2685202784268483	EVALUABLE
0ab5e9fc7e1a9afe5a3c1f488ef59f4034c117a8f1f0506b363f7e708efafa5e	E0368	true	GL261	G4	ef2e92a37a43cdeb483ca701d692b31c75c771f57aa04380d12d46ee48c01c2d	1	20	19	20	19	0.49587461136959843	1.0002338372050132	EVALUABLE
0ac77edf4f3be65f7da311b8bcc73fcff38c4b67d1aae99ea24604ba76ec32c5	E0052	true	CT2A	C1	45b591180b8b5b11f8d85d22498adbe0df7ea752ceb90d14dcfd3cbb2a110684	19	20	19	20	19	0.85085870744812042	9.2345345785333723	EVALUABLE
0ac77edf4f3be65f7da311b8bcc73fcff38c4b67d1aae99ea24604ba76ec32c5	E0052	true	GL261	G3	f3e9af567444075a63b7c2a2854ddee5538bfb4c47245f27578a66e389b5a9bc	18	20	19	20	19	0.66853845467600703	3.7749737294577361	EVALUABLE
0b2d8541ca3836a37c98f2c9acfd90917b686c9e45673ecee8ac15b2a77b8d71	E0143	true	CT2A	C4	820066d04598da3d239f0d23bd4e39ef57a720e88a443581bcf565cd8d99566b	18	20	19	20	19	0.98148657114692928	15.728558157498551	EVALUABLE
0b2d8541ca3836a37c98f2c9acfd90917b686c9e45673ecee8ac15b2a77b8d71	E0143	true	GL261	G4	9d089ba3b0e645d3e16cc9b9a500224416307f7ee4379f38d87bf989d2174ec1	19	20	19	20	19	0.43859339085612381	3.1519865593422973	EVALUABLE
0bad5fa85162fc0b06b835844cb8b0a99b76146981f39e17dfbe47f5b44d543d	E0296	true	CT2A	C5	7ce358edc3a4bd7c08bb6daaad38e6b004b2499c6d5cdc3112e7a7dfa0faee9a	2	20	19	20	19	0.18501555223597199	1.2049202433441042	EVALUABLE
0bad5fa85162fc0b06b835844cb8b0a99b76146981f39e17dfbe47f5b44d543d	E0296	true	GL261	G2	92005096ea629b019ec57ef0964c5143fb562d0bde9fd48f441494468c8f81e1	17	20	19	20	19	0.7434860758044981	2.1013913498359251	EVALUABLE
0bc760cebac4e452caa8a22ac5d7414b399f6816057598eedc0e12ae1d713e57	E0050	true	CT2A	C1	b37add75f03b4f23ac6656dd0c4885d4486ea5d21bec8d5dbb8bc0b75f7b3972	15	20	19	20	19	0.87837827449405581	8.9873398835840899	EVALUABLE
0bc760cebac4e452caa8a22ac5d7414b399f6816057598eedc0e12ae1d713e57	E0050	true	GL261	G1	64ab1614c0c568b77bd29ca3d3623f3ba1823bd3bf91fd0f4dc032039ade4cc3	15	20	19	20	19	0.98942616675924866	6.5004714268505683	EVALUABLE
0d6f726e02a56c9d4ff8ee29ba07191cbf37c5a1c1b30c79ee37c9e4d2917d47	E0256	true	CT2A	C2	308e6dd45a60ade8ee3647a3d186551365d6bdb0fe10c43efc88e4d195371e2e	4	20	19	20	19	0.84264010371770126	7.5267549666991451	EVALUABLE
0d6f726e02a56c9d4ff8ee29ba07191cbf37c5a1c1b30c79ee37c9e4d2917d47	E0256	true	GL261	G2	9acb751aab297b05dffcce05ba0d4171965f31bed5e6496fa98e638081ccf731	17	20	19	20	19	0.88796722661749927	11.275413320949214	EVALUABLE
0d764e0da10675ed79facd7ac453fa0be93aff7f281a27dd7262cb78a11869a7	E0380	true	CT2A	C2	e0894b04544dae489a65af0d3d2e6b796b8d625f6b5e2a273115d0c767e3e693	6	20	19	20	19	0.53126210253765305	1.8165382131854215	EVALUABLE
0d764e0da10675ed79facd7ac453fa0be93aff7f281a27dd7262cb78a11869a7	E0380	true	GL261	G1	5a5cf99d6f8010ddefea6328d295b132f1e3bd6948dec2cdfdd312ee66482068	11	20	19	20	19	0.90124690995455936	10.494780504640811	EVALUABLE
0d9188b54f1dbf646be912a3ea5e51859b7bc7864e2d10904cc29aa49cae9b68	E0277	true	CT2A	C1	7ce358edc3a4bd7c08bb6daaad38e6b004b2499c6d5cdc3112e7a7dfa0faee9a	2	20	19	20	19	0.15206256118401135	1.1475016284711637	EVALUABLE
0d9188b54f1dbf646be912a3ea5e51859b7bc7864e2d10904cc29aa49cae9b68	E0277	true	GL261	G3	473d4f1bd46e522454faaf88efcb4858d6c533e112800f714ecae23ee6efc94e	3	20	19	20	19	0.93926809489134078	2.3514898545602465	EVALUABLE
0dd4c715acb201778b37d7a6a6330a8f1067422da3bff4063829f275fb34e0ab	E0189	true	CT2A	C3	f644340953d72bb12da093189853db0ff0fc86bb66134a4f3d0a44308555f75e	1	20	19	20	19	0.9999999999999899	6.4644117373308072	EVALUABLE
0dd4c715acb201778b37d7a6a6330a8f1067422da3bff4063829f275fb34e0ab	E0189	true	GL261	G5	475729c033b518a09675629939712759dc9a8ad22e9075cf75933b7b2ce22400	10	20	19	20	19	0.98611048680433377	4.7818994780949344	EVALUABLE
0e08af1d7caa649eccfa7316b24e37012e3f98d2a8df08c9d8d8465e302add2e	E0299	true	CT2A	C5	7ce358edc3a4bd7c08bb6daaad38e6b004b2499c6d5cdc3112e7a7dfa0faee9a	2	20	19	20	19	0.18501555223597199	1.2049202433441042	EVALUABLE
0e08af1d7caa649eccfa7316b24e37012e3f98d2a8df08c9d8d8465e302add2e	E0299	true	GL261	G5	473d4f1bd46e522454faaf88efcb4858d6c533e112800f714ecae23ee6efc94e	3	20	19	20	19	0.95732330245830399	11.552562273039079	EVALUABLE
0e441eaf7fdc0e611c4651bdf144cc59be182d53eb85ef9513c335c24b6276a7	E0218	true	CT2A	C4	4989824e2df2467b6e60573ab17ca31c35d0a30f6e54c8dfeb87847ca960b723	17	20	19	20	19	0.82768489702769443	7.4375912971843023	EVALUABLE
0e441eaf7fdc0e611c4651bdf144cc59be182d53eb85ef9513c335c24b6276a7	E0218	true	GL261	G4	a7e9e73c64d9d3f1375205efa617218792e4925fade6c0b5b1060f1e99eea4db	15	20	19	20	19	0.98793100827493618	1.2451574873982125	EVALUABLE
0ee10236227a9bae7eeffb4ef5bd29491222bc9ca7f51fa939625450d6729ff8	E0009	false	CT2A	C2	55c97010acdd0cdc52f98f416746a96a3e453dfff25d0e9f08e270f4213bea20	1	20	19	20	19	0.48577816441069854	1.3813249684797881	EVALUABLE
0ee10236227a9bae7eeffb4ef5bd29491222bc9ca7f51fa939625450d6729ff8	E0009	false	GL261	G5	4e3f6d6ceeb0b403b1b2482130d0f49869cd9e2da46c27f2006cd8893987eb72	0	20	19	20	19	0.28179114040661807	1.029814163188171	EVALUABLE
0eee5d1216979a274845c7ed293675f824ba663f9746c7f2e3f7687edbe3156e	E0285	true	CT2A	C3	af28908304c57ace3b9aa0eaa9c9dcd3e2342c81cda26873352a9f5c202c71e4	13	20	19	20	19	0.86237629174651553	9.5953220020446945	EVALUABLE
0eee5d1216979a274845c7ed293675f824ba663f9746c7f2e3f7687edbe3156e	E0285	true	GL261	G1	c14d5ed0f81e787adc1913c3553bf14df5bb157bc649ea2040ac26996164fde7	14	20	19	20	19	0.73703050473925968	5.9822042517208249	EVALUABLE
0f0e118beaa5fa60a6b37a71d460f3117fc3dfef0223c482cbb677ee1fa58c4d	E0242	true	CT2A	C4	0ce9f3c2ac8cacca151a431395692262091d1c40960aa953be66fdd4db529db5	17	20	19	20	19	0.62705396021446014	4.651094656023762	EVALUABLE
0f0e118beaa5fa60a6b37a71d460f3117fc3dfef0223c482cbb677ee1fa58c4d	E0242	true	GL261	G3	d2e77ddb8a929cfcb9b862f9915f2d5a3eb09741f2765ade2b0bcd69a98c741d	12	20	19	20	19	0.99562411305894838	4.4701618929519586	EVALUABLE
0f21b66a8f75d064f94e9f7fe11834f5f01bf7ad5184cd6b49967c9040d38187	E0390	true	CT2A	C4	7694a9e011d4ebf44d303658c7154c14143b3e30ce56570e30c917120cb8c5fd	11	20	19	20	19	0.87751273387070883	11.839189489820949	EVALUABLE
0f21b66a8f75d064f94e9f7fe11834f5f01bf7ad5184cd6b49967c9040d38187	E0390	true	GL261	G1	02480ee2203a7247dc60b5c7ed203477c48ce766af288d2f669fd6d280f81869	16	20	19	20	19	0.90056642035183598	10.497230046444839	EVALUABLE
0fd125311e2f140205a324ec1dd774d58f15d370cdba7b95c998d2398df14256	E0281	true	CT2A	C2	7ce358edc3a4bd7c08bb6daaad38e6b004b2499c6d5cdc3112e7a7dfa0faee9a	2	20	19	20	19	0.92085038082421999	9.4742225994278844	EVALUABLE
0fd125311e2f140205a324ec1dd774d58f15d370cdba7b95c998d2398df14256	E0281	true	GL261	G2	4b2c3f16a0d3fbf7b6d87ef249f7efb1bdfa3f5fc28bbef84e8bbba5e259dd2e	18	20	19	20	19	0.99799062320894349	3.0287321183353448	EVALUABLE
10916ac10c870aa1da6f0354dc9f49c278f02697c534a8928888b0f830d9c754	E0105	true	CT2A	C2	215aaec06194c85fc8915c4bae4f109c54d8498704d0279ad091b0f04037250b	0	20	19	20	19	0.49375223759992343	1.9462170791393989	EVALUABLE
10916ac10c870aa1da6f0354dc9f49c278f02697c534a8928888b0f830d9c754	E0105	true	GL261	G1	4500acff7cff7bd2c0197f246185188706160736fb30b9bd89dc5dc0dd135971	15	20	19	20	19	0.79829538376874565	8.7179706207972192	EVALUABLE
1187830a68a9013a78d7a33e87395361b9c8946b6fbcc32ce0f9c1e822c642ca	E0363	true	CT2A	C3	f715c48d725df09590892b8a0f532f274829fa59347013d5f282226dd527b95b	2	20	19	20	19	0.3532561476504924	1.8410145782798246	EVALUABLE
1187830a68a9013a78d7a33e87395361b9c8946b6fbcc32ce0f9c1e822c642ca	E0363	true	GL261	G4	ef2e92a37a43cdeb483ca701d692b31c75c771f57aa04380d12d46ee48c01c2d	1	20	19	20	19	0.49587461136959843	1.0002338372050132	EVALUABLE
11ba6a3cbe7e008419cbfeacd4e954ee0f4a17bc06f0d39dca93f7a7da0c7b1f	E0352	true	CT2A	C1	34b996ca187b21a6172a8aab384066223b8fe5a1df3761648e1a25a5d93e0572	15	20	19	20	19	0.99999999998293354	1.0000000001813227	EVALUABLE
11ba6a3cbe7e008419cbfeacd4e954ee0f4a17bc06f0d39dca93f7a7da0c7b1f	E0352	true	GL261	G3	bd09497d41ee55e42aaa83e8316d7445fa924f491c973830af83a92070b5fe21	11	20	19	20	19	0.9134825913123108	12.667706583308277	EVALUABLE
11f197ce9b23d940f142a22b7e961972efd58ea8452b4919c124ef8ab88dba8e	E0383	true	CT2A	C2	e0894b04544dae489a65af0d3d2e6b796b8d625f6b5e2a273115d0c767e3e693	6	20	19	20	19	0.53126210253765305	1.8165382131854215	EVALUABLE
11f197ce9b23d940f142a22b7e961972efd58ea8452b4919c124ef8ab88dba8e	E0383	true	GL261	G4	80a784effa6b3b2aafa37d724569e27dd6d62f8297103775ff360d41d6331aab	2	20	19	20	19	0.86116365437386877	6.5314393684786305	EVALUABLE
121a6441351b0c8de24a08b682197070acc00a863d9f2c9f3ae5e22c1c3681ad	E0086	true	CT2A	C3	11c92eb5eefda7cc64e53694479d802bc86526faac5ec503ffca49ddb81a3886	1	20	19	20	19	0.57509159588204672	2.0410979226694463	EVALUABLE
121a6441351b0c8de24a08b682197070acc00a863d9f2c9f3ae5e22c1c3681ad	E0086	true	GL261	G2	1da91e6cbc1ec44f0d5dcba4f1de73f1c00882c5b1d520c8967a9b59c82629c7	15	20	19	20	19	0.00013958959576077003	1.0000045136717002	EVALUABLE
1251d97ea201eeec20b88c66175b20280a5b05daf4987e0682c75cf360e54956	E0279	true	CT2A	C1	7ce358edc3a4bd7c08bb6daaad38e6b004b2499c6d5cdc3112e7a7dfa0faee9a	2	20	19	20	19	0.15206256118401135	1.1475016284711637	EVALUABLE
1251d97ea201eeec20b88c66175b20280a5b05daf4987e0682c75cf360e54956	E0279	true	GL261	G5	c14d5ed0f81e787adc1913c3553bf14df5bb157bc649ea2040ac26996164fde7	14	20	19	20	19	0.99104875239699919	12.114963526934051	EVALUABLE
12656e7f3d07f544c7eca7204222cb511bcb9cab90b878f31ea74ee9d82cef6a	E0110	true	CT2A	C3	215aaec06194c85fc8915c4bae4f109c54d8498704d0279ad091b0f04037250b	0	20	19	20	19	0.52802378144388673	1.8980377127808501	EVALUABLE
12656e7f3d07f544c7eca7204222cb511bcb9cab90b878f31ea74ee9d82cef6a	E0110	true	GL261	G1	4500acff7cff7bd2c0197f246185188706160736fb30b9bd89dc5dc0dd135971	15	20	19	20	19	0.79829538376874565	8.7179706207972192	EVALUABLE
12e4ca7956ca65d238fd86bd45df9380eb79ceb443a5150ff9f67d5e518a771d	E0015	true	CT2A	C4	55c97010acdd0cdc52f98f416746a96a3e453dfff25d0e9f08e270f4213bea20	1	20	19	20	19	0.90369064979500313	15.063849350036293	EVALUABLE
12e4ca7956ca65d238fd86bd45df9380eb79ceb443a5150ff9f67d5e518a771d	E0015	true	GL261	G1	1ea47774d2d57dd56364d073a09b722eb9a57b76f852434934514136b5d1c293	1	20	19	20	19	0.89952205654392836	9.2312515652604414	EVALUABLE
12f2853972ce80524ae719968f6fc1157408ae3ed452cb24398def2d8f412877	E0191	true	CT2A	C4	c242cf78ad007b657e033931f20963643548ea40b4b9a684199bd8744f018ac4	18	20	19	20	19	0.99568862798279323	10.093893964362799	EVALUABLE
12f2853972ce80524ae719968f6fc1157408ae3ed452cb24398def2d8f412877	E0191	true	GL261	G2	9479e42871e312cc9e8045bad83182066b1281c061fdcd80c3da7974e75e1d5d	1	20	19	20	19	0.74857032600598383	1.6497153842332788	EVALUABLE
1336749aec5263e4be585a149e5bf4da4a366b5eadcfaa7cc20d52b2eeca601d	E0339	true	CT2A	C3	73800d86c4f889eaf4f5923c873981e1547c7ce8918bcad431aebb6957e65d8f	1	20	19	20	19	0.70000038358131655	3.4317647739111701	EVALUABLE
1336749aec5263e4be585a149e5bf4da4a366b5eadcfaa7cc20d52b2eeca601d	E0339	true	GL261	G5	ff08294218c297aa70d51d53f700660a24a0daa0e1e0239b74f592559b440776	0	20	19	20	19	0.77537235437434193	1.0000000581670687	EVALUABLE
136576f4c613ba82976b99ac9fe06087a09d1bc3b26d2d12bff29941e1fb9f35	E0284	true	CT2A	C2	7ce358edc3a4bd7c08bb6daaad38e6b004b2499c6d5cdc3112e7a7dfa0faee9a	2	20	19	20	19	0.92085038082421999	9.4742225994278844	EVALUABLE
136576f4c613ba82976b99ac9fe06087a09d1bc3b26d2d12bff29941e1fb9f35	E0284	true	GL261	G5	c14d5ed0f81e787adc1913c3553bf14df5bb157bc649ea2040ac26996164fde7	14	20	19	20	19	0.99104875239699919	12.114963526934051	EVALUABLE
1369afc677b0dd2111ac5eb4e74a92f71c99eb2d8b51045a7093e586d307bbb2	E0317	true	CT2A	C4	dfc5b1001e2a099d96f69d80c4ea0383590fc7c35f3dcf10e3a8c31cb8e44e5d	3	20	19	20	19	0.99053560932083395	2.2110140255713522	EVALUABLE
1369afc677b0dd2111ac5eb4e74a92f71c99eb2d8b51045a7093e586d307bbb2	E0317	true	GL261	G3	bb1036ad8c6848f4f75fe3386020148be563bbaf2bb7551f2b1d8982a523c72f	5	20	19	20	19	0.90439969098440942	12.419205573139125	EVALUABLE
13e231357ac1d6ea4fd996ad00bdd98dc1e8673bea79df1451a7b6053fc0ddf9	E0331	true	CT2A	C2	73800d86c4f889eaf4f5923c873981e1547c7ce8918bcad431aebb6957e65d8f	1	20	19	20	19	0.96539067039799076	2.688256588130622	EVALUABLE
13e231357ac1d6ea4fd996ad00bdd98dc1e8673bea79df1451a7b6053fc0ddf9	E0331	true	GL261	G2	ff08294218c297aa70d51d53f700660a24a0daa0e1e0239b74f592559b440776	0	20	19	20	19	0.69856666150694802	1	EVALUABLE
142631039cbe0bfd13d52adb0fdb8642ef41800243c579023b45680898024317	E0163	true	CT2A	C3	7d84eb225b8def23833824a5db45b74528179b1bd889afa1812a7b3af34d5dd1	0	20	19	20	19	0.53409341902407192	2.8372006697777263	EVALUABLE
142631039cbe0bfd13d52adb0fdb8642ef41800243c579023b45680898024317	E0163	true	GL261	G4	e1e50204cde2f03790a3f2e74f66636d0dd7fd397ae5d4775dd61d74ccce0b76	19	20	19	20	19	0.90789071645032871	9.7733951351216852	EVALUABLE
150837c8601709207dcaa56c40eb894a340dff78d108ccfa2e42e0aa0afda459	E0119	true	CT2A	C4	b329f0fd2be35ea618be2d80915238663395d1f9ea256684680fd3e9e29b07b1	13	20	19	20	19	0.88528734764019579	15.24517907446095	EVALUABLE
150837c8601709207dcaa56c40eb894a340dff78d108ccfa2e42e0aa0afda459	E0119	true	GL261	G5	f88bd6cf2efb8f44e7d076dd701147d46987ae954fb4b6708b6977e588db41be	0	20	19	20	19	0.9999992402763398	2.3153608645961747	EVALUABLE
1561f74d3a2fd9003574fdc5b51ca3e5284f6ce9d51c4f4bb3cdb03f81037b07	E0062	true	CT2A	C3	7f09d6185ac5d193185190172ff78a97a79908108e64a74fa9c0e5c5b7a315dc	0	20	19	20	19	0.71612351822062692	1.5118919309756709	EVALUABLE
1561f74d3a2fd9003574fdc5b51ca3e5284f6ce9d51c4f4bb3cdb03f81037b07	E0062	true	GL261	G3	f3e9af567444075a63b7c2a2854ddee5538bfb4c47245f27578a66e389b5a9bc	18	20	19	20	19	0.66853845467600703	3.7749737294577361	EVALUABLE
15b71ffa6120005b80ea9992aa1bbeb33e7366f754609d0f2f9e43194ee190e8	E0123	true	CT2A	C5	28de38258d03212a0d010bf8ac5b5dd9d5bb9878b0d353e342028da17117a4df	11	20	19	20	19	0.27999945837677576	1.9239119317978395	EVALUABLE
15b71ffa6120005b80ea9992aa1bbeb33e7366f754609d0f2f9e43194ee190e8	E0123	true	GL261	G4	2d63d16cbc55715e365671ffa5dbc939f489f55ff2606c7fc4c1d0b275ed54c2	6	20	19	20	19	0.99829311283224376	4.2602066672231063	EVALUABLE
15e8f525bb87acda91a8b1839fd62a7b6d4696117041a2390560b1311cc93bd2	E0008	true	CT2A	C2	55c97010acdd0cdc52f98f416746a96a3e453dfff25d0e9f08e270f4213bea20	1	20	19	20	19	0.48577816441069854	1.3813249684797881	EVALUABLE
15e8f525bb87acda91a8b1839fd62a7b6d4696117041a2390560b1311cc93bd2	E0008	true	GL261	G4	4e3f6d6ceeb0b403b1b2482130d0f49869cd9e2da46c27f2006cd8893987eb72	0	20	19	20	19	0.048124664809921877	1.7704596109987456	EVALUABLE
16088c20df62fa48791143e5fe8f699f0286998b61ebccf4423a2f6cdff448eb	E0137	true	CT2A	C3	4eeef1890619aa578845837f43661ee7c19b674ff17bfb6610802a3013e3f2fa	0	20	19	20	19	0.88362330517686327	12.619411189131858	EVALUABLE
16088c20df62fa48791143e5fe8f699f0286998b61ebccf4423a2f6cdff448eb	E0137	true	GL261	G3	9d089ba3b0e645d3e16cc9b9a500224416307f7ee4379f38d87bf989d2174ec1	19	20	19	20	19	0.6238406151039948	5.5036240180846114	EVALUABLE
161a723256bc1f990f9f0189c4e159801c600014f4582a3413f4614a22e6fcb9	E0319	false	CT2A	C4	8f95d37fc5b6314ac49444f700aeebaca5fabad2ed9d263b0a3bc8b912daa437	6	20	19	20	19	0.89073560523381512	1.836973724890564	EVALUABLE
161a723256bc1f990f9f0189c4e159801c600014f4582a3413f4614a22e6fcb9	E0319	false	GL261	G5	4a2fb998e907a76d9911c65dc23b53d134425ac6130d04103f1e03f7be8c05b6	0	20	19	20	19	0.015426873193990857	1.0000781958551519	EVALUABLE
163e2771ea871d5df4a6f21ea6d323a62dbd89891da8f776d7b519e2e025f8e9	E0284	true	CT2A	C2	7ce358edc3a4bd7c08bb6daaad38e6b004b2499c6d5cdc3112e7a7dfa0faee9a	2	20	19	20	19	0.92085038082421999	9.4742225994278844	EVALUABLE
163e2771ea871d5df4a6f21ea6d323a62dbd89891da8f776d7b519e2e025f8e9	E0284	true	GL261	G5	473d4f1bd46e522454faaf88efcb4858d6c533e112800f714ecae23ee6efc94e	3	20	19	20	19	0.95732330245830399	11.552562273039079	EVALUABLE
1651550f6939551ffa5d4ff685d42dc05e94bb8cd9e1e25a4b805267c92f2ff1	E0048	true	CT2A	C5	cd8dede3811381f4aad4557d5a03bbea6546afbcf95768c05ee64bcdeb6b9c24	7	20	19	20	19	0.91180042333096945	8.4744781055348479	EVALUABLE
1651550f6939551ffa5d4ff685d42dc05e94bb8cd9e1e25a4b805267c92f2ff1	E0048	true	GL261	G4	7245d7cae566682e53e552376e5a7ab8b078a0afc829d984b35659d88f02faf9	2	20	19	20	19	0.98320805126189581	5.6124978115558708	EVALUABLE
1678868f70256338bb24eb7e833edc4cd32cd1779fc0ceec35954d3f9a258aca	E0249	false	CT2A	C5	0ce9f3c2ac8cacca151a431395692262091d1c40960aa953be66fdd4db529db5	17	20	19	20	19	0.18324465145353788	2.042864758125154	EVALUABLE
1678868f70256338bb24eb7e833edc4cd32cd1779fc0ceec35954d3f9a258aca	E0249	false	GL261	G5	098b45df89a363d775760f4500de0df44b45bb3a6dcc8574121a64dd9471b9f0	0	20	19	20	19	0.9321968566400255	12.292788834450585	EVALUABLE
16a2d3ff66f0121cf0ea7bbddcec43809925dcb150b3ad0b68f4463950400e96	E0031	true	CT2A	C2	102f69f6fa8557e4e0067accc8216a851f9d96d112c3c1db033468920969167f	3	20	19	20	19	0.39813313161553149	2.6092115823549586	EVALUABLE
16a2d3ff66f0121cf0ea7bbddcec43809925dcb150b3ad0b68f4463950400e96	E0031	true	GL261	G2	a5e71df85ff7da9f890eb3cd5dcb2b7117ced118c99b3684ee841000c8e0b65d	13	20	19	20	19	0.999999999999999	1.1350096926307203	EVALUABLE
16ae9d511aa6679374f6825b9ff4ceb710a503ba82c5eb8d01b67bed09130ef7	E0019	false	CT2A	C4	9b3eb60c2fcc4a9ae62238b0c2f7954eee420bb3818ca6ad9cbf97843e48628a	0	20	19	20	19	0.90411350834495208	15.055380347225533	EVALUABLE
16ae9d511aa6679374f6825b9ff4ceb710a503ba82c5eb8d01b67bed09130ef7	E0019	false	GL261	G5	4e3f6d6ceeb0b403b1b2482130d0f49869cd9e2da46c27f2006cd8893987eb72	0	20	19	20	19	0.28179114040661807	1.029814163188171	EVALUABLE
16c9cdbf2922f3253c948598a3bb2314369e26076f56b7256bec3aa2a09ee41b	E0312	true	CT2A	C3	92885b269975050d47b4a5f3645ef173ad8091cce18e3f543380b638cb89c263	0	20	19	20	19	0.99999999999958833	1.0021916759087528	EVALUABLE
16c9cdbf2922f3253c948598a3bb2314369e26076f56b7256bec3aa2a09ee41b	E0312	true	GL261	G3	fb799d596a8dc63472e08b557f1482c5a976d666fed4a252258ea7640ea54f8e	10	20	19	20	19	0.90297469362731986	12.431913352749664	EVALUABLE
174456a078ae35ffee93aa3d6264401341bb4717451f636620a1ca9d6e8313e7	E0392	true	CT2A	C4	7694a9e011d4ebf44d303658c7154c14143b3e30ce56570e30c917120cb8c5fd	11	20	19	20	19	0.87751273387070883	11.839189489820949	EVALUABLE
174456a078ae35ffee93aa3d6264401341bb4717451f636620a1ca9d6e8313e7	E0392	true	GL261	G3	7fdc2fa21fea6c28bbc011461e0e1d02cc38dbc1714a1b49baf6218c00d86339	17	20	19	20	19	0.59892512015901556	7.3693356400595142	EVALUABLE
175b81fb375b082cedcfced8c3d542e749492f6d13158986083b505f1fb7b959	E0206	true	CT2A	C2	64e14d92b1a5821eccddd0e1e6d5521f0fcaba2977c9eb34cfda886205c3493d	8	20	19	20	19	0.99999982629128847	8.7524334990654555	EVALUABLE
175b81fb375b082cedcfced8c3d542e749492f6d13158986083b505f1fb7b959	E0206	true	GL261	G2	0af4d52ceb5c7b84765092ebe689361bf969900f21c30351e6dea4de03bed02b	12	20	19	20	19	0.99999999956458707	7.3443141879812259	EVALUABLE
1779ad1668660a7d6e406d1849980fc07a0c428a54cea1d7e83b20120c7b9de5	E0311	true	CT2A	C3	92885b269975050d47b4a5f3645ef173ad8091cce18e3f543380b638cb89c263	0	20	19	20	19	0.99999999999958833	1.0021916759087528	EVALUABLE
1779ad1668660a7d6e406d1849980fc07a0c428a54cea1d7e83b20120c7b9de5	E0311	true	GL261	G2	4a2fb998e907a76d9911c65dc23b53d134425ac6130d04103f1e03f7be8c05b6	0	20	19	20	19	8.4136653962542402e-06	1.0000000000356657	EVALUABLE
1782c7d7eb348fb48e2de9189fbf32fbfc86266fb3437c67b5ffaaabcbfdc994	E0232	true	CT2A	C2	4ad59181fe7235c9f8799583e6a5926d9a3b391d8c90fd44a50e8f2ee914e297	14	20	19	20	19	0.82043507762103074	6.0914450766133088	EVALUABLE
1782c7d7eb348fb48e2de9189fbf32fbfc86266fb3437c67b5ffaaabcbfdc994	E0232	true	GL261	G3	735464900e0db571bc0bd7f30fe3714c82f07057a86ebdd7484fd97746a089c5	8	20	19	20	19	0.67039768018233259	3.9725915070041302	EVALUABLE
17b7f05a5091c19ca5acf593d62909c7adab52c23d0f806886e8439de5319d67	E0023	true	CT2A	C5	c55c11a6e3dc772e3c2e3b973cfb71fd8e41ddd3aef93d8b8367e17dfca95033	18	20	19	20	19	0.87409937016018613	12.107635466288084	EVALUABLE
17b7f05a5091c19ca5acf593d62909c7adab52c23d0f806886e8439de5319d67	E0023	true	GL261	G4	4e3f6d6ceeb0b403b1b2482130d0f49869cd9e2da46c27f2006cd8893987eb72	0	20	19	20	19	0.048124664809921877	1.7704596109987456	EVALUABLE
1852e715e2fa5c7f4f1423291afd3d5126f1f13d8b5191deeff2a488478fe5f7	E0073	true	CT2A	C5	f477e3d5e656111b38ff39e23e8311ca8a8abd935c292bccfcb769f43f87ef81	4	20	19	20	19	0.88169908594762114	8.7855979279561023	EVALUABLE
1852e715e2fa5c7f4f1423291afd3d5126f1f13d8b5191deeff2a488478fe5f7	E0073	true	GL261	G4	d928590f61fb177ab6a5b0e11cbeca11a10927ce32463c8505150ddf6a21fd31	8	20	19	20	19	0.92654957144361749	1.9665265403298717	EVALUABLE
1860fcea75016b18c58d6d1c206f94d704ac4ec1462d4bcd375e65765260e2ab	E0251	true	CT2A	C1	227fe4afb2202ead22ee9d269e9306fc1462f44fe8ea75b1015ef56783db29e3	3	20	19	20	19	0.019893028392686113	1.069935255172147	EVALUABLE
1860fcea75016b18c58d6d1c206f94d704ac4ec1462d4bcd375e65765260e2ab	E0251	true	GL261	G2	9acb751aab297b05dffcce05ba0d4171965f31bed5e6496fa98e638081ccf731	17	20	19	20	19	0.88796722661749927	11.275413320949214	EVALUABLE
188dce94c6d667f8ad5d1e5fd2b29b7f5f3350a1e87f138410055aa21994bfb8	E0182	false	CT2A	C2	f644340953d72bb12da093189853db0ff0fc86bb66134a4f3d0a44308555f75e	1	20	19	20	19	1	4.9073549064382949	EVALUABLE
188dce94c6d667f8ad5d1e5fd2b29b7f5f3350a1e87f138410055aa21994bfb8	E0182	false	GL261	G3	8ecf30a756db2f84cdf96655aeefb4791848aa4abcee2632121fb0bb43d6914f	9	20	19	20	19	0.89674230687852974	2.3129376605668832	EVALUABLE
18a11c33726304ad413f8cb52284d7fdf3bb0d616b88a883288242e492a22dbe	E0035	true	CT2A	C3	593312d7347feeecef6821743059de3d62c9a9e7bc1e0d7af7214fa92b03e33f	4	20	19	20	19	0.76269972030191713	2.7732478678107122	EVALUABLE
18a11c33726304ad413f8cb52284d7fdf3bb0d616b88a883288242e492a22dbe	E0035	true	GL261	G1	5f016d2a7e8c0ca9be2a0c7a65b58b776f02175e7864b34d3b8946ee4f826f29	16	20	19	20	19	0.9501721991785268	11.597322888428341	EVALUABLE
194741fb2ff1d2810f5a8396234c1a5afecca08ea478d2f2b43a733721fe6f0c	E0065	true	CT2A	C4	7f09d6185ac5d193185190172ff78a97a79908108e64a74fa9c0e5c5b7a315dc	0	20	19	20	19	0.86381700180085463	4.5869369271080016	EVALUABLE
194741fb2ff1d2810f5a8396234c1a5afecca08ea478d2f2b43a733721fe6f0c	E0065	true	GL261	G1	64ab1614c0c568b77bd29ca3d3623f3ba1823bd3bf91fd0f4dc032039ade4cc3	15	20	19	20	19	0.98942616675924866	6.5004714268505683	EVALUABLE
1954fe36f19261a7ca13162951a1f118334e695f4b60a0df9c47c98def51e7d3	E0263	true	CT2A	C3	0551a70442c925ed3fd3d5f6f03c23b55a16bc314382c97afcbdcf827ae4123a	18	20	19	20	19	0.88088878320891917	11.102388957460557	EVALUABLE
1954fe36f19261a7ca13162951a1f118334e695f4b60a0df9c47c98def51e7d3	E0263	true	GL261	G4	ad3ae52546893ca463d0370db5c0243a4cd79da6df16d930a4acee2fee7bf062	3	20	19	20	19	0.18708100388078458	1.0000309594828971	EVALUABLE
198a0d920d61903262c34e62327b0415da3408dddd60a0ee71f46e4dfb05ae58	E0388	true	CT2A	C3	e0894b04544dae489a65af0d3d2e6b796b8d625f6b5e2a273115d0c767e3e693	6	20	19	20	19	0.51841892662953348	1.9823313676639549	EVALUABLE
198a0d920d61903262c34e62327b0415da3408dddd60a0ee71f46e4dfb05ae58	E0388	true	GL261	G4	b9f5a06ad896dd71ad5bac5e24ed87f72ded680e6d19b3c8d7ef7efafd32eedc	8	20	19	20	19	0.84142200231982756	6.5754356222569559	EVALUABLE
19cf325fd22afd0c18f32ee5a2ee39032fe55f74089a19ea4ff9d04d45ec8fd3	E0344	true	CT2A	C4	02a5544e4fc3b887f9768cac0b1d5ae40c8982fd620a763876acef8755995c11	2	20	19	20	19	0.95308773935777558	10.516493286003863	EVALUABLE
19cf325fd22afd0c18f32ee5a2ee39032fe55f74089a19ea4ff9d04d45ec8fd3	E0344	true	GL261	G5	ff08294218c297aa70d51d53f700660a24a0daa0e1e0239b74f592559b440776	0	20	19	20	19	0.77537235437434193	1.0000000581670687	EVALUABLE
19d4367aeb5880f07da073c99a5ec2dbbcf1e7c40beab27ed57dfc4f76200710	E0082	true	CT2A	C2	11c92eb5eefda7cc64e53694479d802bc86526faac5ec503ffca49ddb81a3886	1	20	19	20	19	0.47695817833477566	1.3191942542955755	EVALUABLE
19d4367aeb5880f07da073c99a5ec2dbbcf1e7c40beab27ed57dfc4f76200710	E0082	true	GL261	G3	5aa9dfc3f05d4356dd4aae2f9affd61bee89f17b06004e56c2253e057c5d0c49	19	20	19	20	19	0.8929223799071766	7.0399935625138861	EVALUABLE
1a00fdbbe94c024b9a5631305af04298a22f9b34c6e8145063fd351c65c9171e	E0304	false	CT2A	C1	a4cf0046a45aa0e47320ab5f4760e69930e9f99bbe85fdfc3b7ead7bafa2baa0	12	20	19	20	19	0.9999999999966469	1.6584490004249772	EVALUABLE
1a00fdbbe94c024b9a5631305af04298a22f9b34c6e8145063fd351c65c9171e	E0304	false	GL261	G5	4a2fb998e907a76d9911c65dc23b53d134425ac6130d04103f1e03f7be8c05b6	0	20	19	20	19	0.015426873193990857	1.0000781958551519	EVALUABLE
1a0c3b3a0d84aeaa419f272d0c997c61a8ebce48f7b06f5fa7ce913dfcca9b50	E0235	true	CT2A	C3	19fbb71aa82ced106de3de882f00088ca5f4b1403f565423e5efc7d077ebdee7	18	20	19	20	19	0.90301338800362296	12.888893559802156	EVALUABLE
1a0c3b3a0d84aeaa419f272d0c997c61a8ebce48f7b06f5fa7ce913dfcca9b50	E0235	true	GL261	G1	d2e77ddb8a929cfcb9b862f9915f2d5a3eb09741f2765ade2b0bcd69a98c741d	12	20	19	20	19	0.93535494386801088	7.9469225727837722	EVALUABLE
1a6463802230745464a38625f00e0892c2b27442db67eb14c6fc71b98156ccc6	E0037	true	CT2A	C3	102f69f6fa8557e4e0067accc8216a851f9d96d112c3c1db033468920969167f	3	20	19	20	19	0.59930431535019257	3.4040147896030675	EVALUABLE
1a6463802230745464a38625f00e0892c2b27442db67eb14c6fc71b98156ccc6	E0037	true	GL261	G3	5f016d2a7e8c0ca9be2a0c7a65b58b776f02175e7864b34d3b8946ee4f826f29	16	20	19	20	19	0.59002760960348055	3.5461472373123324	EVALUABLE
1ab8233ef497899b78995ceaa475684f4af668b14193b39901876f711c63f6f3	E0366	true	CT2A	C4	f748cd6aeca05446d28a19c599fcdda457fbd8a29c4d8a73e760985713b9f609	1	20	19	20	19	0.99479711934879289	4.2685202784268483	EVALUABLE
1ab8233ef497899b78995ceaa475684f4af668b14193b39901876f711c63f6f3	E0366	true	GL261	G2	8919d77fd866b5a1dc2c64f31ddf3d2b0c854b469fdba34f75f79fe51e478517	0	20	19	20	19	0.23845078796656882	1	EVALUABLE
1af859f415a7d2e5110b4ccbfa51005711db9fbb36eaf91dd95ee9339bd8cf0f	E0150	true	CT2A	C1	e0656ed344a040c1c31d47313c246b5017dfe95469a56b860f75b9359b07ba86	7	20	19	20	19	0.92388205033069826	12.173306861895428	EVALUABLE
1af859f415a7d2e5110b4ccbfa51005711db9fbb36eaf91dd95ee9339bd8cf0f	E0150	true	GL261	G1	e1e50204cde2f03790a3f2e74f66636d0dd7fd397ae5d4775dd61d74ccce0b76	19	20	19	20	19	0.831584981465747	11.881877309735335	EVALUABLE
1b4225911a146e554a5d3e5b58fd778d53143183fecad781ae54d54a02e8dd3e	E0161	true	CT2A	C3	7d84eb225b8def23833824a5db45b74528179b1bd889afa1812a7b3af34d5dd1	0	20	19	20	19	0.53409341902407192	2.8372006697777263	EVALUABLE
1b4225911a146e554a5d3e5b58fd778d53143183fecad781ae54d54a02e8dd3e	E0161	true	GL261	G2	0613270f4140a02dc933da8f58c1eea1dfd57164ef86989cfbd7dbf0d510376d	13	20	19	20	19	0.00011552442704350527	1.027180722198507	EVALUABLE
1bc284de4b6b367040a21288ccab46291f2b44742808677d25b75d7f1782ad26	E0144	true	CT2A	C4	820066d04598da3d239f0d23bd4e39ef57a720e88a443581bcf565cd8d99566b	18	20	19	20	19	0.98148657114692928	15.728558157498551	EVALUABLE
1bc284de4b6b367040a21288ccab46291f2b44742808677d25b75d7f1782ad26	E0144	true	GL261	G5	22fb33288e2b49401552b365407f2e2a4a6750f0976fa1f8910e2ea85c79b851	3	20	19	20	19	0.87188645903197437	6.7632779402455281	EVALUABLE
1bcbe27d5a67665b987ccb47018e8f4e5ca67f5edb5bdb74d59dde3ac7a0624e	E0311	true	CT2A	C3	646a5c644a59a85946ca3a5bdaa04f073d39a57cae74abbda4fc566e8f03094d	1	20	19	20	19	0.0010945207635175819	1.2471372536215413	EVALUABLE
1bcbe27d5a67665b987ccb47018e8f4e5ca67f5edb5bdb74d59dde3ac7a0624e	E0311	true	GL261	G2	4a2fb998e907a76d9911c65dc23b53d134425ac6130d04103f1e03f7be8c05b6	0	20	19	20	19	8.4136653962542402e-06	1.0000000000356657	EVALUABLE
1c1f014912a2cc60a7a810d5b8666b5161e23d5fc74a19a01fed088245f46989	E0396	true	CT2A	C5	a1f48ef19613f6a65b331bca98ea3fad70a41cafb8ba8276bafb56980a7ae0e3	2	20	19	20	19	0.99999999999410305	1.0443194570209668	EVALUABLE
1c1f014912a2cc60a7a810d5b8666b5161e23d5fc74a19a01fed088245f46989	E0396	true	GL261	G2	2f971692e2765073ae8a6d2f6fd8f4e97e81f95489df3f2946d4c497d94165b9	0	20	19	20	19	0.00031051015832295989	1.0143184106822272	EVALUABLE
1c2b94c1a8f02774546da16d5fb5d52ddf5c2ea3ed9a30a0fb20b46527a2159c	E0239	true	CT2A	C3	19fbb71aa82ced106de3de882f00088ca5f4b1403f565423e5efc7d077ebdee7	18	20	19	20	19	0.90301338800362296	12.888893559802156	EVALUABLE
1c2b94c1a8f02774546da16d5fb5d52ddf5c2ea3ed9a30a0fb20b46527a2159c	E0239	true	GL261	G5	d2e77ddb8a929cfcb9b862f9915f2d5a3eb09741f2765ade2b0bcd69a98c741d	12	20	19	20	19	0.90229771052231234	12.383760064603189	EVALUABLE
1c47883a5778a82be6ca68e11a6035b6eb1d8cfeab4ff4fd504fa6497b3d5231	E0053	true	CT2A	C1	b37add75f03b4f23ac6656dd0c4885d4486ea5d21bec8d5dbb8bc0b75f7b3972	15	20	19	20	19	0.87837827449405581	8.9873398835840899	EVALUABLE
1c47883a5778a82be6ca68e11a6035b6eb1d8cfeab4ff4fd504fa6497b3d5231	E0053	true	GL261	G4	d928590f61fb177ab6a5b0e11cbeca11a10927ce32463c8505150ddf6a21fd31	8	20	19	20	19	0.92654957144361749	1.9665265403298717	EVALUABLE
1c47ba25437f99468538605858692308fb755fefb2efca54229f07186bc31319	E0046	true	CT2A	C5	dbd76666b3084fdec6b1c3315b220417ef6d15d44a34b19cb92d68548716b4ce	6	20	19	20	19	0.8923168525155164	8.4446985005009783	EVALUABLE
1c47ba25437f99468538605858692308fb755fefb2efca54229f07186bc31319	E0046	true	GL261	G2	a5e71df85ff7da9f890eb3cd5dcb2b7117ced118c99b3684ee841000c8e0b65d	13	20	19	20	19	0.999999999999999	1.1350096926307203	EVALUABLE
1c9514c8ae7296abbf441c0e2faf29d9aeac9a86aa3682c9c04551c54f9a1c54	E0297	true	CT2A	C5	7ce358edc3a4bd7c08bb6daaad38e6b004b2499c6d5cdc3112e7a7dfa0faee9a	2	20	19	20	19	0.18501555223597199	1.2049202433441042	EVALUABLE
1c9514c8ae7296abbf441c0e2faf29d9aeac9a86aa3682c9c04551c54f9a1c54	E0297	true	GL261	G3	473d4f1bd46e522454faaf88efcb4858d6c533e112800f714ecae23ee6efc94e	3	20	19	20	19	0.93926809489134078	2.3514898545602465	EVALUABLE
1c9d1c4df0ad749c640b1739a088567461a81d03ea051ce51fe73cf6eff99b60	E0304	false	CT2A	C1	d9bee4ec9dc9d1f3876c1811fcf6f8d020989bd2af3231c4cdaa3df2bbdcd555	16	20	19	20	19	0.99999999999779754	1.658449000428794	EVALUABLE
1c9d1c4df0ad749c640b1739a088567461a81d03ea051ce51fe73cf6eff99b60	E0304	false	GL261	G5	4a2fb998e907a76d9911c65dc23b53d134425ac6130d04103f1e03f7be8c05b6	0	20	19	20	19	0.015426873193990857	1.0000781958551519	EVALUABLE
1d4c05ac8779e19a5d6e6969a4f3ad79087c1f04ccff5efece2b8720ea3d061a	E0130	true	CT2A	C2	5e8a0c4892e9698556e454389aaa6a2b6ca7ec28c8f86829df78dbc7a396e38e	2	20	19	20	19	0.92317807412878194	13.559433702547377	EVALUABLE
1d4c05ac8779e19a5d6e6969a4f3ad79087c1f04ccff5efece2b8720ea3d061a	E0130	true	GL261	G1	9d089ba3b0e645d3e16cc9b9a500224416307f7ee4379f38d87bf989d2174ec1	19	20	19	20	19	0.8315796582305508	11.301590392667318	EVALUABLE
1d62b199e9f85042634e37c3ff9925f051fecdbdc61ed1e21fac39bdc5ad5f34	E0201	true	CT2A	C1	4989824e2df2467b6e60573ab17ca31c35d0a30f6e54c8dfeb87847ca960b723	17	20	19	20	19	0.99994589865669214	1.1078820071869331	EVALUABLE
1d62b199e9f85042634e37c3ff9925f051fecdbdc61ed1e21fac39bdc5ad5f34	E0201	true	GL261	G2	fc5a6e7ac9885276c1940614d572c21e145840e761a1b814fe18426f44ee7db0	8	20	19	20	19	0.86543299274967522	6.3444720180889052	EVALUABLE
1da8337ea7f9bfcc84d5b479ad4ec138cf9bd47cd38a0a6309e76d53a27509aa	E0236	true	CT2A	C3	bc31b2573e3654d69ba4dc987e4d975f87972c67efefef87ebb81d553332baa6	10	20	19	20	19	0.99956913907876443	13.748496556002157	EVALUABLE
1da8337ea7f9bfcc84d5b479ad4ec138cf9bd47cd38a0a6309e76d53a27509aa	E0236	true	GL261	G2	005bcffdca6d9ad2654d0fdf416bb93ff2fd7caea8656ea89564927e99c3d4da	3	20	19	20	19	0.99999925900101228	2.3640040711805224	EVALUABLE
1ddfe4ed10da4b53628b1ae6e001f46fd4d733d8316579b4e625fc779e0a95cc	E0396	true	CT2A	C5	bff5c3f73cf19abc7b717b31e6022fe37f748cfcb5780ff291baeac5a479232d	3	20	19	20	19	0.021689745701769167	1.0000000032254432	EVALUABLE
1ddfe4ed10da4b53628b1ae6e001f46fd4d733d8316579b4e625fc779e0a95cc	E0396	true	GL261	G2	2f971692e2765073ae8a6d2f6fd8f4e97e81f95489df3f2946d4c497d94165b9	0	20	19	20	19	0.00031051015832295989	1.0143184106822272	EVALUABLE
1e1380e9f158f0173398684f90da2e5dffeeaebf63e4fecb239ba58312bc1f1f	E0241	true	CT2A	C4	0ce9f3c2ac8cacca151a431395692262091d1c40960aa953be66fdd4db529db5	17	20	19	20	19	0.62705396021446014	4.651094656023762	EVALUABLE
1e1380e9f158f0173398684f90da2e5dffeeaebf63e4fecb239ba58312bc1f1f	E0241	true	GL261	G2	005bcffdca6d9ad2654d0fdf416bb93ff2fd7caea8656ea89564927e99c3d4da	3	20	19	20	19	0.99999925900101228	2.3640040711805224	EVALUABLE
1e198961844664822eb2ebc0cc1e099dca23c094765e704d98ac1965d976372c	E0045	true	CT2A	C5	dbd76666b3084fdec6b1c3315b220417ef6d15d44a34b19cb92d68548716b4ce	6	20	19	20	19	0.8923168525155164	8.4446985005009783	EVALUABLE
1e198961844664822eb2ebc0cc1e099dca23c094765e704d98ac1965d976372c	E0045	true	GL261	G1	190878c4b80fe628594f55359ecb202fdd3e2ee8bca1b5c56ddcbe21f6e9a053	18	20	19	20	19	0.93548157004370702	11.489403039651325	EVALUABLE
1e3a1570fad673cc5ea81a37dbee043d1107c60ed8c17efbd9e0e47386489ed0	E0274	true	CT2A	C5	227fe4afb2202ead22ee9d269e9306fc1462f44fe8ea75b1015ef56783db29e3	3	20	19	20	19	0.047818842751589263	1.0776783201655145	EVALUABLE
1e3a1570fad673cc5ea81a37dbee043d1107c60ed8c17efbd9e0e47386489ed0	E0274	true	GL261	G5	deff62e02ba886762368ef91d7c5a863a4429df48e2f355d224c8d1fd18fccdc	11	20	19	20	19	0.96891467430175926	3.6775151576379277	EVALUABLE
1e746d69e54e398c16554478c8829c9ba562a5c53a9deb8e99197ea08f4a9130	E0380	true	CT2A	C2	e0894b04544dae489a65af0d3d2e6b796b8d625f6b5e2a273115d0c767e3e693	6	20	19	20	19	0.53126210253765305	1.8165382131854215	EVALUABLE
1e746d69e54e398c16554478c8829c9ba562a5c53a9deb8e99197ea08f4a9130	E0380	true	GL261	G1	02480ee2203a7247dc60b5c7ed203477c48ce766af288d2f669fd6d280f81869	16	20	19	20	19	0.90056642035183598	10.497230046444839	EVALUABLE
1e83920b9544c8c9b6e111abc0a2a5d73baf38601463fc8782415fe87a8beebe	E0337	true	CT2A	C3	73800d86c4f889eaf4f5923c873981e1547c7ce8918bcad431aebb6957e65d8f	1	20	19	20	19	0.70000038358131655	3.4317647739111701	EVALUABLE
1e83920b9544c8c9b6e111abc0a2a5d73baf38601463fc8782415fe87a8beebe	E0337	true	GL261	G3	1ff3f6f24399029ac6d6407339a7671dc0454a3da0344b173a866dad9366939a	17	20	19	20	19	0.85216427102079395	10.093118175354586	EVALUABLE
1eaaa3b3cf272c6fc6825d85451674ec3878b86fd709b3406093e67e5693bb6a	E0212	true	CT2A	C3	7f680ec90ffb14e0cf02f3aa48fc2a9480180e3d4bfe2ca3fd207f7277645ac2	16	20	19	20	19	0.99963668740886491	11.878981853139724	EVALUABLE
1eaaa3b3cf272c6fc6825d85451674ec3878b86fd709b3406093e67e5693bb6a	E0212	true	GL261	G3	4f3ac3dd70092e73abd0358812ec03b156828b637df9f9d81f3fa59635a9cea7	2	20	19	20	19	0.72920413934195194	1.4619007148330998	EVALUABLE
1ed33d06c7cedf7bfa236e30d57af44ad868f52385bfbbb8fdf6038550eb41c9	E0320	true	CT2A	C5	ed0c17f7a22a64be5862f52a396317f78e98d4489d5d4467a22d858c65d1c63f	9	20	19	20	19	0.99999999958959696	2.8887617742344656	EVALUABLE
1ed33d06c7cedf7bfa236e30d57af44ad868f52385bfbbb8fdf6038550eb41c9	E0320	true	GL261	G1	3d31a5031c10d84a628e3b3461faf26a0859778f1eb541826fe6fca30c271467	19	20	19	20	19	0.88896977184803039	12.068128229902284	EVALUABLE
1ee9f06b6c7cb494621d33da064f3684253b0d2703b51769b6dd0535ac79d9f1	E0218	true	CT2A	C4	4989824e2df2467b6e60573ab17ca31c35d0a30f6e54c8dfeb87847ca960b723	17	20	19	20	19	0.82768489702769443	7.4375912971843023	EVALUABLE
1ee9f06b6c7cb494621d33da064f3684253b0d2703b51769b6dd0535ac79d9f1	E0218	true	GL261	G4	4f3ac3dd70092e73abd0358812ec03b156828b637df9f9d81f3fa59635a9cea7	2	20	19	20	19	0.89067803121352773	1.0275507880257124	EVALUABLE
1f18238435b33b99a338921579ed341ab9ec210ed3b12c4305abe03c5cd3a568	E0210	true	CT2A	C3	3d455bd6c6c1107026e8edf70c2d6d8e202fc5d502a840648e30a9c7f4d8ac8c	19	20	19	20	19	0.87816337827871416	11.131684228520349	EVALUABLE
1f18238435b33b99a338921579ed341ab9ec210ed3b12c4305abe03c5cd3a568	E0210	true	GL261	G1	a7e9e73c64d9d3f1375205efa617218792e4925fade6c0b5b1060f1e99eea4db	15	20	19	20	19	0.75601626168221747	2.9253516374186694	EVALUABLE
1f3fa07a3adaf8d0a6d4f566dbe932b894e8ba8c512a7ecea94dc347bcdcd340	E0335	true	CT2A	C3	73800d86c4f889eaf4f5923c873981e1547c7ce8918bcad431aebb6957e65d8f	1	20	19	20	19	0.70000038358131655	3.4317647739111701	EVALUABLE
1f3fa07a3adaf8d0a6d4f566dbe932b894e8ba8c512a7ecea94dc347bcdcd340	E0335	true	GL261	G1	a29e516f4cdb615164980efb4a5ea439ebd420270dfdbd772cbaba783c759b3a	4	20	19	20	19	0.90648294860130785	9.3482449942482706	EVALUABLE
1f42ff69b385f67c9ad990d35eef98062a291da2a5938d3c09bbdc6fcf7537e5	E0197	false	CT2A	C5	ec713323665316d5b12598b96ce058a5cbd45046ed44f9acd156cf13bb158862	13	20	19	20	19	0.999999999976805	4.0846517620550413	EVALUABLE
1f42ff69b385f67c9ad990d35eef98062a291da2a5938d3c09bbdc6fcf7537e5	E0197	false	GL261	G3	8ecf30a756db2f84cdf96655aeefb4791848aa4abcee2632121fb0bb43d6914f	9	20	19	20	19	0.89674230687852974	2.3129376605668832	EVALUABLE
1fa1258a2a2adce9f732196dc1935a9c30e02645b53fd5196c5b6a9fa983a772	E0176	true	CT2A	C1	ec713323665316d5b12598b96ce058a5cbd45046ed44f9acd156cf13bb158862	13	20	19	20	19	1	2.9343529233041852	EVALUABLE
1fa1258a2a2adce9f732196dc1935a9c30e02645b53fd5196c5b6a9fa983a772	E0176	true	GL261	G2	0a15d7a32e358b6d318a4305ace35b78c1993f83a33663124679dcd0956673c5	3	20	19	20	19	0.9521381933818428	2.2630496071414949	EVALUABLE
1facb3cf1c97e529c3a88ffc03fecc5624a5b2fabe510edc8181b31d234c9b7f	E0350	true	CT2A	C1	450f27facf5b727caade83033c48b7b5204e2c728b3acdf5c1e72afc35ea97fa	16	20	19	20	19	0.9999999999813326	1.0000000001781209	EVALUABLE
1facb3cf1c97e529c3a88ffc03fecc5624a5b2fabe510edc8181b31d234c9b7f	E0350	true	GL261	G1	4b4cf4267fcb04925be0dfbb09053360ba7fe7c53232c32dfae0571e12ddfcbf	12	20	19	20	19	0.90741067607121062	13.83025409192345	EVALUABLE
1fb7fa86080edab76970d869a17f2ea64bcdcaa23bf81e8696c3ce449368dc16	E0295	true	CT2A	C5	7ce358edc3a4bd7c08bb6daaad38e6b004b2499c6d5cdc3112e7a7dfa0faee9a	2	20	19	20	19	0.18501555223597199	1.2049202433441042	EVALUABLE
1fb7fa86080edab76970d869a17f2ea64bcdcaa23bf81e8696c3ce449368dc16	E0295	true	GL261	G1	c14d5ed0f81e787adc1913c3553bf14df5bb157bc649ea2040ac26996164fde7	14	20	19	20	19	0.73703050473925968	5.9822042517208249	EVALUABLE
206de1c04c34badcf71a3e783d75fb0e3eba088052feef96eb9be18a80f8091d	E0106	true	CT2A	C2	23292304d2d32b2fdbaff4ee52762d292782269c9b4414137b63abfae0a20815	1	20	19	20	19	0.65394485843619532	1.6334953823870695	EVALUABLE
206de1c04c34badcf71a3e783d75fb0e3eba088052feef96eb9be18a80f8091d	E0106	true	GL261	G2	f88bd6cf2efb8f44e7d076dd701147d46987ae954fb4b6708b6977e588db41be	0	20	19	20	19	0.99999999999995648	1.2735224120581012	EVALUABLE
20994f81718b9a1d09c46aa1ee3a8f989e8a0fa6eb42a807aab844c8a516a9b2	E0118	true	CT2A	C4	2484a7b3d30774639d1e8e145aabe81216fe0db96a7c18e649a76b27ca3f4464	18	20	19	20	19	0.90898950839673132	14.680042968624376	EVALUABLE
20994f81718b9a1d09c46aa1ee3a8f989e8a0fa6eb42a807aab844c8a516a9b2	E0118	true	GL261	G4	4fba6da4fbc50c929ab024c1efd668b46f3e343b86e1bc30479554e6bd9d17c5	7	20	19	20	19	0.99856880227640643	4.2625442323900966	EVALUABLE
20ccc41f004a710c46a4dbf9138f4eb82175cd31ac4dbe82ffd0af70ddb6754a	E0087	true	CT2A	C3	aea3a41483799622bd3b3a2a0650bf7c51696eb5f00fff1b0bcf6f837c40d54a	0	20	19	20	19	0.62514709765911958	1.934046774145012	EVALUABLE
20ccc41f004a710c46a4dbf9138f4eb82175cd31ac4dbe82ffd0af70ddb6754a	E0087	true	GL261	G3	5aa9dfc3f05d4356dd4aae2f9affd61bee89f17b06004e56c2253e057c5d0c49	19	20	19	20	19	0.8929223799071766	7.0399935625138861	EVALUABLE
213e6735bb06aa06ad6f0fa8f83baab8513f2d27f8d765b8de85fa338caf9aa6	E0132	true	CT2A	C2	4eeef1890619aa578845837f43661ee7c19b674ff17bfb6610802a3013e3f2fa	0	20	19	20	19	0.91769694554377812	13.587446259712026	EVALUABLE
213e6735bb06aa06ad6f0fa8f83baab8513f2d27f8d765b8de85fa338caf9aa6	E0132	true	GL261	G3	9d089ba3b0e645d3e16cc9b9a500224416307f7ee4379f38d87bf989d2174ec1	19	20	19	20	19	0.6238406151039948	5.5036240180846114	EVALUABLE
21b9be94c0f307e3b4bc29086842d84a9375fb24639f2d0d6c9d8508292a0942	E0347	true	CT2A	C5	6508b7696b03342dad3d181ee2a37181527c2774e8c448101cc01a92eaafb736	11	20	19	20	19	0.83102206712872173	6.0701497685195545	EVALUABLE
21b9be94c0f307e3b4bc29086842d84a9375fb24639f2d0d6c9d8508292a0942	E0347	true	GL261	G3	c39666cec50f85c68c411fb7f35fd14dc87818c4e5eb5dcffc093c106d19e93d	12	20	19	20	19	0.87463438005981209	9.7965407497408883	EVALUABLE
21bea6ddb731f9445bd9abee3efc3e0992c0862824b3807710c901facb6c8a50	E0358	true	CT2A	C2	f715c48d725df09590892b8a0f532f274829fa59347013d5f282226dd527b95b	2	20	19	20	19	0.25842559321173469	1.6970703516408945	EVALUABLE
21bea6ddb731f9445bd9abee3efc3e0992c0862824b3807710c901facb6c8a50	E0358	true	GL261	G4	ef2e92a37a43cdeb483ca701d692b31c75c771f57aa04380d12d46ee48c01c2d	1	20	19	20	19	0.49587461136959843	1.0002338372050132	EVALUABLE
21c08ac932034c1b8265d1cf91c107e09908cf5205dfef537595ff59d285bd9e	E0232	true	CT2A	C2	0ce9f3c2ac8cacca151a431395692262091d1c40960aa953be66fdd4db529db5	17	20	19	20	19	0.7910371031772464	6.3155281110141379	EVALUABLE
21c08ac932034c1b8265d1cf91c107e09908cf5205dfef537595ff59d285bd9e	E0232	true	GL261	G3	d2e77ddb8a929cfcb9b862f9915f2d5a3eb09741f2765ade2b0bcd69a98c741d	12	20	19	20	19	0.99562411305894838	4.4701618929519586	EVALUABLE
2207546bf340f07a0dfd017288ae7df39c53f0b9953e0e886f998b2cf67d9b8a	E0224	true	CT2A	C5	4989824e2df2467b6e60573ab17ca31c35d0a30f6e54c8dfeb87847ca960b723	17	20	19	20	19	0.99846671377486551	1.2995544701729642	EVALUABLE
2207546bf340f07a0dfd017288ae7df39c53f0b9953e0e886f998b2cf67d9b8a	E0224	true	GL261	G5	dcd23c7687b7a968c63bb9675ce7906f58320bde6bc3bfbab7121eccb9334be0	14	20	19	20	19	0.98303401106615673	9.1686585777968048	EVALUABLE
22124091b61ae3b8cd34766337511692af361dee97dff7eaad573676e22eed54	E0281	true	CT2A	C2	b8fff488dd02060ace5ee1ad971713ffd8ade0edd5a4b26e9d5eac6c4edf1f23	3	20	19	20	19	0.90022627366370056	9.4439597053690694	EVALUABLE
22124091b61ae3b8cd34766337511692af361dee97dff7eaad573676e22eed54	E0281	true	GL261	G2	c354317cd806dd34207a630229a6ec6bd2b4c05b4ec94d341d3e30951308f2a8	13	20	19	20	19	0.99999999999470868	3.0409032947961685	EVALUABLE
2273126c82707ac3b29fb88acf95f51d6132463ef755eaf88d492bcbc1375e8e	E0350	true	CT2A	C1	34b996ca187b21a6172a8aab384066223b8fe5a1df3761648e1a25a5d93e0572	15	20	19	20	19	0.99999999998293354	1.0000000001813227	EVALUABLE
2273126c82707ac3b29fb88acf95f51d6132463ef755eaf88d492bcbc1375e8e	E0350	true	GL261	G1	4b4cf4267fcb04925be0dfbb09053360ba7fe7c53232c32dfae0571e12ddfcbf	12	20	19	20	19	0.90741067607121062	13.83025409192345	EVALUABLE
22cfddd36d4b9945e51c0dbb657182a200f6f913034bc33f846334b5218cd48d	E0209	true	CT2A	C2	64e14d92b1a5821eccddd0e1e6d5521f0fcaba2977c9eb34cfda886205c3493d	8	20	19	20	19	0.99999982629128847	8.7524334990654555	EVALUABLE
22cfddd36d4b9945e51c0dbb657182a200f6f913034bc33f846334b5218cd48d	E0209	true	GL261	G5	4f3ac3dd70092e73abd0358812ec03b156828b637df9f9d81f3fa59635a9cea7	2	20	19	20	19	0.95903429990514	8.8430904640075259	EVALUABLE
22f404c06f7780b48544d7d2f565d95dc7b48de0a507384c3e6db388ecdfc538	E0151	true	CT2A	C1	f6c6381dd019c536c97d40a0b4e86571772940c92642a97185ad8e44114166ba	14	20	19	20	19	0.94932423215331674	12.287679956407631	EVALUABLE
22f404c06f7780b48544d7d2f565d95dc7b48de0a507384c3e6db388ecdfc538	E0151	true	GL261	G2	0613270f4140a02dc933da8f58c1eea1dfd57164ef86989cfbd7dbf0d510376d	13	20	19	20	19	0.00011552442704350527	1.027180722198507	EVALUABLE
230d0e297b0347d3f2ad7978d4d22c3dd7c2a5eed7ac510210657a79995fb857	E0262	true	CT2A	C3	4d1501fe617ab14b6500082cc2042069c909392a1a4618550e7586b5f7a19ef7	17	20	19	20	19	0.88062028836994688	11.105796913113425	EVALUABLE
230d0e297b0347d3f2ad7978d4d22c3dd7c2a5eed7ac510210657a79995fb857	E0262	true	GL261	G3	ad3ae52546893ca463d0370db5c0243a4cd79da6df16d930a4acee2fee7bf062	3	20	19	20	19	0.37006686590174065	1.0099259792958202	EVALUABLE
2313e76128d1e38cd00022c3e9595607bdc5ac82fe9461cda5a091c3041be01a	E0188	true	CT2A	C3	f644340953d72bb12da093189853db0ff0fc86bb66134a4f3d0a44308555f75e	1	20	19	20	19	0.9999999999999899	6.4644117373308072	EVALUABLE
2313e76128d1e38cd00022c3e9595607bdc5ac82fe9461cda5a091c3041be01a	E0188	true	GL261	G4	8ecf30a756db2f84cdf96655aeefb4791848aa4abcee2632121fb0bb43d6914f	9	20	19	20	19	0.99991216885290002	1.4633809405549494	EVALUABLE
23478b0ffcc10e6be5eb4274d19454ef7ac2547996ba63d4a524b8500479932e	E0272	true	CT2A	C5	227fe4afb2202ead22ee9d269e9306fc1462f44fe8ea75b1015ef56783db29e3	3	20	19	20	19	0.047818842751589263	1.0776783201655145	EVALUABLE
23478b0ffcc10e6be5eb4274d19454ef7ac2547996ba63d4a524b8500479932e	E0272	true	GL261	G3	ad3ae52546893ca463d0370db5c0243a4cd79da6df16d930a4acee2fee7bf062	3	20	19	20	19	0.37006686590174065	1.0099259792958202	EVALUABLE
234a96bcdc6a2fd264c4a01591bd3fc5a07f4aac76bcdc02e9d3948c03f3c8b3	E0018	true	CT2A	C4	9b3eb60c2fcc4a9ae62238b0c2f7954eee420bb3818ca6ad9cbf97843e48628a	0	20	19	20	19	0.90411350834495208	15.055380347225533	EVALUABLE
234a96bcdc6a2fd264c4a01591bd3fc5a07f4aac76bcdc02e9d3948c03f3c8b3	E0018	true	GL261	G4	4e3f6d6ceeb0b403b1b2482130d0f49869cd9e2da46c27f2006cd8893987eb72	0	20	19	20	19	0.048124664809921877	1.7704596109987456	EVALUABLE
236d4001cc0b9bdd1da0f086da5e03509dcc5fe8ec2b3e6ed209610177cca9f5	E0279	true	CT2A	C1	7ce358edc3a4bd7c08bb6daaad38e6b004b2499c6d5cdc3112e7a7dfa0faee9a	2	20	19	20	19	0.15206256118401135	1.1475016284711637	EVALUABLE
236d4001cc0b9bdd1da0f086da5e03509dcc5fe8ec2b3e6ed209610177cca9f5	E0279	true	GL261	G5	473d4f1bd46e522454faaf88efcb4858d6c533e112800f714ecae23ee6efc94e	3	20	19	20	19	0.95732330245830399	11.552562273039079	EVALUABLE
2486ee7df69b4ec6835eff0a37a71ccf9377821ca67943c8e08fdadb79232117	E0399	true	CT2A	C5	a1f48ef19613f6a65b331bca98ea3fad70a41cafb8ba8276bafb56980a7ae0e3	2	20	19	20	19	0.99999999999410305	1.0443194570209668	EVALUABLE
2486ee7df69b4ec6835eff0a37a71ccf9377821ca67943c8e08fdadb79232117	E0399	true	GL261	G5	2f971692e2765073ae8a6d2f6fd8f4e97e81f95489df3f2946d4c497d94165b9	0	20	19	20	19	0.1358167809974308	1.9198796960994864	EVALUABLE
24dc3e6b3ffd2f481d9db0b8eb7b516fff26adab8cdfe67a9d04dc5c27f2a250	E0223	true	CT2A	C5	4989824e2df2467b6e60573ab17ca31c35d0a30f6e54c8dfeb87847ca960b723	17	20	19	20	19	0.99846671377486551	1.2995544701729642	EVALUABLE
24dc3e6b3ffd2f481d9db0b8eb7b516fff26adab8cdfe67a9d04dc5c27f2a250	E0223	true	GL261	G4	dcd23c7687b7a968c63bb9675ce7906f58320bde6bc3bfbab7121eccb9334be0	14	20	19	20	19	0.12142646140811339	1.2188510589131003	EVALUABLE
24ef02ace3074e81121bf2bbe3f8555582f3a500cfb9a0ffec024bd67eefefb1	E0315	true	CT2A	C4	8f95d37fc5b6314ac49444f700aeebaca5fabad2ed9d263b0a3bc8b912daa437	6	20	19	20	19	0.89073560523381512	1.836973724890564	EVALUABLE
24ef02ace3074e81121bf2bbe3f8555582f3a500cfb9a0ffec024bd67eefefb1	E0315	true	GL261	G1	0dcb4d9e9f31a415220f9c6fa35ee5c991ee4417708a58a8ae24391de0e15028	18	20	19	20	19	0.88935035066448598	12.062922096635836	EVALUABLE
24f9b3de93f80d0bce59aa55b2ce4b5a9afacf41effa93c79a2c99e58d7f6a70	E0307	true	CT2A	C2	646a5c644a59a85946ca3a5bdaa04f073d39a57cae74abbda4fc566e8f03094d	1	20	19	20	19	0.00016887770906388815	1.0171950491117938	EVALUABLE
24f9b3de93f80d0bce59aa55b2ce4b5a9afacf41effa93c79a2c99e58d7f6a70	E0307	true	GL261	G3	bb1036ad8c6848f4f75fe3386020148be563bbaf2bb7551f2b1d8982a523c72f	5	20	19	20	19	0.90439969098440942	12.419205573139125	EVALUABLE
2564c48730f0e6aa521f32cab9e489ce7b9d87da9e9cb82a2df16aeb5f719e8d	E0293	true	CT2A	C4	7ce358edc3a4bd7c08bb6daaad38e6b004b2499c6d5cdc3112e7a7dfa0faee9a	2	20	19	20	19	0.61772277566274447	4.2136208613917923	EVALUABLE
2564c48730f0e6aa521f32cab9e489ce7b9d87da9e9cb82a2df16aeb5f719e8d	E0293	true	GL261	G4	c14d5ed0f81e787adc1913c3553bf14df5bb157bc649ea2040ac26996164fde7	14	20	19	20	19	0.5932152049918068	1.0100576516944926	EVALUABLE
25846cc49fc543da61079a8f9cd8eb781bd40bed8a70a158dfa757c680fcbe13	E0382	true	CT2A	C2	e0894b04544dae489a65af0d3d2e6b796b8d625f6b5e2a273115d0c767e3e693	6	20	19	20	19	0.53126210253765305	1.8165382131854215	EVALUABLE
25846cc49fc543da61079a8f9cd8eb781bd40bed8a70a158dfa757c680fcbe13	E0382	true	GL261	G3	7fdc2fa21fea6c28bbc011461e0e1d02cc38dbc1714a1b49baf6218c00d86339	17	20	19	20	19	0.59892512015901556	7.3693356400595142	EVALUABLE
25e69a316695e4e2baffb4c53dc4e24cb8c78fe2ea80c6f383815a5b519a9a0c	E0378	true	CT2A	C1	93bcac7a72697a36bd2ebdfcfec80d11ce9ecaab48365dbcfddc2af85158d388	19	20	19	20	19	0.99999999999999944	1.0033620860714145	EVALUABLE
25e69a316695e4e2baffb4c53dc4e24cb8c78fe2ea80c6f383815a5b519a9a0c	E0378	true	GL261	G4	4aef105489baf9bef63ed97725d1de0a50cea4bd591f4c627ed30ca8b0d0f088	3	20	19	20	19	0.83876460001157405	6.585951715414093	EVALUABLE
26fd08b8c3b104d705dc2810475320cbca2ccb7a37986d369d0c35334e806acd	E0014	false	CT2A	C3	9b3eb60c2fcc4a9ae62238b0c2f7954eee420bb3818ca6ad9cbf97843e48628a	0	20	19	20	19	0.64647562658452307	2.2822491552057262	EVALUABLE
26fd08b8c3b104d705dc2810475320cbca2ccb7a37986d369d0c35334e806acd	E0014	false	GL261	G5	4e3f6d6ceeb0b403b1b2482130d0f49869cd9e2da46c27f2006cd8893987eb72	0	20	19	20	19	0.28179114040661807	1.029814163188171	EVALUABLE
27441267da88298ca23fbf5031aff87af1f3cb3d1e0697b3247cb8d82e4c4313	E0168	true	CT2A	C4	7d84eb225b8def23833824a5db45b74528179b1bd889afa1812a7b3af34d5dd1	0	20	19	20	19	0.71226732542084359	3.5285524615106669	EVALUABLE
27441267da88298ca23fbf5031aff87af1f3cb3d1e0697b3247cb8d82e4c4313	E0168	true	GL261	G4	e1e50204cde2f03790a3f2e74f66636d0dd7fd397ae5d4775dd61d74ccce0b76	19	20	19	20	19	0.90789071645032871	9.7733951351216852	EVALUABLE
2749b8532eb866d98a005bcdc90a72b26f12f9baa6888cf45e0158b9149bbd83	E0328	true	CT2A	C1	e2b2ddf86ed085b30c97911b98143c20b673b5444e88af92be27d19bc9e34b8b	14	20	19	20	19	0.52899796415699119	5.171874048838764	EVALUABLE
2749b8532eb866d98a005bcdc90a72b26f12f9baa6888cf45e0158b9149bbd83	E0328	true	GL261	G4	1cd860a2429f051cd189f97b8ee6cd1f9b1fb1288a2d4b3c67e118e3ffcc8e3f	1	20	19	20	19	0.26527689013154915	1.0100384212738058	EVALUABLE
27603ba5d08f7408c78b1d2669e5543546352d64d5270a2b258ebd67e3f38e9c	E0297	true	CT2A	C5	7ce358edc3a4bd7c08bb6daaad38e6b004b2499c6d5cdc3112e7a7dfa0faee9a	2	20	19	20	19	0.18501555223597199	1.2049202433441042	EVALUABLE
27603ba5d08f7408c78b1d2669e5543546352d64d5270a2b258ebd67e3f38e9c	E0297	true	GL261	G3	c14d5ed0f81e787adc1913c3553bf14df5bb157bc649ea2040ac26996164fde7	14	20	19	20	19	0.57243627337968395	1.671388987518275	EVALUABLE
27617ef06a95e5cd10ee0104e9272df0a66d03ba1904629cf38a2e684c8f3869	E0287	true	CT2A	C3	1f934b3dc4f2e9a459543f2b3f436ecc7f80c3d79a147a95a65090f563b3f59c	17	20	19	20	19	0.96689693828154299	9.8047956301186794	EVALUABLE
27617ef06a95e5cd10ee0104e9272df0a66d03ba1904629cf38a2e684c8f3869	E0287	true	GL261	G3	c14d5ed0f81e787adc1913c3553bf14df5bb157bc649ea2040ac26996164fde7	14	20	19	20	19	0.57243627337968395	1.671388987518275	EVALUABLE
277f9c7f19c4d2235f08f2639195e8980c70e53e9fd50ef0f620d1a824bd08bf	E0306	true	CT2A	C2	92885b269975050d47b4a5f3645ef173ad8091cce18e3f543380b638cb89c263	0	20	19	20	19	0.99999999999999989	1.000337812939919	EVALUABLE
277f9c7f19c4d2235f08f2639195e8980c70e53e9fd50ef0f620d1a824bd08bf	E0306	true	GL261	G2	4a2fb998e907a76d9911c65dc23b53d134425ac6130d04103f1e03f7be8c05b6	0	20	19	20	19	8.4136653962542402e-06	1.0000000000356657	EVALUABLE
2781cf08327aef3e828c35bc5f685b9f0f7b9ee196c394076ad2d6e6f2acc345	E0184	true	CT2A	C2	f644340953d72bb12da093189853db0ff0fc86bb66134a4f3d0a44308555f75e	1	20	19	20	19	1	4.9073549064382949	EVALUABLE
2781cf08327aef3e828c35bc5f685b9f0f7b9ee196c394076ad2d6e6f2acc345	E0184	true	GL261	G5	475729c033b518a09675629939712759dc9a8ad22e9075cf75933b7b2ce22400	10	20	19	20	19	0.98611048680433377	4.7818994780949344	EVALUABLE
2790d40b08edc2fd620976827e81e985606cb96fdb4fe065bd63f73dd6f93dbd	E0276	true	CT2A	C1	7ce358edc3a4bd7c08bb6daaad38e6b004b2499c6d5cdc3112e7a7dfa0faee9a	2	20	19	20	19	0.15206256118401135	1.1475016284711637	EVALUABLE
2790d40b08edc2fd620976827e81e985606cb96fdb4fe065bd63f73dd6f93dbd	E0276	true	GL261	G2	92005096ea629b019ec57ef0964c5143fb562d0bde9fd48f441494468c8f81e1	17	20	19	20	19	0.7434860758044981	2.1013913498359251	EVALUABLE
27a52cd538cf13a66d0d5540f6298550522fe9191480d067e55d0248036b3ab2	E0134	true	CT2A	C2	5e8a0c4892e9698556e454389aaa6a2b6ca7ec28c8f86829df78dbc7a396e38e	2	20	19	20	19	0.92317807412878194	13.559433702547377	EVALUABLE
27a52cd538cf13a66d0d5540f6298550522fe9191480d067e55d0248036b3ab2	E0134	true	GL261	G5	3112b8d4aded8669cde397953cf284b43fec3262a7981bef090ac70d789c2f05	0	20	19	20	19	0.76385999811615646	7.9874317198998392	EVALUABLE
27acf233b837fdfcf122a7447219b3f81af9b5612dc222b11ed600cab398491e	E0022	true	CT2A	C5	c55c11a6e3dc772e3c2e3b973cfb71fd8e41ddd3aef93d8b8367e17dfca95033	18	20	19	20	19	0.87409937016018613	12.107635466288084	EVALUABLE
27acf233b837fdfcf122a7447219b3f81af9b5612dc222b11ed600cab398491e	E0022	true	GL261	G3	bb971fe9fb3473bb385b4892616fc071460ab4db03f08657d16552b3fe5c22c3	12	20	19	20	19	0.93982315130578353	11.819660796055944	EVALUABLE
27bf991ed7e793825902a19a2c82b5d13b51653eb6bc7f2d3fb3a119ea5fd092	E0262	true	CT2A	C3	0551a70442c925ed3fd3d5f6f03c23b55a16bc314382c97afcbdcf827ae4123a	18	20	19	20	19	0.88088878320891917	11.102388957460557	EVALUABLE
27bf991ed7e793825902a19a2c82b5d13b51653eb6bc7f2d3fb3a119ea5fd092	E0262	true	GL261	G3	ad3ae52546893ca463d0370db5c0243a4cd79da6df16d930a4acee2fee7bf062	3	20	19	20	19	0.37006686590174065	1.0099259792958202	EVALUABLE
281db34bf4aecf7119a87391276dc5a2e1ea2e9c103355711d261a6a13c6296f	E0371	true	CT2A	C5	662e28e0b1c3c4f253ea0b812ef01c3553f0b90aaf9ca7d4828cb94489f04714	4	20	19	20	19	0.99999998226919251	1.0000002544002711	EVALUABLE
281db34bf4aecf7119a87391276dc5a2e1ea2e9c103355711d261a6a13c6296f	E0371	true	GL261	G2	8919d77fd866b5a1dc2c64f31ddf3d2b0c854b469fdba34f75f79fe51e478517	0	20	19	20	19	0.23845078796656882	1	EVALUABLE
286fd1adf0dcf74c9831319521c3dc99139527fe2359a413dd75d0889780db24	E0070	true	CT2A	C5	28974673bdb36bda1f7bf18ad986236c9a8aec47248f35092cc7d299e61343fd	7	20	19	20	19	0.86798304907518842	8.8580891703831828	EVALUABLE
286fd1adf0dcf74c9831319521c3dc99139527fe2359a413dd75d0889780db24	E0070	true	GL261	G1	64ab1614c0c568b77bd29ca3d3623f3ba1823bd3bf91fd0f4dc032039ade4cc3	15	20	19	20	19	0.98942616675924866	6.5004714268505683	EVALUABLE
289035903f44e714e12ae38d205a47ab8863486d856ff5d0513cd80b663570d4	E0249	false	CT2A	C5	0ce9f3c2ac8cacca151a431395692262091d1c40960aa953be66fdd4db529db5	17	20	19	20	19	0.18324465145353788	2.042864758125154	EVALUABLE
289035903f44e714e12ae38d205a47ab8863486d856ff5d0513cd80b663570d4	E0249	false	GL261	G5	4a61ea31056d52077ad2027e285dac5d697cdf600c4f12ff909f1ee64534d595	7	20	19	20	19	0.99149046208550407	13.069741931293237	EVALUABLE
2912c22b11437de4b5ff0617aaf48421b25ce4463790d3f8991ed563435aed4e	E0206	true	CT2A	C2	11f63e714d51958df651c04076bd5d7f5a2734e4e267f5aec63142685b555224	7	20	19	20	19	0.84972466661887325	7.8763213189171815	EVALUABLE
2912c22b11437de4b5ff0617aaf48421b25ce4463790d3f8991ed563435aed4e	E0206	true	GL261	G2	ea240cb47d0b313f1c494d71ead03c4db28ceb3f21745e3fd6d4055eb5868913	19	20	19	20	19	0.83457856384000728	6.4021156728753068	EVALUABLE
2932445f5ac205ef891a4bfe0d15661675769aad8ab7c2119e1bc89cc3a7008f	E0051	true	CT2A	C1	188a2a07d3b1a67be4abb28cc85a852f1e92bdcda3a689e25dc9d58f9c4ffb18	12	20	19	20	19	0.92704457943212026	9.0162850363673179	EVALUABLE
2932445f5ac205ef891a4bfe0d15661675769aad8ab7c2119e1bc89cc3a7008f	E0051	true	GL261	G2	d928590f61fb177ab6a5b0e11cbeca11a10927ce32463c8505150ddf6a21fd31	8	20	19	20	19	0.99999999968028253	1.0000006914295532	EVALUABLE
29ceab178e01c57867fe18870fd90f106aec238cbf5dd9a3a5cee3f15e94e5eb	E0246	false	CT2A	C5	0ce9f3c2ac8cacca151a431395692262091d1c40960aa953be66fdd4db529db5	17	20	19	20	19	0.18324465145353788	2.042864758125154	EVALUABLE
29ceab178e01c57867fe18870fd90f106aec238cbf5dd9a3a5cee3f15e94e5eb	E0246	false	GL261	G2	005bcffdca6d9ad2654d0fdf416bb93ff2fd7caea8656ea89564927e99c3d4da	3	20	19	20	19	0.99999925900101228	2.3640040711805224	EVALUABLE
2a5656e8ba449fcb05adad8b1d9aa82f25160057dfa58fa3dc59298d07b85a1d	E0026	true	CT2A	C1	4d85e0e53f094e3e360e5f150709789f644fae3f51b6152c96087ddc8ae08529	16	20	19	20	19	0.79459812995933965	3.8757297342117707	EVALUABLE
2a5656e8ba449fcb05adad8b1d9aa82f25160057dfa58fa3dc59298d07b85a1d	E0026	true	GL261	G2	a5e71df85ff7da9f890eb3cd5dcb2b7117ced118c99b3684ee841000c8e0b65d	13	20	19	20	19	0.999999999999999	1.1350096926307203	EVALUABLE
2aa5d07661aff22fcb44bd6393fa73bc107e5ea9f1bb5f5312413fd85547612d	E0266	true	CT2A	C4	227fe4afb2202ead22ee9d269e9306fc1462f44fe8ea75b1015ef56783db29e3	3	20	19	20	19	0.82130659765351477	8.4875241697218105	EVALUABLE
2aa5d07661aff22fcb44bd6393fa73bc107e5ea9f1bb5f5312413fd85547612d	E0266	true	GL261	G2	904a081f7eef1e7cc57d16491196f0d4a843d7e3f52c6a1ec968499a88939007	18	20	19	20	19	0.91596291168627408	11.124393549486637	EVALUABLE
2ae1e6fe7c61274f3ff256be8da93fe1b24e5f84bbbb156b99cf5f24c89d7364	E0201	true	CT2A	C1	11f63e714d51958df651c04076bd5d7f5a2734e4e267f5aec63142685b555224	7	20	19	20	19	0.99995875067120576	1.1079104844376275	EVALUABLE
2ae1e6fe7c61274f3ff256be8da93fe1b24e5f84bbbb156b99cf5f24c89d7364	E0201	true	GL261	G2	0af4d52ceb5c7b84765092ebe689361bf969900f21c30351e6dea4de03bed02b	12	20	19	20	19	0.99999999956458707	7.3443141879812259	EVALUABLE
2b31e55b7b9fce641bfeada26bfd4ae2bf70da359159a660736d8c2c7af09fe4	E0316	true	CT2A	C4	dfc5b1001e2a099d96f69d80c4ea0383590fc7c35f3dcf10e3a8c31cb8e44e5d	3	20	19	20	19	0.99053560932083395	2.2110140255713522	EVALUABLE
2b31e55b7b9fce641bfeada26bfd4ae2bf70da359159a660736d8c2c7af09fe4	E0316	true	GL261	G2	4a2fb998e907a76d9911c65dc23b53d134425ac6130d04103f1e03f7be8c05b6	0	20	19	20	19	8.4136653962542402e-06	1.0000000000356657	EVALUABLE
2b3b50f4ce6dc65395df9048b28ee50f33fefa1c3618d54c171fac4410c7aa3a	E0075	true	CT2A	C1	0e4370312b1abd45e6e65d5775cdbae8cb50208b4f035ea04dbf74dee753fe88	18	20	19	20	19	0.99999999938883155	3.2031410316691828	EVALUABLE
2b3b50f4ce6dc65395df9048b28ee50f33fefa1c3618d54c171fac4410c7aa3a	E0075	true	GL261	G1	5aa9dfc3f05d4356dd4aae2f9affd61bee89f17b06004e56c2253e057c5d0c49	19	20	19	20	19	0.81598515079962619	5.8764206310558	EVALUABLE
2b4a29bfd96a209471eeda65169c64a8e71c7e07dba7ff4bdbe51d0251625a62	E0151	true	CT2A	C1	cc54b24afa3a8b0db325b37ba076ef5e11869c45d58d69da37b8bcf5223865f5	17	20	19	20	19	0.89593908590490057	12.333690102438435	EVALUABLE
2b4a29bfd96a209471eeda65169c64a8e71c7e07dba7ff4bdbe51d0251625a62	E0151	true	GL261	G2	0613270f4140a02dc933da8f58c1eea1dfd57164ef86989cfbd7dbf0d510376d	13	20	19	20	19	0.00011552442704350527	1.027180722198507	EVALUABLE
2c0add2817ac059b96fea5dfc2fd7cbfe0ad88a578cf41ff0c76e61575b8bfcd	E0287	true	CT2A	C3	af28908304c57ace3b9aa0eaa9c9dcd3e2342c81cda26873352a9f5c202c71e4	13	20	19	20	19	0.86237629174651553	9.5953220020446945	EVALUABLE
2c0add2817ac059b96fea5dfc2fd7cbfe0ad88a578cf41ff0c76e61575b8bfcd	E0287	true	GL261	G3	c14d5ed0f81e787adc1913c3553bf14df5bb157bc649ea2040ac26996164fde7	14	20	19	20	19	0.57243627337968395	1.671388987518275	EVALUABLE
2c5de3d57a660cd9335f19d4ec51c612b8dc4264ccc4e1585f446fdfc487e53f	E0076	true	CT2A	C1	0e4370312b1abd45e6e65d5775cdbae8cb50208b4f035ea04dbf74dee753fe88	18	20	19	20	19	0.99999999938883155	3.2031410316691828	EVALUABLE
2c5de3d57a660cd9335f19d4ec51c612b8dc4264ccc4e1585f446fdfc487e53f	E0076	true	GL261	G2	1da91e6cbc1ec44f0d5dcba4f1de73f1c00882c5b1d520c8967a9b59c82629c7	15	20	19	20	19	0.00013958959576077003	1.0000045136717002	EVALUABLE
2c77b55e5a0e13d628e7cdb70c57e2fac7df4442ca8c225c8272d3f0a40352ed	E0258	true	CT2A	C2	227fe4afb2202ead22ee9d269e9306fc1462f44fe8ea75b1015ef56783db29e3	3	20	19	20	19	0.99999928014341111	8.3964399801343461	EVALUABLE
2c77b55e5a0e13d628e7cdb70c57e2fac7df4442ca8c225c8272d3f0a40352ed	E0258	true	GL261	G4	ad3ae52546893ca463d0370db5c0243a4cd79da6df16d930a4acee2fee7bf062	3	20	19	20	19	0.18708100388078458	1.0000309594828971	EVALUABLE
2c946b3301e5c59662765a2ffbdbc8ecfd81e3fbdd68e1ed07c2826dc366ca79	E0325	true	CT2A	C1	e2b2ddf86ed085b30c97911b98143c20b673b5444e88af92be27d19bc9e34b8b	14	20	19	20	19	0.52899796415699119	5.171874048838764	EVALUABLE
2c946b3301e5c59662765a2ffbdbc8ecfd81e3fbdd68e1ed07c2826dc366ca79	E0325	true	GL261	G1	a29e516f4cdb615164980efb4a5ea439ebd420270dfdbd772cbaba783c759b3a	4	20	19	20	19	0.90648294860130785	9.3482449942482706	EVALUABLE
2cab2fe42e92c1878a3f58625c914e9dd2c490b6a7cd218e766a3daefec045df	E0251	true	CT2A	C1	227fe4afb2202ead22ee9d269e9306fc1462f44fe8ea75b1015ef56783db29e3	3	20	19	20	19	0.019893028392686113	1.069935255172147	EVALUABLE
2cab2fe42e92c1878a3f58625c914e9dd2c490b6a7cd218e766a3daefec045df	E0251	true	GL261	G2	0a9dfbbbf9f389fdfd621ebb50a400f6f5a3ddb9cb5fb51e4859c587846d9633	14	20	19	20	19	0.89895414790208683	11.18182276231909	EVALUABLE
2d0111a801ff3280cf8b9816289b89cf7aaeab2774c7a7c1856800f9e16eedb6	E0342	true	CT2A	C4	0508eab71a0004ea418e21afa788f5650366bde4b6f23c738ca6f77ea3989883	4	20	19	20	19	0.92087458329280547	10.301851308858792	EVALUABLE
2d0111a801ff3280cf8b9816289b89cf7aaeab2774c7a7c1856800f9e16eedb6	E0342	true	GL261	G3	1ff3f6f24399029ac6d6407339a7671dc0454a3da0344b173a866dad9366939a	17	20	19	20	19	0.85216427102079395	10.093118175354586	EVALUABLE
2d431143771322712eb0933a824439676f59f2c553f0af9e9aac2c0f64590864	E0363	true	CT2A	C3	f715c48d725df09590892b8a0f532f274829fa59347013d5f282226dd527b95b	2	20	19	20	19	0.3532561476504924	1.8410145782798246	EVALUABLE
2d431143771322712eb0933a824439676f59f2c553f0af9e9aac2c0f64590864	E0363	true	GL261	G4	8919d77fd866b5a1dc2c64f31ddf3d2b0c854b469fdba34f75f79fe51e478517	0	20	19	20	19	0.50418335728700814	1.0002299831154091	EVALUABLE
2dc1626f8fa692dd5e4195c322876ec20f7b99ffd2df9e650fdb52510648cadb	E0136	true	CT2A	C3	266655b6dab32829146ddcc71d87648a3213fd2d014bd900061222549c133c15	1	20	19	20	19	0.89733283362599281	12.411629413305793	EVALUABLE
2dc1626f8fa692dd5e4195c322876ec20f7b99ffd2df9e650fdb52510648cadb	E0136	true	GL261	G2	3b08c569f98a53d7baab098a0459772d2f0dd213c465aab2c08d083356f91457	1	20	19	20	19	0.86079394440290347	1.2263741396405212	EVALUABLE
2e2a269d8766006f10ed3d5ec1ed157afe8e2855bf99f1e43900ca576f862544	E0216	true	CT2A	C4	4989824e2df2467b6e60573ab17ca31c35d0a30f6e54c8dfeb87847ca960b723	17	20	19	20	19	0.82768489702769443	7.4375912971843023	EVALUABLE
2e2a269d8766006f10ed3d5ec1ed157afe8e2855bf99f1e43900ca576f862544	E0216	true	GL261	G2	ea240cb47d0b313f1c494d71ead03c4db28ceb3f21745e3fd6d4055eb5868913	19	20	19	20	19	0.83457856384000728	6.4021156728753068	EVALUABLE
2e636614fc7100503ae3ef06d6c726a39421b23b2a8488ed62591865a599def9	E0319	false	CT2A	C4	0ade1e6723eba029060099685dac55cbaa4e00ff2f16480fea28e11337f40848	5	20	19	20	19	0.35561286774639017	4.4193250075577204	EVALUABLE
2e636614fc7100503ae3ef06d6c726a39421b23b2a8488ed62591865a599def9	E0319	false	GL261	G5	4a2fb998e907a76d9911c65dc23b53d134425ac6130d04103f1e03f7be8c05b6	0	20	19	20	19	0.015426873193990857	1.0000781958551519	EVALUABLE
2e986d1b85575646e8dedb5d8304ea7cb74342d8dea8fbcac8ee948138c23e86	E0274	true	CT2A	C5	227fe4afb2202ead22ee9d269e9306fc1462f44fe8ea75b1015ef56783db29e3	3	20	19	20	19	0.047818842751589263	1.0776783201655145	EVALUABLE
2e986d1b85575646e8dedb5d8304ea7cb74342d8dea8fbcac8ee948138c23e86	E0274	true	GL261	G5	ad3ae52546893ca463d0370db5c0243a4cd79da6df16d930a4acee2fee7bf062	3	20	19	20	19	0.9815956657177286	3.765150262899247	EVALUABLE
2e9b4fca38243f0a290e71c70bdc8a7326a1be2e98d3ab6744adfbe9b95f9e3c	E0204	true	CT2A	C1	11f63e714d51958df651c04076bd5d7f5a2734e4e267f5aec63142685b555224	7	20	19	20	19	0.99995875067120576	1.1079104844376275	EVALUABLE
2e9b4fca38243f0a290e71c70bdc8a7326a1be2e98d3ab6744adfbe9b95f9e3c	E0204	true	GL261	G5	4f3ac3dd70092e73abd0358812ec03b156828b637df9f9d81f3fa59635a9cea7	2	20	19	20	19	0.95903429990514	8.8430904640075259	EVALUABLE
2ef844f699fb223a494b98bdeb176260f3fd6a21f7cabfb119c685f74078930a	E0266	true	CT2A	C4	227fe4afb2202ead22ee9d269e9306fc1462f44fe8ea75b1015ef56783db29e3	3	20	19	20	19	0.82130659765351477	8.4875241697218105	EVALUABLE
2ef844f699fb223a494b98bdeb176260f3fd6a21f7cabfb119c685f74078930a	E0266	true	GL261	G2	0a9dfbbbf9f389fdfd621ebb50a400f6f5a3ddb9cb5fb51e4859c587846d9633	14	20	19	20	19	0.89895414790208683	11.18182276231909	EVALUABLE
2f283268f30e002cfb631b30801f7b6d032fa9ecd9fb1b0d350ed4f3b8a13235	E0203	true	CT2A	C1	4989824e2df2467b6e60573ab17ca31c35d0a30f6e54c8dfeb87847ca960b723	17	20	19	20	19	0.99994589865669214	1.1078820071869331	EVALUABLE
2f283268f30e002cfb631b30801f7b6d032fa9ecd9fb1b0d350ed4f3b8a13235	E0203	true	GL261	G4	dcd23c7687b7a968c63bb9675ce7906f58320bde6bc3bfbab7121eccb9334be0	14	20	19	20	19	0.12142646140811339	1.2188510589131003	EVALUABLE
2fb7eedae6a412700d61b2b77912c967a12af6e3a26a9e3c847d29d035d89ec3	E0029	true	CT2A	C1	bb0ad4b3dca9738ed169d4aae2f4f8fd0949efa9bd105de1d71889a580ae2be8	19	20	19	20	19	0.68694635755278621	4.4063227204848801	EVALUABLE
2fb7eedae6a412700d61b2b77912c967a12af6e3a26a9e3c847d29d035d89ec3	E0029	true	GL261	G5	a5e71df85ff7da9f890eb3cd5dcb2b7117ced118c99b3684ee841000c8e0b65d	13	20	19	20	19	0.9999999779706501	1.8329697236113456	EVALUABLE
303083e153515ebf8fa518da9b70ebeef0207a5526c385b80d752f033a6f7979	E0259	true	CT2A	C2	308e6dd45a60ade8ee3647a3d186551365d6bdb0fe10c43efc88e4d195371e2e	4	20	19	20	19	0.84264010371770126	7.5267549666991451	EVALUABLE
303083e153515ebf8fa518da9b70ebeef0207a5526c385b80d752f033a6f7979	E0259	true	GL261	G5	ad3ae52546893ca463d0370db5c0243a4cd79da6df16d930a4acee2fee7bf062	3	20	19	20	19	0.9815956657177286	3.765150262899247	EVALUABLE
3039cca051ddfe4cba97ac72c2bfa8f1c839c38d24efe5f736daa9334d2a221d	E0341	true	CT2A	C4	02a5544e4fc3b887f9768cac0b1d5ae40c8982fd620a763876acef8755995c11	2	20	19	20	19	0.95308773935777558	10.516493286003863	EVALUABLE
3039cca051ddfe4cba97ac72c2bfa8f1c839c38d24efe5f736daa9334d2a221d	E0341	true	GL261	G2	ff08294218c297aa70d51d53f700660a24a0daa0e1e0239b74f592559b440776	0	20	19	20	19	0.69856666150694802	1	EVALUABLE
305deb32c7a632d75d6fa2220fd5bbe8fcd6a5bfd29081e5f0c2cb12a5b7004e	E0028	true	CT2A	C1	bb0ad4b3dca9738ed169d4aae2f4f8fd0949efa9bd105de1d71889a580ae2be8	19	20	19	20	19	0.68694635755278621	4.4063227204848801	EVALUABLE
305deb32c7a632d75d6fa2220fd5bbe8fcd6a5bfd29081e5f0c2cb12a5b7004e	E0028	true	GL261	G4	7245d7cae566682e53e552376e5a7ab8b078a0afc829d984b35659d88f02faf9	2	20	19	20	19	0.98320805126189581	5.6124978115558708	EVALUABLE
3065bb86ca2a4072fc2264714920b309ca858df99a7502d31540f767422e6087	E0385	true	CT2A	C3	e0894b04544dae489a65af0d3d2e6b796b8d625f6b5e2a273115d0c767e3e693	6	20	19	20	19	0.51841892662953348	1.9823313676639549	EVALUABLE
3065bb86ca2a4072fc2264714920b309ca858df99a7502d31540f767422e6087	E0385	true	GL261	G1	2399e94f9c2f2213e281a1c60356b9d85bb5023aa4787097cd11d512d71324d9	19	20	19	20	19	0.89840951962981164	10.505967498901592	EVALUABLE
3095edfedcc8ebaa8b4d0d083ad185436e75d3d69c3fd17e8eed1abb28abaa06	E0262	true	CT2A	C3	e844c73dd542d4d132b72865a21c41b6c4f10ecd7b0aaa99437536260376de0e	8	20	19	20	19	0.99990787264079273	11.891357721495783	EVALUABLE
3095edfedcc8ebaa8b4d0d083ad185436e75d3d69c3fd17e8eed1abb28abaa06	E0262	true	GL261	G3	deff62e02ba886762368ef91d7c5a863a4429df48e2f355d224c8d1fd18fccdc	11	20	19	20	19	0.63175880615596414	1.0057999553575281	EVALUABLE
30fa52ec2bb16e097c792b8f2c841169a7caa62713d33a0d06fae290cd38b541	E0358	true	CT2A	C2	f715c48d725df09590892b8a0f532f274829fa59347013d5f282226dd527b95b	2	20	19	20	19	0.25842559321173469	1.6970703516408945	EVALUABLE
30fa52ec2bb16e097c792b8f2c841169a7caa62713d33a0d06fae290cd38b541	E0358	true	GL261	G4	8919d77fd866b5a1dc2c64f31ddf3d2b0c854b469fdba34f75f79fe51e478517	0	20	19	20	19	0.50418335728700814	1.0002299831154091	EVALUABLE
314457939c380fe664d2196a57275c24a7fc0609a89c24fd684bca0c24962927	E0296	true	CT2A	C5	7ce358edc3a4bd7c08bb6daaad38e6b004b2499c6d5cdc3112e7a7dfa0faee9a	2	20	19	20	19	0.18501555223597199	1.2049202433441042	EVALUABLE
314457939c380fe664d2196a57275c24a7fc0609a89c24fd684bca0c24962927	E0296	true	GL261	G2	4b2c3f16a0d3fbf7b6d87ef249f7efb1bdfa3f5fc28bbef84e8bbba5e259dd2e	18	20	19	20	19	0.99799062320894349	3.0287321183353448	EVALUABLE
314af9decc133cb6bdf3ac8d10ac2f6081ef60ca37c614b9259da45dba138dcb	E0000	true	CT2A	C1	c55c11a6e3dc772e3c2e3b973cfb71fd8e41ddd3aef93d8b8367e17dfca95033	18	20	19	20	19	0.65835440497085429	6.5416641409318803	EVALUABLE
314af9decc133cb6bdf3ac8d10ac2f6081ef60ca37c614b9259da45dba138dcb	E0000	true	GL261	G1	32eee7f3879ac12eb2555790d4a68384c8aae85601ce98f8f7c8ad3733eb50c7	3	20	19	20	19	0.84711363588310407	9.6485764507366323	EVALUABLE
315c6432ad4d33b67631d33817cde8d360fa7c7a3ff166a0d1c596cea9bf5ff4	E0222	true	CT2A	C5	4989824e2df2467b6e60573ab17ca31c35d0a30f6e54c8dfeb87847ca960b723	17	20	19	20	19	0.99846671377486551	1.2995544701729642	EVALUABLE
315c6432ad4d33b67631d33817cde8d360fa7c7a3ff166a0d1c596cea9bf5ff4	E0222	true	GL261	G3	dcd23c7687b7a968c63bb9675ce7906f58320bde6bc3bfbab7121eccb9334be0	14	20	19	20	19	0.40929640483373747	1.9008533143096018	EVALUABLE
3170841bc58399c5985f5715cba11ecb240cc85d7f41c8d8323ecad7306118fb	E0263	true	CT2A	C3	e844c73dd542d4d132b72865a21c41b6c4f10ecd7b0aaa99437536260376de0e	8	20	19	20	19	0.99990787264079273	11.891357721495783	EVALUABLE
3170841bc58399c5985f5715cba11ecb240cc85d7f41c8d8323ecad7306118fb	E0263	true	GL261	G4	deff62e02ba886762368ef91d7c5a863a4429df48e2f355d224c8d1fd18fccdc	11	20	19	20	19	0.81292189203682585	1.0000071247402145	EVALUABLE
317d15376d0853a6a689621d9254b48ef0ca654af9301c0cd4349ce0610e99e3	E0010	true	CT2A	C3	9b3eb60c2fcc4a9ae62238b0c2f7954eee420bb3818ca6ad9cbf97843e48628a	0	20	19	20	19	0.64647562658452307	2.2822491552057262	EVALUABLE
317d15376d0853a6a689621d9254b48ef0ca654af9301c0cd4349ce0610e99e3	E0010	true	GL261	G1	32eee7f3879ac12eb2555790d4a68384c8aae85601ce98f8f7c8ad3733eb50c7	3	20	19	20	19	0.84711363588310407	9.6485764507366323	EVALUABLE
319c0e90a471b6610ffef79279f3ae2dc39e2a01c2529be6876d119d11658b8a	E0051	true	CT2A	C1	45b591180b8b5b11f8d85d22498adbe0df7ea752ceb90d14dcfd3cbb2a110684	19	20	19	20	19	0.85085870744812042	9.2345345785333723	EVALUABLE
319c0e90a471b6610ffef79279f3ae2dc39e2a01c2529be6876d119d11658b8a	E0051	true	GL261	G2	d928590f61fb177ab6a5b0e11cbeca11a10927ce32463c8505150ddf6a21fd31	8	20	19	20	19	0.99999999968028253	1.0000006914295532	EVALUABLE
31bb9ba3d8fed2bb36bafb6ed941e8c2bc158bca72ccf03e933868a9f827a2bb	E0028	true	CT2A	C1	bb0ad4b3dca9738ed169d4aae2f4f8fd0949efa9bd105de1d71889a580ae2be8	19	20	19	20	19	0.68694635755278621	4.4063227204848801	EVALUABLE
31bb9ba3d8fed2bb36bafb6ed941e8c2bc158bca72ccf03e933868a9f827a2bb	E0028	true	GL261	G4	c369920187a75d899f06ea4bdc2750fd086c9e7dff9e33c43812a3ed0dd71628	12	20	19	20	19	0.99236176447355884	5.7100758872560453	EVALUABLE
320165454f46e592df5ca93c1f88d3eacd4e37e949569bef88e9ed79656d5a01	E0196	true	CT2A	C5	ec713323665316d5b12598b96ce058a5cbd45046ed44f9acd156cf13bb158862	13	20	19	20	19	0.999999999976805	4.0846517620550413	EVALUABLE
320165454f46e592df5ca93c1f88d3eacd4e37e949569bef88e9ed79656d5a01	E0196	true	GL261	G2	0a15d7a32e358b6d318a4305ace35b78c1993f83a33663124679dcd0956673c5	3	20	19	20	19	0.9521381933818428	2.2630496071414949	EVALUABLE
32562138668de2aae5b84af0e9532319c5679cc32d30785d49036c138214d406	E0246	false	CT2A	C5	0ce9f3c2ac8cacca151a431395692262091d1c40960aa953be66fdd4db529db5	17	20	19	20	19	0.18324465145353788	2.042864758125154	EVALUABLE
32562138668de2aae5b84af0e9532319c5679cc32d30785d49036c138214d406	E0246	false	GL261	G2	1e4730ea84327c2af00f7bf39dfe64b793d2c667d11063277acbba44643bb602	10	20	19	20	19	0.99999087853741708	2.3639644488789711	EVALUABLE
32595b48cdf36c5a1f5f2d98edf8b7054b5963f0642ab37da712a7549293e4f3	E0022	true	CT2A	C5	c55c11a6e3dc772e3c2e3b973cfb71fd8e41ddd3aef93d8b8367e17dfca95033	18	20	19	20	19	0.87409937016018613	12.107635466288084	EVALUABLE
32595b48cdf36c5a1f5f2d98edf8b7054b5963f0642ab37da712a7549293e4f3	E0022	true	GL261	G3	9b4dfe2ea6cf46ea72d0be1eb2199b4905b978c9c0654eaa8dc8492982ab6f48	8	20	19	20	19	0.90613423396514281	11.807439847295088	EVALUABLE
32598c056edc1b04d42a999f6c36aa5066f6d23882482ea367e6b5acb5967785	E0244	true	CT2A	C4	0ce9f3c2ac8cacca151a431395692262091d1c40960aa953be66fdd4db529db5	17	20	19	20	19	0.62705396021446014	4.651094656023762	EVALUABLE
32598c056edc1b04d42a999f6c36aa5066f6d23882482ea367e6b5acb5967785	E0244	true	GL261	G5	d2e77ddb8a929cfcb9b862f9915f2d5a3eb09741f2765ade2b0bcd69a98c741d	12	20	19	20	19	0.90229771052231234	12.383760064603189	EVALUABLE
32fae66cd5a456869b9d962e7f30266d121af0d628d23fc2e958daf6a217a592	E0203	true	CT2A	C1	11f63e714d51958df651c04076bd5d7f5a2734e4e267f5aec63142685b555224	7	20	19	20	19	0.99995875067120576	1.1079104844376275	EVALUABLE
32fae66cd5a456869b9d962e7f30266d121af0d628d23fc2e958daf6a217a592	E0203	true	GL261	G4	4f3ac3dd70092e73abd0358812ec03b156828b637df9f9d81f3fa59635a9cea7	2	20	19	20	19	0.89067803121352773	1.0275507880257124	EVALUABLE
33049511aba47de7a2cddbdc3c5c634c9ae1250ef18f3bccc96236fa83c241cc	E0342	true	CT2A	C4	02a5544e4fc3b887f9768cac0b1d5ae40c8982fd620a763876acef8755995c11	2	20	19	20	19	0.95308773935777558	10.516493286003863	EVALUABLE
33049511aba47de7a2cddbdc3c5c634c9ae1250ef18f3bccc96236fa83c241cc	E0342	true	GL261	G3	1ff3f6f24399029ac6d6407339a7671dc0454a3da0344b173a866dad9366939a	17	20	19	20	19	0.85216427102079395	10.093118175354586	EVALUABLE
330649b97027c61d5445850b8ecfdc7427c0b21230dd37012799d9b88df9cf00	E0012	true	CT2A	C3	55c97010acdd0cdc52f98f416746a96a3e453dfff25d0e9f08e270f4213bea20	1	20	19	20	19	0.5998692806526984	2.4314186715589208	EVALUABLE
330649b97027c61d5445850b8ecfdc7427c0b21230dd37012799d9b88df9cf00	E0012	true	GL261	G3	488ec8fc3106ead99d811b4bde0838da48763bd7a1999d8f7629a12ed999f37b	17	20	19	20	19	0.88789733193132547	11.984291786848125	EVALUABLE
331067fb6ef495f229f4a019a63e3b222b1e8f172e74680ac24fa905fa895f0f	E0146	true	CT2A	C5	820066d04598da3d239f0d23bd4e39ef57a720e88a443581bcf565cd8d99566b	18	20	19	20	19	0.65467818348992268	2.9534330034816585	EVALUABLE
331067fb6ef495f229f4a019a63e3b222b1e8f172e74680ac24fa905fa895f0f	E0146	true	GL261	G2	3112b8d4aded8669cde397953cf284b43fec3262a7981bef090ac70d789c2f05	0	20	19	20	19	0.22428753450047895	2.3032191756163858	EVALUABLE
332529e9773b2cfff4bd50524e1647f18453dc3f8a4de42a1e426ef7f861bf54	E0364	true	CT2A	C3	f715c48d725df09590892b8a0f532f274829fa59347013d5f282226dd527b95b	2	20	19	20	19	0.3532561476504924	1.8410145782798246	EVALUABLE
332529e9773b2cfff4bd50524e1647f18453dc3f8a4de42a1e426ef7f861bf54	E0364	true	GL261	G5	8919d77fd866b5a1dc2c64f31ddf3d2b0c854b469fdba34f75f79fe51e478517	0	20	19	20	19	0.39883558886147957	1.0000000001132936	EVALUABLE
332ba3f8b5a72ea708f7dc63f87599b2d8d8399e6f5f061b9bea8a90ff066ad1	E0017	true	CT2A	C4	9b3eb60c2fcc4a9ae62238b0c2f7954eee420bb3818ca6ad9cbf97843e48628a	0	20	19	20	19	0.90411350834495208	15.055380347225533	EVALUABLE
332ba3f8b5a72ea708f7dc63f87599b2d8d8399e6f5f061b9bea8a90ff066ad1	E0017	true	GL261	G3	bb971fe9fb3473bb385b4892616fc071460ab4db03f08657d16552b3fe5c22c3	12	20	19	20	19	0.93982315130578353	11.819660796055944	EVALUABLE
3351346f1659bebc77e3b82833f74ef95f1f56e21e11a1094188e923a511b656	E0125	true	CT2A	C1	317809e9983f9e230612d444ffda8873641fdd297ecceb2017ae93047c48f76f	19	20	19	20	19	0.67000508480754195	2.0526179444328818	EVALUABLE
3351346f1659bebc77e3b82833f74ef95f1f56e21e11a1094188e923a511b656	E0125	true	GL261	G1	9d089ba3b0e645d3e16cc9b9a500224416307f7ee4379f38d87bf989d2174ec1	19	20	19	20	19	0.8315796582305508	11.301590392667318	EVALUABLE
336a69316b4489605df0f86fafc79154a34e79597e958f51f6d771c45fd2a8cf	E0375	true	CT2A	C1	93bcac7a72697a36bd2ebdfcfec80d11ce9ecaab48365dbcfddc2af85158d388	19	20	19	20	19	0.99999999999999944	1.0033620860714145	EVALUABLE
336a69316b4489605df0f86fafc79154a34e79597e958f51f6d771c45fd2a8cf	E0375	true	GL261	G1	02480ee2203a7247dc60b5c7ed203477c48ce766af288d2f669fd6d280f81869	16	20	19	20	19	0.90056642035183598	10.497230046444839	EVALUABLE
339a25c674fed713f3f25878f03ec3396570338e101869afc8977335f1593545	E0097	true	CT2A	C5	b4ae76366e987fab217f0c6c55185c04e34463b12c4b0011689de6c987c02b7d	16	20	19	20	19	0.99999999974128262	4.8962032443262862	EVALUABLE
339a25c674fed713f3f25878f03ec3396570338e101869afc8977335f1593545	E0097	true	GL261	G3	5aa9dfc3f05d4356dd4aae2f9affd61bee89f17b06004e56c2253e057c5d0c49	19	20	19	20	19	0.8929223799071766	7.0399935625138861	EVALUABLE
33dbf84b74788aba823403c61c04b95ae0797a7415bbfe3944185dadfaa47d07	E0349	true	CT2A	C5	846782759cfa32849b8d0b22aba8597dc284079e90e15443c93dc705c5cdccc4	10	20	19	20	19	0.87155239867709733	6.0370220935541719	EVALUABLE
33dbf84b74788aba823403c61c04b95ae0797a7415bbfe3944185dadfaa47d07	E0349	true	GL261	G5	ff08294218c297aa70d51d53f700660a24a0daa0e1e0239b74f592559b440776	0	20	19	20	19	0.77537235437434193	1.0000000581670687	EVALUABLE
3417369a0d3a3bca892379a0ee9a854831d1544eec8990b35d5c8322667fe54a	E0353	true	CT2A	C1	d14c9a0fe52fd780abbb1ba0cd30f1160d62ab1d241889a0ddaa16a4d9c19165	17	20	19	20	19	0.99999999998225075	1.0000000001799572	EVALUABLE
3417369a0d3a3bca892379a0ee9a854831d1544eec8990b35d5c8322667fe54a	E0353	true	GL261	G4	8919d77fd866b5a1dc2c64f31ddf3d2b0c854b469fdba34f75f79fe51e478517	0	20	19	20	19	0.50418335728700814	1.0002299831154091	EVALUABLE
343831d6430ddf82c35d8c9939698a0db727fecfe1a033a48197f3311b7ee7e6	E0214	true	CT2A	C3	7f680ec90ffb14e0cf02f3aa48fc2a9480180e3d4bfe2ca3fd207f7277645ac2	16	20	19	20	19	0.99963668740886491	11.878981853139724	EVALUABLE
343831d6430ddf82c35d8c9939698a0db727fecfe1a033a48197f3311b7ee7e6	E0214	true	GL261	G5	4f3ac3dd70092e73abd0358812ec03b156828b637df9f9d81f3fa59635a9cea7	2	20	19	20	19	0.95903429990514	8.8430904640075259	EVALUABLE
34e6645e8567172d253c3d65e30ce3923011fbffdc2870f21889ff606baf1d4a	E0175	false	CT2A	C1	fc9cea3fda62ec8719159e4dbf459bbc28745f0f61c94d0852b10583cb4c27a6	16	20	19	20	19	1	2.9343529233041852	EVALUABLE
34e6645e8567172d253c3d65e30ce3923011fbffdc2870f21889ff606baf1d4a	E0175	false	GL261	G1	8ecf30a756db2f84cdf96655aeefb4791848aa4abcee2632121fb0bb43d6914f	9	20	19	20	19	0.27016931629783247	9.3194214892098532	EVALUABLE
34f0da084791d0d71b0451f9f9d12fe094e4c46dcdba740efc16b9201c71a25f	E0053	true	CT2A	C1	188a2a07d3b1a67be4abb28cc85a852f1e92bdcda3a689e25dc9d58f9c4ffb18	12	20	19	20	19	0.92704457943212026	9.0162850363673179	EVALUABLE
34f0da084791d0d71b0451f9f9d12fe094e4c46dcdba740efc16b9201c71a25f	E0053	true	GL261	G4	d928590f61fb177ab6a5b0e11cbeca11a10927ce32463c8505150ddf6a21fd31	8	20	19	20	19	0.92654957144361749	1.9665265403298717	EVALUABLE
34f6008838e764cd3331ba6420a8eb91a4cedf6d03dd2b36a07dfec04fae3e3a	E0216	true	CT2A	C4	4989824e2df2467b6e60573ab17ca31c35d0a30f6e54c8dfeb87847ca960b723	17	20	19	20	19	0.82768489702769443	7.4375912971843023	EVALUABLE
34f6008838e764cd3331ba6420a8eb91a4cedf6d03dd2b36a07dfec04fae3e3a	E0216	true	GL261	G2	fc5a6e7ac9885276c1940614d572c21e145840e761a1b814fe18426f44ee7db0	8	20	19	20	19	0.86543299274967522	6.3444720180889052	EVALUABLE
3579a3694f95e8529d89ec0bd24e5db5fe0696006596e7283bd93bcb98ea4f39	E0200	true	CT2A	C1	4989824e2df2467b6e60573ab17ca31c35d0a30f6e54c8dfeb87847ca960b723	17	20	19	20	19	0.99994589865669214	1.1078820071869331	EVALUABLE
3579a3694f95e8529d89ec0bd24e5db5fe0696006596e7283bd93bcb98ea4f39	E0200	true	GL261	G1	a7e9e73c64d9d3f1375205efa617218792e4925fade6c0b5b1060f1e99eea4db	15	20	19	20	19	0.75601626168221747	2.9253516374186694	EVALUABLE
35997e5d675e7d2e85fedcc34df778b7ef219bd01afb8c02728be817048d8d14	E0217	true	CT2A	C4	4989824e2df2467b6e60573ab17ca31c35d0a30f6e54c8dfeb87847ca960b723	17	20	19	20	19	0.82768489702769443	7.4375912971843023	EVALUABLE
35997e5d675e7d2e85fedcc34df778b7ef219bd01afb8c02728be817048d8d14	E0217	true	GL261	G3	a7e9e73c64d9d3f1375205efa617218792e4925fade6c0b5b1060f1e99eea4db	15	20	19	20	19	0.87896836574987947	1.8289820045902734	EVALUABLE
35a800f72e0b13b2ae3925d38a705fdbe239c3d22a9494398df5e1c83a6a9cbf	E0135	true	CT2A	C3	266655b6dab32829146ddcc71d87648a3213fd2d014bd900061222549c133c15	1	20	19	20	19	0.89733283362599281	12.411629413305793	EVALUABLE
35a800f72e0b13b2ae3925d38a705fdbe239c3d22a9494398df5e1c83a6a9cbf	E0135	true	GL261	G1	9d089ba3b0e645d3e16cc9b9a500224416307f7ee4379f38d87bf989d2174ec1	19	20	19	20	19	0.8315796582305508	11.301590392667318	EVALUABLE
35e4c020eba2c600944eb050de7e2eec760628c1429bb011112200df56a26dd3	E0276	true	CT2A	C1	7ce358edc3a4bd7c08bb6daaad38e6b004b2499c6d5cdc3112e7a7dfa0faee9a	2	20	19	20	19	0.15206256118401135	1.1475016284711637	EVALUABLE
35e4c020eba2c600944eb050de7e2eec760628c1429bb011112200df56a26dd3	E0276	true	GL261	G2	4b2c3f16a0d3fbf7b6d87ef249f7efb1bdfa3f5fc28bbef84e8bbba5e259dd2e	18	20	19	20	19	0.99799062320894349	3.0287321183353448	EVALUABLE
35f20404b7bb044186be76883847b4bb4465f496473fd04abc87b8dc87d5124b	E0195	false	CT2A	C5	ec713323665316d5b12598b96ce058a5cbd45046ed44f9acd156cf13bb158862	13	20	19	20	19	0.999999999976805	4.0846517620550413	EVALUABLE
35f20404b7bb044186be76883847b4bb4465f496473fd04abc87b8dc87d5124b	E0195	false	GL261	G1	8ecf30a756db2f84cdf96655aeefb4791848aa4abcee2632121fb0bb43d6914f	9	20	19	20	19	0.27016931629783247	9.3194214892098532	EVALUABLE
374c53d318587d488a0e1d5389a629a489a9433ddc3e14aee6690c767d252a8e	E0149	true	CT2A	C5	820066d04598da3d239f0d23bd4e39ef57a720e88a443581bcf565cd8d99566b	18	20	19	20	19	0.65467818348992268	2.9534330034816585	EVALUABLE
374c53d318587d488a0e1d5389a629a489a9433ddc3e14aee6690c767d252a8e	E0149	true	GL261	G5	3112b8d4aded8669cde397953cf284b43fec3262a7981bef090ac70d789c2f05	0	20	19	20	19	0.76385999811615646	7.9874317198998392	EVALUABLE
3752b217c87a929d08710610acfb84c6576da043c68c18a943ee8b6b4993f64e	E0248	false	CT2A	C5	0ce9f3c2ac8cacca151a431395692262091d1c40960aa953be66fdd4db529db5	17	20	19	20	19	0.18324465145353788	2.042864758125154	EVALUABLE
3752b217c87a929d08710610acfb84c6576da043c68c18a943ee8b6b4993f64e	E0248	false	GL261	G4	d2e77ddb8a929cfcb9b862f9915f2d5a3eb09741f2765ade2b0bcd69a98c741d	12	20	19	20	19	0.99999904744422774	3.0777685501040604	EVALUABLE
37ce0181a9057cebf277072bdfe82a2ab92cb6d16df65312cadb9094bb0d037e	E0324	false	CT2A	C5	41b88b4ee1d53a5ed347ca7ca6e242f063954bf817489f768d55c5cd466c4a09	11	20	19	20	19	0.99999999957496033	2.8887617741499025	EVALUABLE
37ce0181a9057cebf277072bdfe82a2ab92cb6d16df65312cadb9094bb0d037e	E0324	false	GL261	G5	4a2fb998e907a76d9911c65dc23b53d134425ac6130d04103f1e03f7be8c05b6	0	20	19	20	19	0.015426873193990857	1.0000781958551519	EVALUABLE
380e072f3fa1de7d19a96d2a9d84fc028f3699c7e50ba2147915dd6f682df500	E0057	false	CT2A	C2	7f09d6185ac5d193185190172ff78a97a79908108e64a74fa9c0e5c5b7a315dc	0	20	19	20	19	0.9308187138472287	1.0384695222672513	EVALUABLE
380e072f3fa1de7d19a96d2a9d84fc028f3699c7e50ba2147915dd6f682df500	E0057	false	GL261	G3	f3e9af567444075a63b7c2a2854ddee5538bfb4c47245f27578a66e389b5a9bc	18	20	19	20	19	0.66853845467600703	3.7749737294577361	EVALUABLE
3877943bfe8cb1158674bda3a134d2931b617279d36ed629c2f8903d64278f23	E0216	true	CT2A	C4	4989824e2df2467b6e60573ab17ca31c35d0a30f6e54c8dfeb87847ca960b723	17	20	19	20	19	0.82768489702769443	7.4375912971843023	EVALUABLE
3877943bfe8cb1158674bda3a134d2931b617279d36ed629c2f8903d64278f23	E0216	true	GL261	G2	0af4d52ceb5c7b84765092ebe689361bf969900f21c30351e6dea4de03bed02b	12	20	19	20	19	0.99999999956458707	7.3443141879812259	EVALUABLE
395beaa4d2ae86f6000aea2f3053e6c5b2c7b36d58f2f9fbc740f4a676055177	E0214	true	CT2A	C3	c9f35708db7fcd7ac314493307d80c85de78df9c6ae04b9ca9abdd6664a6ff8e	2	20	19	20	19	0.89847550351321614	10.936376411152732	EVALUABLE
395beaa4d2ae86f6000aea2f3053e6c5b2c7b36d58f2f9fbc740f4a676055177	E0214	true	GL261	G5	dcd23c7687b7a968c63bb9675ce7906f58320bde6bc3bfbab7121eccb9334be0	14	20	19	20	19	0.98303401106615673	9.1686585777968048	EVALUABLE
3964455d95a744e7adc302081d34d58f82b178a5266d047cc32e1826d16ec15b	E0343	true	CT2A	C4	0508eab71a0004ea418e21afa788f5650366bde4b6f23c738ca6f77ea3989883	4	20	19	20	19	0.92087458329280547	10.301851308858792	EVALUABLE
3964455d95a744e7adc302081d34d58f82b178a5266d047cc32e1826d16ec15b	E0343	true	GL261	G4	ff08294218c297aa70d51d53f700660a24a0daa0e1e0239b74f592559b440776	0	20	19	20	19	0.73604640614396566	1.0036036826377457	EVALUABLE
39ed2efd665f0a72055011fdb49001f3485638f46826d720f5df5c8b6117f715	E0271	true	CT2A	C5	227fe4afb2202ead22ee9d269e9306fc1462f44fe8ea75b1015ef56783db29e3	3	20	19	20	19	0.047818842751589263	1.0776783201655145	EVALUABLE
39ed2efd665f0a72055011fdb49001f3485638f46826d720f5df5c8b6117f715	E0271	true	GL261	G2	904a081f7eef1e7cc57d16491196f0d4a843d7e3f52c6a1ec968499a88939007	18	20	19	20	19	0.91596291168627408	11.124393549486637	EVALUABLE
3a0530a7aebfbd903ee0332451ae909f856468deed0f197af1313cab01e0d402	E0250	true	CT2A	C1	227fe4afb2202ead22ee9d269e9306fc1462f44fe8ea75b1015ef56783db29e3	3	20	19	20	19	0.019893028392686113	1.069935255172147	EVALUABLE
3a0530a7aebfbd903ee0332451ae909f856468deed0f197af1313cab01e0d402	E0250	true	GL261	G1	deff62e02ba886762368ef91d7c5a863a4429df48e2f355d224c8d1fd18fccdc	11	20	19	20	19	0.54102427424659716	1.125347247731602	EVALUABLE
3a476a5f68a142765c969744dfc9d103b34355ad60801a74f85638b42c00f911	E0172	true	CT2A	C5	85c320520e0d98911d2eaf5ef5ed30ace600fd4d9d2db08b51ab8abb34878cae	3	20	19	20	19	0.80745319555156159	5.8216071524628381	EVALUABLE
3a476a5f68a142765c969744dfc9d103b34355ad60801a74f85638b42c00f911	E0172	true	GL261	G3	e1e50204cde2f03790a3f2e74f66636d0dd7fd397ae5d4775dd61d74ccce0b76	19	20	19	20	19	0.81457764984935643	9.2315388508488923	EVALUABLE
3a7bf9bd37153a6eea96ea803e643a86c60bc6bd965b41568be96e90b7cfce58	E0094	true	CT2A	C4	11c92eb5eefda7cc64e53694479d802bc86526faac5ec503ffca49ddb81a3886	1	20	19	20	19	0.9975496671054116	5.5907705999109742	EVALUABLE
3a7bf9bd37153a6eea96ea803e643a86c60bc6bd965b41568be96e90b7cfce58	E0094	true	GL261	G5	1da91e6cbc1ec44f0d5dcba4f1de73f1c00882c5b1d520c8967a9b59c82629c7	15	20	19	20	19	0.032122196060961158	1.008140024550668	EVALUABLE
3acb217b748ca60962d1e3723ba7d8f97f64bbef0e13ce2026037e9be6435346	E0223	true	CT2A	C5	4989824e2df2467b6e60573ab17ca31c35d0a30f6e54c8dfeb87847ca960b723	17	20	19	20	19	0.99846671377486551	1.2995544701729642	EVALUABLE
3acb217b748ca60962d1e3723ba7d8f97f64bbef0e13ce2026037e9be6435346	E0223	true	GL261	G4	4f3ac3dd70092e73abd0358812ec03b156828b637df9f9d81f3fa59635a9cea7	2	20	19	20	19	0.89067803121352773	1.0275507880257124	EVALUABLE
3af41e13a41de3aead9795c55a70131b2c1d05f4319a02ace01b6402aefe999e	E0280	true	CT2A	C2	7ce358edc3a4bd7c08bb6daaad38e6b004b2499c6d5cdc3112e7a7dfa0faee9a	2	20	19	20	19	0.92085038082421999	9.4742225994278844	EVALUABLE
3af41e13a41de3aead9795c55a70131b2c1d05f4319a02ace01b6402aefe999e	E0280	true	GL261	G1	c14d5ed0f81e787adc1913c3553bf14df5bb157bc649ea2040ac26996164fde7	14	20	19	20	19	0.73703050473925968	5.9822042517208249	EVALUABLE
3b0399a68111190c5bd81245e82f7fd0c04e8af3d67aca3564967fa24d8dd73c	E0341	true	CT2A	C4	cdb7fb3b6973618b48e76861beeecf354fd3801d6426160c52656468ed7f7bd7	5	20	19	20	19	0.93804689506730987	10.384036183378074	EVALUABLE
3b0399a68111190c5bd81245e82f7fd0c04e8af3d67aca3564967fa24d8dd73c	E0341	true	GL261	G2	ff08294218c297aa70d51d53f700660a24a0daa0e1e0239b74f592559b440776	0	20	19	20	19	0.69856666150694802	1	EVALUABLE
3b438de7b6a71bcc0d43415ea6537354da7b726957293c8e012e69b911853680	E0220	true	CT2A	C5	4989824e2df2467b6e60573ab17ca31c35d0a30f6e54c8dfeb87847ca960b723	17	20	19	20	19	0.99846671377486551	1.2995544701729642	EVALUABLE
3b438de7b6a71bcc0d43415ea6537354da7b726957293c8e012e69b911853680	E0220	true	GL261	G1	a7e9e73c64d9d3f1375205efa617218792e4925fade6c0b5b1060f1e99eea4db	15	20	19	20	19	0.75601626168221747	2.9253516374186694	EVALUABLE
3bced444f5d98b4928791789810db3b6cf0d116e74d2caffc868ebfbf38a0fbb	E0205	true	CT2A	C2	11f63e714d51958df651c04076bd5d7f5a2734e4e267f5aec63142685b555224	7	20	19	20	19	0.84972466661887325	7.8763213189171815	EVALUABLE
3bced444f5d98b4928791789810db3b6cf0d116e74d2caffc868ebfbf38a0fbb	E0205	true	GL261	G1	a7e9e73c64d9d3f1375205efa617218792e4925fade6c0b5b1060f1e99eea4db	15	20	19	20	19	0.75601626168221747	2.9253516374186694	EVALUABLE
3c23fae6d8408b5036abb6abd7126eea8733cca00cb73e5119d534b03e5cf8e1	E0383	true	CT2A	C2	e0894b04544dae489a65af0d3d2e6b796b8d625f6b5e2a273115d0c767e3e693	6	20	19	20	19	0.53126210253765305	1.8165382131854215	EVALUABLE
3c23fae6d8408b5036abb6abd7126eea8733cca00cb73e5119d534b03e5cf8e1	E0383	true	GL261	G4	b9f5a06ad896dd71ad5bac5e24ed87f72ded680e6d19b3c8d7ef7efafd32eedc	8	20	19	20	19	0.84142200231982756	6.5754356222569559	EVALUABLE
3c65e8acfb5fb1e6a7c6c373fd97aa9112f9574a3602f912a32f7b9eb9e5f68b	E0029	true	CT2A	C1	4d85e0e53f094e3e360e5f150709789f644fae3f51b6152c96087ddc8ae08529	16	20	19	20	19	0.79459812995933965	3.8757297342117707	EVALUABLE
3c65e8acfb5fb1e6a7c6c373fd97aa9112f9574a3602f912a32f7b9eb9e5f68b	E0029	true	GL261	G5	a5e71df85ff7da9f890eb3cd5dcb2b7117ced118c99b3684ee841000c8e0b65d	13	20	19	20	19	0.9999999779706501	1.8329697236113456	EVALUABLE
3c822828461fac0c650c1d75acb246276c071dc719459444acd8a5548f6d71d9	E0103	true	CT2A	C1	28de38258d03212a0d010bf8ac5b5dd9d5bb9878b0d353e342028da17117a4df	11	20	19	20	19	0.057580486024639263	1.2921043613208014	EVALUABLE
3c822828461fac0c650c1d75acb246276c071dc719459444acd8a5548f6d71d9	E0103	true	GL261	G4	2d63d16cbc55715e365671ffa5dbc939f489f55ff2606c7fc4c1d0b275ed54c2	6	20	19	20	19	0.99829311283224376	4.2602066672231063	EVALUABLE
3d06149d64d21dbcd6d7df9ed04998759796953b3d9432924a0438f1c64fb6b1	E0112	true	CT2A	C3	23292304d2d32b2fdbaff4ee52762d292782269c9b4414137b63abfae0a20815	1	20	19	20	19	0.62261415981966151	1.7059374145931341	EVALUABLE
3d06149d64d21dbcd6d7df9ed04998759796953b3d9432924a0438f1c64fb6b1	E0112	true	GL261	G3	286f012707601f1e660b57acb2076f696d00fd3e81a881142b88a2984425a49b	16	20	19	20	19	0.6405519494997588	3.4023045674345389	EVALUABLE
3d774cc700b498e74839bee003d199e1a1940c5fed59b4da461ec9b8d174b4e3	E0069	true	CT2A	C4	7f09d6185ac5d193185190172ff78a97a79908108e64a74fa9c0e5c5b7a315dc	0	20	19	20	19	0.86381700180085463	4.5869369271080016	EVALUABLE
3d774cc700b498e74839bee003d199e1a1940c5fed59b4da461ec9b8d174b4e3	E0069	true	GL261	G5	d928590f61fb177ab6a5b0e11cbeca11a10927ce32463c8505150ddf6a21fd31	8	20	19	20	19	0.99999313696569991	1.00137353489484	EVALUABLE
3dc7c6ec2ec31e4a34adeedda60bdc97627d6cf9c11c57698b7f7f871f98a05a	E0049	true	CT2A	C5	dbd76666b3084fdec6b1c3315b220417ef6d15d44a34b19cb92d68548716b4ce	6	20	19	20	19	0.8923168525155164	8.4446985005009783	EVALUABLE
3dc7c6ec2ec31e4a34adeedda60bdc97627d6cf9c11c57698b7f7f871f98a05a	E0049	true	GL261	G5	a5e71df85ff7da9f890eb3cd5dcb2b7117ced118c99b3684ee841000c8e0b65d	13	20	19	20	19	0.9999999779706501	1.8329697236113456	EVALUABLE
3df5b7ec2c4173362d8a07727f1db7871b7d8c38fed7c95d5c439905cc71a93b	E0271	true	CT2A	C5	227fe4afb2202ead22ee9d269e9306fc1462f44fe8ea75b1015ef56783db29e3	3	20	19	20	19	0.047818842751589263	1.0776783201655145	EVALUABLE
3df5b7ec2c4173362d8a07727f1db7871b7d8c38fed7c95d5c439905cc71a93b	E0271	true	GL261	G2	9acb751aab297b05dffcce05ba0d4171965f31bed5e6496fa98e638081ccf731	17	20	19	20	19	0.88796722661749927	11.275413320949214	EVALUABLE
3e087fcf42c4c00a635e8f8b77bee53b4799407e7d9c07b1cf0115eb0f097e8e	E0385	true	CT2A	C3	e0894b04544dae489a65af0d3d2e6b796b8d625f6b5e2a273115d0c767e3e693	6	20	19	20	19	0.51841892662953348	1.9823313676639549	EVALUABLE
3e087fcf42c4c00a635e8f8b77bee53b4799407e7d9c07b1cf0115eb0f097e8e	E0385	true	GL261	G1	5a5cf99d6f8010ddefea6328d295b132f1e3bd6948dec2cdfdd312ee66482068	11	20	19	20	19	0.90124690995455936	10.494780504640811	EVALUABLE
3e12eed8cc9cc3b99f25a39f54b8670d0061c69f976b499bb4c3843646787d96	E0107	true	CT2A	C2	23292304d2d32b2fdbaff4ee52762d292782269c9b4414137b63abfae0a20815	1	20	19	20	19	0.65394485843619532	1.6334953823870695	EVALUABLE
3e12eed8cc9cc3b99f25a39f54b8670d0061c69f976b499bb4c3843646787d96	E0107	true	GL261	G3	286f012707601f1e660b57acb2076f696d00fd3e81a881142b88a2984425a49b	16	20	19	20	19	0.6405519494997588	3.4023045674345389	EVALUABLE
3e4ee1291e23093d1defd3d6be68b123dcd7d6c2458cd8ed22f946f612e0d7e2	E0078	true	CT2A	C1	0e4370312b1abd45e6e65d5775cdbae8cb50208b4f035ea04dbf74dee753fe88	18	20	19	20	19	0.99999999938883155	3.2031410316691828	EVALUABLE
3e4ee1291e23093d1defd3d6be68b123dcd7d6c2458cd8ed22f946f612e0d7e2	E0078	true	GL261	G4	1da91e6cbc1ec44f0d5dcba4f1de73f1c00882c5b1d520c8967a9b59c82629c7	15	20	19	20	19	0.86988592856223323	7.4465160171247939	EVALUABLE
3e7a22f67c89c97c6ad3c6684b1867ca404e6be297e216c5b4faaa9d7846c9f2	E0129	true	CT2A	C1	820066d04598da3d239f0d23bd4e39ef57a720e88a443581bcf565cd8d99566b	18	20	19	20	19	0.55238913410822499	2.3980810686940357	EVALUABLE
3e7a22f67c89c97c6ad3c6684b1867ca404e6be297e216c5b4faaa9d7846c9f2	E0129	true	GL261	G5	22fb33288e2b49401552b365407f2e2a4a6750f0976fa1f8910e2ea85c79b851	3	20	19	20	19	0.87188645903197437	6.7632779402455281	EVALUABLE
3f6de819449de7db0a7b050677f5e69b1d089cddec1a30d7c21533a30f05dad4	E0171	true	CT2A	C5	85c320520e0d98911d2eaf5ef5ed30ace600fd4d9d2db08b51ab8abb34878cae	3	20	19	20	19	0.80745319555156159	5.8216071524628381	EVALUABLE
3f6de819449de7db0a7b050677f5e69b1d089cddec1a30d7c21533a30f05dad4	E0171	true	GL261	G2	0613270f4140a02dc933da8f58c1eea1dfd57164ef86989cfbd7dbf0d510376d	13	20	19	20	19	0.00011552442704350527	1.027180722198507	EVALUABLE
3fdda18592e906cb03d6b7c5c8f9d8f429bd5944ebaec59e615ba389166c9452	E0031	true	CT2A	C2	102f69f6fa8557e4e0067accc8216a851f9d96d112c3c1db033468920969167f	3	20	19	20	19	0.39813313161553149	2.6092115823549586	EVALUABLE
3fdda18592e906cb03d6b7c5c8f9d8f429bd5944ebaec59e615ba389166c9452	E0031	true	GL261	G2	fc27b6af092e285d50c1968dde0a42a6920a84a660be54cb08c63990c795644b	7	20	19	20	19	0.063430977277193309	1.0347919531648493	EVALUABLE
400cac039d71883404b37ab4230424033047835ac4190eb71da6cd33f9be022d	E0345	true	CT2A	C5	846782759cfa32849b8d0b22aba8597dc284079e90e15443c93dc705c5cdccc4	10	20	19	20	19	0.87155239867709733	6.0370220935541719	EVALUABLE
400cac039d71883404b37ab4230424033047835ac4190eb71da6cd33f9be022d	E0345	true	GL261	G1	de6789b73fad901aa5115f8766bed663440158b44f4333e039ed0b84098afacb	5	20	19	20	19	0.88015241015681656	9.4147895670778166	EVALUABLE
4049aa5084bf4fd1f97b7a759b429fb622dc7fa1637161a2ddc1cca5e32f8cba	E0187	false	CT2A	C3	f644340953d72bb12da093189853db0ff0fc86bb66134a4f3d0a44308555f75e	1	20	19	20	19	0.9999999999999899	6.4644117373308072	EVALUABLE
4049aa5084bf4fd1f97b7a759b429fb622dc7fa1637161a2ddc1cca5e32f8cba	E0187	false	GL261	G3	8ecf30a756db2f84cdf96655aeefb4791848aa4abcee2632121fb0bb43d6914f	9	20	19	20	19	0.89674230687852974	2.3129376605668832	EVALUABLE
40670f5baa6df8a267182334791fca87944c90fc975ddaf2294c32772cf1ab97	E0337	true	CT2A	C3	73800d86c4f889eaf4f5923c873981e1547c7ce8918bcad431aebb6957e65d8f	1	20	19	20	19	0.70000038358131655	3.4317647739111701	EVALUABLE
40670f5baa6df8a267182334791fca87944c90fc975ddaf2294c32772cf1ab97	E0337	true	GL261	G3	c39666cec50f85c68c411fb7f35fd14dc87818c4e5eb5dcffc093c106d19e93d	12	20	19	20	19	0.87463438005981209	9.7965407497408883	EVALUABLE
409f0ee1e64b8d5c1babd09ad04369cfb99dacfbedc81ab9e48d135516a3c225	E0349	true	CT2A	C5	6508b7696b03342dad3d181ee2a37181527c2774e8c448101cc01a92eaafb736	11	20	19	20	19	0.83102206712872173	6.0701497685195545	EVALUABLE
409f0ee1e64b8d5c1babd09ad04369cfb99dacfbedc81ab9e48d135516a3c225	E0349	true	GL261	G5	ff08294218c297aa70d51d53f700660a24a0daa0e1e0239b74f592559b440776	0	20	19	20	19	0.77537235437434193	1.0000000581670687	EVALUABLE
40d3727a916a00032df40f497c432fee746ffe635827de3cfd72888c73c8f1ef	E0301	true	CT2A	C1	d9bee4ec9dc9d1f3876c1811fcf6f8d020989bd2af3231c4cdaa3df2bbdcd555	16	20	19	20	19	0.99999999999779754	1.658449000428794	EVALUABLE
40d3727a916a00032df40f497c432fee746ffe635827de3cfd72888c73c8f1ef	E0301	true	GL261	G2	4a2fb998e907a76d9911c65dc23b53d134425ac6130d04103f1e03f7be8c05b6	0	20	19	20	19	8.4136653962542402e-06	1.0000000000356657	EVALUABLE
40f250930aa3f5c80a0e60ede3e2f935867bede42c292e03cd7fe408e131ce9c	E0291	true	CT2A	C4	7ce358edc3a4bd7c08bb6daaad38e6b004b2499c6d5cdc3112e7a7dfa0faee9a	2	20	19	20	19	0.61772277566274447	4.2136208613917923	EVALUABLE
40f250930aa3f5c80a0e60ede3e2f935867bede42c292e03cd7fe408e131ce9c	E0291	true	GL261	G2	c354317cd806dd34207a630229a6ec6bd2b4c05b4ec94d341d3e30951308f2a8	13	20	19	20	19	0.99999999999470868	3.0409032947961685	EVALUABLE
414f769699c19d59c0d2216205396f94cdd82e70c28f68afd5e318dc1f5836cc	E0098	true	CT2A	C5	722648b50fb7a1fecbf2dde75452eb95e5df91f0ab85ff61e3540293ef1928a7	19	20	19	20	19	0.99999999974789766	4.8962032443910628	EVALUABLE
414f769699c19d59c0d2216205396f94cdd82e70c28f68afd5e318dc1f5836cc	E0098	true	GL261	G4	1da91e6cbc1ec44f0d5dcba4f1de73f1c00882c5b1d520c8967a9b59c82629c7	15	20	19	20	19	0.86988592856223323	7.4465160171247939	EVALUABLE
4314ea2ce68e564ee507d93011a82130aed306e730799ef9b77fc385368cf654	E0319	false	CT2A	C4	dfc5b1001e2a099d96f69d80c4ea0383590fc7c35f3dcf10e3a8c31cb8e44e5d	3	20	19	20	19	0.99053560932083395	2.2110140255713522	EVALUABLE
4314ea2ce68e564ee507d93011a82130aed306e730799ef9b77fc385368cf654	E0319	false	GL261	G5	4a2fb998e907a76d9911c65dc23b53d134425ac6130d04103f1e03f7be8c05b6	0	20	19	20	19	0.015426873193990857	1.0000781958551519	EVALUABLE
435ea511fa08a4db358670833c8169d788bf3b28670ee1aa67124aabf4fc1610	E0154	true	CT2A	C1	e0656ed344a040c1c31d47313c246b5017dfe95469a56b860f75b9359b07ba86	7	20	19	20	19	0.92388205033069826	12.173306861895428	EVALUABLE
435ea511fa08a4db358670833c8169d788bf3b28670ee1aa67124aabf4fc1610	E0154	true	GL261	G5	0613270f4140a02dc933da8f58c1eea1dfd57164ef86989cfbd7dbf0d510376d	13	20	19	20	19	0.061202293820025733	1.4039571086164389	EVALUABLE
43736a142e45141b338d710097c6b0de7fa4ffe19a26902927e166566d2a39cd	E0199	true	CT2A	C5	ec713323665316d5b12598b96ce058a5cbd45046ed44f9acd156cf13bb158862	13	20	19	20	19	0.999999999976805	4.0846517620550413	EVALUABLE
43736a142e45141b338d710097c6b0de7fa4ffe19a26902927e166566d2a39cd	E0199	true	GL261	G5	9479e42871e312cc9e8045bad83182066b1281c061fdcd80c3da7974e75e1d5d	1	20	19	20	19	0.77322648384658621	3.9303193110528754	EVALUABLE
43d310b81a9c0a8ff1f124840bbbddfc1d75fc229d53c1148cdd555466aca5fb	E0354	true	CT2A	C1	d14c9a0fe52fd780abbb1ba0cd30f1160d62ab1d241889a0ddaa16a4d9c19165	17	20	19	20	19	0.99999999998225075	1.0000000001799572	EVALUABLE
43d310b81a9c0a8ff1f124840bbbddfc1d75fc229d53c1148cdd555466aca5fb	E0354	true	GL261	G5	8919d77fd866b5a1dc2c64f31ddf3d2b0c854b469fdba34f75f79fe51e478517	0	20	19	20	19	0.39883558886147957	1.0000000001132936	EVALUABLE
44551307d151f826da5f4b8f5ac4fd13b609ea1aad6e553af52bd1123b284e59	E0378	true	CT2A	C1	93bcac7a72697a36bd2ebdfcfec80d11ce9ecaab48365dbcfddc2af85158d388	19	20	19	20	19	0.99999999999999944	1.0033620860714145	EVALUABLE
44551307d151f826da5f4b8f5ac4fd13b609ea1aad6e553af52bd1123b284e59	E0378	true	GL261	G4	b9f5a06ad896dd71ad5bac5e24ed87f72ded680e6d19b3c8d7ef7efafd32eedc	8	20	19	20	19	0.84142200231982756	6.5754356222569559	EVALUABLE
448d868f58e3cd737a737b4e26be5b171a3353c6b07d50a8ad10e9ab684483ef	E0332	true	CT2A	C2	73800d86c4f889eaf4f5923c873981e1547c7ce8918bcad431aebb6957e65d8f	1	20	19	20	19	0.96539067039799076	2.688256588130622	EVALUABLE
448d868f58e3cd737a737b4e26be5b171a3353c6b07d50a8ad10e9ab684483ef	E0332	true	GL261	G3	1ff3f6f24399029ac6d6407339a7671dc0454a3da0344b173a866dad9366939a	17	20	19	20	19	0.85216427102079395	10.093118175354586	EVALUABLE
44b7dadadc90fe21ac79075b4e54c354d40cc1323be87ea1ed85b3a4f925e36e	E0144	true	CT2A	C4	317809e9983f9e230612d444ffda8873641fdd297ecceb2017ae93047c48f76f	19	20	19	20	19	0.97776764549002515	15.648306370950241	EVALUABLE
44b7dadadc90fe21ac79075b4e54c354d40cc1323be87ea1ed85b3a4f925e36e	E0144	true	GL261	G5	9682660a50469ade3f195ee6115a3171f28ffef445fb4c45525fae47b6275e60	2	20	19	20	19	0.90918919852013924	6.8562302388749172	EVALUABLE
44c191d19d9e076553fa078b054d57809efd131ee8af7f6156f46cb3f4bcb9b2	E0118	true	CT2A	C4	b329f0fd2be35ea618be2d80915238663395d1f9ea256684680fd3e9e29b07b1	13	20	19	20	19	0.88528734764019579	15.24517907446095	EVALUABLE
44c191d19d9e076553fa078b054d57809efd131ee8af7f6156f46cb3f4bcb9b2	E0118	true	GL261	G4	2d63d16cbc55715e365671ffa5dbc939f489f55ff2606c7fc4c1d0b275ed54c2	6	20	19	20	19	0.99829311283224376	4.2602066672231063	EVALUABLE
4542790472cdb4e554ba28a0cc5881621163a7ed4fb42a0ae10d2635810b3e8a	E0025	true	CT2A	C1	4d85e0e53f094e3e360e5f150709789f644fae3f51b6152c96087ddc8ae08529	16	20	19	20	19	0.79459812995933965	3.8757297342117707	EVALUABLE
4542790472cdb4e554ba28a0cc5881621163a7ed4fb42a0ae10d2635810b3e8a	E0025	true	GL261	G1	5f016d2a7e8c0ca9be2a0c7a65b58b776f02175e7864b34d3b8946ee4f826f29	16	20	19	20	19	0.9501721991785268	11.597322888428341	EVALUABLE
45607ca48dde4124025ff13859c7de2c7c46df5cafafb98b8b803684d42dfdc5	E0080	true	CT2A	C2	11c92eb5eefda7cc64e53694479d802bc86526faac5ec503ffca49ddb81a3886	1	20	19	20	19	0.47695817833477566	1.3191942542955755	EVALUABLE
45607ca48dde4124025ff13859c7de2c7c46df5cafafb98b8b803684d42dfdc5	E0080	true	GL261	G1	5aa9dfc3f05d4356dd4aae2f9affd61bee89f17b06004e56c2253e057c5d0c49	19	20	19	20	19	0.81598515079962619	5.8764206310558	EVALUABLE
4576aef2c517e4b9c13df1ea1387171759e92bc97f842ffb0ac9a4ce1e643633	E0007	true	CT2A	C2	55c97010acdd0cdc52f98f416746a96a3e453dfff25d0e9f08e270f4213bea20	1	20	19	20	19	0.48577816441069854	1.3813249684797881	EVALUABLE
4576aef2c517e4b9c13df1ea1387171759e92bc97f842ffb0ac9a4ce1e643633	E0007	true	GL261	G3	bb971fe9fb3473bb385b4892616fc071460ab4db03f08657d16552b3fe5c22c3	12	20	19	20	19	0.93982315130578353	11.819660796055944	EVALUABLE
4637341736046532483ca2dfa4f786b5540288c357141357ab008f1de1202a7f	E0117	true	CT2A	C4	337634da0cfd0d1105cf8f37879f1f17ad4596420a8cfced6a550bb4701e5f9e	10	20	19	20	19	0.92293543099908248	14.52889547687907	EVALUABLE
4637341736046532483ca2dfa4f786b5540288c357141357ab008f1de1202a7f	E0117	true	GL261	G3	286f012707601f1e660b57acb2076f696d00fd3e81a881142b88a2984425a49b	16	20	19	20	19	0.6405519494997588	3.4023045674345389	EVALUABLE
466c09e2cde91e11c8d1aaa6e3ab85f01d488769b6011af5e7ee0aeae49ef71c	E0217	true	CT2A	C4	4989824e2df2467b6e60573ab17ca31c35d0a30f6e54c8dfeb87847ca960b723	17	20	19	20	19	0.82768489702769443	7.4375912971843023	EVALUABLE
466c09e2cde91e11c8d1aaa6e3ab85f01d488769b6011af5e7ee0aeae49ef71c	E0217	true	GL261	G3	dcd23c7687b7a968c63bb9675ce7906f58320bde6bc3bfbab7121eccb9334be0	14	20	19	20	19	0.40929640483373747	1.9008533143096018	EVALUABLE
466cc5149c7ff9e86f1cd18accce911f187d8e7f95e1ee15db3cfdaff13b272a	E0169	true	CT2A	C4	7d84eb225b8def23833824a5db45b74528179b1bd889afa1812a7b3af34d5dd1	0	20	19	20	19	0.71226732542084359	3.5285524615106669	EVALUABLE
466cc5149c7ff9e86f1cd18accce911f187d8e7f95e1ee15db3cfdaff13b272a	E0169	true	GL261	G5	0613270f4140a02dc933da8f58c1eea1dfd57164ef86989cfbd7dbf0d510376d	13	20	19	20	19	0.061202293820025733	1.4039571086164389	EVALUABLE
46b0b29c8ad70af8ebd2614d03c88bb5c36a1478c3247c66f4f4ad1d30e6db38	E0041	true	CT2A	C4	102f69f6fa8557e4e0067accc8216a851f9d96d112c3c1db033468920969167f	3	20	19	20	19	0.80726985679818852	5.2787034451665855	EVALUABLE
46b0b29c8ad70af8ebd2614d03c88bb5c36a1478c3247c66f4f4ad1d30e6db38	E0041	true	GL261	G2	fc27b6af092e285d50c1968dde0a42a6920a84a660be54cb08c63990c795644b	7	20	19	20	19	0.063430977277193309	1.0347919531648493	EVALUABLE
46b3f9fbae35ec809f4d5efdc41b46fd1d9e9d2f7f4f48be6dab4691da5b0669	E0090	true	CT2A	C4	aea3a41483799622bd3b3a2a0650bf7c51696eb5f00fff1b0bcf6f837c40d54a	0	20	19	20	19	0.99756471576856043	5.5909369723251272	EVALUABLE
46b3f9fbae35ec809f4d5efdc41b46fd1d9e9d2f7f4f48be6dab4691da5b0669	E0090	true	GL261	G1	5aa9dfc3f05d4356dd4aae2f9affd61bee89f17b06004e56c2253e057c5d0c49	19	20	19	20	19	0.81598515079962619	5.8764206310558	EVALUABLE
47fdbab9ac3859225c9a2c9196caf077e794060054c3c399c43a91a3984c973d	E0315	true	CT2A	C4	dfc5b1001e2a099d96f69d80c4ea0383590fc7c35f3dcf10e3a8c31cb8e44e5d	3	20	19	20	19	0.99053560932083395	2.2110140255713522	EVALUABLE
47fdbab9ac3859225c9a2c9196caf077e794060054c3c399c43a91a3984c973d	E0315	true	GL261	G1	a021d2219926286c3dcb59d412f56541cd3c639b9f8cb9f9f544799ca8c41349	3	20	19	20	19	0.8883964478446188	12.076105817838981	EVALUABLE
48109d1df79c3003b96ca2cc176c9dd6add5ff9b0edef9d1c2f7f377c23ceebe	E0385	true	CT2A	C3	e0894b04544dae489a65af0d3d2e6b796b8d625f6b5e2a273115d0c767e3e693	6	20	19	20	19	0.51841892662953348	1.9823313676639549	EVALUABLE
48109d1df79c3003b96ca2cc176c9dd6add5ff9b0edef9d1c2f7f377c23ceebe	E0385	true	GL261	G1	02480ee2203a7247dc60b5c7ed203477c48ce766af288d2f669fd6d280f81869	16	20	19	20	19	0.90056642035183598	10.497230046444839	EVALUABLE
484a4607bf73d2438b15856b931ea55dd53cc00e68b06d5f91b87dd2269541f8	E0048	true	CT2A	C5	841f998ef00a0775a812107d6ae160399491e383a3bff330c20f771132333a20	9	20	19	20	19	0.95515885975913439	8.7831638936974024	EVALUABLE
484a4607bf73d2438b15856b931ea55dd53cc00e68b06d5f91b87dd2269541f8	E0048	true	GL261	G4	a5e71df85ff7da9f890eb3cd5dcb2b7117ced118c99b3684ee841000c8e0b65d	13	20	19	20	19	0.98624402221296548	5.6441730073772849	EVALUABLE
486950dc2b48b7029551c6ed347c40d406f8aec0194d60222d3e0079644736f7	E0269	true	CT2A	C4	227fe4afb2202ead22ee9d269e9306fc1462f44fe8ea75b1015ef56783db29e3	3	20	19	20	19	0.82130659765351477	8.4875241697218105	EVALUABLE
486950dc2b48b7029551c6ed347c40d406f8aec0194d60222d3e0079644736f7	E0269	true	GL261	G5	deff62e02ba886762368ef91d7c5a863a4429df48e2f355d224c8d1fd18fccdc	11	20	19	20	19	0.96891467430175926	3.6775151576379277	EVALUABLE
488bab2766d4669cc0d19ddf9cd6777069fc6c0de571c546fdca56d9a130d02f	E0192	false	CT2A	C4	c242cf78ad007b657e033931f20963643548ea40b4b9a684199bd8744f018ac4	18	20	19	20	19	0.99568862798279323	10.093893964362799	EVALUABLE
488bab2766d4669cc0d19ddf9cd6777069fc6c0de571c546fdca56d9a130d02f	E0192	false	GL261	G3	8ecf30a756db2f84cdf96655aeefb4791848aa4abcee2632121fb0bb43d6914f	9	20	19	20	19	0.89674230687852974	2.3129376605668832	EVALUABLE
4916fa389068d24a04e69681a4d7f46a852ef4d122eed0cf7275e3608580ad08	E0142	true	CT2A	C4	820066d04598da3d239f0d23bd4e39ef57a720e88a443581bcf565cd8d99566b	18	20	19	20	19	0.98148657114692928	15.728558157498551	EVALUABLE
4916fa389068d24a04e69681a4d7f46a852ef4d122eed0cf7275e3608580ad08	E0142	true	GL261	G3	9d089ba3b0e645d3e16cc9b9a500224416307f7ee4379f38d87bf989d2174ec1	19	20	19	20	19	0.6238406151039948	5.5036240180846114	EVALUABLE
495e1ee43fa74a1daa4b0eb238ae695ae4d37e7337ef49ebc106a14b64608402	E0371	true	CT2A	C5	5e0bd4de471984c8757d52c33b2e66b55d81a00be7c5d5379d7344b8a2650a64	7	20	19	20	19	0.9999999824572896	1.0000002547764655	EVALUABLE
495e1ee43fa74a1daa4b0eb238ae695ae4d37e7337ef49ebc106a14b64608402	E0371	true	GL261	G2	8919d77fd866b5a1dc2c64f31ddf3d2b0c854b469fdba34f75f79fe51e478517	0	20	19	20	19	0.23845078796656882	1	EVALUABLE
496665fca600888462154d45d162491c91ef2b0e8d243e667540c8892b4f446b	E0270	true	CT2A	C5	227fe4afb2202ead22ee9d269e9306fc1462f44fe8ea75b1015ef56783db29e3	3	20	19	20	19	0.047818842751589263	1.0776783201655145	EVALUABLE
496665fca600888462154d45d162491c91ef2b0e8d243e667540c8892b4f446b	E0270	true	GL261	G1	deff62e02ba886762368ef91d7c5a863a4429df48e2f355d224c8d1fd18fccdc	11	20	19	20	19	0.54102427424659716	1.125347247731602	EVALUABLE
49b390c5ad0844abde10e6ec1b7f851e0035f7b1bd4fdb96a2b469d1af02f674	E0213	true	CT2A	C3	c9f35708db7fcd7ac314493307d80c85de78df9c6ae04b9ca9abdd6664a6ff8e	2	20	19	20	19	0.89847550351321614	10.936376411152732	EVALUABLE
49b390c5ad0844abde10e6ec1b7f851e0035f7b1bd4fdb96a2b469d1af02f674	E0213	true	GL261	G4	dcd23c7687b7a968c63bb9675ce7906f58320bde6bc3bfbab7121eccb9334be0	14	20	19	20	19	0.12142646140811339	1.2188510589131003	EVALUABLE
49bf043746b5b90d9e7c9521e3f9bff1fcc28a1a4b4f2cdd08768ba03ffc4011	E0142	true	CT2A	C4	317809e9983f9e230612d444ffda8873641fdd297ecceb2017ae93047c48f76f	19	20	19	20	19	0.97776764549002515	15.648306370950241	EVALUABLE
49bf043746b5b90d9e7c9521e3f9bff1fcc28a1a4b4f2cdd08768ba03ffc4011	E0142	true	GL261	G3	9d089ba3b0e645d3e16cc9b9a500224416307f7ee4379f38d87bf989d2174ec1	19	20	19	20	19	0.6238406151039948	5.5036240180846114	EVALUABLE
49f919cc5b535e2ecc473d96df13acf6d78f6c5f576294672f56b4fbb8cafa5f	E0350	true	CT2A	C1	d14c9a0fe52fd780abbb1ba0cd30f1160d62ab1d241889a0ddaa16a4d9c19165	17	20	19	20	19	0.99999999998225075	1.0000000001799572	EVALUABLE
49f919cc5b535e2ecc473d96df13acf6d78f6c5f576294672f56b4fbb8cafa5f	E0350	true	GL261	G1	5adee773b070f41e31484efe24458fa5c480e0f237b88e9bae1dff6c2c042cf8	3	20	19	20	19	0.91084251286347095	13.790587295408368	EVALUABLE
4a0d73f19ae9967281f942823ae7a01bb6226d856c0449d8afe19a8ac4e4f2a4	E0212	true	CT2A	C3	3d455bd6c6c1107026e8edf70c2d6d8e202fc5d502a840648e30a9c7f4d8ac8c	19	20	19	20	19	0.87816337827871416	11.131684228520349	EVALUABLE
4a0d73f19ae9967281f942823ae7a01bb6226d856c0449d8afe19a8ac4e4f2a4	E0212	true	GL261	G3	a7e9e73c64d9d3f1375205efa617218792e4925fade6c0b5b1060f1e99eea4db	15	20	19	20	19	0.87896836574987947	1.8289820045902734	EVALUABLE
4a5e26b879424264d48937dcff601f077f2f4b0436cf532ac15926524d3bf6c2	E0386	true	CT2A	C3	e0894b04544dae489a65af0d3d2e6b796b8d625f6b5e2a273115d0c767e3e693	6	20	19	20	19	0.51841892662953348	1.9823313676639549	EVALUABLE
4a5e26b879424264d48937dcff601f077f2f4b0436cf532ac15926524d3bf6c2	E0386	true	GL261	G2	2f971692e2765073ae8a6d2f6fd8f4e97e81f95489df3f2946d4c497d94165b9	0	20	19	20	19	0.00031051015832295989	1.0143184106822272	EVALUABLE
4aa6567da84bd650bf5894e71be0ee4ff73b79cde37d4f4d096b998b9998629b	E0087	true	CT2A	C3	11c92eb5eefda7cc64e53694479d802bc86526faac5ec503ffca49ddb81a3886	1	20	19	20	19	0.57509159588204672	2.0410979226694463	EVALUABLE
4aa6567da84bd650bf5894e71be0ee4ff73b79cde37d4f4d096b998b9998629b	E0087	true	GL261	G3	5aa9dfc3f05d4356dd4aae2f9affd61bee89f17b06004e56c2253e057c5d0c49	19	20	19	20	19	0.8929223799071766	7.0399935625138861	EVALUABLE
4b57ba2d3f0802ab19e5dc563beb01e12b4f2fc7de9ea7020f9eb2a41e2207a5	E0230	true	CT2A	C2	4ad59181fe7235c9f8799583e6a5926d9a3b391d8c90fd44a50e8f2ee914e297	14	20	19	20	19	0.82043507762103074	6.0914450766133088	EVALUABLE
4b57ba2d3f0802ab19e5dc563beb01e12b4f2fc7de9ea7020f9eb2a41e2207a5	E0230	true	GL261	G1	d2e77ddb8a929cfcb9b862f9915f2d5a3eb09741f2765ade2b0bcd69a98c741d	12	20	19	20	19	0.93535494386801088	7.9469225727837722	EVALUABLE
4b8a1a049bc139936b28a89d91cc9a2e6daa415593731936618637bea1eebeb4	E0391	true	CT2A	C4	7694a9e011d4ebf44d303658c7154c14143b3e30ce56570e30c917120cb8c5fd	11	20	19	20	19	0.87751273387070883	11.839189489820949	EVALUABLE
4b8a1a049bc139936b28a89d91cc9a2e6daa415593731936618637bea1eebeb4	E0391	true	GL261	G2	2f971692e2765073ae8a6d2f6fd8f4e97e81f95489df3f2946d4c497d94165b9	0	20	19	20	19	0.00031051015832295989	1.0143184106822272	EVALUABLE
4bfec279b2fd458ba1b77d3b6892464a35c7ed286f1654bfeabb871c0312864c	E0238	true	CT2A	C3	19fbb71aa82ced106de3de882f00088ca5f4b1403f565423e5efc7d077ebdee7	18	20	19	20	19	0.90301338800362296	12.888893559802156	EVALUABLE
4bfec279b2fd458ba1b77d3b6892464a35c7ed286f1654bfeabb871c0312864c	E0238	true	GL261	G4	d2e77ddb8a929cfcb9b862f9915f2d5a3eb09741f2765ade2b0bcd69a98c741d	12	20	19	20	19	0.99999904744422774	3.0777685501040604	EVALUABLE
4c35397e572dd70364600085c373194a3e9b16dac9b7229a72013486cbb6a246	E0255	true	CT2A	C2	308e6dd45a60ade8ee3647a3d186551365d6bdb0fe10c43efc88e4d195371e2e	4	20	19	20	19	0.84264010371770126	7.5267549666991451	EVALUABLE
4c35397e572dd70364600085c373194a3e9b16dac9b7229a72013486cbb6a246	E0255	true	GL261	G1	ad3ae52546893ca463d0370db5c0243a4cd79da6df16d930a4acee2fee7bf062	3	20	19	20	19	0.49035118165923558	1.1394343051436355	EVALUABLE
4c47566aa2bdf18285e647e73d89bbbe6ded7173febba6408cc0cf05dd7f5400	E0390	true	CT2A	C4	7694a9e011d4ebf44d303658c7154c14143b3e30ce56570e30c917120cb8c5fd	11	20	19	20	19	0.87751273387070883	11.839189489820949	EVALUABLE
4c47566aa2bdf18285e647e73d89bbbe6ded7173febba6408cc0cf05dd7f5400	E0390	true	GL261	G1	2399e94f9c2f2213e281a1c60356b9d85bb5023aa4787097cd11d512d71324d9	19	20	19	20	19	0.89840951962981164	10.505967498901592	EVALUABLE
4c92c70cfdea748e59cd3a0dd99a698723e9802627e9d68c9c29e7243996425f	E0005	true	CT2A	C2	55c97010acdd0cdc52f98f416746a96a3e453dfff25d0e9f08e270f4213bea20	1	20	19	20	19	0.48577816441069854	1.3813249684797881	EVALUABLE
4c92c70cfdea748e59cd3a0dd99a698723e9802627e9d68c9c29e7243996425f	E0005	true	GL261	G1	75e0749c689cdf40549186cc03b478b56fab8ea8173a79eed5e10003a7a22fdf	4	20	19	20	19	0.84446622818778316	9.6947974821212188	EVALUABLE
4caed03db2c778863f1be255062cb22688ce499f978e69ff573a975b9568d814	E0310	true	CT2A	C3	92885b269975050d47b4a5f3645ef173ad8091cce18e3f543380b638cb89c263	0	20	19	20	19	0.99999999999958833	1.0021916759087528	EVALUABLE
4caed03db2c778863f1be255062cb22688ce499f978e69ff573a975b9568d814	E0310	true	GL261	G1	3d31a5031c10d84a628e3b3461faf26a0859778f1eb541826fe6fca30c271467	19	20	19	20	19	0.88896977184803039	12.068128229902284	EVALUABLE
4cd0790188a88ac3a69cd5da889237cea69c310947698f854fee517e883a0dc8	E0374	true	CT2A	C5	662e28e0b1c3c4f253ea0b812ef01c3553f0b90aaf9ca7d4828cb94489f04714	4	20	19	20	19	0.99999998226919251	1.0000002544002711	EVALUABLE
4cd0790188a88ac3a69cd5da889237cea69c310947698f854fee517e883a0dc8	E0374	true	GL261	G5	8919d77fd866b5a1dc2c64f31ddf3d2b0c854b469fdba34f75f79fe51e478517	0	20	19	20	19	0.39883558886147957	1.0000000001132936	EVALUABLE
4cdaafb555522f675f7decf7db99c50ce9ab3d255636ded3f99ec7c41ae71a39	E0338	true	CT2A	C3	73800d86c4f889eaf4f5923c873981e1547c7ce8918bcad431aebb6957e65d8f	1	20	19	20	19	0.70000038358131655	3.4317647739111701	EVALUABLE
4cdaafb555522f675f7decf7db99c50ce9ab3d255636ded3f99ec7c41ae71a39	E0338	true	GL261	G4	ff08294218c297aa70d51d53f700660a24a0daa0e1e0239b74f592559b440776	0	20	19	20	19	0.73604640614396566	1.0036036826377457	EVALUABLE
4d0c415e592bd66663979e750d183592b32ec6809a5e217daf828e3522e68bef	E0246	false	CT2A	C5	0ce9f3c2ac8cacca151a431395692262091d1c40960aa953be66fdd4db529db5	17	20	19	20	19	0.18324465145353788	2.042864758125154	EVALUABLE
4d0c415e592bd66663979e750d183592b32ec6809a5e217daf828e3522e68bef	E0246	false	GL261	G2	94086566796d80d0f9c2d85880328e829f9c93a2b1ea4cd860f24bc164677df1	1	20	19	20	19	0.42600020582945647	1.9402010848720228	EVALUABLE
4d729048940ec6956d305fb6b8a609f955f28e174615c20a8b316973d94aaecc	E0102	true	CT2A	C1	28de38258d03212a0d010bf8ac5b5dd9d5bb9878b0d353e342028da17117a4df	11	20	19	20	19	0.057580486024639263	1.2921043613208014	EVALUABLE
4d729048940ec6956d305fb6b8a609f955f28e174615c20a8b316973d94aaecc	E0102	true	GL261	G3	286f012707601f1e660b57acb2076f696d00fd3e81a881142b88a2984425a49b	16	20	19	20	19	0.6405519494997588	3.4023045674345389	EVALUABLE
4d76696e31873550406e9c03ab9873756ba9310f58d896a5421a299985d47cbe	E0046	true	CT2A	C5	841f998ef00a0775a812107d6ae160399491e383a3bff330c20f771132333a20	9	20	19	20	19	0.95515885975913439	8.7831638936974024	EVALUABLE
4d76696e31873550406e9c03ab9873756ba9310f58d896a5421a299985d47cbe	E0046	true	GL261	G2	a5e71df85ff7da9f890eb3cd5dcb2b7117ced118c99b3684ee841000c8e0b65d	13	20	19	20	19	0.999999999999999	1.1350096926307203	EVALUABLE
4d8064fb21a6103ba0b7369b4c32aa1055b6d026c25cab451b8a867e5608137a	E0208	true	CT2A	C2	11f63e714d51958df651c04076bd5d7f5a2734e4e267f5aec63142685b555224	7	20	19	20	19	0.84972466661887325	7.8763213189171815	EVALUABLE
4d8064fb21a6103ba0b7369b4c32aa1055b6d026c25cab451b8a867e5608137a	E0208	true	GL261	G4	a7e9e73c64d9d3f1375205efa617218792e4925fade6c0b5b1060f1e99eea4db	15	20	19	20	19	0.98793100827493618	1.2451574873982125	EVALUABLE
4dbd42e145294ffa7623aff9f5cba338e6ec4f12f31270f0db0c1183601ceec1	E0117	true	CT2A	C4	2484a7b3d30774639d1e8e145aabe81216fe0db96a7c18e649a76b27ca3f4464	18	20	19	20	19	0.90898950839673132	14.680042968624376	EVALUABLE
4dbd42e145294ffa7623aff9f5cba338e6ec4f12f31270f0db0c1183601ceec1	E0117	true	GL261	G3	286f012707601f1e660b57acb2076f696d00fd3e81a881142b88a2984425a49b	16	20	19	20	19	0.6405519494997588	3.4023045674345389	EVALUABLE
4e0760b5ec413696138ea111914d31950dd855960ecde799e3df12b67e9fdd2a	E0348	true	CT2A	C5	6508b7696b03342dad3d181ee2a37181527c2774e8c448101cc01a92eaafb736	11	20	19	20	19	0.83102206712872173	6.0701497685195545	EVALUABLE
4e0760b5ec413696138ea111914d31950dd855960ecde799e3df12b67e9fdd2a	E0348	true	GL261	G4	ff08294218c297aa70d51d53f700660a24a0daa0e1e0239b74f592559b440776	0	20	19	20	19	0.73604640614396566	1.0036036826377457	EVALUABLE
4e1e85823b69a18a97c02e8e3199991806493d33293f3c8eece8dade74fba39f	E0264	true	CT2A	C3	e844c73dd542d4d132b72865a21c41b6c4f10ecd7b0aaa99437536260376de0e	8	20	19	20	19	0.99990787264079273	11.891357721495783	EVALUABLE
4e1e85823b69a18a97c02e8e3199991806493d33293f3c8eece8dade74fba39f	E0264	true	GL261	G5	deff62e02ba886762368ef91d7c5a863a4429df48e2f355d224c8d1fd18fccdc	11	20	19	20	19	0.96891467430175926	3.6775151576379277	EVALUABLE
4f5d36f039bf7d0a7500448d8c886de1d21d7341430526574253d10e831e9574	E0280	true	CT2A	C2	b8fff488dd02060ace5ee1ad971713ffd8ade0edd5a4b26e9d5eac6c4edf1f23	3	20	19	20	19	0.90022627366370056	9.4439597053690694	EVALUABLE
4f5d36f039bf7d0a7500448d8c886de1d21d7341430526574253d10e831e9574	E0280	true	GL261	G1	c14d5ed0f81e787adc1913c3553bf14df5bb157bc649ea2040ac26996164fde7	14	20	19	20	19	0.73703050473925968	5.9822042517208249	EVALUABLE
4fc00ffc32bee1058b98a5bec3cff8979ff41cdaea31e421fc2e73bab1a166d1	E0196	true	CT2A	C5	ec713323665316d5b12598b96ce058a5cbd45046ed44f9acd156cf13bb158862	13	20	19	20	19	0.999999999976805	4.0846517620550413	EVALUABLE
4fc00ffc32bee1058b98a5bec3cff8979ff41cdaea31e421fc2e73bab1a166d1	E0196	true	GL261	G2	9479e42871e312cc9e8045bad83182066b1281c061fdcd80c3da7974e75e1d5d	1	20	19	20	19	0.74857032600598383	1.6497153842332788	EVALUABLE
4fe2853552e15595db9dbb6cd1953dbc6af9b5f3f8ff991d931bc338f5493509	E0288	true	CT2A	C3	1f934b3dc4f2e9a459543f2b3f436ecc7f80c3d79a147a95a65090f563b3f59c	17	20	19	20	19	0.96689693828154299	9.8047956301186794	EVALUABLE
4fe2853552e15595db9dbb6cd1953dbc6af9b5f3f8ff991d931bc338f5493509	E0288	true	GL261	G4	c14d5ed0f81e787adc1913c3553bf14df5bb157bc649ea2040ac26996164fde7	14	20	19	20	19	0.5932152049918068	1.0100576516944926	EVALUABLE
50345cdf509fb7903156f9b4e047c2db923fe36aca7e032a6ed849630b7ac401	E0273	true	CT2A	C5	227fe4afb2202ead22ee9d269e9306fc1462f44fe8ea75b1015ef56783db29e3	3	20	19	20	19	0.047818842751589263	1.0776783201655145	EVALUABLE
50345cdf509fb7903156f9b4e047c2db923fe36aca7e032a6ed849630b7ac401	E0273	true	GL261	G4	ad3ae52546893ca463d0370db5c0243a4cd79da6df16d930a4acee2fee7bf062	3	20	19	20	19	0.18708100388078458	1.0000309594828971	EVALUABLE
504ef8d6fd8dd37e413ddd3aba571a6fd37b2b6ce46c1a2d85ff5fe9f869f59f	E0078	true	CT2A	C1	72b247f6826b8e7aec7fae9987164b81f087b64e28ead12694c3984bbcbe4c0e	17	20	19	20	19	0.99999999946032447	3.2031410321271871	EVALUABLE
504ef8d6fd8dd37e413ddd3aba571a6fd37b2b6ce46c1a2d85ff5fe9f869f59f	E0078	true	GL261	G4	1da91e6cbc1ec44f0d5dcba4f1de73f1c00882c5b1d520c8967a9b59c82629c7	15	20	19	20	19	0.86988592856223323	7.4465160171247939	EVALUABLE
505080c3bbc9f6643198f05b36c8d2ebf187a4e9f173d9a59cad6e12bb10257d	E0047	true	CT2A	C5	cd8dede3811381f4aad4557d5a03bbea6546afbcf95768c05ee64bcdeb6b9c24	7	20	19	20	19	0.91180042333096945	8.4744781055348479	EVALUABLE
505080c3bbc9f6643198f05b36c8d2ebf187a4e9f173d9a59cad6e12bb10257d	E0047	true	GL261	G3	5f016d2a7e8c0ca9be2a0c7a65b58b776f02175e7864b34d3b8946ee4f826f29	16	20	19	20	19	0.59002760960348055	3.5461472373123324	EVALUABLE
506b92efd33fc4b1449c0ea6e7e11aa18aa9aead9eb3f596427d1de9697ecdbf	E0089	true	CT2A	C3	aea3a41483799622bd3b3a2a0650bf7c51696eb5f00fff1b0bcf6f837c40d54a	0	20	19	20	19	0.62514709765911958	1.934046774145012	EVALUABLE
506b92efd33fc4b1449c0ea6e7e11aa18aa9aead9eb3f596427d1de9697ecdbf	E0089	true	GL261	G5	1da91e6cbc1ec44f0d5dcba4f1de73f1c00882c5b1d520c8967a9b59c82629c7	15	20	19	20	19	0.032122196060961158	1.008140024550668	EVALUABLE
50dafd5d1af1ecbb94f664efec35c876535e91f314a970d9acf6024754632eac	E0261	true	CT2A	C3	4d1501fe617ab14b6500082cc2042069c909392a1a4618550e7586b5f7a19ef7	17	20	19	20	19	0.88062028836994688	11.105796913113425	EVALUABLE
50dafd5d1af1ecbb94f664efec35c876535e91f314a970d9acf6024754632eac	E0261	true	GL261	G2	9acb751aab297b05dffcce05ba0d4171965f31bed5e6496fa98e638081ccf731	17	20	19	20	19	0.88796722661749927	11.275413320949214	EVALUABLE
5106fdb1866dfc02ea2059f585a5196958f750858940e193af56fd0d67ecd86f	E0244	true	CT2A	C4	0ce9f3c2ac8cacca151a431395692262091d1c40960aa953be66fdd4db529db5	17	20	19	20	19	0.62705396021446014	4.651094656023762	EVALUABLE
5106fdb1866dfc02ea2059f585a5196958f750858940e193af56fd0d67ecd86f	E0244	true	GL261	G5	098b45df89a363d775760f4500de0df44b45bb3a6dcc8574121a64dd9471b9f0	0	20	19	20	19	0.9321968566400255	12.292788834450585	EVALUABLE
51bbf91e883ab829fb3a08bd204c3bd9d2338019e73bd1957748e7d224b31be5	E0180	false	CT2A	C2	f644340953d72bb12da093189853db0ff0fc86bb66134a4f3d0a44308555f75e	1	20	19	20	19	1	4.9073549064382949	EVALUABLE
51bbf91e883ab829fb3a08bd204c3bd9d2338019e73bd1957748e7d224b31be5	E0180	false	GL261	G1	8ecf30a756db2f84cdf96655aeefb4791848aa4abcee2632121fb0bb43d6914f	9	20	19	20	19	0.27016931629783247	9.3194214892098532	EVALUABLE
520e66a933451269704d59de6e7dbf9e8830c679b24cb3bef71afb5a1cb9306f	E0149	true	CT2A	C5	820066d04598da3d239f0d23bd4e39ef57a720e88a443581bcf565cd8d99566b	18	20	19	20	19	0.65467818348992268	2.9534330034816585	EVALUABLE
520e66a933451269704d59de6e7dbf9e8830c679b24cb3bef71afb5a1cb9306f	E0149	true	GL261	G5	22fb33288e2b49401552b365407f2e2a4a6750f0976fa1f8910e2ea85c79b851	3	20	19	20	19	0.87188645903197437	6.7632779402455281	EVALUABLE
527ff137d8c0a61da7f8f270366bfb20a4e3614b71633507b9dab58f08bc3802	E0139	true	CT2A	C3	4eeef1890619aa578845837f43661ee7c19b674ff17bfb6610802a3013e3f2fa	0	20	19	20	19	0.88362330517686327	12.619411189131858	EVALUABLE
527ff137d8c0a61da7f8f270366bfb20a4e3614b71633507b9dab58f08bc3802	E0139	true	GL261	G5	3112b8d4aded8669cde397953cf284b43fec3262a7981bef090ac70d789c2f05	0	20	19	20	19	0.76385999811615646	7.9874317198998392	EVALUABLE
528c1089d4d15e1c1692b5f849555e460d41dd0babfa66697fca3f97dcc94e99	E0056	false	CT2A	C2	7f09d6185ac5d193185190172ff78a97a79908108e64a74fa9c0e5c5b7a315dc	0	20	19	20	19	0.9308187138472287	1.0384695222672513	EVALUABLE
528c1089d4d15e1c1692b5f849555e460d41dd0babfa66697fca3f97dcc94e99	E0056	false	GL261	G2	d928590f61fb177ab6a5b0e11cbeca11a10927ce32463c8505150ddf6a21fd31	8	20	19	20	19	0.99999999968028253	1.0000006914295532	EVALUABLE
52967f441b47e5d006a8996eb4acd2ae88219b09c75ff127a7f9c46943a46354	E0006	true	CT2A	C2	55c97010acdd0cdc52f98f416746a96a3e453dfff25d0e9f08e270f4213bea20	1	20	19	20	19	0.48577816441069854	1.3813249684797881	EVALUABLE
52967f441b47e5d006a8996eb4acd2ae88219b09c75ff127a7f9c46943a46354	E0006	true	GL261	G2	4e3f6d6ceeb0b403b1b2482130d0f49869cd9e2da46c27f2006cd8893987eb72	0	20	19	20	19	0.099031987634081595	1.0001616475329582	EVALUABLE
52f79084964d2a8906b9ff273a472aa3dddd1de76ac356115bc96a4de7be563e	E0200	true	CT2A	C1	11f63e714d51958df651c04076bd5d7f5a2734e4e267f5aec63142685b555224	7	20	19	20	19	0.99995875067120576	1.1079104844376275	EVALUABLE
52f79084964d2a8906b9ff273a472aa3dddd1de76ac356115bc96a4de7be563e	E0200	true	GL261	G1	4f3ac3dd70092e73abd0358812ec03b156828b637df9f9d81f3fa59635a9cea7	2	20	19	20	19	0.71451530013164555	2.9441027027042357	EVALUABLE
52fcc8604299a038bcf804b16e67b4a97459c1017edf65c9f088b1194c26f05c	E0283	true	CT2A	C2	7ce358edc3a4bd7c08bb6daaad38e6b004b2499c6d5cdc3112e7a7dfa0faee9a	2	20	19	20	19	0.92085038082421999	9.4742225994278844	EVALUABLE
52fcc8604299a038bcf804b16e67b4a97459c1017edf65c9f088b1194c26f05c	E0283	true	GL261	G4	c14d5ed0f81e787adc1913c3553bf14df5bb157bc649ea2040ac26996164fde7	14	20	19	20	19	0.5932152049918068	1.0100576516944926	EVALUABLE
532374ffc6fc44823660fdc500ae24a2876a35b6dd63c9a3281dcb0847144c33	E0239	true	CT2A	C3	bc31b2573e3654d69ba4dc987e4d975f87972c67efefef87ebb81d553332baa6	10	20	19	20	19	0.99956913907876443	13.748496556002157	EVALUABLE
532374ffc6fc44823660fdc500ae24a2876a35b6dd63c9a3281dcb0847144c33	E0239	true	GL261	G5	098b45df89a363d775760f4500de0df44b45bb3a6dcc8574121a64dd9471b9f0	0	20	19	20	19	0.9321968566400255	12.292788834450585	EVALUABLE
537e5a7652d8f26630ee32b0aef9e7f143a1421b0cad46d2270f45d8b7eb505d	E0329	true	CT2A	C1	e2b2ddf86ed085b30c97911b98143c20b673b5444e88af92be27d19bc9e34b8b	14	20	19	20	19	0.52899796415699119	5.171874048838764	EVALUABLE
537e5a7652d8f26630ee32b0aef9e7f143a1421b0cad46d2270f45d8b7eb505d	E0329	true	GL261	G5	ff08294218c297aa70d51d53f700660a24a0daa0e1e0239b74f592559b440776	0	20	19	20	19	0.77537235437434193	1.0000000581670687	EVALUABLE
53883c0acd5929b1f0bbe5e43e31c5f1bd2bd2d407c79ca5d7555dee83cee4a8	E0092	true	CT2A	C4	11c92eb5eefda7cc64e53694479d802bc86526faac5ec503ffca49ddb81a3886	1	20	19	20	19	0.9975496671054116	5.5907705999109742	EVALUABLE
53883c0acd5929b1f0bbe5e43e31c5f1bd2bd2d407c79ca5d7555dee83cee4a8	E0092	true	GL261	G3	5aa9dfc3f05d4356dd4aae2f9affd61bee89f17b06004e56c2253e057c5d0c49	19	20	19	20	19	0.8929223799071766	7.0399935625138861	EVALUABLE
53cf359785f8cb695d962a243fdf8f1fac96d56c98f0cd18d858279ba5ae3bb3	E0289	true	CT2A	C3	af28908304c57ace3b9aa0eaa9c9dcd3e2342c81cda26873352a9f5c202c71e4	13	20	19	20	19	0.86237629174651553	9.5953220020446945	EVALUABLE
53cf359785f8cb695d962a243fdf8f1fac96d56c98f0cd18d858279ba5ae3bb3	E0289	true	GL261	G5	c14d5ed0f81e787adc1913c3553bf14df5bb157bc649ea2040ac26996164fde7	14	20	19	20	19	0.99104875239699919	12.114963526934051	EVALUABLE
53cfabd6b8852a49376c29ec9fb00b50c93fc52cfdd9406be1d22b0ec848f83a	E0150	true	CT2A	C1	cc54b24afa3a8b0db325b37ba076ef5e11869c45d58d69da37b8bcf5223865f5	17	20	19	20	19	0.89593908590490057	12.333690102438435	EVALUABLE
53cfabd6b8852a49376c29ec9fb00b50c93fc52cfdd9406be1d22b0ec848f83a	E0150	true	GL261	G1	e1e50204cde2f03790a3f2e74f66636d0dd7fd397ae5d4775dd61d74ccce0b76	19	20	19	20	19	0.831584981465747	11.881877309735335	EVALUABLE
53f252b2d962ff21170db52b475aa80ce3d9ff8949f1619ba5db5e553cefd81b	E0353	true	CT2A	C1	450f27facf5b727caade83033c48b7b5204e2c728b3acdf5c1e72afc35ea97fa	16	20	19	20	19	0.9999999999813326	1.0000000001781209	EVALUABLE
53f252b2d962ff21170db52b475aa80ce3d9ff8949f1619ba5db5e553cefd81b	E0353	true	GL261	G4	ef2e92a37a43cdeb483ca701d692b31c75c771f57aa04380d12d46ee48c01c2d	1	20	19	20	19	0.49587461136959843	1.0002338372050132	EVALUABLE
53f8d2565a52d55ad36c3259e749632187061c0d9fa06cbde9491e6d6babed8d	E0024	false	CT2A	C5	c55c11a6e3dc772e3c2e3b973cfb71fd8e41ddd3aef93d8b8367e17dfca95033	18	20	19	20	19	0.87409937016018613	12.107635466288084	EVALUABLE
53f8d2565a52d55ad36c3259e749632187061c0d9fa06cbde9491e6d6babed8d	E0024	false	GL261	G5	4e3f6d6ceeb0b403b1b2482130d0f49869cd9e2da46c27f2006cd8893987eb72	0	20	19	20	19	0.28179114040661807	1.029814163188171	EVALUABLE
5490cabb9ca358c743a1b6bffa3375f5e94d68718231ee3ee1fce15dcaeacbfe	E0397	true	CT2A	C5	bff5c3f73cf19abc7b717b31e6022fe37f748cfcb5780ff291baeac5a479232d	3	20	19	20	19	0.021689745701769167	1.0000000032254432	EVALUABLE
5490cabb9ca358c743a1b6bffa3375f5e94d68718231ee3ee1fce15dcaeacbfe	E0397	true	GL261	G3	7fdc2fa21fea6c28bbc011461e0e1d02cc38dbc1714a1b49baf6218c00d86339	17	20	19	20	19	0.59892512015901556	7.3693356400595142	EVALUABLE
54a7271f33b028312eca9008f31c873590bf3d231e618ef54c3dc846218df956	E0353	true	CT2A	C1	34b996ca187b21a6172a8aab384066223b8fe5a1df3761648e1a25a5d93e0572	15	20	19	20	19	0.99999999998293354	1.0000000001813227	EVALUABLE
54a7271f33b028312eca9008f31c873590bf3d231e618ef54c3dc846218df956	E0353	true	GL261	G4	ef2e92a37a43cdeb483ca701d692b31c75c771f57aa04380d12d46ee48c01c2d	1	20	19	20	19	0.49587461136959843	1.0002338372050132	EVALUABLE
54e3b6746d4c38d1e9c1a909addea97bf17c60e64fa0d4f09b9ed777124b51b9	E0147	true	CT2A	C5	820066d04598da3d239f0d23bd4e39ef57a720e88a443581bcf565cd8d99566b	18	20	19	20	19	0.65467818348992268	2.9534330034816585	EVALUABLE
54e3b6746d4c38d1e9c1a909addea97bf17c60e64fa0d4f09b9ed777124b51b9	E0147	true	GL261	G3	9d089ba3b0e645d3e16cc9b9a500224416307f7ee4379f38d87bf989d2174ec1	19	20	19	20	19	0.6238406151039948	5.5036240180846114	EVALUABLE
558bbca30ca2b8f4bd109edea0caf04b6f8b381b7068668dec4bdcc133659f81	E0398	true	CT2A	C5	bff5c3f73cf19abc7b717b31e6022fe37f748cfcb5780ff291baeac5a479232d	3	20	19	20	19	0.021689745701769167	1.0000000032254432	EVALUABLE
558bbca30ca2b8f4bd109edea0caf04b6f8b381b7068668dec4bdcc133659f81	E0398	true	GL261	G4	4aef105489baf9bef63ed97725d1de0a50cea4bd591f4c627ed30ca8b0d0f088	3	20	19	20	19	0.83876460001157405	6.585951715414093	EVALUABLE
55f543333e00ddb12a033f1812a69c70b1ba33bb3872cb067d183cefae266843	E0043	true	CT2A	C4	102f69f6fa8557e4e0067accc8216a851f9d96d112c3c1db033468920969167f	3	20	19	20	19	0.80726985679818852	5.2787034451665855	EVALUABLE
55f543333e00ddb12a033f1812a69c70b1ba33bb3872cb067d183cefae266843	E0043	true	GL261	G4	7245d7cae566682e53e552376e5a7ab8b078a0afc829d984b35659d88f02faf9	2	20	19	20	19	0.98320805126189581	5.6124978115558708	EVALUABLE
5672ae93fbca2ebb07e7a6a670b88a6fe0746d8d1812ded5ee5539867a92b708	E0223	true	CT2A	C5	4989824e2df2467b6e60573ab17ca31c35d0a30f6e54c8dfeb87847ca960b723	17	20	19	20	19	0.99846671377486551	1.2995544701729642	EVALUABLE
5672ae93fbca2ebb07e7a6a670b88a6fe0746d8d1812ded5ee5539867a92b708	E0223	true	GL261	G4	a7e9e73c64d9d3f1375205efa617218792e4925fade6c0b5b1060f1e99eea4db	15	20	19	20	19	0.98793100827493618	1.2451574873982125	EVALUABLE
569b32684e363f597a47b89a7a69cd9f50399a3e46b18f7e57eeec5209c62ea4	E0190	false	CT2A	C4	ec713323665316d5b12598b96ce058a5cbd45046ed44f9acd156cf13bb158862	13	20	19	20	19	0.89953820563522124	9.1801428066011734	EVALUABLE
569b32684e363f597a47b89a7a69cd9f50399a3e46b18f7e57eeec5209c62ea4	E0190	false	GL261	G1	8ecf30a756db2f84cdf96655aeefb4791848aa4abcee2632121fb0bb43d6914f	9	20	19	20	19	0.27016931629783247	9.3194214892098532	EVALUABLE
56a21ae6d67907a974b728eb48d07d827860dbe03619a1497fe0a30c0a93b4cb	E0012	true	CT2A	C3	55c97010acdd0cdc52f98f416746a96a3e453dfff25d0e9f08e270f4213bea20	1	20	19	20	19	0.5998692806526984	2.4314186715589208	EVALUABLE
56a21ae6d67907a974b728eb48d07d827860dbe03619a1497fe0a30c0a93b4cb	E0012	true	GL261	G3	9b4dfe2ea6cf46ea72d0be1eb2199b4905b978c9c0654eaa8dc8492982ab6f48	8	20	19	20	19	0.90613423396514281	11.807439847295088	EVALUABLE
56abf9587aac429863a407a731b795c0f1396316a850024b15cf46fa74d37d5d	E0306	true	CT2A	C2	646a5c644a59a85946ca3a5bdaa04f073d39a57cae74abbda4fc566e8f03094d	1	20	19	20	19	0.00016887770906388815	1.0171950491117938	EVALUABLE
56abf9587aac429863a407a731b795c0f1396316a850024b15cf46fa74d37d5d	E0306	true	GL261	G2	4a2fb998e907a76d9911c65dc23b53d134425ac6130d04103f1e03f7be8c05b6	0	20	19	20	19	8.4136653962542402e-06	1.0000000000356657	EVALUABLE
56fa0585e8187a364a78f845ac3c020b2005798c314736ea2e16bf58cddf57e1	E0185	false	CT2A	C3	f644340953d72bb12da093189853db0ff0fc86bb66134a4f3d0a44308555f75e	1	20	19	20	19	0.9999999999999899	6.4644117373308072	EVALUABLE
56fa0585e8187a364a78f845ac3c020b2005798c314736ea2e16bf58cddf57e1	E0185	false	GL261	G1	8ecf30a756db2f84cdf96655aeefb4791848aa4abcee2632121fb0bb43d6914f	9	20	19	20	19	0.27016931629783247	9.3194214892098532	EVALUABLE
572b05a2abe39da9462ba48fa265b9ef0aa58055c8ebb1ed79ed8b45fd3cb7d5	E0049	true	CT2A	C5	cd8dede3811381f4aad4557d5a03bbea6546afbcf95768c05ee64bcdeb6b9c24	7	20	19	20	19	0.91180042333096945	8.4744781055348479	EVALUABLE
572b05a2abe39da9462ba48fa265b9ef0aa58055c8ebb1ed79ed8b45fd3cb7d5	E0049	true	GL261	G5	a5e71df85ff7da9f890eb3cd5dcb2b7117ced118c99b3684ee841000c8e0b65d	13	20	19	20	19	0.9999999779706501	1.8329697236113456	EVALUABLE
5765345e7fe2fff47b03d048a9e8189e7db0a4290fc0264ff878e27982c17fc6	E0086	true	CT2A	C3	aea3a41483799622bd3b3a2a0650bf7c51696eb5f00fff1b0bcf6f837c40d54a	0	20	19	20	19	0.62514709765911958	1.934046774145012	EVALUABLE
5765345e7fe2fff47b03d048a9e8189e7db0a4290fc0264ff878e27982c17fc6	E0086	true	GL261	G2	1da91e6cbc1ec44f0d5dcba4f1de73f1c00882c5b1d520c8967a9b59c82629c7	15	20	19	20	19	0.00013958959576077003	1.0000045136717002	EVALUABLE
576d68601eaf08f8e047a548df22e956f6ad4321beb634b81d467943679b3aa4	E0211	true	CT2A	C3	c9f35708db7fcd7ac314493307d80c85de78df9c6ae04b9ca9abdd6664a6ff8e	2	20	19	20	19	0.89847550351321614	10.936376411152732	EVALUABLE
576d68601eaf08f8e047a548df22e956f6ad4321beb634b81d467943679b3aa4	E0211	true	GL261	G2	fc5a6e7ac9885276c1940614d572c21e145840e761a1b814fe18426f44ee7db0	8	20	19	20	19	0.86543299274967522	6.3444720180889052	EVALUABLE
577b9a2540778203babbd2affb4516be58fcda4e55d2ac256f9aa0bb07033258	E0330	true	CT2A	C2	73800d86c4f889eaf4f5923c873981e1547c7ce8918bcad431aebb6957e65d8f	1	20	19	20	19	0.96539067039799076	2.688256588130622	EVALUABLE
577b9a2540778203babbd2affb4516be58fcda4e55d2ac256f9aa0bb07033258	E0330	true	GL261	G1	de6789b73fad901aa5115f8766bed663440158b44f4333e039ed0b84098afacb	5	20	19	20	19	0.88015241015681656	9.4147895670778166	EVALUABLE
578e730364acc26a1240476e7bd5af81ae43c76d40312c5aa796c6d23574dd54	E0247	false	CT2A	C5	0ce9f3c2ac8cacca151a431395692262091d1c40960aa953be66fdd4db529db5	17	20	19	20	19	0.18324465145353788	2.042864758125154	EVALUABLE
578e730364acc26a1240476e7bd5af81ae43c76d40312c5aa796c6d23574dd54	E0247	false	GL261	G3	735464900e0db571bc0bd7f30fe3714c82f07057a86ebdd7484fd97746a089c5	8	20	19	20	19	0.67039768018233259	3.9725915070041302	EVALUABLE
57a507102a8fabb69f16c84f4729d03bca143831c9ca54c52dd6a9f5eb756942	E0038	true	CT2A	C3	102f69f6fa8557e4e0067accc8216a851f9d96d112c3c1db033468920969167f	3	20	19	20	19	0.59930431535019257	3.4040147896030675	EVALUABLE
57a507102a8fabb69f16c84f4729d03bca143831c9ca54c52dd6a9f5eb756942	E0038	true	GL261	G4	c369920187a75d899f06ea4bdc2750fd086c9e7dff9e33c43812a3ed0dd71628	12	20	19	20	19	0.99236176447355884	5.7100758872560453	EVALUABLE
57c0380d476f9498b220915b2a86913dc1dd996bc58e1e45fc4c201d51487732	E0263	true	CT2A	C3	4d1501fe617ab14b6500082cc2042069c909392a1a4618550e7586b5f7a19ef7	17	20	19	20	19	0.88062028836994688	11.105796913113425	EVALUABLE
57c0380d476f9498b220915b2a86913dc1dd996bc58e1e45fc4c201d51487732	E0263	true	GL261	G4	ad3ae52546893ca463d0370db5c0243a4cd79da6df16d930a4acee2fee7bf062	3	20	19	20	19	0.18708100388078458	1.0000309594828971	EVALUABLE
581ba4531d6cbf45ed5a4e0711307158a10c1706637f65d3677a6151bd7dc9b8	E0175	false	CT2A	C1	ec713323665316d5b12598b96ce058a5cbd45046ed44f9acd156cf13bb158862	13	20	19	20	19	1	2.9343529233041852	EVALUABLE
581ba4531d6cbf45ed5a4e0711307158a10c1706637f65d3677a6151bd7dc9b8	E0175	false	GL261	G1	8ecf30a756db2f84cdf96655aeefb4791848aa4abcee2632121fb0bb43d6914f	9	20	19	20	19	0.27016931629783247	9.3194214892098532	EVALUABLE
58c5e427ee4076c3cab5a21f4ab72ab90cd2b710282ff49ff32ff05bb977e7d7	E0286	true	CT2A	C3	af28908304c57ace3b9aa0eaa9c9dcd3e2342c81cda26873352a9f5c202c71e4	13	20	19	20	19	0.86237629174651553	9.5953220020446945	EVALUABLE
58c5e427ee4076c3cab5a21f4ab72ab90cd2b710282ff49ff32ff05bb977e7d7	E0286	true	GL261	G2	92005096ea629b019ec57ef0964c5143fb562d0bde9fd48f441494468c8f81e1	17	20	19	20	19	0.7434860758044981	2.1013913498359251	EVALUABLE
58fbe7a25c60ae909e5d724a056e9e99d04d1559011e4ad1c92b912fc5c9df6c	E0268	true	CT2A	C4	227fe4afb2202ead22ee9d269e9306fc1462f44fe8ea75b1015ef56783db29e3	3	20	19	20	19	0.82130659765351477	8.4875241697218105	EVALUABLE
58fbe7a25c60ae909e5d724a056e9e99d04d1559011e4ad1c92b912fc5c9df6c	E0268	true	GL261	G4	deff62e02ba886762368ef91d7c5a863a4429df48e2f355d224c8d1fd18fccdc	11	20	19	20	19	0.81292189203682585	1.0000071247402145	EVALUABLE
5970606c4b232355932b20a1b365da0a771ed8532d03b1a67413aba973aabc71	E0222	true	CT2A	C5	4989824e2df2467b6e60573ab17ca31c35d0a30f6e54c8dfeb87847ca960b723	17	20	19	20	19	0.99846671377486551	1.2995544701729642	EVALUABLE
5970606c4b232355932b20a1b365da0a771ed8532d03b1a67413aba973aabc71	E0222	true	GL261	G3	4f3ac3dd70092e73abd0358812ec03b156828b637df9f9d81f3fa59635a9cea7	2	20	19	20	19	0.72920413934195194	1.4619007148330998	EVALUABLE
59bd98a5a9cfee8552f6d7fc59fe261a2cfe3e21fc7fc8a2a5d761202f9e0710	E0250	true	CT2A	C1	227fe4afb2202ead22ee9d269e9306fc1462f44fe8ea75b1015ef56783db29e3	3	20	19	20	19	0.019893028392686113	1.069935255172147	EVALUABLE
59bd98a5a9cfee8552f6d7fc59fe261a2cfe3e21fc7fc8a2a5d761202f9e0710	E0250	true	GL261	G1	ad3ae52546893ca463d0370db5c0243a4cd79da6df16d930a4acee2fee7bf062	3	20	19	20	19	0.49035118165923558	1.1394343051436355	EVALUABLE
59df62c5ea789b0f3358f7307e0b60b8cffc5fe2b52f86afb6dad3719921bd9c	E0373	true	CT2A	C5	662e28e0b1c3c4f253ea0b812ef01c3553f0b90aaf9ca7d4828cb94489f04714	4	20	19	20	19	0.99999998226919251	1.0000002544002711	EVALUABLE
59df62c5ea789b0f3358f7307e0b60b8cffc5fe2b52f86afb6dad3719921bd9c	E0373	true	GL261	G4	ef2e92a37a43cdeb483ca701d692b31c75c771f57aa04380d12d46ee48c01c2d	1	20	19	20	19	0.49587461136959843	1.0002338372050132	EVALUABLE
5a25962897a3d5ca1d161488c3c7d1e8d5918324bdb83c1e6de3c6d7f9fd15f2	E0387	true	CT2A	C3	e0894b04544dae489a65af0d3d2e6b796b8d625f6b5e2a273115d0c767e3e693	6	20	19	20	19	0.51841892662953348	1.9823313676639549	EVALUABLE
5a25962897a3d5ca1d161488c3c7d1e8d5918324bdb83c1e6de3c6d7f9fd15f2	E0387	true	GL261	G3	7fdc2fa21fea6c28bbc011461e0e1d02cc38dbc1714a1b49baf6218c00d86339	17	20	19	20	19	0.59892512015901556	7.3693356400595142	EVALUABLE
5a62d25614572138d3633f651e1e3d5c4694a0b5b836c4b221efac6e402e58f5	E0294	true	CT2A	C4	7ce358edc3a4bd7c08bb6daaad38e6b004b2499c6d5cdc3112e7a7dfa0faee9a	2	20	19	20	19	0.61772277566274447	4.2136208613917923	EVALUABLE
5a62d25614572138d3633f651e1e3d5c4694a0b5b836c4b221efac6e402e58f5	E0294	true	GL261	G5	473d4f1bd46e522454faaf88efcb4858d6c533e112800f714ecae23ee6efc94e	3	20	19	20	19	0.95732330245830399	11.552562273039079	EVALUABLE
5a79dde43b68e1912fb60735c46945e580dad5fff5a1aa764cb0748733a18e75	E0171	true	CT2A	C5	652d4fa99bc208956b898fae76f9f32fe69a417d4073ce7544aad1ca9cc48dfb	2	20	19	20	19	0.81577552036783429	5.7803901139013112	EVALUABLE
5a79dde43b68e1912fb60735c46945e580dad5fff5a1aa764cb0748733a18e75	E0171	true	GL261	G2	0613270f4140a02dc933da8f58c1eea1dfd57164ef86989cfbd7dbf0d510376d	13	20	19	20	19	0.00011552442704350527	1.027180722198507	EVALUABLE
5ab99c9b6215e34c31dc083c6dca28d74b00ea0a90ce4a3d9f2a64fd8adea510	E0313	true	CT2A	C3	92885b269975050d47b4a5f3645ef173ad8091cce18e3f543380b638cb89c263	0	20	19	20	19	0.99999999999958833	1.0021916759087528	EVALUABLE
5ab99c9b6215e34c31dc083c6dca28d74b00ea0a90ce4a3d9f2a64fd8adea510	E0313	true	GL261	G4	4a2fb998e907a76d9911c65dc23b53d134425ac6130d04103f1e03f7be8c05b6	0	20	19	20	19	0.53515954433333701	1.0838891384123626	EVALUABLE
5b032e67480dbb681718e16bd9b607777115bb37577a567b3a07068f2f69f343	E0251	true	CT2A	C1	227fe4afb2202ead22ee9d269e9306fc1462f44fe8ea75b1015ef56783db29e3	3	20	19	20	19	0.019893028392686113	1.069935255172147	EVALUABLE
5b032e67480dbb681718e16bd9b607777115bb37577a567b3a07068f2f69f343	E0251	true	GL261	G2	904a081f7eef1e7cc57d16491196f0d4a843d7e3f52c6a1ec968499a88939007	18	20	19	20	19	0.91596291168627408	11.124393549486637	EVALUABLE
5b5c08bf128df6203e082fb209887f4109dc9c5ce0db8eb8931e2dab28b0bad9	E0033	true	CT2A	C2	102f69f6fa8557e4e0067accc8216a851f9d96d112c3c1db033468920969167f	3	20	19	20	19	0.39813313161553149	2.6092115823549586	EVALUABLE
5b5c08bf128df6203e082fb209887f4109dc9c5ce0db8eb8931e2dab28b0bad9	E0033	true	GL261	G4	7245d7cae566682e53e552376e5a7ab8b078a0afc829d984b35659d88f02faf9	2	20	19	20	19	0.98320805126189581	5.6124978115558708	EVALUABLE
5b9f364a87b9e5b3b87290ba1db1fb684d7f43fccfa3946ffdd5a3bfe20e1ba1	E0036	true	CT2A	C3	593312d7347feeecef6821743059de3d62c9a9e7bc1e0d7af7214fa92b03e33f	4	20	19	20	19	0.76269972030191713	2.7732478678107122	EVALUABLE
5b9f364a87b9e5b3b87290ba1db1fb684d7f43fccfa3946ffdd5a3bfe20e1ba1	E0036	true	GL261	G2	a5e71df85ff7da9f890eb3cd5dcb2b7117ced118c99b3684ee841000c8e0b65d	13	20	19	20	19	0.999999999999999	1.1350096926307203	EVALUABLE
5be6c13025ff202d9fe8dc865c4bef51d99ab9577ebe7c22e3cb3b844699dd7e	E0152	true	CT2A	C1	f6c6381dd019c536c97d40a0b4e86571772940c92642a97185ad8e44114166ba	14	20	19	20	19	0.94932423215331674	12.287679956407631	EVALUABLE
5be6c13025ff202d9fe8dc865c4bef51d99ab9577ebe7c22e3cb3b844699dd7e	E0152	true	GL261	G3	e1e50204cde2f03790a3f2e74f66636d0dd7fd397ae5d4775dd61d74ccce0b76	19	20	19	20	19	0.81457764984935643	9.2315388508488923	EVALUABLE
5dee115c8ae636ecd5e224e8925862b5264255308c45368b73c91219a5d8a637	E0273	true	CT2A	C5	227fe4afb2202ead22ee9d269e9306fc1462f44fe8ea75b1015ef56783db29e3	3	20	19	20	19	0.047818842751589263	1.0776783201655145	EVALUABLE
5dee115c8ae636ecd5e224e8925862b5264255308c45368b73c91219a5d8a637	E0273	true	GL261	G4	deff62e02ba886762368ef91d7c5a863a4429df48e2f355d224c8d1fd18fccdc	11	20	19	20	19	0.81292189203682585	1.0000071247402145	EVALUABLE
5e3663239a0471045a05a7c8e3e0e33da90b02019c4e4b32da401b818e0335a9	E0259	true	CT2A	C2	227fe4afb2202ead22ee9d269e9306fc1462f44fe8ea75b1015ef56783db29e3	3	20	19	20	19	0.99999928014341111	8.3964399801343461	EVALUABLE
5e3663239a0471045a05a7c8e3e0e33da90b02019c4e4b32da401b818e0335a9	E0259	true	GL261	G5	ad3ae52546893ca463d0370db5c0243a4cd79da6df16d930a4acee2fee7bf062	3	20	19	20	19	0.9815956657177286	3.765150262899247	EVALUABLE
5ec229dad4eed36e19a1dc2f237fedefdd0c4d47895b98f380e9763815836e93	E0151	true	CT2A	C1	e0656ed344a040c1c31d47313c246b5017dfe95469a56b860f75b9359b07ba86	7	20	19	20	19	0.92388205033069826	12.173306861895428	EVALUABLE
5ec229dad4eed36e19a1dc2f237fedefdd0c4d47895b98f380e9763815836e93	E0151	true	GL261	G2	0613270f4140a02dc933da8f58c1eea1dfd57164ef86989cfbd7dbf0d510376d	13	20	19	20	19	0.00011552442704350527	1.027180722198507	EVALUABLE
5ec84b8ac15b4242c694de8727f32f1cc11999cbe762a3eea2974daae4bb0e6e	E0305	true	CT2A	C2	92885b269975050d47b4a5f3645ef173ad8091cce18e3f543380b638cb89c263	0	20	19	20	19	0.99999999999999989	1.000337812939919	EVALUABLE
5ec84b8ac15b4242c694de8727f32f1cc11999cbe762a3eea2974daae4bb0e6e	E0305	true	GL261	G1	3d31a5031c10d84a628e3b3461faf26a0859778f1eb541826fe6fca30c271467	19	20	19	20	19	0.88896977184803039	12.068128229902284	EVALUABLE
5ed91f26838cf85ccc24c8c85ad962fc927eb1e24cfc417545fbae49684a4f33	E0252	true	CT2A	C1	227fe4afb2202ead22ee9d269e9306fc1462f44fe8ea75b1015ef56783db29e3	3	20	19	20	19	0.019893028392686113	1.069935255172147	EVALUABLE
5ed91f26838cf85ccc24c8c85ad962fc927eb1e24cfc417545fbae49684a4f33	E0252	true	GL261	G3	deff62e02ba886762368ef91d7c5a863a4429df48e2f355d224c8d1fd18fccdc	11	20	19	20	19	0.63175880615596414	1.0057999553575281	EVALUABLE
5f221547e656900b9bfe807f5db743523df92eb6207f33f33363f9f5deb075b8	E0181	true	CT2A	C2	f644340953d72bb12da093189853db0ff0fc86bb66134a4f3d0a44308555f75e	1	20	19	20	19	1	4.9073549064382949	EVALUABLE
5f221547e656900b9bfe807f5db743523df92eb6207f33f33363f9f5deb075b8	E0181	true	GL261	G2	0b742d893c7ca2cb7d6c3602f9b3060c69defdcca63058c841cf70d5b22d4480	0	20	19	20	19	0.43006227446018103	2.3694653091400508	EVALUABLE
5f2e68112a80166f807be131009b6364c3b633a9b0fbfbf32e0dc49147245b60	E0055	false	CT2A	C2	7f09d6185ac5d193185190172ff78a97a79908108e64a74fa9c0e5c5b7a315dc	0	20	19	20	19	0.9308187138472287	1.0384695222672513	EVALUABLE
5f2e68112a80166f807be131009b6364c3b633a9b0fbfbf32e0dc49147245b60	E0055	false	GL261	G1	64ab1614c0c568b77bd29ca3d3623f3ba1823bd3bf91fd0f4dc032039ade4cc3	15	20	19	20	19	0.98942616675924866	6.5004714268505683	EVALUABLE
5fc4cc1f3329938597a5b0f6de0d579db70daa12381816c4063429f90ad4695b	E0388	true	CT2A	C3	e0894b04544dae489a65af0d3d2e6b796b8d625f6b5e2a273115d0c767e3e693	6	20	19	20	19	0.51841892662953348	1.9823313676639549	EVALUABLE
5fc4cc1f3329938597a5b0f6de0d579db70daa12381816c4063429f90ad4695b	E0388	true	GL261	G4	4aef105489baf9bef63ed97725d1de0a50cea4bd591f4c627ed30ca8b0d0f088	3	20	19	20	19	0.83876460001157405	6.585951715414093	EVALUABLE
5fe3d97e7aa150ed5b0c0ae23b0f33271e85db02e9084fc97930f07ab774bbe2	E0379	true	CT2A	C1	93bcac7a72697a36bd2ebdfcfec80d11ce9ecaab48365dbcfddc2af85158d388	19	20	19	20	19	0.99999999999999944	1.0033620860714145	EVALUABLE
5fe3d97e7aa150ed5b0c0ae23b0f33271e85db02e9084fc97930f07ab774bbe2	E0379	true	GL261	G5	2f971692e2765073ae8a6d2f6fd8f4e97e81f95489df3f2946d4c497d94165b9	0	20	19	20	19	0.1358167809974308	1.9198796960994864	EVALUABLE
5ffa48e9342788d7ca04235beedc2c18478f818efdd2984b1ee4cced24c5b52b	E0094	true	CT2A	C4	aea3a41483799622bd3b3a2a0650bf7c51696eb5f00fff1b0bcf6f837c40d54a	0	20	19	20	19	0.99756471576856043	5.5909369723251272	EVALUABLE
5ffa48e9342788d7ca04235beedc2c18478f818efdd2984b1ee4cced24c5b52b	E0094	true	GL261	G5	1da91e6cbc1ec44f0d5dcba4f1de73f1c00882c5b1d520c8967a9b59c82629c7	15	20	19	20	19	0.032122196060961158	1.008140024550668	EVALUABLE
6071a61243a345ab717465868eb5e680b7aceceeb503a4069be6117eb543b667	E0260	true	CT2A	C3	4d1501fe617ab14b6500082cc2042069c909392a1a4618550e7586b5f7a19ef7	17	20	19	20	19	0.88062028836994688	11.105796913113425	EVALUABLE
6071a61243a345ab717465868eb5e680b7aceceeb503a4069be6117eb543b667	E0260	true	GL261	G1	ad3ae52546893ca463d0370db5c0243a4cd79da6df16d930a4acee2fee7bf062	3	20	19	20	19	0.49035118165923558	1.1394343051436355	EVALUABLE
613bb7f0b964ab235417ab8161366918693ec91396ac11ea02af00f994fbc79e	E0281	true	CT2A	C2	7ce358edc3a4bd7c08bb6daaad38e6b004b2499c6d5cdc3112e7a7dfa0faee9a	2	20	19	20	19	0.92085038082421999	9.4742225994278844	EVALUABLE
613bb7f0b964ab235417ab8161366918693ec91396ac11ea02af00f994fbc79e	E0281	true	GL261	G2	92005096ea629b019ec57ef0964c5143fb562d0bde9fd48f441494468c8f81e1	17	20	19	20	19	0.7434860758044981	2.1013913498359251	EVALUABLE
61a1e2b5a4f4f39376d0342cf610f3a73199b38e63a9b5542b0abe1f6e719b85	E0050	true	CT2A	C1	45b591180b8b5b11f8d85d22498adbe0df7ea752ceb90d14dcfd3cbb2a110684	19	20	19	20	19	0.85085870744812042	9.2345345785333723	EVALUABLE
61a1e2b5a4f4f39376d0342cf610f3a73199b38e63a9b5542b0abe1f6e719b85	E0050	true	GL261	G1	64ab1614c0c568b77bd29ca3d3623f3ba1823bd3bf91fd0f4dc032039ade4cc3	15	20	19	20	19	0.98942616675924866	6.5004714268505683	EVALUABLE
61baf311ab097d10bc05fd38d6b2f4d17f3d90bc6119c86f9b4cfea4710cbdd3	E0298	true	CT2A	C5	7ce358edc3a4bd7c08bb6daaad38e6b004b2499c6d5cdc3112e7a7dfa0faee9a	2	20	19	20	19	0.18501555223597199	1.2049202433441042	EVALUABLE
61baf311ab097d10bc05fd38d6b2f4d17f3d90bc6119c86f9b4cfea4710cbdd3	E0298	true	GL261	G4	c14d5ed0f81e787adc1913c3553bf14df5bb157bc649ea2040ac26996164fde7	14	20	19	20	19	0.5932152049918068	1.0100576516944926	EVALUABLE
6270a11f50e1f4b212ade9a3f97f18c57b6077d8e6fb2f537dab9ffc3cc8c3c5	E0321	true	CT2A	C5	ed0c17f7a22a64be5862f52a396317f78e98d4489d5d4467a22d858c65d1c63f	9	20	19	20	19	0.99999999958959696	2.8887617742344656	EVALUABLE
6270a11f50e1f4b212ade9a3f97f18c57b6077d8e6fb2f537dab9ffc3cc8c3c5	E0321	true	GL261	G2	4a2fb998e907a76d9911c65dc23b53d134425ac6130d04103f1e03f7be8c05b6	0	20	19	20	19	8.4136653962542402e-06	1.0000000000356657	EVALUABLE
62bda2303be51597f11d97563ccab182bb616208adf0524a79a7613e7a4f9212	E0141	true	CT2A	C4	317809e9983f9e230612d444ffda8873641fdd297ecceb2017ae93047c48f76f	19	20	19	20	19	0.97776764549002515	15.648306370950241	EVALUABLE
62bda2303be51597f11d97563ccab182bb616208adf0524a79a7613e7a4f9212	E0141	true	GL261	G2	3b08c569f98a53d7baab098a0459772d2f0dd213c465aab2c08d083356f91457	1	20	19	20	19	0.86079394440290347	1.2263741396405212	EVALUABLE
6307364adbc389b8c1897d3629b883af56422d10daa7cca14bb6d2ba73d662c0	E0131	true	CT2A	C2	266655b6dab32829146ddcc71d87648a3213fd2d014bd900061222549c133c15	1	20	19	20	19	0.91926992803820051	13.577886786908767	EVALUABLE
6307364adbc389b8c1897d3629b883af56422d10daa7cca14bb6d2ba73d662c0	E0131	true	GL261	G2	3b08c569f98a53d7baab098a0459772d2f0dd213c465aab2c08d083356f91457	1	20	19	20	19	0.86079394440290347	1.2263741396405212	EVALUABLE
6395b5cefe29b2b57ffb2ffbf4880454ce63cf225645cfcf275240a1b5b8599a	E0291	true	CT2A	C4	7ce358edc3a4bd7c08bb6daaad38e6b004b2499c6d5cdc3112e7a7dfa0faee9a	2	20	19	20	19	0.61772277566274447	4.2136208613917923	EVALUABLE
6395b5cefe29b2b57ffb2ffbf4880454ce63cf225645cfcf275240a1b5b8599a	E0291	true	GL261	G2	92005096ea629b019ec57ef0964c5143fb562d0bde9fd48f441494468c8f81e1	17	20	19	20	19	0.7434860758044981	2.1013913498359251	EVALUABLE
63bdd0efe7a8be1047046ea3a36a8aa9fe5c27111ed16219e8a0f37b1734a839	E0267	true	CT2A	C4	227fe4afb2202ead22ee9d269e9306fc1462f44fe8ea75b1015ef56783db29e3	3	20	19	20	19	0.82130659765351477	8.4875241697218105	EVALUABLE
63bdd0efe7a8be1047046ea3a36a8aa9fe5c27111ed16219e8a0f37b1734a839	E0267	true	GL261	G3	ad3ae52546893ca463d0370db5c0243a4cd79da6df16d930a4acee2fee7bf062	3	20	19	20	19	0.37006686590174065	1.0099259792958202	EVALUABLE
6408d916bcd341bd619b8fb7b8df698b0b09cefad88e2538ce0c7b8f39674d60	E0340	true	CT2A	C4	02a5544e4fc3b887f9768cac0b1d5ae40c8982fd620a763876acef8755995c11	2	20	19	20	19	0.95308773935777558	10.516493286003863	EVALUABLE
6408d916bcd341bd619b8fb7b8df698b0b09cefad88e2538ce0c7b8f39674d60	E0340	true	GL261	G1	de6789b73fad901aa5115f8766bed663440158b44f4333e039ed0b84098afacb	5	20	19	20	19	0.88015241015681656	9.4147895670778166	EVALUABLE
64ddaaf420f02459c31a4702bf54a60d59918c3ecd33c3f041d3d314b54ab543	E0020	true	CT2A	C5	c55c11a6e3dc772e3c2e3b973cfb71fd8e41ddd3aef93d8b8367e17dfca95033	18	20	19	20	19	0.87409937016018613	12.107635466288084	EVALUABLE
64ddaaf420f02459c31a4702bf54a60d59918c3ecd33c3f041d3d314b54ab543	E0020	true	GL261	G1	75e0749c689cdf40549186cc03b478b56fab8ea8173a79eed5e10003a7a22fdf	4	20	19	20	19	0.84446622818778316	9.6947974821212188	EVALUABLE
651bc0914929dc524da81c99d97eba58dbf4ae95c96b3cdaeca528af209b66c6	E0113	true	CT2A	C3	215aaec06194c85fc8915c4bae4f109c54d8498704d0279ad091b0f04037250b	0	20	19	20	19	0.52802378144388673	1.8980377127808501	EVALUABLE
651bc0914929dc524da81c99d97eba58dbf4ae95c96b3cdaeca528af209b66c6	E0113	true	GL261	G4	f6b0f2ba20b13928be8ad57375895f2cc1e549f77dfc7af9607209c545567596	9	20	19	20	19	0.99275356068911413	4.2139513058423352	EVALUABLE
6608499dc57eb4cd54564ade20ec0456815147ed3398e8b0b59d7ed5e22342a2	E0236	true	CT2A	C3	473831994471df82d0913ed151c2dbb8e7c1cd219e13a873df972be6fe45480f	5	20	19	20	19	0.91235888436002011	12.807753630289605	EVALUABLE
6608499dc57eb4cd54564ade20ec0456815147ed3398e8b0b59d7ed5e22342a2	E0236	true	GL261	G2	94086566796d80d0f9c2d85880328e829f9c93a2b1ea4cd860f24bc164677df1	1	20	19	20	19	0.42600020582945647	1.9402010848720228	EVALUABLE
6610c8efdc1e48935858fd6c2b3583fe95acb1284d43d7d9a314b2ac4f4408d4	E0037	true	CT2A	C3	593312d7347feeecef6821743059de3d62c9a9e7bc1e0d7af7214fa92b03e33f	4	20	19	20	19	0.76269972030191713	2.7732478678107122	EVALUABLE
6610c8efdc1e48935858fd6c2b3583fe95acb1284d43d7d9a314b2ac4f4408d4	E0037	true	GL261	G3	5f016d2a7e8c0ca9be2a0c7a65b58b776f02175e7864b34d3b8946ee4f826f29	16	20	19	20	19	0.59002760960348055	3.5461472373123324	EVALUABLE
6620e2ceb3f56c94a1846a063e5352133f6b6b1b1b1d862de9ae7c213eeee0ab	E0325	true	CT2A	C1	e2b2ddf86ed085b30c97911b98143c20b673b5444e88af92be27d19bc9e34b8b	14	20	19	20	19	0.52899796415699119	5.171874048838764	EVALUABLE
6620e2ceb3f56c94a1846a063e5352133f6b6b1b1b1d862de9ae7c213eeee0ab	E0325	true	GL261	G1	de6789b73fad901aa5115f8766bed663440158b44f4333e039ed0b84098afacb	5	20	19	20	19	0.88015241015681656	9.4147895670778166	EVALUABLE
663870b2c18fcb1e814ae58450087e6ff6de78b3b02f2179dbc2130f7f1454ee	E0129	true	CT2A	C1	317809e9983f9e230612d444ffda8873641fdd297ecceb2017ae93047c48f76f	19	20	19	20	19	0.67000508480754195	2.0526179444328818	EVALUABLE
663870b2c18fcb1e814ae58450087e6ff6de78b3b02f2179dbc2130f7f1454ee	E0129	true	GL261	G5	9682660a50469ade3f195ee6115a3171f28ffef445fb4c45525fae47b6275e60	2	20	19	20	19	0.90918919852013924	6.8562302388749172	EVALUABLE
6662b6e77bfcce15b9b5551c6b6c29e77197ef6e8419a82132db658c76bf1a4b	E0309	false	CT2A	C2	646a5c644a59a85946ca3a5bdaa04f073d39a57cae74abbda4fc566e8f03094d	1	20	19	20	19	0.00016887770906388815	1.0171950491117938	EVALUABLE
6662b6e77bfcce15b9b5551c6b6c29e77197ef6e8419a82132db658c76bf1a4b	E0309	false	GL261	G5	4a2fb998e907a76d9911c65dc23b53d134425ac6130d04103f1e03f7be8c05b6	0	20	19	20	19	0.015426873193990857	1.0000781958551519	EVALUABLE
66b8e7ed5716007b0344e80d38d0a300fd81380d395f568434017b2fd08e3b48	E0049	true	CT2A	C5	841f998ef00a0775a812107d6ae160399491e383a3bff330c20f771132333a20	9	20	19	20	19	0.95515885975913439	8.7831638936974024	EVALUABLE
66b8e7ed5716007b0344e80d38d0a300fd81380d395f568434017b2fd08e3b48	E0049	true	GL261	G5	a5e71df85ff7da9f890eb3cd5dcb2b7117ced118c99b3684ee841000c8e0b65d	13	20	19	20	19	0.9999999779706501	1.8329697236113456	EVALUABLE
6730f6a5cb01525f548c114f7821c5fe1c836cc0bcefbf719282fa93f15fcff9	E0231	true	CT2A	C2	0ce9f3c2ac8cacca151a431395692262091d1c40960aa953be66fdd4db529db5	17	20	19	20	19	0.7910371031772464	6.3155281110141379	EVALUABLE
6730f6a5cb01525f548c114f7821c5fe1c836cc0bcefbf719282fa93f15fcff9	E0231	true	GL261	G2	94086566796d80d0f9c2d85880328e829f9c93a2b1ea4cd860f24bc164677df1	1	20	19	20	19	0.42600020582945647	1.9402010848720228	EVALUABLE
67693e64cb17b60cf66acecb1a0301d251c7b2cc69d914101c1f92bb74191d94	E0244	true	CT2A	C4	0ce9f3c2ac8cacca151a431395692262091d1c40960aa953be66fdd4db529db5	17	20	19	20	19	0.62705396021446014	4.651094656023762	EVALUABLE
67693e64cb17b60cf66acecb1a0301d251c7b2cc69d914101c1f92bb74191d94	E0244	true	GL261	G5	4a61ea31056d52077ad2027e285dac5d697cdf600c4f12ff909f1ee64534d595	7	20	19	20	19	0.99149046208550407	13.069741931293237	EVALUABLE
68179167244ecf42b7268d4748a3ce88c566819847b9c10e6f407b44048eba8a	E0126	true	CT2A	C1	317809e9983f9e230612d444ffda8873641fdd297ecceb2017ae93047c48f76f	19	20	19	20	19	0.67000508480754195	2.0526179444328818	EVALUABLE
68179167244ecf42b7268d4748a3ce88c566819847b9c10e6f407b44048eba8a	E0126	true	GL261	G2	3b08c569f98a53d7baab098a0459772d2f0dd213c465aab2c08d083356f91457	1	20	19	20	19	0.86079394440290347	1.2263741396405212	EVALUABLE
68df490693c22b04eeda87b78cced7b6f0ca13aad583afb237ae141a27f50c24	E0117	true	CT2A	C4	b329f0fd2be35ea618be2d80915238663395d1f9ea256684680fd3e9e29b07b1	13	20	19	20	19	0.88528734764019579	15.24517907446095	EVALUABLE
68df490693c22b04eeda87b78cced7b6f0ca13aad583afb237ae141a27f50c24	E0117	true	GL261	G3	286f012707601f1e660b57acb2076f696d00fd3e81a881142b88a2984425a49b	16	20	19	20	19	0.6405519494997588	3.4023045674345389	EVALUABLE
68e802d39247bc86b481a0bdd204ffa091ad33d77be18464835919e90f4b7009	E0186	true	CT2A	C3	f644340953d72bb12da093189853db0ff0fc86bb66134a4f3d0a44308555f75e	1	20	19	20	19	0.9999999999999899	6.4644117373308072	EVALUABLE
68e802d39247bc86b481a0bdd204ffa091ad33d77be18464835919e90f4b7009	E0186	true	GL261	G2	0a15d7a32e358b6d318a4305ace35b78c1993f83a33663124679dcd0956673c5	3	20	19	20	19	0.9521381933818428	2.2630496071414949	EVALUABLE
694be1ff866318d830f9b94bccf7f8d425dce8b83680b827c1c23832650aca2e	E0192	false	CT2A	C4	394141b54352b224fc28580e817bd9529f6dc079245ece8a8f28d24752b5d692	14	20	19	20	19	0.90249969644004435	9.1796327317633946	EVALUABLE
694be1ff866318d830f9b94bccf7f8d425dce8b83680b827c1c23832650aca2e	E0192	false	GL261	G3	8ecf30a756db2f84cdf96655aeefb4791848aa4abcee2632121fb0bb43d6914f	9	20	19	20	19	0.89674230687852974	2.3129376605668832	EVALUABLE
695123ce60c253b3b4c429d6c6d45e35dd8ed7557a6dbda170bab48d1474409b	E0133	true	CT2A	C2	4eeef1890619aa578845837f43661ee7c19b674ff17bfb6610802a3013e3f2fa	0	20	19	20	19	0.91769694554377812	13.587446259712026	EVALUABLE
695123ce60c253b3b4c429d6c6d45e35dd8ed7557a6dbda170bab48d1474409b	E0133	true	GL261	G4	9d089ba3b0e645d3e16cc9b9a500224416307f7ee4379f38d87bf989d2174ec1	19	20	19	20	19	0.43859339085612381	3.1519865593422973	EVALUABLE
697245983eabefa8002fd573fed8a18f43248d63957244524025f7cc1a7e8b73	E0209	true	CT2A	C2	4989824e2df2467b6e60573ab17ca31c35d0a30f6e54c8dfeb87847ca960b723	17	20	19	20	19	0.84889384279582092	7.8824570994719929	EVALUABLE
697245983eabefa8002fd573fed8a18f43248d63957244524025f7cc1a7e8b73	E0209	true	GL261	G5	dcd23c7687b7a968c63bb9675ce7906f58320bde6bc3bfbab7121eccb9334be0	14	20	19	20	19	0.98303401106615673	9.1686585777968048	EVALUABLE
6a38081525dc54a2532143fa41229d489bda3655437b682fe82d2339ea47c2a1	E0354	true	CT2A	C1	450f27facf5b727caade83033c48b7b5204e2c728b3acdf5c1e72afc35ea97fa	16	20	19	20	19	0.9999999999813326	1.0000000001781209	EVALUABLE
6a38081525dc54a2532143fa41229d489bda3655437b682fe82d2339ea47c2a1	E0354	true	GL261	G5	8919d77fd866b5a1dc2c64f31ddf3d2b0c854b469fdba34f75f79fe51e478517	0	20	19	20	19	0.39883558886147957	1.0000000001132936	EVALUABLE
6a6fb3593cbaaaa209d7a07745dbc44e08bd24463c9abe55661ed7e232ed5ade	E0242	true	CT2A	C4	0ce9f3c2ac8cacca151a431395692262091d1c40960aa953be66fdd4db529db5	17	20	19	20	19	0.62705396021446014	4.651094656023762	EVALUABLE
6a6fb3593cbaaaa209d7a07745dbc44e08bd24463c9abe55661ed7e232ed5ade	E0242	true	GL261	G3	735464900e0db571bc0bd7f30fe3714c82f07057a86ebdd7484fd97746a089c5	8	20	19	20	19	0.67039768018233259	3.9725915070041302	EVALUABLE
6ae73b04debb4e87b78f2e3d26a6c99a4d008ed7d38a10558a3ec9612a4c4d77	E0314	false	CT2A	C3	646a5c644a59a85946ca3a5bdaa04f073d39a57cae74abbda4fc566e8f03094d	1	20	19	20	19	0.0010945207635175819	1.2471372536215413	EVALUABLE
6ae73b04debb4e87b78f2e3d26a6c99a4d008ed7d38a10558a3ec9612a4c4d77	E0314	false	GL261	G5	4a2fb998e907a76d9911c65dc23b53d134425ac6130d04103f1e03f7be8c05b6	0	20	19	20	19	0.015426873193990857	1.0000781958551519	EVALUABLE
6b9b495b2bc463013f58cf7ee185a9319473f69bbbf5bbef862c91551a6fc4b5	E0231	true	CT2A	C2	4ad59181fe7235c9f8799583e6a5926d9a3b391d8c90fd44a50e8f2ee914e297	14	20	19	20	19	0.82043507762103074	6.0914450766133088	EVALUABLE
6b9b495b2bc463013f58cf7ee185a9319473f69bbbf5bbef862c91551a6fc4b5	E0231	true	GL261	G2	005bcffdca6d9ad2654d0fdf416bb93ff2fd7caea8656ea89564927e99c3d4da	3	20	19	20	19	0.99999925900101228	2.3640040711805224	EVALUABLE
6c15f98c2f9e5c42a4272d9750c2af15c45ef4720915b9f0259064167c89d148	E0113	true	CT2A	C3	215aaec06194c85fc8915c4bae4f109c54d8498704d0279ad091b0f04037250b	0	20	19	20	19	0.52802378144388673	1.8980377127808501	EVALUABLE
6c15f98c2f9e5c42a4272d9750c2af15c45ef4720915b9f0259064167c89d148	E0113	true	GL261	G4	2d63d16cbc55715e365671ffa5dbc939f489f55ff2606c7fc4c1d0b275ed54c2	6	20	19	20	19	0.99829311283224376	4.2602066672231063	EVALUABLE
6cbc861c2d18c77d2728d8bd9916d22d769fd3182b88b9405cc0b1684472b8b9	E0286	true	CT2A	C3	0a95f91928ebf23599e2fd99cce9339024b168bc277b7ee6b223dfc5b37da8df	10	20	19	20	19	0.87941744677291489	9.4422376213259636	EVALUABLE
6cbc861c2d18c77d2728d8bd9916d22d769fd3182b88b9405cc0b1684472b8b9	E0286	true	GL261	G2	4b2c3f16a0d3fbf7b6d87ef249f7efb1bdfa3f5fc28bbef84e8bbba5e259dd2e	18	20	19	20	19	0.99799062320894349	3.0287321183353448	EVALUABLE
6cc2ed5d2eb798ec3c48a430f3ed39d80c79dc0474f3c180425ce0a9bdb4adb6	E0040	true	CT2A	C4	593312d7347feeecef6821743059de3d62c9a9e7bc1e0d7af7214fa92b03e33f	4	20	19	20	19	0.81686060888933887	5.251531976742549	EVALUABLE
6cc2ed5d2eb798ec3c48a430f3ed39d80c79dc0474f3c180425ce0a9bdb4adb6	E0040	true	GL261	G1	5f016d2a7e8c0ca9be2a0c7a65b58b776f02175e7864b34d3b8946ee4f826f29	16	20	19	20	19	0.9501721991785268	11.597322888428341	EVALUABLE
6cfa712412c76be9456b6a91daca31b6eb148a728d57e4025708c96d025c5726	E0002	true	CT2A	C1	c55c11a6e3dc772e3c2e3b973cfb71fd8e41ddd3aef93d8b8367e17dfca95033	18	20	19	20	19	0.65835440497085429	6.5416641409318803	EVALUABLE
6cfa712412c76be9456b6a91daca31b6eb148a728d57e4025708c96d025c5726	E0002	true	GL261	G3	bb971fe9fb3473bb385b4892616fc071460ab4db03f08657d16552b3fe5c22c3	12	20	19	20	19	0.93982315130578353	11.819660796055944	EVALUABLE
6d83fa69f1f20be25305e6740da2eaf04a4c43390acf0b9b35ac409ffb67db36	E0053	true	CT2A	C1	45b591180b8b5b11f8d85d22498adbe0df7ea752ceb90d14dcfd3cbb2a110684	19	20	19	20	19	0.85085870744812042	9.2345345785333723	EVALUABLE
6d83fa69f1f20be25305e6740da2eaf04a4c43390acf0b9b35ac409ffb67db36	E0053	true	GL261	G4	d928590f61fb177ab6a5b0e11cbeca11a10927ce32463c8505150ddf6a21fd31	8	20	19	20	19	0.92654957144361749	1.9665265403298717	EVALUABLE
6db6281889de3480054c193d324e9746c858e54128779550b6b131cf2e2d031f	E0256	true	CT2A	C2	227fe4afb2202ead22ee9d269e9306fc1462f44fe8ea75b1015ef56783db29e3	3	20	19	20	19	0.99999928014341111	8.3964399801343461	EVALUABLE
6db6281889de3480054c193d324e9746c858e54128779550b6b131cf2e2d031f	E0256	true	GL261	G2	904a081f7eef1e7cc57d16491196f0d4a843d7e3f52c6a1ec968499a88939007	18	20	19	20	19	0.91596291168627408	11.124393549486637	EVALUABLE
6dbd82b1ad6754df044c99f9d4dbeb08e7d982ab9a12ba6c43ff7296fd352ca2	E0318	true	CT2A	C4	dfc5b1001e2a099d96f69d80c4ea0383590fc7c35f3dcf10e3a8c31cb8e44e5d	3	20	19	20	19	0.99053560932083395	2.2110140255713522	EVALUABLE
6dbd82b1ad6754df044c99f9d4dbeb08e7d982ab9a12ba6c43ff7296fd352ca2	E0318	true	GL261	G4	56619b4e4e6013ca0ea5dfecefc8a41771a2787473f82472dde4086101e026ce	1	20	19	20	19	0.4864192523306799	1.0926497642978019	EVALUABLE
6e899a1dd383e77cffc7d916d0bb3115f923be5da6296e79bb7bab54258869dc	E0261	true	CT2A	C3	0551a70442c925ed3fd3d5f6f03c23b55a16bc314382c97afcbdcf827ae4123a	18	20	19	20	19	0.88088878320891917	11.102388957460557	EVALUABLE
6e899a1dd383e77cffc7d916d0bb3115f923be5da6296e79bb7bab54258869dc	E0261	true	GL261	G2	0a9dfbbbf9f389fdfd621ebb50a400f6f5a3ddb9cb5fb51e4859c587846d9633	14	20	19	20	19	0.89895414790208683	11.18182276231909	EVALUABLE
6e89cc9c0c26c1c4a1d0bb2cf8e3e24f9d1a518cff297259dddb1ce358b91497	E0125	true	CT2A	C1	820066d04598da3d239f0d23bd4e39ef57a720e88a443581bcf565cd8d99566b	18	20	19	20	19	0.55238913410822499	2.3980810686940357	EVALUABLE
6e89cc9c0c26c1c4a1d0bb2cf8e3e24f9d1a518cff297259dddb1ce358b91497	E0125	true	GL261	G1	9d089ba3b0e645d3e16cc9b9a500224416307f7ee4379f38d87bf989d2174ec1	19	20	19	20	19	0.8315796582305508	11.301590392667318	EVALUABLE
6fb7b80feb651ca5e71c76ec30b7351cb93bd85c96542336035059561cca6ccf	E0227	true	CT2A	C1	0ce9f3c2ac8cacca151a431395692262091d1c40960aa953be66fdd4db529db5	17	20	19	20	19	0.15492668498694406	2.0281460195970875	EVALUABLE
6fb7b80feb651ca5e71c76ec30b7351cb93bd85c96542336035059561cca6ccf	E0227	true	GL261	G3	735464900e0db571bc0bd7f30fe3714c82f07057a86ebdd7484fd97746a089c5	8	20	19	20	19	0.67039768018233259	3.9725915070041302	EVALUABLE
70040279ffb18394c961715885fcbff8f4dd964c5499ab3dd2fae2da64b73b9b	E0288	true	CT2A	C3	0a95f91928ebf23599e2fd99cce9339024b168bc277b7ee6b223dfc5b37da8df	10	20	19	20	19	0.87941744677291489	9.4422376213259636	EVALUABLE
70040279ffb18394c961715885fcbff8f4dd964c5499ab3dd2fae2da64b73b9b	E0288	true	GL261	G4	c14d5ed0f81e787adc1913c3553bf14df5bb157bc649ea2040ac26996164fde7	14	20	19	20	19	0.5932152049918068	1.0100576516944926	EVALUABLE
7028faeb2bb19f153c06edce6f21a59edd9ce9d85dfbb21d2b7c2a7868d06332	E0052	true	CT2A	C1	188a2a07d3b1a67be4abb28cc85a852f1e92bdcda3a689e25dc9d58f9c4ffb18	12	20	19	20	19	0.92704457943212026	9.0162850363673179	EVALUABLE
7028faeb2bb19f153c06edce6f21a59edd9ce9d85dfbb21d2b7c2a7868d06332	E0052	true	GL261	G3	f3e9af567444075a63b7c2a2854ddee5538bfb4c47245f27578a66e389b5a9bc	18	20	19	20	19	0.66853845467600703	3.7749737294577361	EVALUABLE
708567e154e7f12b1625e755a8e6599d4d5a2785bd0622a1012fd7ef78b677b5	E0000	true	CT2A	C1	c55c11a6e3dc772e3c2e3b973cfb71fd8e41ddd3aef93d8b8367e17dfca95033	18	20	19	20	19	0.65835440497085429	6.5416641409318803	EVALUABLE
708567e154e7f12b1625e755a8e6599d4d5a2785bd0622a1012fd7ef78b677b5	E0000	true	GL261	G1	1ea47774d2d57dd56364d073a09b722eb9a57b76f852434934514136b5d1c293	1	20	19	20	19	0.89952205654392836	9.2312515652604414	EVALUABLE
7100c966085cecd4e8a3968adb233da4f5fa504c75e10fd0abf1e1f735d9da15	E0003	true	CT2A	C1	c55c11a6e3dc772e3c2e3b973cfb71fd8e41ddd3aef93d8b8367e17dfca95033	18	20	19	20	19	0.65835440497085429	6.5416641409318803	EVALUABLE
7100c966085cecd4e8a3968adb233da4f5fa504c75e10fd0abf1e1f735d9da15	E0003	true	GL261	G4	4e3f6d6ceeb0b403b1b2482130d0f49869cd9e2da46c27f2006cd8893987eb72	0	20	19	20	19	0.048124664809921877	1.7704596109987456	EVALUABLE
71176428eb346ec7ca1db733fc466a573ee9eadd6748a74df82ea244b991c0d2	E0176	true	CT2A	C1	fc9cea3fda62ec8719159e4dbf459bbc28745f0f61c94d0852b10583cb4c27a6	16	20	19	20	19	1	2.9343529233041852	EVALUABLE
71176428eb346ec7ca1db733fc466a573ee9eadd6748a74df82ea244b991c0d2	E0176	true	GL261	G2	9479e42871e312cc9e8045bad83182066b1281c061fdcd80c3da7974e75e1d5d	1	20	19	20	19	0.74857032600598383	1.6497153842332788	EVALUABLE
71664d37390dc6bbbf9aee71383557d24f95c577a58579a9a5f8e58aad6a0bab	E0204	true	CT2A	C1	4989824e2df2467b6e60573ab17ca31c35d0a30f6e54c8dfeb87847ca960b723	17	20	19	20	19	0.99994589865669214	1.1078820071869331	EVALUABLE
71664d37390dc6bbbf9aee71383557d24f95c577a58579a9a5f8e58aad6a0bab	E0204	true	GL261	G5	a7e9e73c64d9d3f1375205efa617218792e4925fade6c0b5b1060f1e99eea4db	15	20	19	20	19	0.91007647040595097	8.4861145113128824	EVALUABLE
724d85af5728122195f288e11a26af625ac4b861142fc4480d66b69a2e895404	E0218	true	CT2A	C4	4989824e2df2467b6e60573ab17ca31c35d0a30f6e54c8dfeb87847ca960b723	17	20	19	20	19	0.82768489702769443	7.4375912971843023	EVALUABLE
724d85af5728122195f288e11a26af625ac4b861142fc4480d66b69a2e895404	E0218	true	GL261	G4	dcd23c7687b7a968c63bb9675ce7906f58320bde6bc3bfbab7121eccb9334be0	14	20	19	20	19	0.12142646140811339	1.2188510589131003	EVALUABLE
73f11ca348a74572b1adfd6954235cd164935a4905f589d12669e3c88b5c081a	E0025	true	CT2A	C1	bb0ad4b3dca9738ed169d4aae2f4f8fd0949efa9bd105de1d71889a580ae2be8	19	20	19	20	19	0.68694635755278621	4.4063227204848801	EVALUABLE
73f11ca348a74572b1adfd6954235cd164935a4905f589d12669e3c88b5c081a	E0025	true	GL261	G1	0308b03c63fd48d3db330aba47bb6377597fe3ec4b11a4a9ba445a8f52049244	19	20	19	20	19	0.90627601706676597	11.479750358768747	EVALUABLE
7570a2689475421ba4f9493a815dccdeae599b65ef0ad3612d9f3692e5558ec9	E0202	true	CT2A	C1	4989824e2df2467b6e60573ab17ca31c35d0a30f6e54c8dfeb87847ca960b723	17	20	19	20	19	0.99994589865669214	1.1078820071869331	EVALUABLE
7570a2689475421ba4f9493a815dccdeae599b65ef0ad3612d9f3692e5558ec9	E0202	true	GL261	G3	dcd23c7687b7a968c63bb9675ce7906f58320bde6bc3bfbab7121eccb9334be0	14	20	19	20	19	0.40929640483373747	1.9008533143096018	EVALUABLE
75717fbe5dae13bf9845b2192266975dec517c7df757c8eb530746fac294301e	E0115	true	CT2A	C4	337634da0cfd0d1105cf8f37879f1f17ad4596420a8cfced6a550bb4701e5f9e	10	20	19	20	19	0.92293543099908248	14.52889547687907	EVALUABLE
75717fbe5dae13bf9845b2192266975dec517c7df757c8eb530746fac294301e	E0115	true	GL261	G1	4500acff7cff7bd2c0197f246185188706160736fb30b9bd89dc5dc0dd135971	15	20	19	20	19	0.79829538376874565	8.7179706207972192	EVALUABLE
75823f62d6d221dbac15af85169dfc565551a912022420cda4851967fe249f08	E0237	true	CT2A	C3	19fbb71aa82ced106de3de882f00088ca5f4b1403f565423e5efc7d077ebdee7	18	20	19	20	19	0.90301338800362296	12.888893559802156	EVALUABLE
75823f62d6d221dbac15af85169dfc565551a912022420cda4851967fe249f08	E0237	true	GL261	G3	d2e77ddb8a929cfcb9b862f9915f2d5a3eb09741f2765ade2b0bcd69a98c741d	12	20	19	20	19	0.99562411305894838	4.4701618929519586	EVALUABLE
75d60df2d12be991a04317cb274164fe30687901ae1390024ffef37ec9979a3e	E0174	true	CT2A	C5	652d4fa99bc208956b898fae76f9f32fe69a417d4073ce7544aad1ca9cc48dfb	2	20	19	20	19	0.81577552036783429	5.7803901139013112	EVALUABLE
75d60df2d12be991a04317cb274164fe30687901ae1390024ffef37ec9979a3e	E0174	true	GL261	G5	0613270f4140a02dc933da8f58c1eea1dfd57164ef86989cfbd7dbf0d510376d	13	20	19	20	19	0.061202293820025733	1.4039571086164389	EVALUABLE
76709322f1513bf0e4dc3d54e567a6e4afff4a18f8a5d0e36af04756cadf3693	E0282	true	CT2A	C2	7ce358edc3a4bd7c08bb6daaad38e6b004b2499c6d5cdc3112e7a7dfa0faee9a	2	20	19	20	19	0.92085038082421999	9.4742225994278844	EVALUABLE
76709322f1513bf0e4dc3d54e567a6e4afff4a18f8a5d0e36af04756cadf3693	E0282	true	GL261	G3	c14d5ed0f81e787adc1913c3553bf14df5bb157bc649ea2040ac26996164fde7	14	20	19	20	19	0.57243627337968395	1.671388987518275	EVALUABLE
76b7d5b4c16ac138f07e31543729902354af1fa858fc041253a465323387e70e	E0257	true	CT2A	C2	308e6dd45a60ade8ee3647a3d186551365d6bdb0fe10c43efc88e4d195371e2e	4	20	19	20	19	0.84264010371770126	7.5267549666991451	EVALUABLE
76b7d5b4c16ac138f07e31543729902354af1fa858fc041253a465323387e70e	E0257	true	GL261	G3	ad3ae52546893ca463d0370db5c0243a4cd79da6df16d930a4acee2fee7bf062	3	20	19	20	19	0.37006686590174065	1.0099259792958202	EVALUABLE
76d1f67f9ef31160df683e7976dbff511d3e4d66453290fce6a96e4b1ec2c0c3	E0214	true	CT2A	C3	3d455bd6c6c1107026e8edf70c2d6d8e202fc5d502a840648e30a9c7f4d8ac8c	19	20	19	20	19	0.87816337827871416	11.131684228520349	EVALUABLE
76d1f67f9ef31160df683e7976dbff511d3e4d66453290fce6a96e4b1ec2c0c3	E0214	true	GL261	G5	a7e9e73c64d9d3f1375205efa617218792e4925fade6c0b5b1060f1e99eea4db	15	20	19	20	19	0.91007647040595097	8.4861145113128824	EVALUABLE
76eaa099c025debfd21dcd236e0589dc130df4b72780e2b2ed28b0d52d5b6c77	E0268	true	CT2A	C4	227fe4afb2202ead22ee9d269e9306fc1462f44fe8ea75b1015ef56783db29e3	3	20	19	20	19	0.82130659765351477	8.4875241697218105	EVALUABLE
76eaa099c025debfd21dcd236e0589dc130df4b72780e2b2ed28b0d52d5b6c77	E0268	true	GL261	G4	ad3ae52546893ca463d0370db5c0243a4cd79da6df16d930a4acee2fee7bf062	3	20	19	20	19	0.18708100388078458	1.0000309594828971	EVALUABLE
779528b8248a9d0e2e3054e0cd8fe7b376fdef72677bb0023d128c386ab90b81	E0380	true	CT2A	C2	e0894b04544dae489a65af0d3d2e6b796b8d625f6b5e2a273115d0c767e3e693	6	20	19	20	19	0.53126210253765305	1.8165382131854215	EVALUABLE
779528b8248a9d0e2e3054e0cd8fe7b376fdef72677bb0023d128c386ab90b81	E0380	true	GL261	G1	2399e94f9c2f2213e281a1c60356b9d85bb5023aa4787097cd11d512d71324d9	19	20	19	20	19	0.89840951962981164	10.505967498901592	EVALUABLE
77d6e61b34e11ef0a23d55829c94f59fc586874cb6fa57e2a8f89ad08dd83a35	E0168	true	CT2A	C4	7d84eb225b8def23833824a5db45b74528179b1bd889afa1812a7b3af34d5dd1	0	20	19	20	19	0.71226732542084359	3.5285524615106669	EVALUABLE
77d6e61b34e11ef0a23d55829c94f59fc586874cb6fa57e2a8f89ad08dd83a35	E0168	true	GL261	G4	f80ad607c1575d29cbb710927847afa0dfca390b07439baab0f53ee25e267754	18	20	19	20	19	0.94216186795224655	9.9206875619484585	EVALUABLE
77e6141ca88153fd4a77642b711952ed2ec2beed16f274d5961f91bc2a1d16b1	E0372	true	CT2A	C5	662e28e0b1c3c4f253ea0b812ef01c3553f0b90aaf9ca7d4828cb94489f04714	4	20	19	20	19	0.99999998226919251	1.0000002544002711	EVALUABLE
77e6141ca88153fd4a77642b711952ed2ec2beed16f274d5961f91bc2a1d16b1	E0372	true	GL261	G3	bd09497d41ee55e42aaa83e8316d7445fa924f491c973830af83a92070b5fe21	11	20	19	20	19	0.9134825913123108	12.667706583308277	EVALUABLE
77e911d2ae070134b18f3c26f0c9314d8c3683642f8adedee65f54aea122d618	E0254	true	CT2A	C1	227fe4afb2202ead22ee9d269e9306fc1462f44fe8ea75b1015ef56783db29e3	3	20	19	20	19	0.019893028392686113	1.069935255172147	EVALUABLE
77e911d2ae070134b18f3c26f0c9314d8c3683642f8adedee65f54aea122d618	E0254	true	GL261	G5	ad3ae52546893ca463d0370db5c0243a4cd79da6df16d930a4acee2fee7bf062	3	20	19	20	19	0.9815956657177286	3.765150262899247	EVALUABLE
782254c31f5d09fd91b4534a1dacb46c257b890741bc2ff280ab17eda11c3d92	E0014	false	CT2A	C3	55c97010acdd0cdc52f98f416746a96a3e453dfff25d0e9f08e270f4213bea20	1	20	19	20	19	0.5998692806526984	2.4314186715589208	EVALUABLE
782254c31f5d09fd91b4534a1dacb46c257b890741bc2ff280ab17eda11c3d92	E0014	false	GL261	G5	4e3f6d6ceeb0b403b1b2482130d0f49869cd9e2da46c27f2006cd8893987eb72	0	20	19	20	19	0.28179114040661807	1.029814163188171	EVALUABLE
789ff3686101c61a754cf5676e452f9cdf0377d567a6345fcda6f41da8401419	E0114	true	CT2A	C3	215aaec06194c85fc8915c4bae4f109c54d8498704d0279ad091b0f04037250b	0	20	19	20	19	0.52802378144388673	1.8980377127808501	EVALUABLE
789ff3686101c61a754cf5676e452f9cdf0377d567a6345fcda6f41da8401419	E0114	true	GL261	G5	f88bd6cf2efb8f44e7d076dd701147d46987ae954fb4b6708b6977e588db41be	0	20	19	20	19	0.9999992402763398	2.3153608645961747	EVALUABLE
7906c5cb884d7f0ef053959515dad46110aab368a89f9568da74d315cb2076bd	E0081	true	CT2A	C2	11c92eb5eefda7cc64e53694479d802bc86526faac5ec503ffca49ddb81a3886	1	20	19	20	19	0.47695817833477566	1.3191942542955755	EVALUABLE
7906c5cb884d7f0ef053959515dad46110aab368a89f9568da74d315cb2076bd	E0081	true	GL261	G2	1da91e6cbc1ec44f0d5dcba4f1de73f1c00882c5b1d520c8967a9b59c82629c7	15	20	19	20	19	0.00013958959576077003	1.0000045136717002	EVALUABLE
7912e4cbb7cc216bd92b8fe3fb3a967477f3c6115b2227deec8154f0d73791e8	E0354	true	CT2A	C1	34b996ca187b21a6172a8aab384066223b8fe5a1df3761648e1a25a5d93e0572	15	20	19	20	19	0.99999999998293354	1.0000000001813227	EVALUABLE
7912e4cbb7cc216bd92b8fe3fb3a967477f3c6115b2227deec8154f0d73791e8	E0354	true	GL261	G5	8919d77fd866b5a1dc2c64f31ddf3d2b0c854b469fdba34f75f79fe51e478517	0	20	19	20	19	0.39883558886147957	1.0000000001132936	EVALUABLE
7936e5f7366a6be86b9d037b9b163c7f59d4d2139830984ea650b09646df9540	E0270	true	CT2A	C5	227fe4afb2202ead22ee9d269e9306fc1462f44fe8ea75b1015ef56783db29e3	3	20	19	20	19	0.047818842751589263	1.0776783201655145	EVALUABLE
7936e5f7366a6be86b9d037b9b163c7f59d4d2139830984ea650b09646df9540	E0270	true	GL261	G1	ad3ae52546893ca463d0370db5c0243a4cd79da6df16d930a4acee2fee7bf062	3	20	19	20	19	0.49035118165923558	1.1394343051436355	EVALUABLE
793766b5f2b1d433859fb00250530fa8c8d63314aa44649b518f960b3b4507c7	E0266	true	CT2A	C4	227fe4afb2202ead22ee9d269e9306fc1462f44fe8ea75b1015ef56783db29e3	3	20	19	20	19	0.82130659765351477	8.4875241697218105	EVALUABLE
793766b5f2b1d433859fb00250530fa8c8d63314aa44649b518f960b3b4507c7	E0266	true	GL261	G2	9acb751aab297b05dffcce05ba0d4171965f31bed5e6496fa98e638081ccf731	17	20	19	20	19	0.88796722661749927	11.275413320949214	EVALUABLE
794b9ec120ebf6c3b0c31273286b05b64433b152ed44d457a469d333bcea4355	E0099	true	CT2A	C5	722648b50fb7a1fecbf2dde75452eb95e5df91f0ab85ff61e3540293ef1928a7	19	20	19	20	19	0.99999999974789766	4.8962032443910628	EVALUABLE
794b9ec120ebf6c3b0c31273286b05b64433b152ed44d457a469d333bcea4355	E0099	true	GL261	G5	1da91e6cbc1ec44f0d5dcba4f1de73f1c00882c5b1d520c8967a9b59c82629c7	15	20	19	20	19	0.032122196060961158	1.008140024550668	EVALUABLE
796edaf7769e64cf555bc26a36aeb5d8de262f893e37f357012c1a2c37bf24d1	E0191	true	CT2A	C4	ec713323665316d5b12598b96ce058a5cbd45046ed44f9acd156cf13bb158862	13	20	19	20	19	0.89953820563522124	9.1801428066011734	EVALUABLE
796edaf7769e64cf555bc26a36aeb5d8de262f893e37f357012c1a2c37bf24d1	E0191	true	GL261	G2	0a15d7a32e358b6d318a4305ace35b78c1993f83a33663124679dcd0956673c5	3	20	19	20	19	0.9521381933818428	2.2630496071414949	EVALUABLE
7986fd1a700574b99e872ab4705d25bcb30d8823e7958e792de2b7eaab483a55	E0294	true	CT2A	C4	7ce358edc3a4bd7c08bb6daaad38e6b004b2499c6d5cdc3112e7a7dfa0faee9a	2	20	19	20	19	0.61772277566274447	4.2136208613917923	EVALUABLE
7986fd1a700574b99e872ab4705d25bcb30d8823e7958e792de2b7eaab483a55	E0294	true	GL261	G5	c14d5ed0f81e787adc1913c3553bf14df5bb157bc649ea2040ac26996164fde7	14	20	19	20	19	0.99104875239699919	12.114963526934051	EVALUABLE
79bc5d5b69d4b79df927516e04d15960f4f18551d9b32711747791ef3f4022c6	E0343	true	CT2A	C4	cdb7fb3b6973618b48e76861beeecf354fd3801d6426160c52656468ed7f7bd7	5	20	19	20	19	0.93804689506730987	10.384036183378074	EVALUABLE
79bc5d5b69d4b79df927516e04d15960f4f18551d9b32711747791ef3f4022c6	E0343	true	GL261	G4	ff08294218c297aa70d51d53f700660a24a0daa0e1e0239b74f592559b440776	0	20	19	20	19	0.73604640614396566	1.0036036826377457	EVALUABLE
7a458d1efdd97bd42fcd87adbc46d4061370f8786ed8b7d9e21053b21a8d4d23	E0328	true	CT2A	C1	e2b2ddf86ed085b30c97911b98143c20b673b5444e88af92be27d19bc9e34b8b	14	20	19	20	19	0.52899796415699119	5.171874048838764	EVALUABLE
7a458d1efdd97bd42fcd87adbc46d4061370f8786ed8b7d9e21053b21a8d4d23	E0328	true	GL261	G4	ff08294218c297aa70d51d53f700660a24a0daa0e1e0239b74f592559b440776	0	20	19	20	19	0.73604640614396566	1.0036036826377457	EVALUABLE
7a49b91ccd6211402f1c454ab634352ba3da9ced310137d5b52ec0c7cf7ec49e	E0369	true	CT2A	C4	f748cd6aeca05446d28a19c599fcdda457fbd8a29c4d8a73e760985713b9f609	1	20	19	20	19	0.99479711934879289	4.2685202784268483	EVALUABLE
7a49b91ccd6211402f1c454ab634352ba3da9ced310137d5b52ec0c7cf7ec49e	E0369	true	GL261	G5	8919d77fd866b5a1dc2c64f31ddf3d2b0c854b469fdba34f75f79fe51e478517	0	20	19	20	19	0.39883558886147957	1.0000000001132936	EVALUABLE
7a50fd2587fa6fe979d32fcef7e8c52e84707b31a284a5b561b48e13b4086bc0	E0312	true	CT2A	C3	646a5c644a59a85946ca3a5bdaa04f073d39a57cae74abbda4fc566e8f03094d	1	20	19	20	19	0.0010945207635175819	1.2471372536215413	EVALUABLE
7a50fd2587fa6fe979d32fcef7e8c52e84707b31a284a5b561b48e13b4086bc0	E0312	true	GL261	G3	26bd1960d683b74e709d8ff2a2aab9731820160003488d524219cb81841dd9eb	8	20	19	20	19	0.91288979936190384	12.362300527035332	EVALUABLE
7a673b13212ab58d9e5f2836144c7ce385978f874d0421c30665189036940ce2	E0016	true	CT2A	C4	9b3eb60c2fcc4a9ae62238b0c2f7954eee420bb3818ca6ad9cbf97843e48628a	0	20	19	20	19	0.90411350834495208	15.055380347225533	EVALUABLE
7a673b13212ab58d9e5f2836144c7ce385978f874d0421c30665189036940ce2	E0016	true	GL261	G2	4e3f6d6ceeb0b403b1b2482130d0f49869cd9e2da46c27f2006cd8893987eb72	0	20	19	20	19	0.099031987634081595	1.0001616475329582	EVALUABLE
7a6c6312ddfd509781828d8a419bc6ff8911a990cdb14ccad7c2d3f5b19d2c7d	E0359	true	CT2A	C2	f715c48d725df09590892b8a0f532f274829fa59347013d5f282226dd527b95b	2	20	19	20	19	0.25842559321173469	1.6970703516408945	EVALUABLE
7a6c6312ddfd509781828d8a419bc6ff8911a990cdb14ccad7c2d3f5b19d2c7d	E0359	true	GL261	G5	8919d77fd866b5a1dc2c64f31ddf3d2b0c854b469fdba34f75f79fe51e478517	0	20	19	20	19	0.39883558886147957	1.0000000001132936	EVALUABLE
7a77db5cefbeccf4b41343498886840c5851b645e39d57681793408de987a112	E0390	true	CT2A	C4	c68dd7b25160f329f504d6cca13ada30ca042fcbe53ec74e4fbc7caad25bfbb5	12	20	19	20	19	0.88411905202645213	11.734023083588765	EVALUABLE
7a77db5cefbeccf4b41343498886840c5851b645e39d57681793408de987a112	E0390	true	GL261	G1	5a5cf99d6f8010ddefea6328d295b132f1e3bd6948dec2cdfdd312ee66482068	11	20	19	20	19	0.90124690995455936	10.494780504640811	EVALUABLE
7a996a7d3cf9a2865ec3a866fed7c872361bf6d373ce3aaa23bd77f6c8a13a83	E0308	true	CT2A	C2	92885b269975050d47b4a5f3645ef173ad8091cce18e3f543380b638cb89c263	0	20	19	20	19	0.99999999999999989	1.000337812939919	EVALUABLE
7a996a7d3cf9a2865ec3a866fed7c872361bf6d373ce3aaa23bd77f6c8a13a83	E0308	true	GL261	G4	4a2fb998e907a76d9911c65dc23b53d134425ac6130d04103f1e03f7be8c05b6	0	20	19	20	19	0.53515954433333701	1.0838891384123626	EVALUABLE
7aaeb8e991776e76e44612c787de75a57de7157094d12fd577bd34e46918c2cb	E0047	true	CT2A	C5	841f998ef00a0775a812107d6ae160399491e383a3bff330c20f771132333a20	9	20	19	20	19	0.95515885975913439	8.7831638936974024	EVALUABLE
7aaeb8e991776e76e44612c787de75a57de7157094d12fd577bd34e46918c2cb	E0047	true	GL261	G3	5f016d2a7e8c0ca9be2a0c7a65b58b776f02175e7864b34d3b8946ee4f826f29	16	20	19	20	19	0.59002760960348055	3.5461472373123324	EVALUABLE
7b15b714809ad46f1a4476a0c1ed9e8c6d55cf08f76fcd10da09bb12fdb3454b	E0018	true	CT2A	C4	55c97010acdd0cdc52f98f416746a96a3e453dfff25d0e9f08e270f4213bea20	1	20	19	20	19	0.90369064979500313	15.063849350036293	EVALUABLE
7b15b714809ad46f1a4476a0c1ed9e8c6d55cf08f76fcd10da09bb12fdb3454b	E0018	true	GL261	G4	4e3f6d6ceeb0b403b1b2482130d0f49869cd9e2da46c27f2006cd8893987eb72	0	20	19	20	19	0.048124664809921877	1.7704596109987456	EVALUABLE
7b18eee8e1d58b023ae27828573e895a98c8f660e1ef9ed558abd0f0610035cb	E0327	true	CT2A	C1	e2b2ddf86ed085b30c97911b98143c20b673b5444e88af92be27d19bc9e34b8b	14	20	19	20	19	0.52899796415699119	5.171874048838764	EVALUABLE
7b18eee8e1d58b023ae27828573e895a98c8f660e1ef9ed558abd0f0610035cb	E0327	true	GL261	G3	1ff3f6f24399029ac6d6407339a7671dc0454a3da0344b173a866dad9366939a	17	20	19	20	19	0.85216427102079395	10.093118175354586	EVALUABLE
7b1a03f0acb3664b0e86294984e9e363b6128c89c420abea7f25d6a31f2f7412	E0076	true	CT2A	C1	72b247f6826b8e7aec7fae9987164b81f087b64e28ead12694c3984bbcbe4c0e	17	20	19	20	19	0.99999999946032447	3.2031410321271871	EVALUABLE
7b1a03f0acb3664b0e86294984e9e363b6128c89c420abea7f25d6a31f2f7412	E0076	true	GL261	G2	1da91e6cbc1ec44f0d5dcba4f1de73f1c00882c5b1d520c8967a9b59c82629c7	15	20	19	20	19	0.00013958959576077003	1.0000045136717002	EVALUABLE
7b2d8b4524facf208962f41e19f8ef7c2c8a16fcb7b5a4a3ad9d0a2a2f74a468	E0260	true	CT2A	C3	0551a70442c925ed3fd3d5f6f03c23b55a16bc314382c97afcbdcf827ae4123a	18	20	19	20	19	0.88088878320891917	11.102388957460557	EVALUABLE
7b2d8b4524facf208962f41e19f8ef7c2c8a16fcb7b5a4a3ad9d0a2a2f74a468	E0260	true	GL261	G1	ad3ae52546893ca463d0370db5c0243a4cd79da6df16d930a4acee2fee7bf062	3	20	19	20	19	0.49035118165923558	1.1394343051436355	EVALUABLE
7b5accf95e3ed26c874779c504a231bf8a8e720781adc1f2b2db13de29bb899a	E0360	true	CT2A	C3	f715c48d725df09590892b8a0f532f274829fa59347013d5f282226dd527b95b	2	20	19	20	19	0.3532561476504924	1.8410145782798246	EVALUABLE
7b5accf95e3ed26c874779c504a231bf8a8e720781adc1f2b2db13de29bb899a	E0360	true	GL261	G1	5adee773b070f41e31484efe24458fa5c480e0f237b88e9bae1dff6c2c042cf8	3	20	19	20	19	0.91084251286347095	13.790587295408368	EVALUABLE
7b6e180a3a9e0be9a20041c5d612ec01612871a1a9683c6087c3ac1c63738e50	E0397	true	CT2A	C5	a1f48ef19613f6a65b331bca98ea3fad70a41cafb8ba8276bafb56980a7ae0e3	2	20	19	20	19	0.99999999999410305	1.0443194570209668	EVALUABLE
7b6e180a3a9e0be9a20041c5d612ec01612871a1a9683c6087c3ac1c63738e50	E0397	true	GL261	G3	7fdc2fa21fea6c28bbc011461e0e1d02cc38dbc1714a1b49baf6218c00d86339	17	20	19	20	19	0.59892512015901556	7.3693356400595142	EVALUABLE
7c92a0d606128070f42f86d90b55d4a006ad5cdedb9c8e98581f26a185d4a563	E0039	true	CT2A	C3	102f69f6fa8557e4e0067accc8216a851f9d96d112c3c1db033468920969167f	3	20	19	20	19	0.59930431535019257	3.4040147896030675	EVALUABLE
7c92a0d606128070f42f86d90b55d4a006ad5cdedb9c8e98581f26a185d4a563	E0039	true	GL261	G5	a5e71df85ff7da9f890eb3cd5dcb2b7117ced118c99b3684ee841000c8e0b65d	13	20	19	20	19	0.9999999779706501	1.8329697236113456	EVALUABLE
7d16d6efe6b94c4d248e0b8d29e70b7d38bc43c82eeee15cd00710d30b3ebe07	E0194	true	CT2A	C4	ec713323665316d5b12598b96ce058a5cbd45046ed44f9acd156cf13bb158862	13	20	19	20	19	0.89953820563522124	9.1801428066011734	EVALUABLE
7d16d6efe6b94c4d248e0b8d29e70b7d38bc43c82eeee15cd00710d30b3ebe07	E0194	true	GL261	G5	475729c033b518a09675629939712759dc9a8ad22e9075cf75933b7b2ce22400	10	20	19	20	19	0.98611048680433377	4.7818994780949344	EVALUABLE
7d70e98407dbb9732190aba61bc94c52c3e7e1ad6602851452a5bf7fc3adac1a	E0321	true	CT2A	C5	41b88b4ee1d53a5ed347ca7ca6e242f063954bf817489f768d55c5cd466c4a09	11	20	19	20	19	0.99999999957496033	2.8887617741499025	EVALUABLE
7d70e98407dbb9732190aba61bc94c52c3e7e1ad6602851452a5bf7fc3adac1a	E0321	true	GL261	G2	4a2fb998e907a76d9911c65dc23b53d134425ac6130d04103f1e03f7be8c05b6	0	20	19	20	19	8.4136653962542402e-06	1.0000000000356657	EVALUABLE
7dd209b2fc8e2bcb56d869446bf575fdada7c2a002bb6655f958752006cbc334	E0213	true	CT2A	C3	7f680ec90ffb14e0cf02f3aa48fc2a9480180e3d4bfe2ca3fd207f7277645ac2	16	20	19	20	19	0.99963668740886491	11.878981853139724	EVALUABLE
7dd209b2fc8e2bcb56d869446bf575fdada7c2a002bb6655f958752006cbc334	E0213	true	GL261	G4	4f3ac3dd70092e73abd0358812ec03b156828b637df9f9d81f3fa59635a9cea7	2	20	19	20	19	0.89067803121352773	1.0275507880257124	EVALUABLE
7e0fb63d71eb3b8c7b754813d46d7bcb098ad44e96fe2f0455f179dde499a93e	E0357	true	CT2A	C2	f715c48d725df09590892b8a0f532f274829fa59347013d5f282226dd527b95b	2	20	19	20	19	0.25842559321173469	1.6970703516408945	EVALUABLE
7e0fb63d71eb3b8c7b754813d46d7bcb098ad44e96fe2f0455f179dde499a93e	E0357	true	GL261	G3	56f49755ad9fd488da413cdefefa89f19e6d4469948128c282c57ff52fb461d5	4	20	19	20	19	0.89819092377850596	12.807045251031706	EVALUABLE
7e12632c7f1c9923174aefaf850d36fe619d750cff03d964249af184d3850d7b	E0061	true	CT2A	C3	7f09d6185ac5d193185190172ff78a97a79908108e64a74fa9c0e5c5b7a315dc	0	20	19	20	19	0.71612351822062692	1.5118919309756709	EVALUABLE
7e12632c7f1c9923174aefaf850d36fe619d750cff03d964249af184d3850d7b	E0061	true	GL261	G2	d928590f61fb177ab6a5b0e11cbeca11a10927ce32463c8505150ddf6a21fd31	8	20	19	20	19	0.99999999968028253	1.0000006914295532	EVALUABLE
7e28cbc10f56f4177836f6049972cb4b592ae2494c3f99926b71d96d152c32a5	E0229	true	CT2A	C1	0ce9f3c2ac8cacca151a431395692262091d1c40960aa953be66fdd4db529db5	17	20	19	20	19	0.15492668498694406	2.0281460195970875	EVALUABLE
7e28cbc10f56f4177836f6049972cb4b592ae2494c3f99926b71d96d152c32a5	E0229	true	GL261	G5	4a61ea31056d52077ad2027e285dac5d697cdf600c4f12ff909f1ee64534d595	7	20	19	20	19	0.99149046208550407	13.069741931293237	EVALUABLE
7e499b2477cf077c1fa6e53cd65e832ca77d067236ff861829d3829094294c7a	E0265	true	CT2A	C4	227fe4afb2202ead22ee9d269e9306fc1462f44fe8ea75b1015ef56783db29e3	3	20	19	20	19	0.82130659765351477	8.4875241697218105	EVALUABLE
7e499b2477cf077c1fa6e53cd65e832ca77d067236ff861829d3829094294c7a	E0265	true	GL261	G1	deff62e02ba886762368ef91d7c5a863a4429df48e2f355d224c8d1fd18fccdc	11	20	19	20	19	0.54102427424659716	1.125347247731602	EVALUABLE
7e6a4ff1fe8afbf9b65d81ee10e4e466219e23151b15194dcf8754a21c704c0f	E0399	true	CT2A	C5	199d1232f9356b67d2811c1333b2b4466aa5cc643e0e7b3812579cffa59c92fe	17	20	19	20	19	0.99999999999405786	1.0443194570208725	EVALUABLE
7e6a4ff1fe8afbf9b65d81ee10e4e466219e23151b15194dcf8754a21c704c0f	E0399	true	GL261	G5	2f971692e2765073ae8a6d2f6fd8f4e97e81f95489df3f2946d4c497d94165b9	0	20	19	20	19	0.1358167809974308	1.9198796960994864	EVALUABLE
7e71cca6b967707ecded5d40662de53566245ed94dd1701da2f499c45b9c68b5	E0395	true	CT2A	C5	a1f48ef19613f6a65b331bca98ea3fad70a41cafb8ba8276bafb56980a7ae0e3	2	20	19	20	19	0.99999999999410305	1.0443194570209668	EVALUABLE
7e71cca6b967707ecded5d40662de53566245ed94dd1701da2f499c45b9c68b5	E0395	true	GL261	G1	5a5cf99d6f8010ddefea6328d295b132f1e3bd6948dec2cdfdd312ee66482068	11	20	19	20	19	0.90124690995455936	10.494780504640811	EVALUABLE
7e7dad88bba61867fea7f20c7ad9aeb164603894029fe4f2c1c96855ba0b63ac	E0181	true	CT2A	C2	f644340953d72bb12da093189853db0ff0fc86bb66134a4f3d0a44308555f75e	1	20	19	20	19	1	4.9073549064382949	EVALUABLE
7e7dad88bba61867fea7f20c7ad9aeb164603894029fe4f2c1c96855ba0b63ac	E0181	true	GL261	G2	0a15d7a32e358b6d318a4305ace35b78c1993f83a33663124679dcd0956673c5	3	20	19	20	19	0.9521381933818428	2.2630496071414949	EVALUABLE
7ea7e7a746b598aa45ab2830701b688283ccf6cc9b61015112b2e0b4f12b8b0d	E0220	true	CT2A	C5	4989824e2df2467b6e60573ab17ca31c35d0a30f6e54c8dfeb87847ca960b723	17	20	19	20	19	0.99846671377486551	1.2995544701729642	EVALUABLE
7ea7e7a746b598aa45ab2830701b688283ccf6cc9b61015112b2e0b4f12b8b0d	E0220	true	GL261	G1	4f3ac3dd70092e73abd0358812ec03b156828b637df9f9d81f3fa59635a9cea7	2	20	19	20	19	0.71451530013164555	2.9441027027042357	EVALUABLE
7eb30e1a21b58bd36ee3d49bcfcfe57de78c88e374291fffa60a81216b88117e	E0196	true	CT2A	C5	ec713323665316d5b12598b96ce058a5cbd45046ed44f9acd156cf13bb158862	13	20	19	20	19	0.999999999976805	4.0846517620550413	EVALUABLE
7eb30e1a21b58bd36ee3d49bcfcfe57de78c88e374291fffa60a81216b88117e	E0196	true	GL261	G2	0b742d893c7ca2cb7d6c3602f9b3060c69defdcca63058c841cf70d5b22d4480	0	20	19	20	19	0.43006227446018103	2.3694653091400508	EVALUABLE
7f089ea4e11ef5a73c5dc88decb3a510baf94937ee126be4d57aa1b593822be1	E0139	true	CT2A	C3	4eeef1890619aa578845837f43661ee7c19b674ff17bfb6610802a3013e3f2fa	0	20	19	20	19	0.88362330517686327	12.619411189131858	EVALUABLE
7f089ea4e11ef5a73c5dc88decb3a510baf94937ee126be4d57aa1b593822be1	E0139	true	GL261	G5	22fb33288e2b49401552b365407f2e2a4a6750f0976fa1f8910e2ea85c79b851	3	20	19	20	19	0.87188645903197437	6.7632779402455281	EVALUABLE
7f4ba5dca93cf28c4c4e1b1744941cece32039fd3a3c6c2c13a6fce34278d2b8	E0334	true	CT2A	C2	73800d86c4f889eaf4f5923c873981e1547c7ce8918bcad431aebb6957e65d8f	1	20	19	20	19	0.96539067039799076	2.688256588130622	EVALUABLE
7f4ba5dca93cf28c4c4e1b1744941cece32039fd3a3c6c2c13a6fce34278d2b8	E0334	true	GL261	G5	ff08294218c297aa70d51d53f700660a24a0daa0e1e0239b74f592559b440776	0	20	19	20	19	0.77537235437434193	1.0000000581670687	EVALUABLE
7fb6ee36058292df32e6ff929b1965b4e206e9ca1a9a6a91311f888fa9dea388	E0282	true	CT2A	C2	b8fff488dd02060ace5ee1ad971713ffd8ade0edd5a4b26e9d5eac6c4edf1f23	3	20	19	20	19	0.90022627366370056	9.4439597053690694	EVALUABLE
7fb6ee36058292df32e6ff929b1965b4e206e9ca1a9a6a91311f888fa9dea388	E0282	true	GL261	G3	c14d5ed0f81e787adc1913c3553bf14df5bb157bc649ea2040ac26996164fde7	14	20	19	20	19	0.57243627337968395	1.671388987518275	EVALUABLE
7fd33ba5419e0a3b7392a2fe79faaffdb379601894595cec0465cdd4b50b40b1	E0026	true	CT2A	C1	bb0ad4b3dca9738ed169d4aae2f4f8fd0949efa9bd105de1d71889a580ae2be8	19	20	19	20	19	0.68694635755278621	4.4063227204848801	EVALUABLE
7fd33ba5419e0a3b7392a2fe79faaffdb379601894595cec0465cdd4b50b40b1	E0026	true	GL261	G2	a5e71df85ff7da9f890eb3cd5dcb2b7117ced118c99b3684ee841000c8e0b65d	13	20	19	20	19	0.999999999999999	1.1350096926307203	EVALUABLE
7ff54346a92f60bacd129a7ed008b921d59b113b5c4cd5fcdddd231450f7800e	E0174	true	CT2A	C5	85c320520e0d98911d2eaf5ef5ed30ace600fd4d9d2db08b51ab8abb34878cae	3	20	19	20	19	0.80745319555156159	5.8216071524628381	EVALUABLE
7ff54346a92f60bacd129a7ed008b921d59b113b5c4cd5fcdddd231450f7800e	E0174	true	GL261	G5	0613270f4140a02dc933da8f58c1eea1dfd57164ef86989cfbd7dbf0d510376d	13	20	19	20	19	0.061202293820025733	1.4039571086164389	EVALUABLE
802ff2bef932a16ecee5a3ada95cad495a920275c8b2b70a9d0bac42b987a977	E0108	true	CT2A	C2	215aaec06194c85fc8915c4bae4f109c54d8498704d0279ad091b0f04037250b	0	20	19	20	19	0.49375223759992343	1.9462170791393989	EVALUABLE
802ff2bef932a16ecee5a3ada95cad495a920275c8b2b70a9d0bac42b987a977	E0108	true	GL261	G4	f6b0f2ba20b13928be8ad57375895f2cc1e549f77dfc7af9607209c545567596	9	20	19	20	19	0.99275356068911413	4.2139513058423352	EVALUABLE
8051ad766113df8bf8a7914a7c3a943b34949f0f0cb6898c9fba9ca79ecf42f5	E0110	true	CT2A	C3	23292304d2d32b2fdbaff4ee52762d292782269c9b4414137b63abfae0a20815	1	20	19	20	19	0.62261415981966151	1.7059374145931341	EVALUABLE
8051ad766113df8bf8a7914a7c3a943b34949f0f0cb6898c9fba9ca79ecf42f5	E0110	true	GL261	G1	4500acff7cff7bd2c0197f246185188706160736fb30b9bd89dc5dc0dd135971	15	20	19	20	19	0.79829538376874565	8.7179706207972192	EVALUABLE
80bc510f7b84f9b0337b7e5c1adf886a651d063df3eddbcd0ea26abc27ad1c21	E0002	true	CT2A	C1	c55c11a6e3dc772e3c2e3b973cfb71fd8e41ddd3aef93d8b8367e17dfca95033	18	20	19	20	19	0.65835440497085429	6.5416641409318803	EVALUABLE
80bc510f7b84f9b0337b7e5c1adf886a651d063df3eddbcd0ea26abc27ad1c21	E0002	true	GL261	G3	488ec8fc3106ead99d811b4bde0838da48763bd7a1999d8f7629a12ed999f37b	17	20	19	20	19	0.88789733193132547	11.984291786848125	EVALUABLE
80e1bbfe86567199fee3e6d06acb3e82a55947acb966cb28e019254746984262	E0128	true	CT2A	C1	820066d04598da3d239f0d23bd4e39ef57a720e88a443581bcf565cd8d99566b	18	20	19	20	19	0.55238913410822499	2.3980810686940357	EVALUABLE
80e1bbfe86567199fee3e6d06acb3e82a55947acb966cb28e019254746984262	E0128	true	GL261	G4	9d089ba3b0e645d3e16cc9b9a500224416307f7ee4379f38d87bf989d2174ec1	19	20	19	20	19	0.43859339085612381	3.1519865593422973	EVALUABLE
80ee53f7f38ccd3824485074a53cd590d82efa8d5f1a03a4876abb6f9ce6ea09	E0118	true	CT2A	C4	337634da0cfd0d1105cf8f37879f1f17ad4596420a8cfced6a550bb4701e5f9e	10	20	19	20	19	0.92293543099908248	14.52889547687907	EVALUABLE
80ee53f7f38ccd3824485074a53cd590d82efa8d5f1a03a4876abb6f9ce6ea09	E0118	true	GL261	G4	f6b0f2ba20b13928be8ad57375895f2cc1e549f77dfc7af9607209c545567596	9	20	19	20	19	0.99275356068911413	4.2139513058423352	EVALUABLE
8131e6031af06f7dbe20ebf027af526e3083de1d5a2061b1db03516aff2b689d	E0164	true	CT2A	C3	7d84eb225b8def23833824a5db45b74528179b1bd889afa1812a7b3af34d5dd1	0	20	19	20	19	0.53409341902407192	2.8372006697777263	EVALUABLE
8131e6031af06f7dbe20ebf027af526e3083de1d5a2061b1db03516aff2b689d	E0164	true	GL261	G5	0613270f4140a02dc933da8f58c1eea1dfd57164ef86989cfbd7dbf0d510376d	13	20	19	20	19	0.061202293820025733	1.4039571086164389	EVALUABLE
8156b525a5ff39f9a4f6e4226b5e6876e364633b1fb70dfe5c4ea194aa052964	E0133	true	CT2A	C2	5e8a0c4892e9698556e454389aaa6a2b6ca7ec28c8f86829df78dbc7a396e38e	2	20	19	20	19	0.92317807412878194	13.559433702547377	EVALUABLE
8156b525a5ff39f9a4f6e4226b5e6876e364633b1fb70dfe5c4ea194aa052964	E0133	true	GL261	G4	9d089ba3b0e645d3e16cc9b9a500224416307f7ee4379f38d87bf989d2174ec1	19	20	19	20	19	0.43859339085612381	3.1519865593422973	EVALUABLE
81bf4f0281acc59913046adb5a99b8e2a2ba545afc05ea0971a41f20076c47db	E0120	true	CT2A	C5	28de38258d03212a0d010bf8ac5b5dd9d5bb9878b0d353e342028da17117a4df	11	20	19	20	19	0.27999945837677576	1.9239119317978395	EVALUABLE
81bf4f0281acc59913046adb5a99b8e2a2ba545afc05ea0971a41f20076c47db	E0120	true	GL261	G1	4500acff7cff7bd2c0197f246185188706160736fb30b9bd89dc5dc0dd135971	15	20	19	20	19	0.79829538376874565	8.7179706207972192	EVALUABLE
8270e1f6a6e8a57afec033882b3aec27baa756847ac041b6d26e52f397c9ba1d	E0290	true	CT2A	C4	7ce358edc3a4bd7c08bb6daaad38e6b004b2499c6d5cdc3112e7a7dfa0faee9a	2	20	19	20	19	0.61772277566274447	4.2136208613917923	EVALUABLE
8270e1f6a6e8a57afec033882b3aec27baa756847ac041b6d26e52f397c9ba1d	E0290	true	GL261	G1	c14d5ed0f81e787adc1913c3553bf14df5bb157bc649ea2040ac26996164fde7	14	20	19	20	19	0.73703050473925968	5.9822042517208249	EVALUABLE
82c7f6aa5b4add10792fb519ada6008a16d0a247b8202c6d04f3921207ff38af	E0394	true	CT2A	C4	7694a9e011d4ebf44d303658c7154c14143b3e30ce56570e30c917120cb8c5fd	11	20	19	20	19	0.87751273387070883	11.839189489820949	EVALUABLE
82c7f6aa5b4add10792fb519ada6008a16d0a247b8202c6d04f3921207ff38af	E0394	true	GL261	G5	2f971692e2765073ae8a6d2f6fd8f4e97e81f95489df3f2946d4c497d94165b9	0	20	19	20	19	0.1358167809974308	1.9198796960994864	EVALUABLE
82d6fed4e8d1d423597cb4ae655147dd6bf2e81f0375bcb73aa8ad5f57275d92	E0365	true	CT2A	C4	f748cd6aeca05446d28a19c599fcdda457fbd8a29c4d8a73e760985713b9f609	1	20	19	20	19	0.99479711934879289	4.2685202784268483	EVALUABLE
82d6fed4e8d1d423597cb4ae655147dd6bf2e81f0375bcb73aa8ad5f57275d92	E0365	true	GL261	G1	5adee773b070f41e31484efe24458fa5c480e0f237b88e9bae1dff6c2c042cf8	3	20	19	20	19	0.91084251286347095	13.790587295408368	EVALUABLE
833e640445124022262d9533313ac780dae57d3d78d5c0c866fd9ceb12a9458b	E0208	true	CT2A	C2	64e14d92b1a5821eccddd0e1e6d5521f0fcaba2977c9eb34cfda886205c3493d	8	20	19	20	19	0.99999982629128847	8.7524334990654555	EVALUABLE
833e640445124022262d9533313ac780dae57d3d78d5c0c866fd9ceb12a9458b	E0208	true	GL261	G4	4f3ac3dd70092e73abd0358812ec03b156828b637df9f9d81f3fa59635a9cea7	2	20	19	20	19	0.89067803121352773	1.0275507880257124	EVALUABLE
835655aef355d048184cb9f141eea7ef7cb81f53ad9c127b5aa005184e2d2bed	E0245	false	CT2A	C5	0ce9f3c2ac8cacca151a431395692262091d1c40960aa953be66fdd4db529db5	17	20	19	20	19	0.18324465145353788	2.042864758125154	EVALUABLE
835655aef355d048184cb9f141eea7ef7cb81f53ad9c127b5aa005184e2d2bed	E0245	false	GL261	G1	d2e77ddb8a929cfcb9b862f9915f2d5a3eb09741f2765ade2b0bcd69a98c741d	12	20	19	20	19	0.93535494386801088	7.9469225727837722	EVALUABLE
83e713117d0d1d96da005e9303322dbdf28a3740fe28fca6e7b5b0d10ce22f99	E0060	true	CT2A	C3	7f09d6185ac5d193185190172ff78a97a79908108e64a74fa9c0e5c5b7a315dc	0	20	19	20	19	0.71612351822062692	1.5118919309756709	EVALUABLE
83e713117d0d1d96da005e9303322dbdf28a3740fe28fca6e7b5b0d10ce22f99	E0060	true	GL261	G1	64ab1614c0c568b77bd29ca3d3623f3ba1823bd3bf91fd0f4dc032039ade4cc3	15	20	19	20	19	0.98942616675924866	6.5004714268505683	EVALUABLE
83e82b8eca961fb285fea927cb7f47a7831fe9a9e7daf488c3bc25f91725e773	E0357	true	CT2A	C2	f715c48d725df09590892b8a0f532f274829fa59347013d5f282226dd527b95b	2	20	19	20	19	0.25842559321173469	1.6970703516408945	EVALUABLE
83e82b8eca961fb285fea927cb7f47a7831fe9a9e7daf488c3bc25f91725e773	E0357	true	GL261	G3	e018e1e85f8fcd168cbc6ae22bdb5fe08a84bcc1860dddccdc6069714a07fba3	13	20	19	20	19	0.90444626483207813	12.736434684371911	EVALUABLE
842b92455fa9a5f9e4cde2707d45241205512f8fb7863990652ef83c42268450	E0012	true	CT2A	C3	9b3eb60c2fcc4a9ae62238b0c2f7954eee420bb3818ca6ad9cbf97843e48628a	0	20	19	20	19	0.64647562658452307	2.2822491552057262	EVALUABLE
842b92455fa9a5f9e4cde2707d45241205512f8fb7863990652ef83c42268450	E0012	true	GL261	G3	bb971fe9fb3473bb385b4892616fc071460ab4db03f08657d16552b3fe5c22c3	12	20	19	20	19	0.93982315130578353	11.819660796055944	EVALUABLE
84488379176496f5b6f18ab5ac49df3065a0ee0d477ca9d404752daad87b724d	E0129	true	CT2A	C1	820066d04598da3d239f0d23bd4e39ef57a720e88a443581bcf565cd8d99566b	18	20	19	20	19	0.55238913410822499	2.3980810686940357	EVALUABLE
84488379176496f5b6f18ab5ac49df3065a0ee0d477ca9d404752daad87b724d	E0129	true	GL261	G5	3112b8d4aded8669cde397953cf284b43fec3262a7981bef090ac70d789c2f05	0	20	19	20	19	0.76385999811615646	7.9874317198998392	EVALUABLE
84492f325715c7cf6b7b130876a950a566eb99c27a85b5d2702ef0472997eab6	E0136	true	CT2A	C3	4eeef1890619aa578845837f43661ee7c19b674ff17bfb6610802a3013e3f2fa	0	20	19	20	19	0.88362330517686327	12.619411189131858	EVALUABLE
84492f325715c7cf6b7b130876a950a566eb99c27a85b5d2702ef0472997eab6	E0136	true	GL261	G2	3112b8d4aded8669cde397953cf284b43fec3262a7981bef090ac70d789c2f05	0	20	19	20	19	0.22428753450047895	2.3032191756163858	EVALUABLE
848dfd55f4ef6ef2e09c2661db8f63d8f4aa065ab4c3c4f3404bc38d119dc159	E0177	false	CT2A	C1	ec713323665316d5b12598b96ce058a5cbd45046ed44f9acd156cf13bb158862	13	20	19	20	19	1	2.9343529233041852	EVALUABLE
848dfd55f4ef6ef2e09c2661db8f63d8f4aa065ab4c3c4f3404bc38d119dc159	E0177	false	GL261	G3	8ecf30a756db2f84cdf96655aeefb4791848aa4abcee2632121fb0bb43d6914f	9	20	19	20	19	0.89674230687852974	2.3129376605668832	EVALUABLE
864aa4da4b5632d276d781bedfd3cbf59457be523524710439674dfa4fff2a18	E0148	true	CT2A	C5	820066d04598da3d239f0d23bd4e39ef57a720e88a443581bcf565cd8d99566b	18	20	19	20	19	0.65467818348992268	2.9534330034816585	EVALUABLE
864aa4da4b5632d276d781bedfd3cbf59457be523524710439674dfa4fff2a18	E0148	true	GL261	G4	9d089ba3b0e645d3e16cc9b9a500224416307f7ee4379f38d87bf989d2174ec1	19	20	19	20	19	0.43859339085612381	3.1519865593422973	EVALUABLE
868bb0dc4a84054f95e33cddce42dab838498c1ce75d6f507b0a03acc0863f62	E0362	true	CT2A	C3	f715c48d725df09590892b8a0f532f274829fa59347013d5f282226dd527b95b	2	20	19	20	19	0.3532561476504924	1.8410145782798246	EVALUABLE
868bb0dc4a84054f95e33cddce42dab838498c1ce75d6f507b0a03acc0863f62	E0362	true	GL261	G3	56f49755ad9fd488da413cdefefa89f19e6d4469948128c282c57ff52fb461d5	4	20	19	20	19	0.89819092377850596	12.807045251031706	EVALUABLE
868ff9002da1b7c746e1565e29dcc432f9b1c33bc97f3e6d1db41ae3f70b0bd7	E0231	true	CT2A	C2	0ce9f3c2ac8cacca151a431395692262091d1c40960aa953be66fdd4db529db5	17	20	19	20	19	0.7910371031772464	6.3155281110141379	EVALUABLE
868ff9002da1b7c746e1565e29dcc432f9b1c33bc97f3e6d1db41ae3f70b0bd7	E0231	true	GL261	G2	1e4730ea84327c2af00f7bf39dfe64b793d2c667d11063277acbba44643bb602	10	20	19	20	19	0.99999087853741708	2.3639644488789711	EVALUABLE
87cfd70c756022fefa5031ac40a800a4c2084a9a72572b8f038fdacd5593b313	E0154	true	CT2A	C1	cc54b24afa3a8b0db325b37ba076ef5e11869c45d58d69da37b8bcf5223865f5	17	20	19	20	19	0.89593908590490057	12.333690102438435	EVALUABLE
87cfd70c756022fefa5031ac40a800a4c2084a9a72572b8f038fdacd5593b313	E0154	true	GL261	G5	0613270f4140a02dc933da8f58c1eea1dfd57164ef86989cfbd7dbf0d510376d	13	20	19	20	19	0.061202293820025733	1.4039571086164389	EVALUABLE
87e374560a68d6bba7fd02a72724ab1da79fa040d58fd4c54abb11251bfe21c7	E0093	true	CT2A	C4	aea3a41483799622bd3b3a2a0650bf7c51696eb5f00fff1b0bcf6f837c40d54a	0	20	19	20	19	0.99756471576856043	5.5909369723251272	EVALUABLE
87e374560a68d6bba7fd02a72724ab1da79fa040d58fd4c54abb11251bfe21c7	E0093	true	GL261	G4	1da91e6cbc1ec44f0d5dcba4f1de73f1c00882c5b1d520c8967a9b59c82629c7	15	20	19	20	19	0.86988592856223323	7.4465160171247939	EVALUABLE
87f6cc181df8d35e907d20f575fbc59c0338e502acdb3c14ca1e57178f18ea92	E0020	true	CT2A	C5	c55c11a6e3dc772e3c2e3b973cfb71fd8e41ddd3aef93d8b8367e17dfca95033	18	20	19	20	19	0.87409937016018613	12.107635466288084	EVALUABLE
87f6cc181df8d35e907d20f575fbc59c0338e502acdb3c14ca1e57178f18ea92	E0020	true	GL261	G1	1ea47774d2d57dd56364d073a09b722eb9a57b76f852434934514136b5d1c293	1	20	19	20	19	0.89952205654392836	9.2312515652604414	EVALUABLE
88206d77ea4a05305e7079620f791c8c787e933e7ca71931b416131e9503d38e	E0226	true	CT2A	C1	0ce9f3c2ac8cacca151a431395692262091d1c40960aa953be66fdd4db529db5	17	20	19	20	19	0.15492668498694406	2.0281460195970875	EVALUABLE
88206d77ea4a05305e7079620f791c8c787e933e7ca71931b416131e9503d38e	E0226	true	GL261	G2	005bcffdca6d9ad2654d0fdf416bb93ff2fd7caea8656ea89564927e99c3d4da	3	20	19	20	19	0.99999925900101228	2.3640040711805224	EVALUABLE
884ee1100343a54ac2373718d1a52bd52596926f0c3814cdd953b897609ebac3	E0338	true	CT2A	C3	73800d86c4f889eaf4f5923c873981e1547c7ce8918bcad431aebb6957e65d8f	1	20	19	20	19	0.70000038358131655	3.4317647739111701	EVALUABLE
884ee1100343a54ac2373718d1a52bd52596926f0c3814cdd953b897609ebac3	E0338	true	GL261	G4	1cd860a2429f051cd189f97b8ee6cd1f9b1fb1288a2d4b3c67e118e3ffcc8e3f	1	20	19	20	19	0.26527689013154915	1.0100384212738058	EVALUABLE
8926d51d566de5593011f6df232b3c772d78339c62df2fc31f6a5b30be0dfe91	E0375	true	CT2A	C1	93bcac7a72697a36bd2ebdfcfec80d11ce9ecaab48365dbcfddc2af85158d388	19	20	19	20	19	0.99999999999999944	1.0033620860714145	EVALUABLE
8926d51d566de5593011f6df232b3c772d78339c62df2fc31f6a5b30be0dfe91	E0375	true	GL261	G1	5a5cf99d6f8010ddefea6328d295b132f1e3bd6948dec2cdfdd312ee66482068	11	20	19	20	19	0.90124690995455936	10.494780504640811	EVALUABLE
8988c5146db81d49249f452be396841ad58e770422b6070d1a38132eee7d1f08	E0285	true	CT2A	C3	0a95f91928ebf23599e2fd99cce9339024b168bc277b7ee6b223dfc5b37da8df	10	20	19	20	19	0.87941744677291489	9.4422376213259636	EVALUABLE
8988c5146db81d49249f452be396841ad58e770422b6070d1a38132eee7d1f08	E0285	true	GL261	G1	c14d5ed0f81e787adc1913c3553bf14df5bb157bc649ea2040ac26996164fde7	14	20	19	20	19	0.73703050473925968	5.9822042517208249	EVALUABLE
89ce0157142f9d2ac14707c0c4ade37cccec9aaa2e6298edada8a3a22410e639	E0000	true	CT2A	C1	c55c11a6e3dc772e3c2e3b973cfb71fd8e41ddd3aef93d8b8367e17dfca95033	18	20	19	20	19	0.65835440497085429	6.5416641409318803	EVALUABLE
89ce0157142f9d2ac14707c0c4ade37cccec9aaa2e6298edada8a3a22410e639	E0000	true	GL261	G1	75e0749c689cdf40549186cc03b478b56fab8ea8173a79eed5e10003a7a22fdf	4	20	19	20	19	0.84446622818778316	9.6947974821212188	EVALUABLE
89e256e33e2f4195bbb57bc0c2a4bc44ed684b3b9c646034eb8148e0e9e082cf	E0200	true	CT2A	C1	4989824e2df2467b6e60573ab17ca31c35d0a30f6e54c8dfeb87847ca960b723	17	20	19	20	19	0.99994589865669214	1.1078820071869331	EVALUABLE
89e256e33e2f4195bbb57bc0c2a4bc44ed684b3b9c646034eb8148e0e9e082cf	E0200	true	GL261	G1	dcd23c7687b7a968c63bb9675ce7906f58320bde6bc3bfbab7121eccb9334be0	14	20	19	20	19	0.676120036529681	3.0473515139001148	EVALUABLE
89fb074e232fc24dde76b284d8b672f9ac8ca2754009ddc38fc15c32921f751b	E0189	true	CT2A	C3	f644340953d72bb12da093189853db0ff0fc86bb66134a4f3d0a44308555f75e	1	20	19	20	19	0.9999999999999899	6.4644117373308072	EVALUABLE
89fb074e232fc24dde76b284d8b672f9ac8ca2754009ddc38fc15c32921f751b	E0189	true	GL261	G5	9479e42871e312cc9e8045bad83182066b1281c061fdcd80c3da7974e75e1d5d	1	20	19	20	19	0.77322648384658621	3.9303193110528754	EVALUABLE
8a9fbebb036fe4f80be8245afe6c8534eb9d5ad5f29152d04ed2e374e21b9b7b	E0126	true	CT2A	C1	820066d04598da3d239f0d23bd4e39ef57a720e88a443581bcf565cd8d99566b	18	20	19	20	19	0.55238913410822499	2.3980810686940357	EVALUABLE
8a9fbebb036fe4f80be8245afe6c8534eb9d5ad5f29152d04ed2e374e21b9b7b	E0126	true	GL261	G2	3112b8d4aded8669cde397953cf284b43fec3262a7981bef090ac70d789c2f05	0	20	19	20	19	0.22428753450047895	2.3032191756163858	EVALUABLE
8af1b6c848b2b268d50be7a15b7fd33634c80a34996565062bed9b1bcfb2f9ef	E0333	true	CT2A	C2	73800d86c4f889eaf4f5923c873981e1547c7ce8918bcad431aebb6957e65d8f	1	20	19	20	19	0.96539067039799076	2.688256588130622	EVALUABLE
8af1b6c848b2b268d50be7a15b7fd33634c80a34996565062bed9b1bcfb2f9ef	E0333	true	GL261	G4	1cd860a2429f051cd189f97b8ee6cd1f9b1fb1288a2d4b3c67e118e3ffcc8e3f	1	20	19	20	19	0.26527689013154915	1.0100384212738058	EVALUABLE
8b49ecdaa6ccf5d85d68cfc9e0abe191196570d5d8e273102fd9aee2ec4ff882	E0199	true	CT2A	C5	ec713323665316d5b12598b96ce058a5cbd45046ed44f9acd156cf13bb158862	13	20	19	20	19	0.999999999976805	4.0846517620550413	EVALUABLE
8b49ecdaa6ccf5d85d68cfc9e0abe191196570d5d8e273102fd9aee2ec4ff882	E0199	true	GL261	G5	6c445f147e2f7e3a54f0c9c73565e6907f851295c004439051772255ab91a584	2	20	19	20	19	0.80856856977555591	3.917215014418836	EVALUABLE
8bbcc023b65feb5bc1b454a560c545bd21b25b81abd701a6b4b921cd0c4dea7a	E0115	true	CT2A	C4	b329f0fd2be35ea618be2d80915238663395d1f9ea256684680fd3e9e29b07b1	13	20	19	20	19	0.88528734764019579	15.24517907446095	EVALUABLE
8bbcc023b65feb5bc1b454a560c545bd21b25b81abd701a6b4b921cd0c4dea7a	E0115	true	GL261	G1	4500acff7cff7bd2c0197f246185188706160736fb30b9bd89dc5dc0dd135971	15	20	19	20	19	0.79829538376874565	8.7179706207972192	EVALUABLE
8bff60f291eea10605bf708c552d06329a56d4f5dba09124d7efffb8cec96482	E0344	true	CT2A	C4	0508eab71a0004ea418e21afa788f5650366bde4b6f23c738ca6f77ea3989883	4	20	19	20	19	0.92087458329280547	10.301851308858792	EVALUABLE
8bff60f291eea10605bf708c552d06329a56d4f5dba09124d7efffb8cec96482	E0344	true	GL261	G5	ff08294218c297aa70d51d53f700660a24a0daa0e1e0239b74f592559b440776	0	20	19	20	19	0.77537235437434193	1.0000000581670687	EVALUABLE
8c3e1be5e202016273064de171788e383910767768a8387e267b211d8bb83689	E0100	true	CT2A	C1	28de38258d03212a0d010bf8ac5b5dd9d5bb9878b0d353e342028da17117a4df	11	20	19	20	19	0.057580486024639263	1.2921043613208014	EVALUABLE
8c3e1be5e202016273064de171788e383910767768a8387e267b211d8bb83689	E0100	true	GL261	G1	4500acff7cff7bd2c0197f246185188706160736fb30b9bd89dc5dc0dd135971	15	20	19	20	19	0.79829538376874565	8.7179706207972192	EVALUABLE
8c8f383aeb45284437c487ae4c066577f7b0f409efb3be7945d90ce07521782b	E0047	true	CT2A	C5	dbd76666b3084fdec6b1c3315b220417ef6d15d44a34b19cb92d68548716b4ce	6	20	19	20	19	0.8923168525155164	8.4446985005009783	EVALUABLE
8c8f383aeb45284437c487ae4c066577f7b0f409efb3be7945d90ce07521782b	E0047	true	GL261	G3	5f016d2a7e8c0ca9be2a0c7a65b58b776f02175e7864b34d3b8946ee4f826f29	16	20	19	20	19	0.59002760960348055	3.5461472373123324	EVALUABLE
8cf06a6028b24dd43061c2f841ac73fcfc56630ee89beef7660619064fd9b32d	E0158	true	CT2A	C2	7d84eb225b8def23833824a5db45b74528179b1bd889afa1812a7b3af34d5dd1	0	20	19	20	19	0.26495617064923199	2.1960015042847636	EVALUABLE
8cf06a6028b24dd43061c2f841ac73fcfc56630ee89beef7660619064fd9b32d	E0158	true	GL261	G4	e1e50204cde2f03790a3f2e74f66636d0dd7fd397ae5d4775dd61d74ccce0b76	19	20	19	20	19	0.90789071645032871	9.7733951351216852	EVALUABLE
8cf923da319f28e031c4a0f1a417ce44fe1e59e79f8cc04c858ea1299f3e4da5	E0221	true	CT2A	C5	4989824e2df2467b6e60573ab17ca31c35d0a30f6e54c8dfeb87847ca960b723	17	20	19	20	19	0.99846671377486551	1.2995544701729642	EVALUABLE
8cf923da319f28e031c4a0f1a417ce44fe1e59e79f8cc04c858ea1299f3e4da5	E0221	true	GL261	G2	0af4d52ceb5c7b84765092ebe689361bf969900f21c30351e6dea4de03bed02b	12	20	19	20	19	0.99999999956458707	7.3443141879812259	EVALUABLE
8d502fe626ade4f8f6bb86b303162d838dc55be63c36697db53df7478d886144	E0040	true	CT2A	C4	102f69f6fa8557e4e0067accc8216a851f9d96d112c3c1db033468920969167f	3	20	19	20	19	0.80726985679818852	5.2787034451665855	EVALUABLE
8d502fe626ade4f8f6bb86b303162d838dc55be63c36697db53df7478d886144	E0040	true	GL261	G1	0308b03c63fd48d3db330aba47bb6377597fe3ec4b11a4a9ba445a8f52049244	19	20	19	20	19	0.90627601706676597	11.479750358768747	EVALUABLE
8e61f3820a489e581d1dba0057d369d02cdc298a2b468f2e22ac01d8d93bed5f	E0193	true	CT2A	C4	394141b54352b224fc28580e817bd9529f6dc079245ece8a8f28d24752b5d692	14	20	19	20	19	0.90249969644004435	9.1796327317633946	EVALUABLE
8e61f3820a489e581d1dba0057d369d02cdc298a2b468f2e22ac01d8d93bed5f	E0193	true	GL261	G4	8ecf30a756db2f84cdf96655aeefb4791848aa4abcee2632121fb0bb43d6914f	9	20	19	20	19	0.99991216885290002	1.4633809405549494	EVALUABLE
8efefed74fd433f1328ce08dd5cc02f32f48ca49644a95a28289c3601d82731f	E0208	true	CT2A	C2	4989824e2df2467b6e60573ab17ca31c35d0a30f6e54c8dfeb87847ca960b723	17	20	19	20	19	0.84889384279582092	7.8824570994719929	EVALUABLE
8efefed74fd433f1328ce08dd5cc02f32f48ca49644a95a28289c3601d82731f	E0208	true	GL261	G4	dcd23c7687b7a968c63bb9675ce7906f58320bde6bc3bfbab7121eccb9334be0	14	20	19	20	19	0.12142646140811339	1.2188510589131003	EVALUABLE
8f19763e64bf05b167761e2938525f29b634375e1e8952a9d64a75ad3ee7d48f	E0123	true	CT2A	C5	28de38258d03212a0d010bf8ac5b5dd9d5bb9878b0d353e342028da17117a4df	11	20	19	20	19	0.27999945837677576	1.9239119317978395	EVALUABLE
8f19763e64bf05b167761e2938525f29b634375e1e8952a9d64a75ad3ee7d48f	E0123	true	GL261	G4	4fba6da4fbc50c929ab024c1efd668b46f3e343b86e1bc30479554e6bd9d17c5	7	20	19	20	19	0.99856880227640643	4.2625442323900966	EVALUABLE
8f471ec64501f149ae7edb53f707c9f2c106ab71416c1db757a335e38e524070	E0355	true	CT2A	C2	f715c48d725df09590892b8a0f532f274829fa59347013d5f282226dd527b95b	2	20	19	20	19	0.25842559321173469	1.6970703516408945	EVALUABLE
8f471ec64501f149ae7edb53f707c9f2c106ab71416c1db757a335e38e524070	E0355	true	GL261	G1	5adee773b070f41e31484efe24458fa5c480e0f237b88e9bae1dff6c2c042cf8	3	20	19	20	19	0.91084251286347095	13.790587295408368	EVALUABLE
8f8d42b1b07fa88761d41e01d449200e658ec9f32bba9720fb55a93e454a51e3	E0362	true	CT2A	C3	f715c48d725df09590892b8a0f532f274829fa59347013d5f282226dd527b95b	2	20	19	20	19	0.3532561476504924	1.8410145782798246	EVALUABLE
8f8d42b1b07fa88761d41e01d449200e658ec9f32bba9720fb55a93e454a51e3	E0362	true	GL261	G3	e018e1e85f8fcd168cbc6ae22bdb5fe08a84bcc1860dddccdc6069714a07fba3	13	20	19	20	19	0.90444626483207813	12.736434684371911	EVALUABLE
8fd9f062d2ccc786342c948fcaf4680293a36a1141089261a3e22f3d8fb3bef7	E0017	true	CT2A	C4	55c97010acdd0cdc52f98f416746a96a3e453dfff25d0e9f08e270f4213bea20	1	20	19	20	19	0.90369064979500313	15.063849350036293	EVALUABLE
8fd9f062d2ccc786342c948fcaf4680293a36a1141089261a3e22f3d8fb3bef7	E0017	true	GL261	G3	9b4dfe2ea6cf46ea72d0be1eb2199b4905b978c9c0654eaa8dc8492982ab6f48	8	20	19	20	19	0.90613423396514281	11.807439847295088	EVALUABLE
904008da7984a24e43bcf9acf39d0f99cb597b67b97723f9a25d150ace34ac19	E0002	true	CT2A	C1	c55c11a6e3dc772e3c2e3b973cfb71fd8e41ddd3aef93d8b8367e17dfca95033	18	20	19	20	19	0.65835440497085429	6.5416641409318803	EVALUABLE
904008da7984a24e43bcf9acf39d0f99cb597b67b97723f9a25d150ace34ac19	E0002	true	GL261	G3	9b4dfe2ea6cf46ea72d0be1eb2199b4905b978c9c0654eaa8dc8492982ab6f48	8	20	19	20	19	0.90613423396514281	11.807439847295088	EVALUABLE
90a2869c392761e67e41ffe5578b57e464345088e1dded11f091c5808b60a0f5	E0233	true	CT2A	C2	0ce9f3c2ac8cacca151a431395692262091d1c40960aa953be66fdd4db529db5	17	20	19	20	19	0.7910371031772464	6.3155281110141379	EVALUABLE
90a2869c392761e67e41ffe5578b57e464345088e1dded11f091c5808b60a0f5	E0233	true	GL261	G4	d2e77ddb8a929cfcb9b862f9915f2d5a3eb09741f2765ade2b0bcd69a98c741d	12	20	19	20	19	0.99999904744422774	3.0777685501040604	EVALUABLE
90beefb23dadb3f4627b76eeb2ea17713642549aab0f105645e562ebf7e19e53	E0144	true	CT2A	C4	820066d04598da3d239f0d23bd4e39ef57a720e88a443581bcf565cd8d99566b	18	20	19	20	19	0.98148657114692928	15.728558157498551	EVALUABLE
90beefb23dadb3f4627b76eeb2ea17713642549aab0f105645e562ebf7e19e53	E0144	true	GL261	G5	3112b8d4aded8669cde397953cf284b43fec3262a7981bef090ac70d789c2f05	0	20	19	20	19	0.76385999811615646	7.9874317198998392	EVALUABLE
90d9790590ad4e3658fa38b52b8105ccc297f1fba2c77160134f0e876746eb9e	E0303	true	CT2A	C1	d9bee4ec9dc9d1f3876c1811fcf6f8d020989bd2af3231c4cdaa3df2bbdcd555	16	20	19	20	19	0.99999999999779754	1.658449000428794	EVALUABLE
90d9790590ad4e3658fa38b52b8105ccc297f1fba2c77160134f0e876746eb9e	E0303	true	GL261	G4	56619b4e4e6013ca0ea5dfecefc8a41771a2787473f82472dde4086101e026ce	1	20	19	20	19	0.4864192523306799	1.0926497642978019	EVALUABLE
916c4e10897231073872379219bc5377d9d299d50509d8c194530c2d5d104539	E0383	true	CT2A	C2	e0894b04544dae489a65af0d3d2e6b796b8d625f6b5e2a273115d0c767e3e693	6	20	19	20	19	0.53126210253765305	1.8165382131854215	EVALUABLE
916c4e10897231073872379219bc5377d9d299d50509d8c194530c2d5d104539	E0383	true	GL261	G4	4aef105489baf9bef63ed97725d1de0a50cea4bd591f4c627ed30ca8b0d0f088	3	20	19	20	19	0.83876460001157405	6.585951715414093	EVALUABLE
91d7acb99d02db434d3c1e17df992d8533f79f01a346002b1782b3893d7dd0e7	E0141	true	CT2A	C4	820066d04598da3d239f0d23bd4e39ef57a720e88a443581bcf565cd8d99566b	18	20	19	20	19	0.98148657114692928	15.728558157498551	EVALUABLE
91d7acb99d02db434d3c1e17df992d8533f79f01a346002b1782b3893d7dd0e7	E0141	true	GL261	G2	3112b8d4aded8669cde397953cf284b43fec3262a7981bef090ac70d789c2f05	0	20	19	20	19	0.22428753450047895	2.3032191756163858	EVALUABLE
92494186815b0a44b4820b2b1ad42d85c8b24a5316b40e540410d5ecb8a53281	E0170	true	CT2A	C5	652d4fa99bc208956b898fae76f9f32fe69a417d4073ce7544aad1ca9cc48dfb	2	20	19	20	19	0.81577552036783429	5.7803901139013112	EVALUABLE
92494186815b0a44b4820b2b1ad42d85c8b24a5316b40e540410d5ecb8a53281	E0170	true	GL261	G1	e1e50204cde2f03790a3f2e74f66636d0dd7fd397ae5d4775dd61d74ccce0b76	19	20	19	20	19	0.831584981465747	11.881877309735335	EVALUABLE
92dc042e9fddb95841d7a41b9d8e9c6709ffb1c5522ce606c0226e015edb0e16	E0145	true	CT2A	C5	820066d04598da3d239f0d23bd4e39ef57a720e88a443581bcf565cd8d99566b	18	20	19	20	19	0.65467818348992268	2.9534330034816585	EVALUABLE
92dc042e9fddb95841d7a41b9d8e9c6709ffb1c5522ce606c0226e015edb0e16	E0145	true	GL261	G1	9d089ba3b0e645d3e16cc9b9a500224416307f7ee4379f38d87bf989d2174ec1	19	20	19	20	19	0.8315796582305508	11.301590392667318	EVALUABLE
92dfe1ebd19610acd124ec470b5513e87b64609ec6fe24fcc29e1003681a3b72	E0170	true	CT2A	C5	85c320520e0d98911d2eaf5ef5ed30ace600fd4d9d2db08b51ab8abb34878cae	3	20	19	20	19	0.80745319555156159	5.8216071524628381	EVALUABLE
92dfe1ebd19610acd124ec470b5513e87b64609ec6fe24fcc29e1003681a3b72	E0170	true	GL261	G1	e1e50204cde2f03790a3f2e74f66636d0dd7fd397ae5d4775dd61d74ccce0b76	19	20	19	20	19	0.831584981465747	11.881877309735335	EVALUABLE
92eeedd667bbab0a161b6b95e66a486b946265715ce60226eabadb98836a1910	E0276	true	CT2A	C1	7ce358edc3a4bd7c08bb6daaad38e6b004b2499c6d5cdc3112e7a7dfa0faee9a	2	20	19	20	19	0.15206256118401135	1.1475016284711637	EVALUABLE
92eeedd667bbab0a161b6b95e66a486b946265715ce60226eabadb98836a1910	E0276	true	GL261	G2	c354317cd806dd34207a630229a6ec6bd2b4c05b4ec94d341d3e30951308f2a8	13	20	19	20	19	0.99999999999470868	3.0409032947961685	EVALUABLE
931a9d00e64246f085489aa6b60fc5a9ad122e7a0c1ca692007f8de51503bae6	E0119	true	CT2A	C4	337634da0cfd0d1105cf8f37879f1f17ad4596420a8cfced6a550bb4701e5f9e	10	20	19	20	19	0.92293543099908248	14.52889547687907	EVALUABLE
931a9d00e64246f085489aa6b60fc5a9ad122e7a0c1ca692007f8de51503bae6	E0119	true	GL261	G5	f88bd6cf2efb8f44e7d076dd701147d46987ae954fb4b6708b6977e588db41be	0	20	19	20	19	0.9999992402763398	2.3153608645961747	EVALUABLE
9348f9ab7158e756847e588b211cbbb5b33f12d37ac69c6c4ea4fdfef0d562c5	E0240	true	CT2A	C4	0ce9f3c2ac8cacca151a431395692262091d1c40960aa953be66fdd4db529db5	17	20	19	20	19	0.62705396021446014	4.651094656023762	EVALUABLE
9348f9ab7158e756847e588b211cbbb5b33f12d37ac69c6c4ea4fdfef0d562c5	E0240	true	GL261	G1	d2e77ddb8a929cfcb9b862f9915f2d5a3eb09741f2765ade2b0bcd69a98c741d	12	20	19	20	19	0.93535494386801088	7.9469225727837722	EVALUABLE
938b38a88efd680783d47a3c0bbac06ba1d6632042ea412a7284b9baa1d87e18	E0092	true	CT2A	C4	aea3a41483799622bd3b3a2a0650bf7c51696eb5f00fff1b0bcf6f837c40d54a	0	20	19	20	19	0.99756471576856043	5.5909369723251272	EVALUABLE
938b38a88efd680783d47a3c0bbac06ba1d6632042ea412a7284b9baa1d87e18	E0092	true	GL261	G3	5aa9dfc3f05d4356dd4aae2f9affd61bee89f17b06004e56c2253e057c5d0c49	19	20	19	20	19	0.8929223799071766	7.0399935625138861	EVALUABLE
93cf426cd0de1649f321f9e451bff90a8489459fc5ffde6ba5961dc444744b6d	E0039	true	CT2A	C3	593312d7347feeecef6821743059de3d62c9a9e7bc1e0d7af7214fa92b03e33f	4	20	19	20	19	0.76269972030191713	2.7732478678107122	EVALUABLE
93cf426cd0de1649f321f9e451bff90a8489459fc5ffde6ba5961dc444744b6d	E0039	true	GL261	G5	a5e71df85ff7da9f890eb3cd5dcb2b7117ced118c99b3684ee841000c8e0b65d	13	20	19	20	19	0.9999999779706501	1.8329697236113456	EVALUABLE
93f08932eb4fd5994b6fd83d74bd1d1bb00e592f7eca3f4f57056cd0ad459561	E0209	true	CT2A	C2	11f63e714d51958df651c04076bd5d7f5a2734e4e267f5aec63142685b555224	7	20	19	20	19	0.84972466661887325	7.8763213189171815	EVALUABLE
93f08932eb4fd5994b6fd83d74bd1d1bb00e592f7eca3f4f57056cd0ad459561	E0209	true	GL261	G5	a7e9e73c64d9d3f1375205efa617218792e4925fade6c0b5b1060f1e99eea4db	15	20	19	20	19	0.91007647040595097	8.4861145113128824	EVALUABLE
941e1048d0b40cd053cb9634b1655125f830d6140abe771be0fa8251fb64c501	E0327	true	CT2A	C1	e2b2ddf86ed085b30c97911b98143c20b673b5444e88af92be27d19bc9e34b8b	14	20	19	20	19	0.52899796415699119	5.171874048838764	EVALUABLE
941e1048d0b40cd053cb9634b1655125f830d6140abe771be0fa8251fb64c501	E0327	true	GL261	G3	c39666cec50f85c68c411fb7f35fd14dc87818c4e5eb5dcffc093c106d19e93d	12	20	19	20	19	0.87463438005981209	9.7965407497408883	EVALUABLE
9460a6fcc38a53c52d62ca7584fc2d5ff65d0e2a9d4160f355216ff4199166a3	E0323	true	CT2A	C5	ed0c17f7a22a64be5862f52a396317f78e98d4489d5d4467a22d858c65d1c63f	9	20	19	20	19	0.99999999958959696	2.8887617742344656	EVALUABLE
9460a6fcc38a53c52d62ca7584fc2d5ff65d0e2a9d4160f355216ff4199166a3	E0323	true	GL261	G4	4a2fb998e907a76d9911c65dc23b53d134425ac6130d04103f1e03f7be8c05b6	0	20	19	20	19	0.53515954433333701	1.0838891384123626	EVALUABLE
947afb3ef9dc2f5c09991b516045c1819b9d5d0eb665c2060e39fbf689949ce9	E0198	true	CT2A	C5	ec713323665316d5b12598b96ce058a5cbd45046ed44f9acd156cf13bb158862	13	20	19	20	19	0.999999999976805	4.0846517620550413	EVALUABLE
947afb3ef9dc2f5c09991b516045c1819b9d5d0eb665c2060e39fbf689949ce9	E0198	true	GL261	G4	8ecf30a756db2f84cdf96655aeefb4791848aa4abcee2632121fb0bb43d6914f	9	20	19	20	19	0.99991216885290002	1.4633809405549494	EVALUABLE
94912240ab8602be97790e0087c46d89c7b61c65d0bfa91bb3495756ebef487d	E0179	true	CT2A	C1	ec713323665316d5b12598b96ce058a5cbd45046ed44f9acd156cf13bb158862	13	20	19	20	19	1	2.9343529233041852	EVALUABLE
94912240ab8602be97790e0087c46d89c7b61c65d0bfa91bb3495756ebef487d	E0179	true	GL261	G5	6c445f147e2f7e3a54f0c9c73565e6907f851295c004439051772255ab91a584	2	20	19	20	19	0.80856856977555591	3.917215014418836	EVALUABLE
94fcea6f6c7b5923318dc72dc880538a982f86e60d266de82b9551e3209b8369	E0153	true	CT2A	C1	f6c6381dd019c536c97d40a0b4e86571772940c92642a97185ad8e44114166ba	14	20	19	20	19	0.94932423215331674	12.287679956407631	EVALUABLE
94fcea6f6c7b5923318dc72dc880538a982f86e60d266de82b9551e3209b8369	E0153	true	GL261	G4	e1e50204cde2f03790a3f2e74f66636d0dd7fd397ae5d4775dd61d74ccce0b76	19	20	19	20	19	0.90789071645032871	9.7733951351216852	EVALUABLE
951c5781a78d536df3b94b8e7cc012f43550aebd71cc707665f3c52076f9997a	E0340	true	CT2A	C4	cdb7fb3b6973618b48e76861beeecf354fd3801d6426160c52656468ed7f7bd7	5	20	19	20	19	0.93804689506730987	10.384036183378074	EVALUABLE
951c5781a78d536df3b94b8e7cc012f43550aebd71cc707665f3c52076f9997a	E0340	true	GL261	G1	0d37965ea995985f614ffc8e8261127f65775a5f6e502c959cba7441f181e37a	3	20	19	20	19	0.94310933529352581	9.5221621289824725	EVALUABLE
95536016819d1ee506b4d80c24df3a78d210b3a26fa7b42796080c368f71e0f4	E0286	true	CT2A	C3	1f934b3dc4f2e9a459543f2b3f436ecc7f80c3d79a147a95a65090f563b3f59c	17	20	19	20	19	0.96689693828154299	9.8047956301186794	EVALUABLE
95536016819d1ee506b4d80c24df3a78d210b3a26fa7b42796080c368f71e0f4	E0286	true	GL261	G2	c354317cd806dd34207a630229a6ec6bd2b4c05b4ec94d341d3e30951308f2a8	13	20	19	20	19	0.99999999999470868	3.0409032947961685	EVALUABLE
9594bb8bd808d94a1096e39368896a48153fc5165b26b283f36d2b80b1f6e54e	E0272	true	CT2A	C5	227fe4afb2202ead22ee9d269e9306fc1462f44fe8ea75b1015ef56783db29e3	3	20	19	20	19	0.047818842751589263	1.0776783201655145	EVALUABLE
9594bb8bd808d94a1096e39368896a48153fc5165b26b283f36d2b80b1f6e54e	E0272	true	GL261	G3	deff62e02ba886762368ef91d7c5a863a4429df48e2f355d224c8d1fd18fccdc	11	20	19	20	19	0.63175880615596414	1.0057999553575281	EVALUABLE
96443f8043b284091d787b080e396d8fb389c9091cc56ba1244288616468614d	E0305	true	CT2A	C2	646a5c644a59a85946ca3a5bdaa04f073d39a57cae74abbda4fc566e8f03094d	1	20	19	20	19	0.00016887770906388815	1.0171950491117938	EVALUABLE
96443f8043b284091d787b080e396d8fb389c9091cc56ba1244288616468614d	E0305	true	GL261	G1	a021d2219926286c3dcb59d412f56541cd3c639b9f8cb9f9f544799ca8c41349	3	20	19	20	19	0.8883964478446188	12.076105817838981	EVALUABLE
966c13ebb1797bd5bad5587caf5ce4e258401436fa2dcfba6168fce19e31cddc	E0020	true	CT2A	C5	c55c11a6e3dc772e3c2e3b973cfb71fd8e41ddd3aef93d8b8367e17dfca95033	18	20	19	20	19	0.87409937016018613	12.107635466288084	EVALUABLE
966c13ebb1797bd5bad5587caf5ce4e258401436fa2dcfba6168fce19e31cddc	E0020	true	GL261	G1	32eee7f3879ac12eb2555790d4a68384c8aae85601ce98f8f7c8ad3733eb50c7	3	20	19	20	19	0.84711363588310407	9.6485764507366323	EVALUABLE
9729a61be6dd89bcf8ff4c9343c04acc74eb3f279f11a5903beace98faa5585e	E0224	true	CT2A	C5	4989824e2df2467b6e60573ab17ca31c35d0a30f6e54c8dfeb87847ca960b723	17	20	19	20	19	0.99846671377486551	1.2995544701729642	EVALUABLE
9729a61be6dd89bcf8ff4c9343c04acc74eb3f279f11a5903beace98faa5585e	E0224	true	GL261	G5	4f3ac3dd70092e73abd0358812ec03b156828b637df9f9d81f3fa59635a9cea7	2	20	19	20	19	0.95903429990514	8.8430904640075259	EVALUABLE
974768804e68d68b064e6c89e7ffbcaeed5ac6e0b1da07f46b4aac753a1ae800	E0041	true	CT2A	C4	102f69f6fa8557e4e0067accc8216a851f9d96d112c3c1db033468920969167f	3	20	19	20	19	0.80726985679818852	5.2787034451665855	EVALUABLE
974768804e68d68b064e6c89e7ffbcaeed5ac6e0b1da07f46b4aac753a1ae800	E0041	true	GL261	G2	a5e71df85ff7da9f890eb3cd5dcb2b7117ced118c99b3684ee841000c8e0b65d	13	20	19	20	19	0.999999999999999	1.1350096926307203	EVALUABLE
97ed71b21fc0e9f1f0bd08a1df399efced2c960188d41190c8c4625f3dc29dcd	E0173	true	CT2A	C5	85c320520e0d98911d2eaf5ef5ed30ace600fd4d9d2db08b51ab8abb34878cae	3	20	19	20	19	0.80745319555156159	5.8216071524628381	EVALUABLE
97ed71b21fc0e9f1f0bd08a1df399efced2c960188d41190c8c4625f3dc29dcd	E0173	true	GL261	G4	e1e50204cde2f03790a3f2e74f66636d0dd7fd397ae5d4775dd61d74ccce0b76	19	20	19	20	19	0.90789071645032871	9.7733951351216852	EVALUABLE
97fd204087e7d40b18ace68a36117591b55069083d07abff6e9abbde6262ec34	E0149	true	CT2A	C5	820066d04598da3d239f0d23bd4e39ef57a720e88a443581bcf565cd8d99566b	18	20	19	20	19	0.65467818348992268	2.9534330034816585	EVALUABLE
97fd204087e7d40b18ace68a36117591b55069083d07abff6e9abbde6262ec34	E0149	true	GL261	G5	9682660a50469ade3f195ee6115a3171f28ffef445fb4c45525fae47b6275e60	2	20	19	20	19	0.90918919852013924	6.8562302388749172	EVALUABLE
981687f9eeeaf1304e35573cd782f745b2f23fb75e287745deb5aae53c8d2e83	E0045	true	CT2A	C5	cd8dede3811381f4aad4557d5a03bbea6546afbcf95768c05ee64bcdeb6b9c24	7	20	19	20	19	0.91180042333096945	8.4744781055348479	EVALUABLE
981687f9eeeaf1304e35573cd782f745b2f23fb75e287745deb5aae53c8d2e83	E0045	true	GL261	G1	0308b03c63fd48d3db330aba47bb6377597fe3ec4b11a4a9ba445a8f52049244	19	20	19	20	19	0.90627601706676597	11.479750358768747	EVALUABLE
9838371d47752f64b4dfd377598053875db37bf142aa57b05c2c9ab9a2af6ab7	E0077	true	CT2A	C1	72b247f6826b8e7aec7fae9987164b81f087b64e28ead12694c3984bbcbe4c0e	17	20	19	20	19	0.99999999946032447	3.2031410321271871	EVALUABLE
9838371d47752f64b4dfd377598053875db37bf142aa57b05c2c9ab9a2af6ab7	E0077	true	GL261	G3	5aa9dfc3f05d4356dd4aae2f9affd61bee89f17b06004e56c2253e057c5d0c49	19	20	19	20	19	0.8929223799071766	7.0399935625138861	EVALUABLE
988b26e571444ea0859e25cdb3d0978109ff4bb90de8db4fe4eeb9411ba89062	E0247	false	CT2A	C5	0ce9f3c2ac8cacca151a431395692262091d1c40960aa953be66fdd4db529db5	17	20	19	20	19	0.18324465145353788	2.042864758125154	EVALUABLE
988b26e571444ea0859e25cdb3d0978109ff4bb90de8db4fe4eeb9411ba89062	E0247	false	GL261	G3	d2e77ddb8a929cfcb9b862f9915f2d5a3eb09741f2765ade2b0bcd69a98c741d	12	20	19	20	19	0.99562411305894838	4.4701618929519586	EVALUABLE
98ab3efddef8baee9fc5f3fddc95313829279c0c207ac756bbb2d263a5ee4945	E0267	true	CT2A	C4	227fe4afb2202ead22ee9d269e9306fc1462f44fe8ea75b1015ef56783db29e3	3	20	19	20	19	0.82130659765351477	8.4875241697218105	EVALUABLE
98ab3efddef8baee9fc5f3fddc95313829279c0c207ac756bbb2d263a5ee4945	E0267	true	GL261	G3	deff62e02ba886762368ef91d7c5a863a4429df48e2f355d224c8d1fd18fccdc	11	20	19	20	19	0.63175880615596414	1.0057999553575281	EVALUABLE
993f358d627a48f51cd27e2879bda6915635aaf3dcc9378415e1c5b059447114	E0165	true	CT2A	C4	7d84eb225b8def23833824a5db45b74528179b1bd889afa1812a7b3af34d5dd1	0	20	19	20	19	0.71226732542084359	3.5285524615106669	EVALUABLE
993f358d627a48f51cd27e2879bda6915635aaf3dcc9378415e1c5b059447114	E0165	true	GL261	G1	e1e50204cde2f03790a3f2e74f66636d0dd7fd397ae5d4775dd61d74ccce0b76	19	20	19	20	19	0.831584981465747	11.881877309735335	EVALUABLE
999e345a1b53c8739068b6d057840f8e5465db6d94ba4b53514d75f86ae34b33	E0316	true	CT2A	C4	8f95d37fc5b6314ac49444f700aeebaca5fabad2ed9d263b0a3bc8b912daa437	6	20	19	20	19	0.89073560523381512	1.836973724890564	EVALUABLE
999e345a1b53c8739068b6d057840f8e5465db6d94ba4b53514d75f86ae34b33	E0316	true	GL261	G2	4a2fb998e907a76d9911c65dc23b53d134425ac6130d04103f1e03f7be8c05b6	0	20	19	20	19	8.4136653962542402e-06	1.0000000000356657	EVALUABLE
99c295ebbcc93b93fb181b84fbca60c5099eb27aa6ab6e4e4b0f722aa115a8f0	E0302	true	CT2A	C1	a4cf0046a45aa0e47320ab5f4760e69930e9f99bbe85fdfc3b7ead7bafa2baa0	12	20	19	20	19	0.9999999999966469	1.6584490004249772	EVALUABLE
99c295ebbcc93b93fb181b84fbca60c5099eb27aa6ab6e4e4b0f722aa115a8f0	E0302	true	GL261	G3	26bd1960d683b74e709d8ff2a2aab9731820160003488d524219cb81841dd9eb	8	20	19	20	19	0.91288979936190384	12.362300527035332	EVALUABLE
99e9c06c8bc07e96d878414259e2be8b3f8ab40fffe7755f7f489b5b2d429539	E0084	true	CT2A	C2	11c92eb5eefda7cc64e53694479d802bc86526faac5ec503ffca49ddb81a3886	1	20	19	20	19	0.47695817833477566	1.3191942542955755	EVALUABLE
99e9c06c8bc07e96d878414259e2be8b3f8ab40fffe7755f7f489b5b2d429539	E0084	true	GL261	G5	1da91e6cbc1ec44f0d5dcba4f1de73f1c00882c5b1d520c8967a9b59c82629c7	15	20	19	20	19	0.032122196060961158	1.008140024550668	EVALUABLE
9a2e36d5fc1da8aec53103dd4eecbe6ebde0b0d9f2fa171cfd5131df91215402	E0372	true	CT2A	C5	662e28e0b1c3c4f253ea0b812ef01c3553f0b90aaf9ca7d4828cb94489f04714	4	20	19	20	19	0.99999998226919251	1.0000002544002711	EVALUABLE
9a2e36d5fc1da8aec53103dd4eecbe6ebde0b0d9f2fa171cfd5131df91215402	E0372	true	GL261	G3	e018e1e85f8fcd168cbc6ae22bdb5fe08a84bcc1860dddccdc6069714a07fba3	13	20	19	20	19	0.90444626483207813	12.736434684371911	EVALUABLE
9a32ef27dc9388852b35ef8fe86df491eacc802f582da6d0e52574a0440e1b42	E0325	true	CT2A	C1	e2b2ddf86ed085b30c97911b98143c20b673b5444e88af92be27d19bc9e34b8b	14	20	19	20	19	0.52899796415699119	5.171874048838764	EVALUABLE
9a32ef27dc9388852b35ef8fe86df491eacc802f582da6d0e52574a0440e1b42	E0325	true	GL261	G1	0d37965ea995985f614ffc8e8261127f65775a5f6e502c959cba7441f181e37a	3	20	19	20	19	0.94310933529352581	9.5221621289824725	EVALUABLE
9a5b3c48853cd2abc1f479e0f97b444a9b31a1b6a150ad994be958869958f5d3	E0346	true	CT2A	C5	6508b7696b03342dad3d181ee2a37181527c2774e8c448101cc01a92eaafb736	11	20	19	20	19	0.83102206712872173	6.0701497685195545	EVALUABLE
9a5b3c48853cd2abc1f479e0f97b444a9b31a1b6a150ad994be958869958f5d3	E0346	true	GL261	G2	ff08294218c297aa70d51d53f700660a24a0daa0e1e0239b74f592559b440776	0	20	19	20	19	0.69856666150694802	1	EVALUABLE
9aa8d7cb6eeb24d0c4c385033d3f8599a7df0857bace2840081000f04793f650	E0284	true	CT2A	C2	b8fff488dd02060ace5ee1ad971713ffd8ade0edd5a4b26e9d5eac6c4edf1f23	3	20	19	20	19	0.90022627366370056	9.4439597053690694	EVALUABLE
9aa8d7cb6eeb24d0c4c385033d3f8599a7df0857bace2840081000f04793f650	E0284	true	GL261	G5	c14d5ed0f81e787adc1913c3553bf14df5bb157bc649ea2040ac26996164fde7	14	20	19	20	19	0.99104875239699919	12.114963526934051	EVALUABLE
9b179a79966f0ad832fb013c30b8d83645659c433d971602cd039efdfe4a4a6d	E0107	true	CT2A	C2	215aaec06194c85fc8915c4bae4f109c54d8498704d0279ad091b0f04037250b	0	20	19	20	19	0.49375223759992343	1.9462170791393989	EVALUABLE
9b179a79966f0ad832fb013c30b8d83645659c433d971602cd039efdfe4a4a6d	E0107	true	GL261	G3	286f012707601f1e660b57acb2076f696d00fd3e81a881142b88a2984425a49b	16	20	19	20	19	0.6405519494997588	3.4023045674345389	EVALUABLE
9b30696fff90c25d80478dd74d32727eebd2f1a08e6b1b4e74ece7e4ad118e07	E0348	true	CT2A	C5	846782759cfa32849b8d0b22aba8597dc284079e90e15443c93dc705c5cdccc4	10	20	19	20	19	0.87155239867709733	6.0370220935541719	EVALUABLE
9b30696fff90c25d80478dd74d32727eebd2f1a08e6b1b4e74ece7e4ad118e07	E0348	true	GL261	G4	1cd860a2429f051cd189f97b8ee6cd1f9b1fb1288a2d4b3c67e118e3ffcc8e3f	1	20	19	20	19	0.26527689013154915	1.0100384212738058	EVALUABLE
9b4f8c1401bc99ad50f22112e451e9df41ff42580815b2391b66ee677e072791	E0376	true	CT2A	C1	93bcac7a72697a36bd2ebdfcfec80d11ce9ecaab48365dbcfddc2af85158d388	19	20	19	20	19	0.99999999999999944	1.0033620860714145	EVALUABLE
9b4f8c1401bc99ad50f22112e451e9df41ff42580815b2391b66ee677e072791	E0376	true	GL261	G2	2f971692e2765073ae8a6d2f6fd8f4e97e81f95489df3f2946d4c497d94165b9	0	20	19	20	19	0.00031051015832295989	1.0143184106822272	EVALUABLE
9bff60c6447abc499c12310238c72ba57892907ffaf74ca3eeb7f32d28257b67	E0219	true	CT2A	C4	4989824e2df2467b6e60573ab17ca31c35d0a30f6e54c8dfeb87847ca960b723	17	20	19	20	19	0.82768489702769443	7.4375912971843023	EVALUABLE
9bff60c6447abc499c12310238c72ba57892907ffaf74ca3eeb7f32d28257b67	E0219	true	GL261	G5	dcd23c7687b7a968c63bb9675ce7906f58320bde6bc3bfbab7121eccb9334be0	14	20	19	20	19	0.98303401106615673	9.1686585777968048	EVALUABLE
9c9422de3984d7fdf5ae45b2fb9ca5df055f32ef7a6213ccd702b625a40a4bbb	E0396	true	CT2A	C5	199d1232f9356b67d2811c1333b2b4466aa5cc643e0e7b3812579cffa59c92fe	17	20	19	20	19	0.99999999999405786	1.0443194570208725	EVALUABLE
9c9422de3984d7fdf5ae45b2fb9ca5df055f32ef7a6213ccd702b625a40a4bbb	E0396	true	GL261	G2	2f971692e2765073ae8a6d2f6fd8f4e97e81f95489df3f2946d4c497d94165b9	0	20	19	20	19	0.00031051015832295989	1.0143184106822272	EVALUABLE
9cae49ee68141a74b49e08951bde6b9f959024f4a47b295dcb3db361e149ac99	E0367	true	CT2A	C4	f748cd6aeca05446d28a19c599fcdda457fbd8a29c4d8a73e760985713b9f609	1	20	19	20	19	0.99479711934879289	4.2685202784268483	EVALUABLE
9cae49ee68141a74b49e08951bde6b9f959024f4a47b295dcb3db361e149ac99	E0367	true	GL261	G3	e018e1e85f8fcd168cbc6ae22bdb5fe08a84bcc1860dddccdc6069714a07fba3	13	20	19	20	19	0.90444626483207813	12.736434684371911	EVALUABLE
9ccaa87bf3fa6be1bd13ae9f5a76be51b29f774328d04e687852bc052e33e4cb	E0122	true	CT2A	C5	28de38258d03212a0d010bf8ac5b5dd9d5bb9878b0d353e342028da17117a4df	11	20	19	20	19	0.27999945837677576	1.9239119317978395	EVALUABLE
9ccaa87bf3fa6be1bd13ae9f5a76be51b29f774328d04e687852bc052e33e4cb	E0122	true	GL261	G3	286f012707601f1e660b57acb2076f696d00fd3e81a881142b88a2984425a49b	16	20	19	20	19	0.6405519494997588	3.4023045674345389	EVALUABLE
9cddbe8b2899997490ce3a53ddeed578f83c8de3e04f3a416d39689fd067969d	E0140	true	CT2A	C4	317809e9983f9e230612d444ffda8873641fdd297ecceb2017ae93047c48f76f	19	20	19	20	19	0.97776764549002515	15.648306370950241	EVALUABLE
9cddbe8b2899997490ce3a53ddeed578f83c8de3e04f3a416d39689fd067969d	E0140	true	GL261	G1	9d089ba3b0e645d3e16cc9b9a500224416307f7ee4379f38d87bf989d2174ec1	19	20	19	20	19	0.8315796582305508	11.301590392667318	EVALUABLE
9e0dd52aaaf6345c8ff43590249a32e46d203479e9d0fcc7cafabe9676df187d	E0239	true	CT2A	C3	473831994471df82d0913ed151c2dbb8e7c1cd219e13a873df972be6fe45480f	5	20	19	20	19	0.91235888436002011	12.807753630289605	EVALUABLE
9e0dd52aaaf6345c8ff43590249a32e46d203479e9d0fcc7cafabe9676df187d	E0239	true	GL261	G5	4a61ea31056d52077ad2027e285dac5d697cdf600c4f12ff909f1ee64534d595	7	20	19	20	19	0.99149046208550407	13.069741931293237	EVALUABLE
9e67c724a8494f33ec73927774a5c825a6a4d33f72c7759bc2f098f3ba885e05	E0176	true	CT2A	C1	ec713323665316d5b12598b96ce058a5cbd45046ed44f9acd156cf13bb158862	13	20	19	20	19	1	2.9343529233041852	EVALUABLE
9e67c724a8494f33ec73927774a5c825a6a4d33f72c7759bc2f098f3ba885e05	E0176	true	GL261	G2	0b742d893c7ca2cb7d6c3602f9b3060c69defdcca63058c841cf70d5b22d4480	0	20	19	20	19	0.43006227446018103	2.3694653091400508	EVALUABLE
9ecc08579c3a1e025a05e0298e3cff882a6d5ce16aa50942074c1b62ceae908f	E0271	true	CT2A	C5	227fe4afb2202ead22ee9d269e9306fc1462f44fe8ea75b1015ef56783db29e3	3	20	19	20	19	0.047818842751589263	1.0776783201655145	EVALUABLE
9ecc08579c3a1e025a05e0298e3cff882a6d5ce16aa50942074c1b62ceae908f	E0271	true	GL261	G2	0a9dfbbbf9f389fdfd621ebb50a400f6f5a3ddb9cb5fb51e4859c587846d9633	14	20	19	20	19	0.89895414790208683	11.18182276231909	EVALUABLE
9ed907e0038d54313cf62779597753f1759319f965df55392d98f28c98f9fbab	E0361	true	CT2A	C3	f715c48d725df09590892b8a0f532f274829fa59347013d5f282226dd527b95b	2	20	19	20	19	0.3532561476504924	1.8410145782798246	EVALUABLE
9ed907e0038d54313cf62779597753f1759319f965df55392d98f28c98f9fbab	E0361	true	GL261	G2	8919d77fd866b5a1dc2c64f31ddf3d2b0c854b469fdba34f75f79fe51e478517	0	20	19	20	19	0.23845078796656882	1	EVALUABLE
9f530a5329e3d0c2baefbbc5f68441a80c0d2445f63d08ba3a043d663b4f91c0	E0307	true	CT2A	C2	92885b269975050d47b4a5f3645ef173ad8091cce18e3f543380b638cb89c263	0	20	19	20	19	0.99999999999999989	1.000337812939919	EVALUABLE
9f530a5329e3d0c2baefbbc5f68441a80c0d2445f63d08ba3a043d663b4f91c0	E0307	true	GL261	G3	fb799d596a8dc63472e08b557f1482c5a976d666fed4a252258ea7640ea54f8e	10	20	19	20	19	0.90297469362731986	12.431913352749664	EVALUABLE
9f6b775436a24e3b13617aa28a861e19d156f2b643dae4efbf23204988a19d4c	E0017	true	CT2A	C4	55c97010acdd0cdc52f98f416746a96a3e453dfff25d0e9f08e270f4213bea20	1	20	19	20	19	0.90369064979500313	15.063849350036293	EVALUABLE
9f6b775436a24e3b13617aa28a861e19d156f2b643dae4efbf23204988a19d4c	E0017	true	GL261	G3	488ec8fc3106ead99d811b4bde0838da48763bd7a1999d8f7629a12ed999f37b	17	20	19	20	19	0.88789733193132547	11.984291786848125	EVALUABLE
9fd71fc19a9d24e3e3cdba947dff1fc9f9b188c8268a56e0750abe4899c9e5a3	E0064	true	CT2A	C3	7f09d6185ac5d193185190172ff78a97a79908108e64a74fa9c0e5c5b7a315dc	0	20	19	20	19	0.71612351822062692	1.5118919309756709	EVALUABLE
9fd71fc19a9d24e3e3cdba947dff1fc9f9b188c8268a56e0750abe4899c9e5a3	E0064	true	GL261	G5	d928590f61fb177ab6a5b0e11cbeca11a10927ce32463c8505150ddf6a21fd31	8	20	19	20	19	0.99999313696569991	1.00137353489484	EVALUABLE
a0914a1129f3a403a53b404740b2ead3642d8a1496fc601402a2bff335c842be	E0134	true	CT2A	C2	266655b6dab32829146ddcc71d87648a3213fd2d014bd900061222549c133c15	1	20	19	20	19	0.91926992803820051	13.577886786908767	EVALUABLE
a0914a1129f3a403a53b404740b2ead3642d8a1496fc601402a2bff335c842be	E0134	true	GL261	G5	9682660a50469ade3f195ee6115a3171f28ffef445fb4c45525fae47b6275e60	2	20	19	20	19	0.90918919852013924	6.8562302388749172	EVALUABLE
a0a5aee254a65b363ce3b372730262fa6f9bdaf317dd3fc33c2d3fd1471b896a	E0179	true	CT2A	C1	ec713323665316d5b12598b96ce058a5cbd45046ed44f9acd156cf13bb158862	13	20	19	20	19	1	2.9343529233041852	EVALUABLE
a0a5aee254a65b363ce3b372730262fa6f9bdaf317dd3fc33c2d3fd1471b896a	E0179	true	GL261	G5	475729c033b518a09675629939712759dc9a8ad22e9075cf75933b7b2ce22400	10	20	19	20	19	0.98611048680433377	4.7818994780949344	EVALUABLE
a0e8bd47eb070de75fc7d96e97fb229767415a6663f5ba1aa7bd98bbafd6c9aa	E0113	true	CT2A	C3	23292304d2d32b2fdbaff4ee52762d292782269c9b4414137b63abfae0a20815	1	20	19	20	19	0.62261415981966151	1.7059374145931341	EVALUABLE
a0e8bd47eb070de75fc7d96e97fb229767415a6663f5ba1aa7bd98bbafd6c9aa	E0113	true	GL261	G4	4fba6da4fbc50c929ab024c1efd668b46f3e343b86e1bc30479554e6bd9d17c5	7	20	19	20	19	0.99856880227640643	4.2625442323900966	EVALUABLE
a12203a4891cc36308fc6c10c206d349f493b0cb364543359e8c5f16b7c1c39e	E0224	true	CT2A	C5	4989824e2df2467b6e60573ab17ca31c35d0a30f6e54c8dfeb87847ca960b723	17	20	19	20	19	0.99846671377486551	1.2995544701729642	EVALUABLE
a12203a4891cc36308fc6c10c206d349f493b0cb364543359e8c5f16b7c1c39e	E0224	true	GL261	G5	a7e9e73c64d9d3f1375205efa617218792e4925fade6c0b5b1060f1e99eea4db	15	20	19	20	19	0.91007647040595097	8.4861145113128824	EVALUABLE
a16698bb17b17d0dfcc7a7f730063759deeccd567ee3b81d0374201c241080a0	E0189	true	CT2A	C3	f644340953d72bb12da093189853db0ff0fc86bb66134a4f3d0a44308555f75e	1	20	19	20	19	0.9999999999999899	6.4644117373308072	EVALUABLE
a16698bb17b17d0dfcc7a7f730063759deeccd567ee3b81d0374201c241080a0	E0189	true	GL261	G5	6c445f147e2f7e3a54f0c9c73565e6907f851295c004439051772255ab91a584	2	20	19	20	19	0.80856856977555591	3.917215014418836	EVALUABLE
a1decbcea14ab4420202a1c330d4b791123e5395b13c47763ae6fa58fdaa2f1c	E0154	true	CT2A	C1	f6c6381dd019c536c97d40a0b4e86571772940c92642a97185ad8e44114166ba	14	20	19	20	19	0.94932423215331674	12.287679956407631	EVALUABLE
a1decbcea14ab4420202a1c330d4b791123e5395b13c47763ae6fa58fdaa2f1c	E0154	true	GL261	G5	0613270f4140a02dc933da8f58c1eea1dfd57164ef86989cfbd7dbf0d510376d	13	20	19	20	19	0.061202293820025733	1.4039571086164389	EVALUABLE
a2fb9aa41c56e133deb2fa83aa4aa535afbcb051ec8dc076fafb07dc2316c7c7	E0108	true	CT2A	C2	23292304d2d32b2fdbaff4ee52762d292782269c9b4414137b63abfae0a20815	1	20	19	20	19	0.65394485843619532	1.6334953823870695	EVALUABLE
a2fb9aa41c56e133deb2fa83aa4aa535afbcb051ec8dc076fafb07dc2316c7c7	E0108	true	GL261	G4	4fba6da4fbc50c929ab024c1efd668b46f3e343b86e1bc30479554e6bd9d17c5	7	20	19	20	19	0.99856880227640643	4.2625442323900966	EVALUABLE
a31c1460f1bcbfee215605d72b71cc79c8bb77e064e52c15953cba5bf8c86bbf	E0095	true	CT2A	C5	b4ae76366e987fab217f0c6c55185c04e34463b12c4b0011689de6c987c02b7d	16	20	19	20	19	0.99999999974128262	4.8962032443262862	EVALUABLE
a31c1460f1bcbfee215605d72b71cc79c8bb77e064e52c15953cba5bf8c86bbf	E0095	true	GL261	G1	5aa9dfc3f05d4356dd4aae2f9affd61bee89f17b06004e56c2253e057c5d0c49	19	20	19	20	19	0.81598515079962619	5.8764206310558	EVALUABLE
a32bc368aa9c5a3720ce60bcc517bae582bdfd1455695a2352619a0fc2d1b363	E0116	true	CT2A	C4	2484a7b3d30774639d1e8e145aabe81216fe0db96a7c18e649a76b27ca3f4464	18	20	19	20	19	0.90898950839673132	14.680042968624376	EVALUABLE
a32bc368aa9c5a3720ce60bcc517bae582bdfd1455695a2352619a0fc2d1b363	E0116	true	GL261	G2	f88bd6cf2efb8f44e7d076dd701147d46987ae954fb4b6708b6977e588db41be	0	20	19	20	19	0.99999999999995648	1.2735224120581012	EVALUABLE
a3323defff3464a2035d499603a9260d8ee2a33a824b65c31cad9b271ea1092e	E0178	true	CT2A	C1	ec713323665316d5b12598b96ce058a5cbd45046ed44f9acd156cf13bb158862	13	20	19	20	19	1	2.9343529233041852	EVALUABLE
a3323defff3464a2035d499603a9260d8ee2a33a824b65c31cad9b271ea1092e	E0178	true	GL261	G4	8ecf30a756db2f84cdf96655aeefb4791848aa4abcee2632121fb0bb43d6914f	9	20	19	20	19	0.99991216885290002	1.4633809405549494	EVALUABLE
a37eeb9c5107419947975de0ffc08e8eeb8e032ce03336a9926209c07f50a994	E0138	true	CT2A	C3	266655b6dab32829146ddcc71d87648a3213fd2d014bd900061222549c133c15	1	20	19	20	19	0.89733283362599281	12.411629413305793	EVALUABLE
a37eeb9c5107419947975de0ffc08e8eeb8e032ce03336a9926209c07f50a994	E0138	true	GL261	G4	9d089ba3b0e645d3e16cc9b9a500224416307f7ee4379f38d87bf989d2174ec1	19	20	19	20	19	0.43859339085612381	3.1519865593422973	EVALUABLE
a3bd3557195416ece9b8863840e7ef48ae66de3acf1acfd41130205c5f768968	E0108	true	CT2A	C2	215aaec06194c85fc8915c4bae4f109c54d8498704d0279ad091b0f04037250b	0	20	19	20	19	0.49375223759992343	1.9462170791393989	EVALUABLE
a3bd3557195416ece9b8863840e7ef48ae66de3acf1acfd41130205c5f768968	E0108	true	GL261	G4	2d63d16cbc55715e365671ffa5dbc939f489f55ff2606c7fc4c1d0b275ed54c2	6	20	19	20	19	0.99829311283224376	4.2602066672231063	EVALUABLE
a3fb73459246b6cbb894355cc1dd9b21584a00b348098d6d75189892fcd8e4e9	E0077	true	CT2A	C1	0e4370312b1abd45e6e65d5775cdbae8cb50208b4f035ea04dbf74dee753fe88	18	20	19	20	19	0.99999999938883155	3.2031410316691828	EVALUABLE
a3fb73459246b6cbb894355cc1dd9b21584a00b348098d6d75189892fcd8e4e9	E0077	true	GL261	G3	5aa9dfc3f05d4356dd4aae2f9affd61bee89f17b06004e56c2253e057c5d0c49	19	20	19	20	19	0.8929223799071766	7.0399935625138861	EVALUABLE
a40170d310165c6b29ffd163179b18babcf87fe8e756d8b9584d524ac9c33152	E0119	true	CT2A	C4	2484a7b3d30774639d1e8e145aabe81216fe0db96a7c18e649a76b27ca3f4464	18	20	19	20	19	0.90898950839673132	14.680042968624376	EVALUABLE
a40170d310165c6b29ffd163179b18babcf87fe8e756d8b9584d524ac9c33152	E0119	true	GL261	G5	f88bd6cf2efb8f44e7d076dd701147d46987ae954fb4b6708b6977e588db41be	0	20	19	20	19	0.9999992402763398	2.3153608645961747	EVALUABLE
a4064e25865d619f16a44c1d796f52c5fccd5127d5dc3ae6c31ba6f37fd6991a	E0103	true	CT2A	C1	28de38258d03212a0d010bf8ac5b5dd9d5bb9878b0d353e342028da17117a4df	11	20	19	20	19	0.057580486024639263	1.2921043613208014	EVALUABLE
a4064e25865d619f16a44c1d796f52c5fccd5127d5dc3ae6c31ba6f37fd6991a	E0103	true	GL261	G4	4fba6da4fbc50c929ab024c1efd668b46f3e343b86e1bc30479554e6bd9d17c5	7	20	19	20	19	0.99856880227640643	4.2625442323900966	EVALUABLE
a5080b110458d0e60ce7778d69bf907270bf0889f8c2221243838ae9b9d0e6eb	E0258	true	CT2A	C2	227fe4afb2202ead22ee9d269e9306fc1462f44fe8ea75b1015ef56783db29e3	3	20	19	20	19	0.99999928014341111	8.3964399801343461	EVALUABLE
a5080b110458d0e60ce7778d69bf907270bf0889f8c2221243838ae9b9d0e6eb	E0258	true	GL261	G4	deff62e02ba886762368ef91d7c5a863a4429df48e2f355d224c8d1fd18fccdc	11	20	19	20	19	0.81292189203682585	1.0000071247402145	EVALUABLE
a51dc548037803f202132afbb56a127cd49e89467d1300f8c0cb81f69faa81b8	E0210	true	CT2A	C3	c9f35708db7fcd7ac314493307d80c85de78df9c6ae04b9ca9abdd6664a6ff8e	2	20	19	20	19	0.89847550351321614	10.936376411152732	EVALUABLE
a51dc548037803f202132afbb56a127cd49e89467d1300f8c0cb81f69faa81b8	E0210	true	GL261	G1	dcd23c7687b7a968c63bb9675ce7906f58320bde6bc3bfbab7121eccb9334be0	14	20	19	20	19	0.676120036529681	3.0473515139001148	EVALUABLE
a560648d9deb34f93fed160f2007df6e265bd8eb50aad93babbdcb1cc52d75b9	E0241	true	CT2A	C4	0ce9f3c2ac8cacca151a431395692262091d1c40960aa953be66fdd4db529db5	17	20	19	20	19	0.62705396021446014	4.651094656023762	EVALUABLE
a560648d9deb34f93fed160f2007df6e265bd8eb50aad93babbdcb1cc52d75b9	E0241	true	GL261	G2	1e4730ea84327c2af00f7bf39dfe64b793d2c667d11063277acbba44643bb602	10	20	19	20	19	0.99999087853741708	2.3639644488789711	EVALUABLE
a5728015762ed2eb65636abc3f5ca2ba968e92280bbcd822f5086733ab538aab	E0088	true	CT2A	C3	aea3a41483799622bd3b3a2a0650bf7c51696eb5f00fff1b0bcf6f837c40d54a	0	20	19	20	19	0.62514709765911958	1.934046774145012	EVALUABLE
a5728015762ed2eb65636abc3f5ca2ba968e92280bbcd822f5086733ab538aab	E0088	true	GL261	G4	1da91e6cbc1ec44f0d5dcba4f1de73f1c00882c5b1d520c8967a9b59c82629c7	15	20	19	20	19	0.86988592856223323	7.4465160171247939	EVALUABLE
a59a810ab0b561f405b384cf0cf02387c1006e4db8298ec0493b1a15eef5ee9e	E0096	true	CT2A	C5	b4ae76366e987fab217f0c6c55185c04e34463b12c4b0011689de6c987c02b7d	16	20	19	20	19	0.99999999974128262	4.8962032443262862	EVALUABLE
a59a810ab0b561f405b384cf0cf02387c1006e4db8298ec0493b1a15eef5ee9e	E0096	true	GL261	G2	1da91e6cbc1ec44f0d5dcba4f1de73f1c00882c5b1d520c8967a9b59c82629c7	15	20	19	20	19	0.00013958959576077003	1.0000045136717002	EVALUABLE
a5bc6e0269d73997d1b3619758a22a0446069dc83ee8ce30a1cd4e4e0964e97f	E0005	true	CT2A	C2	55c97010acdd0cdc52f98f416746a96a3e453dfff25d0e9f08e270f4213bea20	1	20	19	20	19	0.48577816441069854	1.3813249684797881	EVALUABLE
a5bc6e0269d73997d1b3619758a22a0446069dc83ee8ce30a1cd4e4e0964e97f	E0005	true	GL261	G1	1ea47774d2d57dd56364d073a09b722eb9a57b76f852434934514136b5d1c293	1	20	19	20	19	0.89952205654392836	9.2312515652604414	EVALUABLE
a62eaf4499c7bb5c9ac094ba1507f161625e27d7f18ad65d44645defdc9029fb	E0072	true	CT2A	C5	28974673bdb36bda1f7bf18ad986236c9a8aec47248f35092cc7d299e61343fd	7	20	19	20	19	0.86798304907518842	8.8580891703831828	EVALUABLE
a62eaf4499c7bb5c9ac094ba1507f161625e27d7f18ad65d44645defdc9029fb	E0072	true	GL261	G3	f3e9af567444075a63b7c2a2854ddee5538bfb4c47245f27578a66e389b5a9bc	18	20	19	20	19	0.66853845467600703	3.7749737294577361	EVALUABLE
a6fd09731efc7458a7fa9471884bdb128fd1aaaf720e5cc422daedc62c49d9a6	E0322	true	CT2A	C5	41b88b4ee1d53a5ed347ca7ca6e242f063954bf817489f768d55c5cd466c4a09	11	20	19	20	19	0.99999999957496033	2.8887617741499025	EVALUABLE
a6fd09731efc7458a7fa9471884bdb128fd1aaaf720e5cc422daedc62c49d9a6	E0322	true	GL261	G3	26bd1960d683b74e709d8ff2a2aab9731820160003488d524219cb81841dd9eb	8	20	19	20	19	0.91288979936190384	12.362300527035332	EVALUABLE
a730791ef91bafa95e8bcd74f2f367ea03631e57e90a9ec8c7fc5810f879a45f	E0215	true	CT2A	C4	4989824e2df2467b6e60573ab17ca31c35d0a30f6e54c8dfeb87847ca960b723	17	20	19	20	19	0.82768489702769443	7.4375912971843023	EVALUABLE
a730791ef91bafa95e8bcd74f2f367ea03631e57e90a9ec8c7fc5810f879a45f	E0215	true	GL261	G1	4f3ac3dd70092e73abd0358812ec03b156828b637df9f9d81f3fa59635a9cea7	2	20	19	20	19	0.71451530013164555	2.9441027027042357	EVALUABLE
a74b1bf523461a23d83a54f61b2ff0a39d60b961408ff87b51017e9795b386ab	E0368	true	CT2A	C4	f748cd6aeca05446d28a19c599fcdda457fbd8a29c4d8a73e760985713b9f609	1	20	19	20	19	0.99479711934879289	4.2685202784268483	EVALUABLE
a74b1bf523461a23d83a54f61b2ff0a39d60b961408ff87b51017e9795b386ab	E0368	true	GL261	G4	8919d77fd866b5a1dc2c64f31ddf3d2b0c854b469fdba34f75f79fe51e478517	0	20	19	20	19	0.50418335728700814	1.0002299831154091	EVALUABLE
a7516096efb923daf3694ab4f6713b89480a43c41f0fb078822bb648109f36a6	E0139	true	CT2A	C3	266655b6dab32829146ddcc71d87648a3213fd2d014bd900061222549c133c15	1	20	19	20	19	0.89733283362599281	12.411629413305793	EVALUABLE
a7516096efb923daf3694ab4f6713b89480a43c41f0fb078822bb648109f36a6	E0139	true	GL261	G5	9682660a50469ade3f195ee6115a3171f28ffef445fb4c45525fae47b6275e60	2	20	19	20	19	0.90918919852013924	6.8562302388749172	EVALUABLE
a793e9bba65a57aa1effed2003797aad6760e78f6739e3e7dea5bfb2a59c1bba	E0050	true	CT2A	C1	188a2a07d3b1a67be4abb28cc85a852f1e92bdcda3a689e25dc9d58f9c4ffb18	12	20	19	20	19	0.92704457943212026	9.0162850363673179	EVALUABLE
a793e9bba65a57aa1effed2003797aad6760e78f6739e3e7dea5bfb2a59c1bba	E0050	true	GL261	G1	64ab1614c0c568b77bd29ca3d3623f3ba1823bd3bf91fd0f4dc032039ade4cc3	15	20	19	20	19	0.98942616675924866	6.5004714268505683	EVALUABLE
a7b84fcc16e59a8f9b017c5367e5d47edd955c5dc0033a502cdd9e7af5382128	E0088	true	CT2A	C3	11c92eb5eefda7cc64e53694479d802bc86526faac5ec503ffca49ddb81a3886	1	20	19	20	19	0.57509159588204672	2.0410979226694463	EVALUABLE
a7b84fcc16e59a8f9b017c5367e5d47edd955c5dc0033a502cdd9e7af5382128	E0088	true	GL261	G4	1da91e6cbc1ec44f0d5dcba4f1de73f1c00882c5b1d520c8967a9b59c82629c7	15	20	19	20	19	0.86988592856223323	7.4465160171247939	EVALUABLE
a7bd985c79b53112c198fd87764633d66a4709d68bf165782a75a3dd92b017a8	E0254	true	CT2A	C1	227fe4afb2202ead22ee9d269e9306fc1462f44fe8ea75b1015ef56783db29e3	3	20	19	20	19	0.019893028392686113	1.069935255172147	EVALUABLE
a7bd985c79b53112c198fd87764633d66a4709d68bf165782a75a3dd92b017a8	E0254	true	GL261	G5	deff62e02ba886762368ef91d7c5a863a4429df48e2f355d224c8d1fd18fccdc	11	20	19	20	19	0.96891467430175926	3.6775151576379277	EVALUABLE
a8d5d4686b173806218345d4d425e968ccfc97f1c619ffe6e2134c37c50771a3	E0071	true	CT2A	C5	28974673bdb36bda1f7bf18ad986236c9a8aec47248f35092cc7d299e61343fd	7	20	19	20	19	0.86798304907518842	8.8580891703831828	EVALUABLE
a8d5d4686b173806218345d4d425e968ccfc97f1c619ffe6e2134c37c50771a3	E0071	true	GL261	G2	d928590f61fb177ab6a5b0e11cbeca11a10927ce32463c8505150ddf6a21fd31	8	20	19	20	19	0.99999999968028253	1.0000006914295532	EVALUABLE
a8d6fb9d79a67c2643a1eb84ed951133a07a5b8cbd411cc5088c5b5c7aeb6afe	E0235	true	CT2A	C3	473831994471df82d0913ed151c2dbb8e7c1cd219e13a873df972be6fe45480f	5	20	19	20	19	0.91235888436002011	12.807753630289605	EVALUABLE
a8d6fb9d79a67c2643a1eb84ed951133a07a5b8cbd411cc5088c5b5c7aeb6afe	E0235	true	GL261	G1	d2e77ddb8a929cfcb9b862f9915f2d5a3eb09741f2765ade2b0bcd69a98c741d	12	20	19	20	19	0.93535494386801088	7.9469225727837722	EVALUABLE
a981c840a48d388056faec416469c61bd5be8d974f27daa7a13d15f16721c732	E0194	true	CT2A	C4	c242cf78ad007b657e033931f20963643548ea40b4b9a684199bd8744f018ac4	18	20	19	20	19	0.99568862798279323	10.093893964362799	EVALUABLE
a981c840a48d388056faec416469c61bd5be8d974f27daa7a13d15f16721c732	E0194	true	GL261	G5	9479e42871e312cc9e8045bad83182066b1281c061fdcd80c3da7974e75e1d5d	1	20	19	20	19	0.77322648384658621	3.9303193110528754	EVALUABLE
a9a0bad2c9fd54c9fb31452cd42a374bcc14121a1c47d2d06416ee5f51d3ee5d	E0255	true	CT2A	C2	227fe4afb2202ead22ee9d269e9306fc1462f44fe8ea75b1015ef56783db29e3	3	20	19	20	19	0.99999928014341111	8.3964399801343461	EVALUABLE
a9a0bad2c9fd54c9fb31452cd42a374bcc14121a1c47d2d06416ee5f51d3ee5d	E0255	true	GL261	G1	ad3ae52546893ca463d0370db5c0243a4cd79da6df16d930a4acee2fee7bf062	3	20	19	20	19	0.49035118165923558	1.1394343051436355	EVALUABLE
aa250b78a4344873dbf025711b05a3015b2272e108eda69fa23e2b23cc0ba894	E0373	true	CT2A	C5	5e0bd4de471984c8757d52c33b2e66b55d81a00be7c5d5379d7344b8a2650a64	7	20	19	20	19	0.9999999824572896	1.0000002547764655	EVALUABLE
aa250b78a4344873dbf025711b05a3015b2272e108eda69fa23e2b23cc0ba894	E0373	true	GL261	G4	8919d77fd866b5a1dc2c64f31ddf3d2b0c854b469fdba34f75f79fe51e478517	0	20	19	20	19	0.50418335728700814	1.0002299831154091	EVALUABLE
aa5691fb1a5a2c6c56d5f5c0d66ca5193f516cdb56ff83c4ccdb3f431a2964a1	E0132	true	CT2A	C2	266655b6dab32829146ddcc71d87648a3213fd2d014bd900061222549c133c15	1	20	19	20	19	0.91926992803820051	13.577886786908767	EVALUABLE
aa5691fb1a5a2c6c56d5f5c0d66ca5193f516cdb56ff83c4ccdb3f431a2964a1	E0132	true	GL261	G3	9d089ba3b0e645d3e16cc9b9a500224416307f7ee4379f38d87bf989d2174ec1	19	20	19	20	19	0.6238406151039948	5.5036240180846114	EVALUABLE
aac066f7b7b6dbe1d60ea7dde777adf6a011a3289d8dd8126d865cf18a4d15a4	E0074	true	CT2A	C5	922acc409690b4b94ea7e61fd138fe5eb67df3130bc7d7edc8faac768d87407d	8	20	19	20	19	0.87194518269918342	8.8321384200530435	EVALUABLE
aac066f7b7b6dbe1d60ea7dde777adf6a011a3289d8dd8126d865cf18a4d15a4	E0074	true	GL261	G5	d928590f61fb177ab6a5b0e11cbeca11a10927ce32463c8505150ddf6a21fd31	8	20	19	20	19	0.99999313696569991	1.00137353489484	EVALUABLE
aad139ad58bbee3b51f243129cd6800ddfa2a1bd4b5b26eaa113e4ec97260e41	E0038	true	CT2A	C3	593312d7347feeecef6821743059de3d62c9a9e7bc1e0d7af7214fa92b03e33f	4	20	19	20	19	0.76269972030191713	2.7732478678107122	EVALUABLE
aad139ad58bbee3b51f243129cd6800ddfa2a1bd4b5b26eaa113e4ec97260e41	E0038	true	GL261	G4	a5e71df85ff7da9f890eb3cd5dcb2b7117ced118c99b3684ee841000c8e0b65d	13	20	19	20	19	0.98624402221296548	5.6441730073772849	EVALUABLE
aadeab3252307b01cf311dc2187c97ab6bf49b2dc8179f7e09639b3c96497b98	E0264	true	CT2A	C3	0551a70442c925ed3fd3d5f6f03c23b55a16bc314382c97afcbdcf827ae4123a	18	20	19	20	19	0.88088878320891917	11.102388957460557	EVALUABLE
aadeab3252307b01cf311dc2187c97ab6bf49b2dc8179f7e09639b3c96497b98	E0264	true	GL261	G5	ad3ae52546893ca463d0370db5c0243a4cd79da6df16d930a4acee2fee7bf062	3	20	19	20	19	0.9815956657177286	3.765150262899247	EVALUABLE
ab0a0321b9c9bdd00ac2b04c01af031605ba8cc0ed2151a1c4b1f70433223f58	E0073	true	CT2A	C5	28974673bdb36bda1f7bf18ad986236c9a8aec47248f35092cc7d299e61343fd	7	20	19	20	19	0.86798304907518842	8.8580891703831828	EVALUABLE
ab0a0321b9c9bdd00ac2b04c01af031605ba8cc0ed2151a1c4b1f70433223f58	E0073	true	GL261	G4	d928590f61fb177ab6a5b0e11cbeca11a10927ce32463c8505150ddf6a21fd31	8	20	19	20	19	0.92654957144361749	1.9665265403298717	EVALUABLE
ab1611bb4655ef456756c7007cdc551558585330af72e4ea76e3fe754060b003	E0264	true	CT2A	C3	4d1501fe617ab14b6500082cc2042069c909392a1a4618550e7586b5f7a19ef7	17	20	19	20	19	0.88062028836994688	11.105796913113425	EVALUABLE
ab1611bb4655ef456756c7007cdc551558585330af72e4ea76e3fe754060b003	E0264	true	GL261	G5	ad3ae52546893ca463d0370db5c0243a4cd79da6df16d930a4acee2fee7bf062	3	20	19	20	19	0.9815956657177286	3.765150262899247	EVALUABLE
ab907c030e6ca7f7adde6a4d0ea9e51c4fef57f2fe6b35b879dc271a22563e16	E0394	true	CT2A	C4	c68dd7b25160f329f504d6cca13ada30ca042fcbe53ec74e4fbc7caad25bfbb5	12	20	19	20	19	0.88411905202645213	11.734023083588765	EVALUABLE
ab907c030e6ca7f7adde6a4d0ea9e51c4fef57f2fe6b35b879dc271a22563e16	E0394	true	GL261	G5	2f971692e2765073ae8a6d2f6fd8f4e97e81f95489df3f2946d4c497d94165b9	0	20	19	20	19	0.1358167809974308	1.9198796960994864	EVALUABLE
ac18e3f1393e9d01d5c8daa2e59cbba9e608084b96758502049a0c64b382fc21	E0330	true	CT2A	C2	73800d86c4f889eaf4f5923c873981e1547c7ce8918bcad431aebb6957e65d8f	1	20	19	20	19	0.96539067039799076	2.688256588130622	EVALUABLE
ac18e3f1393e9d01d5c8daa2e59cbba9e608084b96758502049a0c64b382fc21	E0330	true	GL261	G1	0d37965ea995985f614ffc8e8261127f65775a5f6e502c959cba7441f181e37a	3	20	19	20	19	0.94310933529352581	9.5221621289824725	EVALUABLE
ac31407838c77daf583a1dafd6ffefefe128080c75e08ffa23c33b01e251c3a2	E0320	true	CT2A	C5	41b88b4ee1d53a5ed347ca7ca6e242f063954bf817489f768d55c5cd466c4a09	11	20	19	20	19	0.99999999957496033	2.8887617741499025	EVALUABLE
ac31407838c77daf583a1dafd6ffefefe128080c75e08ffa23c33b01e251c3a2	E0320	true	GL261	G1	a021d2219926286c3dcb59d412f56541cd3c639b9f8cb9f9f544799ca8c41349	3	20	19	20	19	0.8883964478446188	12.076105817838981	EVALUABLE
ac3f12885b16a9295bd753a1b325444e31605a8f4732e9686eec76b9ce374836	E0070	true	CT2A	C5	922acc409690b4b94ea7e61fd138fe5eb67df3130bc7d7edc8faac768d87407d	8	20	19	20	19	0.87194518269918342	8.8321384200530435	EVALUABLE
ac3f12885b16a9295bd753a1b325444e31605a8f4732e9686eec76b9ce374836	E0070	true	GL261	G1	64ab1614c0c568b77bd29ca3d3623f3ba1823bd3bf91fd0f4dc032039ade4cc3	15	20	19	20	19	0.98942616675924866	6.5004714268505683	EVALUABLE
ac5c6067d3fd31d7a6d52e2b32823daacb22e649db59671777e0f5eb7bae8999	E0395	true	CT2A	C5	bff5c3f73cf19abc7b717b31e6022fe37f748cfcb5780ff291baeac5a479232d	3	20	19	20	19	0.021689745701769167	1.0000000032254432	EVALUABLE
ac5c6067d3fd31d7a6d52e2b32823daacb22e649db59671777e0f5eb7bae8999	E0395	true	GL261	G1	2399e94f9c2f2213e281a1c60356b9d85bb5023aa4787097cd11d512d71324d9	19	20	19	20	19	0.89840951962981164	10.505967498901592	EVALUABLE
ac897c54db16b37e3dcce69b359e22b01dadd858955118e12482db308fbb5a3e	E0342	true	CT2A	C4	cdb7fb3b6973618b48e76861beeecf354fd3801d6426160c52656468ed7f7bd7	5	20	19	20	19	0.93804689506730987	10.384036183378074	EVALUABLE
ac897c54db16b37e3dcce69b359e22b01dadd858955118e12482db308fbb5a3e	E0342	true	GL261	G3	c39666cec50f85c68c411fb7f35fd14dc87818c4e5eb5dcffc093c106d19e93d	12	20	19	20	19	0.87463438005981209	9.7965407497408883	EVALUABLE
ac8f27d748cd01e174e17d296b2aa42bf970972dcf27ba1cf9bee452867476b7	E0072	true	CT2A	C5	f477e3d5e656111b38ff39e23e8311ca8a8abd935c292bccfcb769f43f87ef81	4	20	19	20	19	0.88169908594762114	8.7855979279561023	EVALUABLE
ac8f27d748cd01e174e17d296b2aa42bf970972dcf27ba1cf9bee452867476b7	E0072	true	GL261	G3	f3e9af567444075a63b7c2a2854ddee5538bfb4c47245f27578a66e389b5a9bc	18	20	19	20	19	0.66853845467600703	3.7749737294577361	EVALUABLE
ac9c7d246c280cd07cabe291615589bb6cfe1b83f7ece4e32eacf44dc818411b	E0207	true	CT2A	C2	4989824e2df2467b6e60573ab17ca31c35d0a30f6e54c8dfeb87847ca960b723	17	20	19	20	19	0.84889384279582092	7.8824570994719929	EVALUABLE
ac9c7d246c280cd07cabe291615589bb6cfe1b83f7ece4e32eacf44dc818411b	E0207	true	GL261	G3	dcd23c7687b7a968c63bb9675ce7906f58320bde6bc3bfbab7121eccb9334be0	14	20	19	20	19	0.40929640483373747	1.9008533143096018	EVALUABLE
ad4bc669e169ab0189e92e5a5fb567c41c76199e59ebe09b86f525df15831db0	E0398	true	CT2A	C5	199d1232f9356b67d2811c1333b2b4466aa5cc643e0e7b3812579cffa59c92fe	17	20	19	20	19	0.99999999999405786	1.0443194570208725	EVALUABLE
ad4bc669e169ab0189e92e5a5fb567c41c76199e59ebe09b86f525df15831db0	E0398	true	GL261	G4	b9f5a06ad896dd71ad5bac5e24ed87f72ded680e6d19b3c8d7ef7efafd32eedc	8	20	19	20	19	0.84142200231982756	6.5754356222569559	EVALUABLE
ada23186a4aa6d18e85927e3078f521905686cdd76fc826be35724f31a094858	E0030	true	CT2A	C2	102f69f6fa8557e4e0067accc8216a851f9d96d112c3c1db033468920969167f	3	20	19	20	19	0.39813313161553149	2.6092115823549586	EVALUABLE
ada23186a4aa6d18e85927e3078f521905686cdd76fc826be35724f31a094858	E0030	true	GL261	G1	0308b03c63fd48d3db330aba47bb6377597fe3ec4b11a4a9ba445a8f52049244	19	20	19	20	19	0.90627601706676597	11.479750358768747	EVALUABLE
af056f32359c35eabc12169f3b4b5575a5b769b435d08b237b875b18d3a8f0f2	E0054	true	CT2A	C1	b37add75f03b4f23ac6656dd0c4885d4486ea5d21bec8d5dbb8bc0b75f7b3972	15	20	19	20	19	0.87837827449405581	8.9873398835840899	EVALUABLE
af056f32359c35eabc12169f3b4b5575a5b769b435d08b237b875b18d3a8f0f2	E0054	true	GL261	G5	d928590f61fb177ab6a5b0e11cbeca11a10927ce32463c8505150ddf6a21fd31	8	20	19	20	19	0.99999313696569991	1.00137353489484	EVALUABLE
af6233296a5bc5d7e176c13918c5d00fd1a4d3fc496c200ba6101de7bb60192d	E0115	true	CT2A	C4	2484a7b3d30774639d1e8e145aabe81216fe0db96a7c18e649a76b27ca3f4464	18	20	19	20	19	0.90898950839673132	14.680042968624376	EVALUABLE
af6233296a5bc5d7e176c13918c5d00fd1a4d3fc496c200ba6101de7bb60192d	E0115	true	GL261	G1	4500acff7cff7bd2c0197f246185188706160736fb30b9bd89dc5dc0dd135971	15	20	19	20	19	0.79829538376874565	8.7179706207972192	EVALUABLE
af70a02deaaec9e8463aca88469de3a9b271ffea56cc9a82b0d67eafbbf4bf1e	E0336	true	CT2A	C3	73800d86c4f889eaf4f5923c873981e1547c7ce8918bcad431aebb6957e65d8f	1	20	19	20	19	0.70000038358131655	3.4317647739111701	EVALUABLE
af70a02deaaec9e8463aca88469de3a9b271ffea56cc9a82b0d67eafbbf4bf1e	E0336	true	GL261	G2	ff08294218c297aa70d51d53f700660a24a0daa0e1e0239b74f592559b440776	0	20	19	20	19	0.69856666150694802	1	EVALUABLE
af7abe951f17bca7e3a84ef3a709c7d4fdeeb8446a56655fd6d6bc675f20a13a	E0063	true	CT2A	C3	7f09d6185ac5d193185190172ff78a97a79908108e64a74fa9c0e5c5b7a315dc	0	20	19	20	19	0.71612351822062692	1.5118919309756709	EVALUABLE
af7abe951f17bca7e3a84ef3a709c7d4fdeeb8446a56655fd6d6bc675f20a13a	E0063	true	GL261	G4	d928590f61fb177ab6a5b0e11cbeca11a10927ce32463c8505150ddf6a21fd31	8	20	19	20	19	0.92654957144361749	1.9665265403298717	EVALUABLE
afe95a5df5a067837b225619bca0e3861ce1a43427969de1af939df56954af32	E0177	false	CT2A	C1	fc9cea3fda62ec8719159e4dbf459bbc28745f0f61c94d0852b10583cb4c27a6	16	20	19	20	19	1	2.9343529233041852	EVALUABLE
afe95a5df5a067837b225619bca0e3861ce1a43427969de1af939df56954af32	E0177	false	GL261	G3	8ecf30a756db2f84cdf96655aeefb4791848aa4abcee2632121fb0bb43d6914f	9	20	19	20	19	0.89674230687852974	2.3129376605668832	EVALUABLE
b0548c629a7d0323972eb343b3d22cb4ef9c4764f44647dce724c4a4fbc6d5ff	E0235	true	CT2A	C3	bc31b2573e3654d69ba4dc987e4d975f87972c67efefef87ebb81d553332baa6	10	20	19	20	19	0.99956913907876443	13.748496556002157	EVALUABLE
b0548c629a7d0323972eb343b3d22cb4ef9c4764f44647dce724c4a4fbc6d5ff	E0235	true	GL261	G1	d2e77ddb8a929cfcb9b862f9915f2d5a3eb09741f2765ade2b0bcd69a98c741d	12	20	19	20	19	0.93535494386801088	7.9469225727837722	EVALUABLE
b0e311bf0d725da3a0984699286deb88d1beccb24e2524062718427b0166e4c4	E0172	true	CT2A	C5	652d4fa99bc208956b898fae76f9f32fe69a417d4073ce7544aad1ca9cc48dfb	2	20	19	20	19	0.81577552036783429	5.7803901139013112	EVALUABLE
b0e311bf0d725da3a0984699286deb88d1beccb24e2524062718427b0166e4c4	E0172	true	GL261	G3	e1e50204cde2f03790a3f2e74f66636d0dd7fd397ae5d4775dd61d74ccce0b76	19	20	19	20	19	0.81457764984935643	9.2315388508488923	EVALUABLE
b15b6bea685be06df7fcc48d09672b29a680752371f7856b58c871a3faaea4fa	E0226	true	CT2A	C1	0ce9f3c2ac8cacca151a431395692262091d1c40960aa953be66fdd4db529db5	17	20	19	20	19	0.15492668498694406	2.0281460195970875	EVALUABLE
b15b6bea685be06df7fcc48d09672b29a680752371f7856b58c871a3faaea4fa	E0226	true	GL261	G2	94086566796d80d0f9c2d85880328e829f9c93a2b1ea4cd860f24bc164677df1	1	20	19	20	19	0.42600020582945647	1.9402010848720228	EVALUABLE
b15d6aac4e2949a13833860957d2ff005c0f0c421ddda6179c79d71923f3e9fb	E0234	true	CT2A	C2	4ad59181fe7235c9f8799583e6a5926d9a3b391d8c90fd44a50e8f2ee914e297	14	20	19	20	19	0.82043507762103074	6.0914450766133088	EVALUABLE
b15d6aac4e2949a13833860957d2ff005c0f0c421ddda6179c79d71923f3e9fb	E0234	true	GL261	G5	098b45df89a363d775760f4500de0df44b45bb3a6dcc8574121a64dd9471b9f0	0	20	19	20	19	0.9321968566400255	12.292788834450585	EVALUABLE
b169a037e0b89aa89c80ce1c65ef0e217a8a3d8f7810fca881c5f5fb8c6f3461	E0127	true	CT2A	C1	820066d04598da3d239f0d23bd4e39ef57a720e88a443581bcf565cd8d99566b	18	20	19	20	19	0.55238913410822499	2.3980810686940357	EVALUABLE
b169a037e0b89aa89c80ce1c65ef0e217a8a3d8f7810fca881c5f5fb8c6f3461	E0127	true	GL261	G3	9d089ba3b0e645d3e16cc9b9a500224416307f7ee4379f38d87bf989d2174ec1	19	20	19	20	19	0.6238406151039948	5.5036240180846114	EVALUABLE
b16c5e7f66c1d85ee9f076f76c7708ae34b44fee06e5e4517d0cb7898cac1b7e	E0026	true	CT2A	C1	bb0ad4b3dca9738ed169d4aae2f4f8fd0949efa9bd105de1d71889a580ae2be8	19	20	19	20	19	0.68694635755278621	4.4063227204848801	EVALUABLE
b16c5e7f66c1d85ee9f076f76c7708ae34b44fee06e5e4517d0cb7898cac1b7e	E0026	true	GL261	G2	fc27b6af092e285d50c1968dde0a42a6920a84a660be54cb08c63990c795644b	7	20	19	20	19	0.063430977277193309	1.0347919531648493	EVALUABLE
b181e40f884211364826584b474ef4588442654c6648eeb682d24cb860a84cbe	E0044	true	CT2A	C4	102f69f6fa8557e4e0067accc8216a851f9d96d112c3c1db033468920969167f	3	20	19	20	19	0.80726985679818852	5.2787034451665855	EVALUABLE
b181e40f884211364826584b474ef4588442654c6648eeb682d24cb860a84cbe	E0044	true	GL261	G5	a5e71df85ff7da9f890eb3cd5dcb2b7117ced118c99b3684ee841000c8e0b65d	13	20	19	20	19	0.9999999779706501	1.8329697236113456	EVALUABLE
b190b2024b3bc86b263b2bb9c9b4850f7df28b28a260ece8ccd0acd62f1892ae	E0310	true	CT2A	C3	646a5c644a59a85946ca3a5bdaa04f073d39a57cae74abbda4fc566e8f03094d	1	20	19	20	19	0.0010945207635175819	1.2471372536215413	EVALUABLE
b190b2024b3bc86b263b2bb9c9b4850f7df28b28a260ece8ccd0acd62f1892ae	E0310	true	GL261	G1	0dcb4d9e9f31a415220f9c6fa35ee5c991ee4417708a58a8ae24391de0e15028	18	20	19	20	19	0.88935035066448598	12.062922096635836	EVALUABLE
b1a9d39395a15287174aaf2c061fa9d80f25368643ba73dd44ba3e6932d9810a	E0043	true	CT2A	C4	102f69f6fa8557e4e0067accc8216a851f9d96d112c3c1db033468920969167f	3	20	19	20	19	0.80726985679818852	5.2787034451665855	EVALUABLE
b1a9d39395a15287174aaf2c061fa9d80f25368643ba73dd44ba3e6932d9810a	E0043	true	GL261	G4	c369920187a75d899f06ea4bdc2750fd086c9e7dff9e33c43812a3ed0dd71628	12	20	19	20	19	0.99236176447355884	5.7100758872560453	EVALUABLE
b1bbd49b8215feb5d8e84d8d6bab353db90a63e978f35ad014a08afd28b5bced	E0153	true	CT2A	C1	e0656ed344a040c1c31d47313c246b5017dfe95469a56b860f75b9359b07ba86	7	20	19	20	19	0.92388205033069826	12.173306861895428	EVALUABLE
b1bbd49b8215feb5d8e84d8d6bab353db90a63e978f35ad014a08afd28b5bced	E0153	true	GL261	G4	e1e50204cde2f03790a3f2e74f66636d0dd7fd397ae5d4775dd61d74ccce0b76	19	20	19	20	19	0.90789071645032871	9.7733951351216852	EVALUABLE
b1c4cd595400910fdd72f1d1b053a97c3d381c18df486d317a1e693fb499ab01	E0309	false	CT2A	C2	92885b269975050d47b4a5f3645ef173ad8091cce18e3f543380b638cb89c263	0	20	19	20	19	0.99999999999999989	1.000337812939919	EVALUABLE
b1c4cd595400910fdd72f1d1b053a97c3d381c18df486d317a1e693fb499ab01	E0309	false	GL261	G5	4a2fb998e907a76d9911c65dc23b53d134425ac6130d04103f1e03f7be8c05b6	0	20	19	20	19	0.015426873193990857	1.0000781958551519	EVALUABLE
b2ed8c219055c4845dcc7d8ed0bb7e4b2b75466440e4bacae4bfb8648a3c9765	E0143	true	CT2A	C4	317809e9983f9e230612d444ffda8873641fdd297ecceb2017ae93047c48f76f	19	20	19	20	19	0.97776764549002515	15.648306370950241	EVALUABLE
b2ed8c219055c4845dcc7d8ed0bb7e4b2b75466440e4bacae4bfb8648a3c9765	E0143	true	GL261	G4	9d089ba3b0e645d3e16cc9b9a500224416307f7ee4379f38d87bf989d2174ec1	19	20	19	20	19	0.43859339085612381	3.1519865593422973	EVALUABLE
b305aab427bea3595fcf8c6bb7d7112df2b916037626c15b9b4834ce7fa741b7	E0132	true	CT2A	C2	5e8a0c4892e9698556e454389aaa6a2b6ca7ec28c8f86829df78dbc7a396e38e	2	20	19	20	19	0.92317807412878194	13.559433702547377	EVALUABLE
b305aab427bea3595fcf8c6bb7d7112df2b916037626c15b9b4834ce7fa741b7	E0132	true	GL261	G3	9d089ba3b0e645d3e16cc9b9a500224416307f7ee4379f38d87bf989d2174ec1	19	20	19	20	19	0.6238406151039948	5.5036240180846114	EVALUABLE
b312521b1fcc68bf5a895c558debd7581a520e04e2cc1fc83297eaf7c9b0073a	E0391	true	CT2A	C4	c68dd7b25160f329f504d6cca13ada30ca042fcbe53ec74e4fbc7caad25bfbb5	12	20	19	20	19	0.88411905202645213	11.734023083588765	EVALUABLE
b312521b1fcc68bf5a895c558debd7581a520e04e2cc1fc83297eaf7c9b0073a	E0391	true	GL261	G2	2f971692e2765073ae8a6d2f6fd8f4e97e81f95489df3f2946d4c497d94165b9	0	20	19	20	19	0.00031051015832295989	1.0143184106822272	EVALUABLE
b3b1479bad9d1f00e0c8aff48d07eabf7bc95286d2b62eec80739f4c04bce999	E0356	true	CT2A	C2	f715c48d725df09590892b8a0f532f274829fa59347013d5f282226dd527b95b	2	20	19	20	19	0.25842559321173469	1.6970703516408945	EVALUABLE
b3b1479bad9d1f00e0c8aff48d07eabf7bc95286d2b62eec80739f4c04bce999	E0356	true	GL261	G2	8919d77fd866b5a1dc2c64f31ddf3d2b0c854b469fdba34f75f79fe51e478517	0	20	19	20	19	0.23845078796656882	1	EVALUABLE
b42efec420586599fa6c0706d57b484aac7f20bc33e544a995fb41edc3ef6d33	E0054	true	CT2A	C1	45b591180b8b5b11f8d85d22498adbe0df7ea752ceb90d14dcfd3cbb2a110684	19	20	19	20	19	0.85085870744812042	9.2345345785333723	EVALUABLE
b42efec420586599fa6c0706d57b484aac7f20bc33e544a995fb41edc3ef6d33	E0054	true	GL261	G5	d928590f61fb177ab6a5b0e11cbeca11a10927ce32463c8505150ddf6a21fd31	8	20	19	20	19	0.99999313696569991	1.00137353489484	EVALUABLE
b4639c33c514fbd663f57170831924a179cf319dc5d13327816b0340ac1ef1f5	E0393	true	CT2A	C4	7694a9e011d4ebf44d303658c7154c14143b3e30ce56570e30c917120cb8c5fd	11	20	19	20	19	0.87751273387070883	11.839189489820949	EVALUABLE
b4639c33c514fbd663f57170831924a179cf319dc5d13327816b0340ac1ef1f5	E0393	true	GL261	G4	b9f5a06ad896dd71ad5bac5e24ed87f72ded680e6d19b3c8d7ef7efafd32eedc	8	20	19	20	19	0.84142200231982756	6.5754356222569559	EVALUABLE
b4d9c54f4ba1cbd59771d6f3f601933372e60351d37a48ceb1832dd125755f97	E0153	true	CT2A	C1	cc54b24afa3a8b0db325b37ba076ef5e11869c45d58d69da37b8bcf5223865f5	17	20	19	20	19	0.89593908590490057	12.333690102438435	EVALUABLE
b4d9c54f4ba1cbd59771d6f3f601933372e60351d37a48ceb1832dd125755f97	E0153	true	GL261	G4	f80ad607c1575d29cbb710927847afa0dfca390b07439baab0f53ee25e267754	18	20	19	20	19	0.94216186795224655	9.9206875619484585	EVALUABLE
b637b0e8480544e5f6f1fde7855135749d244449b7fe0f746d778d32af5a857c	E0071	true	CT2A	C5	922acc409690b4b94ea7e61fd138fe5eb67df3130bc7d7edc8faac768d87407d	8	20	19	20	19	0.87194518269918342	8.8321384200530435	EVALUABLE
b637b0e8480544e5f6f1fde7855135749d244449b7fe0f746d778d32af5a857c	E0071	true	GL261	G2	d928590f61fb177ab6a5b0e11cbeca11a10927ce32463c8505150ddf6a21fd31	8	20	19	20	19	0.99999999968028253	1.0000006914295532	EVALUABLE
b657c9f7044a309995d814dca8e0e0322744fd0ce1ca2b14fc3e9c058d024887	E0288	true	CT2A	C3	af28908304c57ace3b9aa0eaa9c9dcd3e2342c81cda26873352a9f5c202c71e4	13	20	19	20	19	0.86237629174651553	9.5953220020446945	EVALUABLE
b657c9f7044a309995d814dca8e0e0322744fd0ce1ca2b14fc3e9c058d024887	E0288	true	GL261	G4	c14d5ed0f81e787adc1913c3553bf14df5bb157bc649ea2040ac26996164fde7	14	20	19	20	19	0.5932152049918068	1.0100576516944926	EVALUABLE
b6693a961db2afff411ea67a453ecfabbeb67dfc9c0e5a95e22b9997a3bdf90b	E0030	true	CT2A	C2	102f69f6fa8557e4e0067accc8216a851f9d96d112c3c1db033468920969167f	3	20	19	20	19	0.39813313161553149	2.6092115823549586	EVALUABLE
b6693a961db2afff411ea67a453ecfabbeb67dfc9c0e5a95e22b9997a3bdf90b	E0030	true	GL261	G1	190878c4b80fe628594f55359ecb202fdd3e2ee8bca1b5c56ddcbe21f6e9a053	18	20	19	20	19	0.93548157004370702	11.489403039651325	EVALUABLE
b711bfcc6f8dad1ce4eb2d730f070d76aedc69fa3b224331010b208971756fe3	E0253	true	CT2A	C1	227fe4afb2202ead22ee9d269e9306fc1462f44fe8ea75b1015ef56783db29e3	3	20	19	20	19	0.019893028392686113	1.069935255172147	EVALUABLE
b711bfcc6f8dad1ce4eb2d730f070d76aedc69fa3b224331010b208971756fe3	E0253	true	GL261	G4	deff62e02ba886762368ef91d7c5a863a4429df48e2f355d224c8d1fd18fccdc	11	20	19	20	19	0.81292189203682585	1.0000071247402145	EVALUABLE
b760f332a8f25b07c92bed41cc65302bfb150dade53cbb10271658d3bd23da39	E0109	true	CT2A	C2	23292304d2d32b2fdbaff4ee52762d292782269c9b4414137b63abfae0a20815	1	20	19	20	19	0.65394485843619532	1.6334953823870695	EVALUABLE
b760f332a8f25b07c92bed41cc65302bfb150dade53cbb10271658d3bd23da39	E0109	true	GL261	G5	f88bd6cf2efb8f44e7d076dd701147d46987ae954fb4b6708b6977e588db41be	0	20	19	20	19	0.9999992402763398	2.3153608645961747	EVALUABLE
b77633dc994cb4f98238fc13a1153e5fb8811bed8c0b8feea18b2c442b2b0340	E0220	true	CT2A	C5	4989824e2df2467b6e60573ab17ca31c35d0a30f6e54c8dfeb87847ca960b723	17	20	19	20	19	0.99846671377486551	1.2995544701729642	EVALUABLE
b77633dc994cb4f98238fc13a1153e5fb8811bed8c0b8feea18b2c442b2b0340	E0220	true	GL261	G1	dcd23c7687b7a968c63bb9675ce7906f58320bde6bc3bfbab7121eccb9334be0	14	20	19	20	19	0.676120036529681	3.0473515139001148	EVALUABLE
b77847486457428e35f1704d261556d6463b6718404df4dd840b62c3fc320d34	E0315	true	CT2A	C4	0ade1e6723eba029060099685dac55cbaa4e00ff2f16480fea28e11337f40848	5	20	19	20	19	0.35561286774639017	4.4193250075577204	EVALUABLE
b77847486457428e35f1704d261556d6463b6718404df4dd840b62c3fc320d34	E0315	true	GL261	G1	3d31a5031c10d84a628e3b3461faf26a0859778f1eb541826fe6fca30c271467	19	20	19	20	19	0.88896977184803039	12.068128229902284	EVALUABLE
b78045fdb0ad2d5ccf6b9f66140d6dcc62130bc08fb2764d4dcaff6fe7b46799	E0278	true	CT2A	C1	7ce358edc3a4bd7c08bb6daaad38e6b004b2499c6d5cdc3112e7a7dfa0faee9a	2	20	19	20	19	0.15206256118401135	1.1475016284711637	EVALUABLE
b78045fdb0ad2d5ccf6b9f66140d6dcc62130bc08fb2764d4dcaff6fe7b46799	E0278	true	GL261	G4	c14d5ed0f81e787adc1913c3553bf14df5bb157bc649ea2040ac26996164fde7	14	20	19	20	19	0.5932152049918068	1.0100576516944926	EVALUABLE
b7fdcecf7efdef7094ea2d5b382c877901a326e2232b1373507ce76fbc46e5bf	E0307	true	CT2A	C2	646a5c644a59a85946ca3a5bdaa04f073d39a57cae74abbda4fc566e8f03094d	1	20	19	20	19	0.00016887770906388815	1.0171950491117938	EVALUABLE
b7fdcecf7efdef7094ea2d5b382c877901a326e2232b1373507ce76fbc46e5bf	E0307	true	GL261	G3	26bd1960d683b74e709d8ff2a2aab9731820160003488d524219cb81841dd9eb	8	20	19	20	19	0.91288979936190384	12.362300527035332	EVALUABLE
b8af30cee827b00fb3a434d26a0de6bd367f80143e6ffaccc7f50862b92d8b67	E0351	true	CT2A	C1	d14c9a0fe52fd780abbb1ba0cd30f1160d62ab1d241889a0ddaa16a4d9c19165	17	20	19	20	19	0.99999999998225075	1.0000000001799572	EVALUABLE
b8af30cee827b00fb3a434d26a0de6bd367f80143e6ffaccc7f50862b92d8b67	E0351	true	GL261	G2	8919d77fd866b5a1dc2c64f31ddf3d2b0c854b469fdba34f75f79fe51e478517	0	20	19	20	19	0.23845078796656882	1	EVALUABLE
b8af8b7724aa24b03e32922473074d191b9529bcd6b679a85f36eaa42a6327ec	E0130	true	CT2A	C2	266655b6dab32829146ddcc71d87648a3213fd2d014bd900061222549c133c15	1	20	19	20	19	0.91926992803820051	13.577886786908767	EVALUABLE
b8af8b7724aa24b03e32922473074d191b9529bcd6b679a85f36eaa42a6327ec	E0130	true	GL261	G1	9d089ba3b0e645d3e16cc9b9a500224416307f7ee4379f38d87bf989d2174ec1	19	20	19	20	19	0.8315796582305508	11.301590392667318	EVALUABLE
b8d38497a233ddebb501a82e31d1de397a995125ccd11c3f0de754700c0a3efa	E0257	true	CT2A	C2	227fe4afb2202ead22ee9d269e9306fc1462f44fe8ea75b1015ef56783db29e3	3	20	19	20	19	0.99999928014341111	8.3964399801343461	EVALUABLE
b8d38497a233ddebb501a82e31d1de397a995125ccd11c3f0de754700c0a3efa	E0257	true	GL261	G3	deff62e02ba886762368ef91d7c5a863a4429df48e2f355d224c8d1fd18fccdc	11	20	19	20	19	0.63175880615596414	1.0057999553575281	EVALUABLE
b8f751f7970336091c3e22b395837cc8e8fcd1ca7054605cfbff25252cf27f30	E0190	false	CT2A	C4	c242cf78ad007b657e033931f20963643548ea40b4b9a684199bd8744f018ac4	18	20	19	20	19	0.99568862798279323	10.093893964362799	EVALUABLE
b8f751f7970336091c3e22b395837cc8e8fcd1ca7054605cfbff25252cf27f30	E0190	false	GL261	G1	8ecf30a756db2f84cdf96655aeefb4791848aa4abcee2632121fb0bb43d6914f	9	20	19	20	19	0.27016931629783247	9.3194214892098532	EVALUABLE
b974e026c025a93e8a541aa45f418ecdc158d6d84d0837d1d18e8b3fd00982f2	E0007	true	CT2A	C2	55c97010acdd0cdc52f98f416746a96a3e453dfff25d0e9f08e270f4213bea20	1	20	19	20	19	0.48577816441069854	1.3813249684797881	EVALUABLE
b974e026c025a93e8a541aa45f418ecdc158d6d84d0837d1d18e8b3fd00982f2	E0007	true	GL261	G3	488ec8fc3106ead99d811b4bde0838da48763bd7a1999d8f7629a12ed999f37b	17	20	19	20	19	0.88789733193132547	11.984291786848125	EVALUABLE
b97cbe6ee61310c4cba1c29d048d0a3a251456127b3f4934f22c96541fb2d0cf	E0320	true	CT2A	C5	41b88b4ee1d53a5ed347ca7ca6e242f063954bf817489f768d55c5cd466c4a09	11	20	19	20	19	0.99999999957496033	2.8887617741499025	EVALUABLE
b97cbe6ee61310c4cba1c29d048d0a3a251456127b3f4934f22c96541fb2d0cf	E0320	true	GL261	G1	0dcb4d9e9f31a415220f9c6fa35ee5c991ee4417708a58a8ae24391de0e15028	18	20	19	20	19	0.88935035066448598	12.062922096635836	EVALUABLE
ba30d9c902ea106135bb1e6b921c4db23e8490a935aa2275bb57f1a80adc722b	E0351	true	CT2A	C1	34b996ca187b21a6172a8aab384066223b8fe5a1df3761648e1a25a5d93e0572	15	20	19	20	19	0.99999999998293354	1.0000000001813227	EVALUABLE
ba30d9c902ea106135bb1e6b921c4db23e8490a935aa2275bb57f1a80adc722b	E0351	true	GL261	G2	8919d77fd866b5a1dc2c64f31ddf3d2b0c854b469fdba34f75f79fe51e478517	0	20	19	20	19	0.23845078796656882	1	EVALUABLE
bb2966620cbc55b592dc1a62535c2013d3d339a1e6b496ec592af996dd74635b	E0261	true	CT2A	C3	e844c73dd542d4d132b72865a21c41b6c4f10ecd7b0aaa99437536260376de0e	8	20	19	20	19	0.99990787264079273	11.891357721495783	EVALUABLE
bb2966620cbc55b592dc1a62535c2013d3d339a1e6b496ec592af996dd74635b	E0261	true	GL261	G2	904a081f7eef1e7cc57d16491196f0d4a843d7e3f52c6a1ec968499a88939007	18	20	19	20	19	0.91596291168627408	11.124393549486637	EVALUABLE
bb3821b10d5f419a4bc6f28ec8c1455494a13a2bcc07b5216bc1c3d25440ecb7	E0193	true	CT2A	C4	c242cf78ad007b657e033931f20963643548ea40b4b9a684199bd8744f018ac4	18	20	19	20	19	0.99568862798279323	10.093893964362799	EVALUABLE
bb3821b10d5f419a4bc6f28ec8c1455494a13a2bcc07b5216bc1c3d25440ecb7	E0193	true	GL261	G4	8ecf30a756db2f84cdf96655aeefb4791848aa4abcee2632121fb0bb43d6914f	9	20	19	20	19	0.99991216885290002	1.4633809405549494	EVALUABLE
bb839d9a5f52b6ee47b1466769745124bd6d4be79568a0095ba866e64591685c	E0022	true	CT2A	C5	c55c11a6e3dc772e3c2e3b973cfb71fd8e41ddd3aef93d8b8367e17dfca95033	18	20	19	20	19	0.87409937016018613	12.107635466288084	EVALUABLE
bb839d9a5f52b6ee47b1466769745124bd6d4be79568a0095ba866e64591685c	E0022	true	GL261	G3	488ec8fc3106ead99d811b4bde0838da48763bd7a1999d8f7629a12ed999f37b	17	20	19	20	19	0.88789733193132547	11.984291786848125	EVALUABLE
bbd85c002ae56bccf6cf1f6d15f7316e01101e1ffaecdd6d814b4979b0a57500	E0257	true	CT2A	C2	227fe4afb2202ead22ee9d269e9306fc1462f44fe8ea75b1015ef56783db29e3	3	20	19	20	19	0.99999928014341111	8.3964399801343461	EVALUABLE
bbd85c002ae56bccf6cf1f6d15f7316e01101e1ffaecdd6d814b4979b0a57500	E0257	true	GL261	G3	ad3ae52546893ca463d0370db5c0243a4cd79da6df16d930a4acee2fee7bf062	3	20	19	20	19	0.37006686590174065	1.0099259792958202	EVALUABLE
bc27d650443984fc06e02f43a753a9b705a7ce34db33b4a7c883b7dcadf71187	E0041	true	CT2A	C4	593312d7347feeecef6821743059de3d62c9a9e7bc1e0d7af7214fa92b03e33f	4	20	19	20	19	0.81686060888933887	5.251531976742549	EVALUABLE
bc27d650443984fc06e02f43a753a9b705a7ce34db33b4a7c883b7dcadf71187	E0041	true	GL261	G2	a5e71df85ff7da9f890eb3cd5dcb2b7117ced118c99b3684ee841000c8e0b65d	13	20	19	20	19	0.999999999999999	1.1350096926307203	EVALUABLE
bc823d8cb3c2a79da9c3bdc0fa6b7c0d18a565d20cafb73269320ddff4952088	E0317	true	CT2A	C4	0ade1e6723eba029060099685dac55cbaa4e00ff2f16480fea28e11337f40848	5	20	19	20	19	0.35561286774639017	4.4193250075577204	EVALUABLE
bc823d8cb3c2a79da9c3bdc0fa6b7c0d18a565d20cafb73269320ddff4952088	E0317	true	GL261	G3	fb799d596a8dc63472e08b557f1482c5a976d666fed4a252258ea7640ea54f8e	10	20	19	20	19	0.90297469362731986	12.431913352749664	EVALUABLE
bc984b3c2cb793c07c4697b80600d334b418a4097652f9c441fafb7ed51e3d1b	E0303	true	CT2A	C1	a4cf0046a45aa0e47320ab5f4760e69930e9f99bbe85fdfc3b7ead7bafa2baa0	12	20	19	20	19	0.9999999999966469	1.6584490004249772	EVALUABLE
bc984b3c2cb793c07c4697b80600d334b418a4097652f9c441fafb7ed51e3d1b	E0303	true	GL261	G4	4a2fb998e907a76d9911c65dc23b53d134425ac6130d04103f1e03f7be8c05b6	0	20	19	20	19	0.53515954433333701	1.0838891384123626	EVALUABLE
bc9c90b8d9c7c1eebc01663fd4532edbddd115df8965f21c7add9500886eebea	E0227	true	CT2A	C1	0ce9f3c2ac8cacca151a431395692262091d1c40960aa953be66fdd4db529db5	17	20	19	20	19	0.15492668498694406	2.0281460195970875	EVALUABLE
bc9c90b8d9c7c1eebc01663fd4532edbddd115df8965f21c7add9500886eebea	E0227	true	GL261	G3	d2e77ddb8a929cfcb9b862f9915f2d5a3eb09741f2765ade2b0bcd69a98c741d	12	20	19	20	19	0.99562411305894838	4.4701618929519586	EVALUABLE
bca01325cbab58b4edd2cc29f0ba11515897324cc47d45dd7397f6b50b57399d	E0374	true	CT2A	C5	5e0bd4de471984c8757d52c33b2e66b55d81a00be7c5d5379d7344b8a2650a64	7	20	19	20	19	0.9999999824572896	1.0000002547764655	EVALUABLE
bca01325cbab58b4edd2cc29f0ba11515897324cc47d45dd7397f6b50b57399d	E0374	true	GL261	G5	8919d77fd866b5a1dc2c64f31ddf3d2b0c854b469fdba34f75f79fe51e478517	0	20	19	20	19	0.39883558886147957	1.0000000001132936	EVALUABLE
bdc5e7f56113323d903a08f05d9e66071f2ef50bdd12a08c2901ebfe9aeeb07a	E0287	true	CT2A	C3	0a95f91928ebf23599e2fd99cce9339024b168bc277b7ee6b223dfc5b37da8df	10	20	19	20	19	0.87941744677291489	9.4422376213259636	EVALUABLE
bdc5e7f56113323d903a08f05d9e66071f2ef50bdd12a08c2901ebfe9aeeb07a	E0287	true	GL261	G3	473d4f1bd46e522454faaf88efcb4858d6c533e112800f714ecae23ee6efc94e	3	20	19	20	19	0.93926809489134078	2.3514898545602465	EVALUABLE
bdf1b83a38b0757d4c6cc94e77e819ab1652fda0e3a4f963627e8c277748d70c	E0370	true	CT2A	C5	662e28e0b1c3c4f253ea0b812ef01c3553f0b90aaf9ca7d4828cb94489f04714	4	20	19	20	19	0.99999998226919251	1.0000002544002711	EVALUABLE
bdf1b83a38b0757d4c6cc94e77e819ab1652fda0e3a4f963627e8c277748d70c	E0370	true	GL261	G1	4b4cf4267fcb04925be0dfbb09053360ba7fe7c53232c32dfae0571e12ddfcbf	12	20	19	20	19	0.90741067607121062	13.83025409192345	EVALUABLE
be16c8391db95329e2cfe156b2f9c7f48d73e2933c1a130a6809244a4df53212	E0205	true	CT2A	C2	64e14d92b1a5821eccddd0e1e6d5521f0fcaba2977c9eb34cfda886205c3493d	8	20	19	20	19	0.99999982629128847	8.7524334990654555	EVALUABLE
be16c8391db95329e2cfe156b2f9c7f48d73e2933c1a130a6809244a4df53212	E0205	true	GL261	G1	4f3ac3dd70092e73abd0358812ec03b156828b637df9f9d81f3fa59635a9cea7	2	20	19	20	19	0.71451530013164555	2.9441027027042357	EVALUABLE
be18961370180b1bfd3d2b2f73c0ba8f4399b6389b549c0751e846f4a3e33b0d	E0345	true	CT2A	C5	846782759cfa32849b8d0b22aba8597dc284079e90e15443c93dc705c5cdccc4	10	20	19	20	19	0.87155239867709733	6.0370220935541719	EVALUABLE
be18961370180b1bfd3d2b2f73c0ba8f4399b6389b549c0751e846f4a3e33b0d	E0345	true	GL261	G1	a29e516f4cdb615164980efb4a5ea439ebd420270dfdbd772cbaba783c759b3a	4	20	19	20	19	0.90648294860130785	9.3482449942482706	EVALUABLE
be49f4403e23d18b34a0f14111e55f2449a80bf0fc0261b09bf1417c1bb6a013	E0127	true	CT2A	C1	317809e9983f9e230612d444ffda8873641fdd297ecceb2017ae93047c48f76f	19	20	19	20	19	0.67000508480754195	2.0526179444328818	EVALUABLE
be49f4403e23d18b34a0f14111e55f2449a80bf0fc0261b09bf1417c1bb6a013	E0127	true	GL261	G3	9d089ba3b0e645d3e16cc9b9a500224416307f7ee4379f38d87bf989d2174ec1	19	20	19	20	19	0.6238406151039948	5.5036240180846114	EVALUABLE
be98da4e175426d224de34928d150213de0180d4ba01b33d42aadbded79c6c29	E0091	true	CT2A	C4	aea3a41483799622bd3b3a2a0650bf7c51696eb5f00fff1b0bcf6f837c40d54a	0	20	19	20	19	0.99756471576856043	5.5909369723251272	EVALUABLE
be98da4e175426d224de34928d150213de0180d4ba01b33d42aadbded79c6c29	E0091	true	GL261	G2	1da91e6cbc1ec44f0d5dcba4f1de73f1c00882c5b1d520c8967a9b59c82629c7	15	20	19	20	19	0.00013958959576077003	1.0000045136717002	EVALUABLE
beee86aa99a67db7d87a5d8dcc0fbcdd59aa4d26471bcce72dcd3b5983efcd6a	E0285	true	CT2A	C3	1f934b3dc4f2e9a459543f2b3f436ecc7f80c3d79a147a95a65090f563b3f59c	17	20	19	20	19	0.96689693828154299	9.8047956301186794	EVALUABLE
beee86aa99a67db7d87a5d8dcc0fbcdd59aa4d26471bcce72dcd3b5983efcd6a	E0285	true	GL261	G1	c14d5ed0f81e787adc1913c3553bf14df5bb157bc649ea2040ac26996164fde7	14	20	19	20	19	0.73703050473925968	5.9822042517208249	EVALUABLE
bf050bedc7b7d6c1b35c2a7930962b52276668a6b1eda986336c70a1c891b935	E0011	true	CT2A	C3	55c97010acdd0cdc52f98f416746a96a3e453dfff25d0e9f08e270f4213bea20	1	20	19	20	19	0.5998692806526984	2.4314186715589208	EVALUABLE
bf050bedc7b7d6c1b35c2a7930962b52276668a6b1eda986336c70a1c891b935	E0011	true	GL261	G2	4e3f6d6ceeb0b403b1b2482130d0f49869cd9e2da46c27f2006cd8893987eb72	0	20	19	20	19	0.099031987634081595	1.0001616475329582	EVALUABLE
bf22105face3fba17e592c9590e19f87d69ebaab6eeb6e7d5e26e9822c4b3c90	E0150	true	CT2A	C1	f6c6381dd019c536c97d40a0b4e86571772940c92642a97185ad8e44114166ba	14	20	19	20	19	0.94932423215331674	12.287679956407631	EVALUABLE
bf22105face3fba17e592c9590e19f87d69ebaab6eeb6e7d5e26e9822c4b3c90	E0150	true	GL261	G1	e1e50204cde2f03790a3f2e74f66636d0dd7fd397ae5d4775dd61d74ccce0b76	19	20	19	20	19	0.831584981465747	11.881877309735335	EVALUABLE
bfc964c8fcd2b240450e2fe6f151565235777b617944bbf3f7ef65a5f7775d79	E0372	true	CT2A	C5	5e0bd4de471984c8757d52c33b2e66b55d81a00be7c5d5379d7344b8a2650a64	7	20	19	20	19	0.9999999824572896	1.0000002547764655	EVALUABLE
bfc964c8fcd2b240450e2fe6f151565235777b617944bbf3f7ef65a5f7775d79	E0372	true	GL261	G3	56f49755ad9fd488da413cdefefa89f19e6d4469948128c282c57ff52fb461d5	4	20	19	20	19	0.89819092377850596	12.807045251031706	EVALUABLE
bfd4e5c00fd20666e6a6051e68eee8f765450f66b7eeafee1cb7106e238c2aa1	E0241	true	CT2A	C4	0ce9f3c2ac8cacca151a431395692262091d1c40960aa953be66fdd4db529db5	17	20	19	20	19	0.62705396021446014	4.651094656023762	EVALUABLE
bfd4e5c00fd20666e6a6051e68eee8f765450f66b7eeafee1cb7106e238c2aa1	E0241	true	GL261	G2	94086566796d80d0f9c2d85880328e829f9c93a2b1ea4cd860f24bc164677df1	1	20	19	20	19	0.42600020582945647	1.9402010848720228	EVALUABLE
c01d76167e950472f505cfe77cc81ee78bf806b6c530db34de1ea697e8fcdba5	E0302	true	CT2A	C1	d9bee4ec9dc9d1f3876c1811fcf6f8d020989bd2af3231c4cdaa3df2bbdcd555	16	20	19	20	19	0.99999999999779754	1.658449000428794	EVALUABLE
c01d76167e950472f505cfe77cc81ee78bf806b6c530db34de1ea697e8fcdba5	E0302	true	GL261	G3	bb1036ad8c6848f4f75fe3386020148be563bbaf2bb7551f2b1d8982a523c72f	5	20	19	20	19	0.90439969098440942	12.419205573139125	EVALUABLE
c025079293738793ce3413705e8cc9bdc8f529a234f26c471b5141f091fe17f8	E0025	true	CT2A	C1	bb0ad4b3dca9738ed169d4aae2f4f8fd0949efa9bd105de1d71889a580ae2be8	19	20	19	20	19	0.68694635755278621	4.4063227204848801	EVALUABLE
c025079293738793ce3413705e8cc9bdc8f529a234f26c471b5141f091fe17f8	E0025	true	GL261	G1	190878c4b80fe628594f55359ecb202fdd3e2ee8bca1b5c56ddcbe21f6e9a053	18	20	19	20	19	0.93548157004370702	11.489403039651325	EVALUABLE
c0441d2975ab1e448ab067abcedfcdd569bac9ac0d56c3f53e89d29d6ef8f3f1	E0035	true	CT2A	C3	102f69f6fa8557e4e0067accc8216a851f9d96d112c3c1db033468920969167f	3	20	19	20	19	0.59930431535019257	3.4040147896030675	EVALUABLE
c0441d2975ab1e448ab067abcedfcdd569bac9ac0d56c3f53e89d29d6ef8f3f1	E0035	true	GL261	G1	0308b03c63fd48d3db330aba47bb6377597fe3ec4b11a4a9ba445a8f52049244	19	20	19	20	19	0.90627601706676597	11.479750358768747	EVALUABLE
c0de945ed2ea1a7dfc612b5e91e868f2f92405234b90e7a75c6d641d0d4b8e54	E0052	true	CT2A	C1	b37add75f03b4f23ac6656dd0c4885d4486ea5d21bec8d5dbb8bc0b75f7b3972	15	20	19	20	19	0.87837827449405581	8.9873398835840899	EVALUABLE
c0de945ed2ea1a7dfc612b5e91e868f2f92405234b90e7a75c6d641d0d4b8e54	E0052	true	GL261	G3	f3e9af567444075a63b7c2a2854ddee5538bfb4c47245f27578a66e389b5a9bc	18	20	19	20	19	0.66853845467600703	3.7749737294577361	EVALUABLE
c0f64864a660b05727643c17eb5abeace081e8979a3d15f1da85a79381d1efcb	E0375	true	CT2A	C1	93bcac7a72697a36bd2ebdfcfec80d11ce9ecaab48365dbcfddc2af85158d388	19	20	19	20	19	0.99999999999999944	1.0033620860714145	EVALUABLE
c0f64864a660b05727643c17eb5abeace081e8979a3d15f1da85a79381d1efcb	E0375	true	GL261	G1	2399e94f9c2f2213e281a1c60356b9d85bb5023aa4787097cd11d512d71324d9	19	20	19	20	19	0.89840951962981164	10.505967498901592	EVALUABLE
c1d44522420649e2dfbbc95602a4fd15e29d4b400c597cb52e3f51892ad9676c	E0155	true	CT2A	C2	7d84eb225b8def23833824a5db45b74528179b1bd889afa1812a7b3af34d5dd1	0	20	19	20	19	0.26495617064923199	2.1960015042847636	EVALUABLE
c1d44522420649e2dfbbc95602a4fd15e29d4b400c597cb52e3f51892ad9676c	E0155	true	GL261	G1	e1e50204cde2f03790a3f2e74f66636d0dd7fd397ae5d4775dd61d74ccce0b76	19	20	19	20	19	0.831584981465747	11.881877309735335	EVALUABLE
c228bd360ca48714304f788f60b6725c12db4e33204e3764cb111a7c8cb71bb7	E0221	true	CT2A	C5	4989824e2df2467b6e60573ab17ca31c35d0a30f6e54c8dfeb87847ca960b723	17	20	19	20	19	0.99846671377486551	1.2995544701729642	EVALUABLE
c228bd360ca48714304f788f60b6725c12db4e33204e3764cb111a7c8cb71bb7	E0221	true	GL261	G2	fc5a6e7ac9885276c1940614d572c21e145840e761a1b814fe18426f44ee7db0	8	20	19	20	19	0.86543299274967522	6.3444720180889052	EVALUABLE
c2dccd4f45c67b8cc9b6924f094d656a1f25f500e3d75a0acf4eedfee89982ca	E0162	true	CT2A	C3	7d84eb225b8def23833824a5db45b74528179b1bd889afa1812a7b3af34d5dd1	0	20	19	20	19	0.53409341902407192	2.8372006697777263	EVALUABLE
c2dccd4f45c67b8cc9b6924f094d656a1f25f500e3d75a0acf4eedfee89982ca	E0162	true	GL261	G3	e1e50204cde2f03790a3f2e74f66636d0dd7fd397ae5d4775dd61d74ccce0b76	19	20	19	20	19	0.81457764984935643	9.2315388508488923	EVALUABLE
c31eab956ed9c9d9c2c4ca5dce26b56a270c5769c28ac0c4a63f695e1f0aa220	E0388	true	CT2A	C3	e0894b04544dae489a65af0d3d2e6b796b8d625f6b5e2a273115d0c767e3e693	6	20	19	20	19	0.51841892662953348	1.9823313676639549	EVALUABLE
c31eab956ed9c9d9c2c4ca5dce26b56a270c5769c28ac0c4a63f695e1f0aa220	E0388	true	GL261	G4	80a784effa6b3b2aafa37d724569e27dd6d62f8297103775ff360d41d6331aab	2	20	19	20	19	0.86116365437386877	6.5314393684786305	EVALUABLE
c342364f3c04cee5cc800591af363f7ad7af477417a2ed932658d6b848eb94e1	E0123	true	CT2A	C5	28de38258d03212a0d010bf8ac5b5dd9d5bb9878b0d353e342028da17117a4df	11	20	19	20	19	0.27999945837677576	1.9239119317978395	EVALUABLE
c342364f3c04cee5cc800591af363f7ad7af477417a2ed932658d6b848eb94e1	E0123	true	GL261	G4	f6b0f2ba20b13928be8ad57375895f2cc1e549f77dfc7af9607209c545567596	9	20	19	20	19	0.99275356068911413	4.2139513058423352	EVALUABLE
c3b9a235135a16e639159a3399164b14dea843265a80c0637d963ebc24cfbd12	E0236	true	CT2A	C3	19fbb71aa82ced106de3de882f00088ca5f4b1403f565423e5efc7d077ebdee7	18	20	19	20	19	0.90301338800362296	12.888893559802156	EVALUABLE
c3b9a235135a16e639159a3399164b14dea843265a80c0637d963ebc24cfbd12	E0236	true	GL261	G2	1e4730ea84327c2af00f7bf39dfe64b793d2c667d11063277acbba44643bb602	10	20	19	20	19	0.99999087853741708	2.3639644488789711	EVALUABLE
c3edbe34d228f63f6911b1672a2c6aad4d5fcc9ee643bf3ef272dbc6bf53dcfd	E0392	true	CT2A	C4	c68dd7b25160f329f504d6cca13ada30ca042fcbe53ec74e4fbc7caad25bfbb5	12	20	19	20	19	0.88411905202645213	11.734023083588765	EVALUABLE
c3edbe34d228f63f6911b1672a2c6aad4d5fcc9ee643bf3ef272dbc6bf53dcfd	E0392	true	GL261	G3	7fdc2fa21fea6c28bbc011461e0e1d02cc38dbc1714a1b49baf6218c00d86339	17	20	19	20	19	0.59892512015901556	7.3693356400595142	EVALUABLE
c41016a2918b4455f0384529dc8cd195ee9fab45fd9f4987fc804dcfb31129ac	E0269	true	CT2A	C4	227fe4afb2202ead22ee9d269e9306fc1462f44fe8ea75b1015ef56783db29e3	3	20	19	20	19	0.82130659765351477	8.4875241697218105	EVALUABLE
c41016a2918b4455f0384529dc8cd195ee9fab45fd9f4987fc804dcfb31129ac	E0269	true	GL261	G5	ad3ae52546893ca463d0370db5c0243a4cd79da6df16d930a4acee2fee7bf062	3	20	19	20	19	0.9815956657177286	3.765150262899247	EVALUABLE
c41a13a263b69feee05d79ac72c8fe338530d781babcc122bf93e5e73ecc42b1	E0318	true	CT2A	C4	8f95d37fc5b6314ac49444f700aeebaca5fabad2ed9d263b0a3bc8b912daa437	6	20	19	20	19	0.89073560523381512	1.836973724890564	EVALUABLE
c41a13a263b69feee05d79ac72c8fe338530d781babcc122bf93e5e73ecc42b1	E0318	true	GL261	G4	56619b4e4e6013ca0ea5dfecefc8a41771a2787473f82472dde4086101e026ce	1	20	19	20	19	0.4864192523306799	1.0926497642978019	EVALUABLE
c42e3ed94096fc75356f42dd552a11622d2e94a0e33b0619aba35924c076b268	E0033	true	CT2A	C2	102f69f6fa8557e4e0067accc8216a851f9d96d112c3c1db033468920969167f	3	20	19	20	19	0.39813313161553149	2.6092115823549586	EVALUABLE
c42e3ed94096fc75356f42dd552a11622d2e94a0e33b0619aba35924c076b268	E0033	true	GL261	G4	a5e71df85ff7da9f890eb3cd5dcb2b7117ced118c99b3684ee841000c8e0b65d	13	20	19	20	19	0.98624402221296548	5.6441730073772849	EVALUABLE
c42ff7677059ef7d652e6929b3861dc63588ce5cfaca3d50dc4f21b386118f79	E0215	true	CT2A	C4	4989824e2df2467b6e60573ab17ca31c35d0a30f6e54c8dfeb87847ca960b723	17	20	19	20	19	0.82768489702769443	7.4375912971843023	EVALUABLE
c42ff7677059ef7d652e6929b3861dc63588ce5cfaca3d50dc4f21b386118f79	E0215	true	GL261	G1	dcd23c7687b7a968c63bb9675ce7906f58320bde6bc3bfbab7121eccb9334be0	14	20	19	20	19	0.676120036529681	3.0473515139001148	EVALUABLE
c43d7bc4758a2210224212c014676bc92623c6ea31b68b8df4f1a1b63ea783de	E0071	true	CT2A	C5	f477e3d5e656111b38ff39e23e8311ca8a8abd935c292bccfcb769f43f87ef81	4	20	19	20	19	0.88169908594762114	8.7855979279561023	EVALUABLE
c43d7bc4758a2210224212c014676bc92623c6ea31b68b8df4f1a1b63ea783de	E0071	true	GL261	G2	d928590f61fb177ab6a5b0e11cbeca11a10927ce32463c8505150ddf6a21fd31	8	20	19	20	19	0.99999999968028253	1.0000006914295532	EVALUABLE
c482671e35137f6c8b0274cfb25b6958a4731ff7c8bb0bdd06e7922863ecb703	E0033	true	CT2A	C2	102f69f6fa8557e4e0067accc8216a851f9d96d112c3c1db033468920969167f	3	20	19	20	19	0.39813313161553149	2.6092115823549586	EVALUABLE
c482671e35137f6c8b0274cfb25b6958a4731ff7c8bb0bdd06e7922863ecb703	E0033	true	GL261	G4	c369920187a75d899f06ea4bdc2750fd086c9e7dff9e33c43812a3ed0dd71628	12	20	19	20	19	0.99236176447355884	5.7100758872560453	EVALUABLE
c5b99ac28b9438d7ce41c1b2c0e167fc8bf79738fa9eceb116d2a5f8e136a9c2	E0152	true	CT2A	C1	cc54b24afa3a8b0db325b37ba076ef5e11869c45d58d69da37b8bcf5223865f5	17	20	19	20	19	0.89593908590490057	12.333690102438435	EVALUABLE
c5b99ac28b9438d7ce41c1b2c0e167fc8bf79738fa9eceb116d2a5f8e136a9c2	E0152	true	GL261	G3	e1e50204cde2f03790a3f2e74f66636d0dd7fd397ae5d4775dd61d74ccce0b76	19	20	19	20	19	0.81457764984935643	9.2315388508488923	EVALUABLE
c5f245a603904c79dc3d8127e99833df0eca63aebc7343bc7ccee71598c67c5e	E0091	true	CT2A	C4	11c92eb5eefda7cc64e53694479d802bc86526faac5ec503ffca49ddb81a3886	1	20	19	20	19	0.9975496671054116	5.5907705999109742	EVALUABLE
c5f245a603904c79dc3d8127e99833df0eca63aebc7343bc7ccee71598c67c5e	E0091	true	GL261	G2	1da91e6cbc1ec44f0d5dcba4f1de73f1c00882c5b1d520c8967a9b59c82629c7	15	20	19	20	19	0.00013958959576077003	1.0000045136717002	EVALUABLE
c60c4722e01b7e2c2ffa5cb815a0bb8a06d15d1a4744c62dfcefa2ea34a2175f	E0173	true	CT2A	C5	85c320520e0d98911d2eaf5ef5ed30ace600fd4d9d2db08b51ab8abb34878cae	3	20	19	20	19	0.80745319555156159	5.8216071524628381	EVALUABLE
c60c4722e01b7e2c2ffa5cb815a0bb8a06d15d1a4744c62dfcefa2ea34a2175f	E0173	true	GL261	G4	f80ad607c1575d29cbb710927847afa0dfca390b07439baab0f53ee25e267754	18	20	19	20	19	0.94216186795224655	9.9206875619484585	EVALUABLE
c64d3e4290ec28b6b7803c26caa303fe9d221005d82fe6f2cb17269a009e7456	E0001	true	CT2A	C1	c55c11a6e3dc772e3c2e3b973cfb71fd8e41ddd3aef93d8b8367e17dfca95033	18	20	19	20	19	0.65835440497085429	6.5416641409318803	EVALUABLE
c64d3e4290ec28b6b7803c26caa303fe9d221005d82fe6f2cb17269a009e7456	E0001	true	GL261	G2	4e3f6d6ceeb0b403b1b2482130d0f49869cd9e2da46c27f2006cd8893987eb72	0	20	19	20	19	0.099031987634081595	1.0001616475329582	EVALUABLE
c6a26d4df197f796288478faffcc8d9485bb635c53082254dc54e8426ebc0fe4	E0167	true	CT2A	C4	7d84eb225b8def23833824a5db45b74528179b1bd889afa1812a7b3af34d5dd1	0	20	19	20	19	0.71226732542084359	3.5285524615106669	EVALUABLE
c6a26d4df197f796288478faffcc8d9485bb635c53082254dc54e8426ebc0fe4	E0167	true	GL261	G3	e1e50204cde2f03790a3f2e74f66636d0dd7fd397ae5d4775dd61d74ccce0b76	19	20	19	20	19	0.81457764984935643	9.2315388508488923	EVALUABLE
c6b8aa35e44fe0f714a5ba332071eeabd2042a38b23dffec936044b8f75a0b40	E0229	true	CT2A	C1	0ce9f3c2ac8cacca151a431395692262091d1c40960aa953be66fdd4db529db5	17	20	19	20	19	0.15492668498694406	2.0281460195970875	EVALUABLE
c6b8aa35e44fe0f714a5ba332071eeabd2042a38b23dffec936044b8f75a0b40	E0229	true	GL261	G5	d2e77ddb8a929cfcb9b862f9915f2d5a3eb09741f2765ade2b0bcd69a98c741d	12	20	19	20	19	0.90229771052231234	12.383760064603189	EVALUABLE
c738af49d5a114a4684e31c09b2057519536b83199ff104fe21819fcb2d41d08	E0058	false	CT2A	C2	7f09d6185ac5d193185190172ff78a97a79908108e64a74fa9c0e5c5b7a315dc	0	20	19	20	19	0.9308187138472287	1.0384695222672513	EVALUABLE
c738af49d5a114a4684e31c09b2057519536b83199ff104fe21819fcb2d41d08	E0058	false	GL261	G4	d928590f61fb177ab6a5b0e11cbeca11a10927ce32463c8505150ddf6a21fd31	8	20	19	20	19	0.92654957144361749	1.9665265403298717	EVALUABLE
c7c03d0892c4da53f09c34e9df4a4151b96d3c6dd01a4ad3eaaf3b714eadabf2	E0036	true	CT2A	C3	102f69f6fa8557e4e0067accc8216a851f9d96d112c3c1db033468920969167f	3	20	19	20	19	0.59930431535019257	3.4040147896030675	EVALUABLE
c7c03d0892c4da53f09c34e9df4a4151b96d3c6dd01a4ad3eaaf3b714eadabf2	E0036	true	GL261	G2	a5e71df85ff7da9f890eb3cd5dcb2b7117ced118c99b3684ee841000c8e0b65d	13	20	19	20	19	0.999999999999999	1.1350096926307203	EVALUABLE
c8237cc7aa150955223e533f9dba911ba29ad4e54567e35bfd6b05677ae43fc0	E0335	true	CT2A	C3	73800d86c4f889eaf4f5923c873981e1547c7ce8918bcad431aebb6957e65d8f	1	20	19	20	19	0.70000038358131655	3.4317647739111701	EVALUABLE
c8237cc7aa150955223e533f9dba911ba29ad4e54567e35bfd6b05677ae43fc0	E0335	true	GL261	G1	de6789b73fad901aa5115f8766bed663440158b44f4333e039ed0b84098afacb	5	20	19	20	19	0.88015241015681656	9.4147895670778166	EVALUABLE
c8af431b65a184f4176986e261e17bcea8d0d4eac02f5aab658b94b4c0debdd1	E0352	true	CT2A	C1	d14c9a0fe52fd780abbb1ba0cd30f1160d62ab1d241889a0ddaa16a4d9c19165	17	20	19	20	19	0.99999999998225075	1.0000000001799572	EVALUABLE
c8af431b65a184f4176986e261e17bcea8d0d4eac02f5aab658b94b4c0debdd1	E0352	true	GL261	G3	56f49755ad9fd488da413cdefefa89f19e6d4469948128c282c57ff52fb461d5	4	20	19	20	19	0.89819092377850596	12.807045251031706	EVALUABLE
c8ebc11ad517c1ae3ebc8b543baf38b2fb43d05ff9808a9cfdf255185545ca84	E0275	true	CT2A	C1	7ce358edc3a4bd7c08bb6daaad38e6b004b2499c6d5cdc3112e7a7dfa0faee9a	2	20	19	20	19	0.15206256118401135	1.1475016284711637	EVALUABLE
c8ebc11ad517c1ae3ebc8b543baf38b2fb43d05ff9808a9cfdf255185545ca84	E0275	true	GL261	G1	c14d5ed0f81e787adc1913c3553bf14df5bb157bc649ea2040ac26996164fde7	14	20	19	20	19	0.73703050473925968	5.9822042517208249	EVALUABLE
c9f29ba019f34d303c49f30e9815edab35e40bd09944587fcbb543d35797f25a	E0314	false	CT2A	C3	92885b269975050d47b4a5f3645ef173ad8091cce18e3f543380b638cb89c263	0	20	19	20	19	0.99999999999958833	1.0021916759087528	EVALUABLE
c9f29ba019f34d303c49f30e9815edab35e40bd09944587fcbb543d35797f25a	E0314	false	GL261	G5	4a2fb998e907a76d9911c65dc23b53d134425ac6130d04103f1e03f7be8c05b6	0	20	19	20	19	0.015426873193990857	1.0000781958551519	EVALUABLE
cab7f1ea7aedeb41ca066d7b1a6d11ec23615536e763fc3b5de4ac9ba1c04c99	E0010	true	CT2A	C3	55c97010acdd0cdc52f98f416746a96a3e453dfff25d0e9f08e270f4213bea20	1	20	19	20	19	0.5998692806526984	2.4314186715589208	EVALUABLE
cab7f1ea7aedeb41ca066d7b1a6d11ec23615536e763fc3b5de4ac9ba1c04c99	E0010	true	GL261	G1	75e0749c689cdf40549186cc03b478b56fab8ea8173a79eed5e10003a7a22fdf	4	20	19	20	19	0.84446622818778316	9.6947974821212188	EVALUABLE
cb09d0e4b0481491e7bff5647bcac64256c5ac07311a5177969c61d8e9cb8059	E0046	true	CT2A	C5	cd8dede3811381f4aad4557d5a03bbea6546afbcf95768c05ee64bcdeb6b9c24	7	20	19	20	19	0.91180042333096945	8.4744781055348479	EVALUABLE
cb09d0e4b0481491e7bff5647bcac64256c5ac07311a5177969c61d8e9cb8059	E0046	true	GL261	G2	fc27b6af092e285d50c1968dde0a42a6920a84a660be54cb08c63990c795644b	7	20	19	20	19	0.063430977277193309	1.0347919531648493	EVALUABLE
cb294b319e4c779729a5bd4777b763cc58632944908ee1dcf2266323473a272f	E0260	true	CT2A	C3	e844c73dd542d4d132b72865a21c41b6c4f10ecd7b0aaa99437536260376de0e	8	20	19	20	19	0.99990787264079273	11.891357721495783	EVALUABLE
cb294b319e4c779729a5bd4777b763cc58632944908ee1dcf2266323473a272f	E0260	true	GL261	G1	deff62e02ba886762368ef91d7c5a863a4429df48e2f355d224c8d1fd18fccdc	11	20	19	20	19	0.54102427424659716	1.125347247731602	EVALUABLE
cbadd9d1d3ee98b57e10b3856f674ea4e41d7c49598325bc2ac205b61ce8d1b3	E0137	true	CT2A	C3	266655b6dab32829146ddcc71d87648a3213fd2d014bd900061222549c133c15	1	20	19	20	19	0.89733283362599281	12.411629413305793	EVALUABLE
cbadd9d1d3ee98b57e10b3856f674ea4e41d7c49598325bc2ac205b61ce8d1b3	E0137	true	GL261	G3	9d089ba3b0e645d3e16cc9b9a500224416307f7ee4379f38d87bf989d2174ec1	19	20	19	20	19	0.6238406151039948	5.5036240180846114	EVALUABLE
cbbb05eafe321ae86e9d0431bd6b44af7767e73853c6b3259eac54f415446172	E0300	true	CT2A	C1	a4cf0046a45aa0e47320ab5f4760e69930e9f99bbe85fdfc3b7ead7bafa2baa0	12	20	19	20	19	0.9999999999966469	1.6584490004249772	EVALUABLE
cbbb05eafe321ae86e9d0431bd6b44af7767e73853c6b3259eac54f415446172	E0300	true	GL261	G1	3d31a5031c10d84a628e3b3461faf26a0859778f1eb541826fe6fca30c271467	19	20	19	20	19	0.88896977184803039	12.068128229902284	EVALUABLE
cc0b6f239b004d2c8f722ba9353263698a7ee5fb5b8682a93d948275f5afa3bd	E0128	true	CT2A	C1	317809e9983f9e230612d444ffda8873641fdd297ecceb2017ae93047c48f76f	19	20	19	20	19	0.67000508480754195	2.0526179444328818	EVALUABLE
cc0b6f239b004d2c8f722ba9353263698a7ee5fb5b8682a93d948275f5afa3bd	E0128	true	GL261	G4	9d089ba3b0e645d3e16cc9b9a500224416307f7ee4379f38d87bf989d2174ec1	19	20	19	20	19	0.43859339085612381	3.1519865593422973	EVALUABLE
cc2ea19dfbd9fca920d1497fffaf1110568455def2173d7d8bfaa7f4d7b80e29	E0399	true	CT2A	C5	bff5c3f73cf19abc7b717b31e6022fe37f748cfcb5780ff291baeac5a479232d	3	20	19	20	19	0.021689745701769167	1.0000000032254432	EVALUABLE
cc2ea19dfbd9fca920d1497fffaf1110568455def2173d7d8bfaa7f4d7b80e29	E0399	true	GL261	G5	2f971692e2765073ae8a6d2f6fd8f4e97e81f95489df3f2946d4c497d94165b9	0	20	19	20	19	0.1358167809974308	1.9198796960994864	EVALUABLE
cc781d0ad3baeaba1692436f451dff2ccaaf3ba664ebdfca35661e45fa134501	E0202	true	CT2A	C1	4989824e2df2467b6e60573ab17ca31c35d0a30f6e54c8dfeb87847ca960b723	17	20	19	20	19	0.99994589865669214	1.1078820071869331	EVALUABLE
cc781d0ad3baeaba1692436f451dff2ccaaf3ba664ebdfca35661e45fa134501	E0202	true	GL261	G3	a7e9e73c64d9d3f1375205efa617218792e4925fade6c0b5b1060f1e99eea4db	15	20	19	20	19	0.87896836574987947	1.8289820045902734	EVALUABLE
cc7f2f1705f6edce679825bd3b4d7a2dbbc2205a05293c94ee69f206fe0f2db1	E0016	true	CT2A	C4	55c97010acdd0cdc52f98f416746a96a3e453dfff25d0e9f08e270f4213bea20	1	20	19	20	19	0.90369064979500313	15.063849350036293	EVALUABLE
cc7f2f1705f6edce679825bd3b4d7a2dbbc2205a05293c94ee69f206fe0f2db1	E0016	true	GL261	G2	4e3f6d6ceeb0b403b1b2482130d0f49869cd9e2da46c27f2006cd8893987eb72	0	20	19	20	19	0.099031987634081595	1.0001616475329582	EVALUABLE
ccb292de2a65b771cd0eedbfc2c569de0cfbe21071562e8901ef2dc0683111ca	E0355	true	CT2A	C2	f715c48d725df09590892b8a0f532f274829fa59347013d5f282226dd527b95b	2	20	19	20	19	0.25842559321173469	1.6970703516408945	EVALUABLE
ccb292de2a65b771cd0eedbfc2c569de0cfbe21071562e8901ef2dc0683111ca	E0355	true	GL261	G1	4b4cf4267fcb04925be0dfbb09053360ba7fe7c53232c32dfae0571e12ddfcbf	12	20	19	20	19	0.90741067607121062	13.83025409192345	EVALUABLE
ccbffc8173d8a2a1c1677b6913de1ecbe6d61244f07072bc36a3f47e4e8c202f	E0111	true	CT2A	C3	215aaec06194c85fc8915c4bae4f109c54d8498704d0279ad091b0f04037250b	0	20	19	20	19	0.52802378144388673	1.8980377127808501	EVALUABLE
ccbffc8173d8a2a1c1677b6913de1ecbe6d61244f07072bc36a3f47e4e8c202f	E0111	true	GL261	G2	f88bd6cf2efb8f44e7d076dd701147d46987ae954fb4b6708b6977e588db41be	0	20	19	20	19	0.99999999999995648	1.2735224120581012	EVALUABLE
cda004ea93576b7fb293ff6837ecff0c1ed852cf02fd9d171c42fb5bee338b68	E0243	true	CT2A	C4	0ce9f3c2ac8cacca151a431395692262091d1c40960aa953be66fdd4db529db5	17	20	19	20	19	0.62705396021446014	4.651094656023762	EVALUABLE
cda004ea93576b7fb293ff6837ecff0c1ed852cf02fd9d171c42fb5bee338b68	E0243	true	GL261	G4	d2e77ddb8a929cfcb9b862f9915f2d5a3eb09741f2765ade2b0bcd69a98c741d	12	20	19	20	19	0.99999904744422774	3.0777685501040604	EVALUABLE
cdfb13abc4fa9b83b5600a820a2b2cd7e2a08f531a3a6c39e47b71c99fa7b6cb	E0146	true	CT2A	C5	820066d04598da3d239f0d23bd4e39ef57a720e88a443581bcf565cd8d99566b	18	20	19	20	19	0.65467818348992268	2.9534330034816585	EVALUABLE
cdfb13abc4fa9b83b5600a820a2b2cd7e2a08f531a3a6c39e47b71c99fa7b6cb	E0146	true	GL261	G2	3b08c569f98a53d7baab098a0459772d2f0dd213c465aab2c08d083356f91457	1	20	19	20	19	0.86079394440290347	1.2263741396405212	EVALUABLE
ce3cd8be6810315d62f28eb12e347e14661e1dba71f6df4deadfe1e622c6087d	E0183	true	CT2A	C2	f644340953d72bb12da093189853db0ff0fc86bb66134a4f3d0a44308555f75e	1	20	19	20	19	1	4.9073549064382949	EVALUABLE
ce3cd8be6810315d62f28eb12e347e14661e1dba71f6df4deadfe1e622c6087d	E0183	true	GL261	G4	8ecf30a756db2f84cdf96655aeefb4791848aa4abcee2632121fb0bb43d6914f	9	20	19	20	19	0.99991216885290002	1.4633809405549494	EVALUABLE
ce8fb0924817583fee597036c5d32c63c57909f90d03ee56aec29bfe992413ba	E0219	true	CT2A	C4	4989824e2df2467b6e60573ab17ca31c35d0a30f6e54c8dfeb87847ca960b723	17	20	19	20	19	0.82768489702769443	7.4375912971843023	EVALUABLE
ce8fb0924817583fee597036c5d32c63c57909f90d03ee56aec29bfe992413ba	E0219	true	GL261	G5	4f3ac3dd70092e73abd0358812ec03b156828b637df9f9d81f3fa59635a9cea7	2	20	19	20	19	0.95903429990514	8.8430904640075259	EVALUABLE
ceb191ef0c46cde915d515bda249f8b702a935cc2b5272e477cb078eb0a42249	E0109	true	CT2A	C2	215aaec06194c85fc8915c4bae4f109c54d8498704d0279ad091b0f04037250b	0	20	19	20	19	0.49375223759992343	1.9462170791393989	EVALUABLE
ceb191ef0c46cde915d515bda249f8b702a935cc2b5272e477cb078eb0a42249	E0109	true	GL261	G5	f88bd6cf2efb8f44e7d076dd701147d46987ae954fb4b6708b6977e588db41be	0	20	19	20	19	0.9999992402763398	2.3153608645961747	EVALUABLE
cec70f337abd9d7f8a2f43cf46698f8f3165aa9557798a4b606833420cd90a07	E0090	true	CT2A	C4	11c92eb5eefda7cc64e53694479d802bc86526faac5ec503ffca49ddb81a3886	1	20	19	20	19	0.9975496671054116	5.5907705999109742	EVALUABLE
cec70f337abd9d7f8a2f43cf46698f8f3165aa9557798a4b606833420cd90a07	E0090	true	GL261	G1	5aa9dfc3f05d4356dd4aae2f9affd61bee89f17b06004e56c2253e057c5d0c49	19	20	19	20	19	0.81598515079962619	5.8764206310558	EVALUABLE
cf1ecec87f2bced663980f1e71e55b32912283a9ba2c8e5fe1858fd3e87d28fd	E0291	true	CT2A	C4	7ce358edc3a4bd7c08bb6daaad38e6b004b2499c6d5cdc3112e7a7dfa0faee9a	2	20	19	20	19	0.61772277566274447	4.2136208613917923	EVALUABLE
cf1ecec87f2bced663980f1e71e55b32912283a9ba2c8e5fe1858fd3e87d28fd	E0291	true	GL261	G2	4b2c3f16a0d3fbf7b6d87ef249f7efb1bdfa3f5fc28bbef84e8bbba5e259dd2e	18	20	19	20	19	0.99799062320894349	3.0287321183353448	EVALUABLE
cf2698b2de05342f25e77d493957099c27157d09dd63cd28d079d84fea59508b	E0186	true	CT2A	C3	f644340953d72bb12da093189853db0ff0fc86bb66134a4f3d0a44308555f75e	1	20	19	20	19	0.9999999999999899	6.4644117373308072	EVALUABLE
cf2698b2de05342f25e77d493957099c27157d09dd63cd28d079d84fea59508b	E0186	true	GL261	G2	0b742d893c7ca2cb7d6c3602f9b3060c69defdcca63058c841cf70d5b22d4480	0	20	19	20	19	0.43006227446018103	2.3694653091400508	EVALUABLE
cf2ca668129b823bf16eea45c49a499581a405d96a62f80a5dcc61a730012f28	E0219	true	CT2A	C4	4989824e2df2467b6e60573ab17ca31c35d0a30f6e54c8dfeb87847ca960b723	17	20	19	20	19	0.82768489702769443	7.4375912971843023	EVALUABLE
cf2ca668129b823bf16eea45c49a499581a405d96a62f80a5dcc61a730012f28	E0219	true	GL261	G5	a7e9e73c64d9d3f1375205efa617218792e4925fade6c0b5b1060f1e99eea4db	15	20	19	20	19	0.91007647040595097	8.4861145113128824	EVALUABLE
cfa70f1cb3c7ae05f1209cf962bb25cc0a1376cdf370672f404cbce0963fd725	E0211	true	CT2A	C3	3d455bd6c6c1107026e8edf70c2d6d8e202fc5d502a840648e30a9c7f4d8ac8c	19	20	19	20	19	0.87816337827871416	11.131684228520349	EVALUABLE
cfa70f1cb3c7ae05f1209cf962bb25cc0a1376cdf370672f404cbce0963fd725	E0211	true	GL261	G2	ea240cb47d0b313f1c494d71ead03c4db28ceb3f21745e3fd6d4055eb5868913	19	20	19	20	19	0.83457856384000728	6.4021156728753068	EVALUABLE
d02dfe1beef978194695e070002278d07705b73ea9cf375c974cb58e7cc03168	E0010	true	CT2A	C3	55c97010acdd0cdc52f98f416746a96a3e453dfff25d0e9f08e270f4213bea20	1	20	19	20	19	0.5998692806526984	2.4314186715589208	EVALUABLE
d02dfe1beef978194695e070002278d07705b73ea9cf375c974cb58e7cc03168	E0010	true	GL261	G1	1ea47774d2d57dd56364d073a09b722eb9a57b76f852434934514136b5d1c293	1	20	19	20	19	0.89952205654392836	9.2312515652604414	EVALUABLE
d03ff43e0375f348932319364e6d308614c3ee15bb9cd97be3e816ebd10954c7	E0305	true	CT2A	C2	646a5c644a59a85946ca3a5bdaa04f073d39a57cae74abbda4fc566e8f03094d	1	20	19	20	19	0.00016887770906388815	1.0171950491117938	EVALUABLE
d03ff43e0375f348932319364e6d308614c3ee15bb9cd97be3e816ebd10954c7	E0305	true	GL261	G1	0dcb4d9e9f31a415220f9c6fa35ee5c991ee4417708a58a8ae24391de0e15028	18	20	19	20	19	0.88935035066448598	12.062922096635836	EVALUABLE
d049ff8c8c0d173d9edd380f813365550ce10c4f2dc2d50eb25fa69bd12284bc	E0043	true	CT2A	C4	593312d7347feeecef6821743059de3d62c9a9e7bc1e0d7af7214fa92b03e33f	4	20	19	20	19	0.81686060888933887	5.251531976742549	EVALUABLE
d049ff8c8c0d173d9edd380f813365550ce10c4f2dc2d50eb25fa69bd12284bc	E0043	true	GL261	G4	a5e71df85ff7da9f890eb3cd5dcb2b7117ced118c99b3684ee841000c8e0b65d	13	20	19	20	19	0.98624402221296548	5.6441730073772849	EVALUABLE
d11d2879a77f2aafebe5fab548c1079f529b1ce6543e04c8cc7d4f724b7e9b1a	E0178	true	CT2A	C1	fc9cea3fda62ec8719159e4dbf459bbc28745f0f61c94d0852b10583cb4c27a6	16	20	19	20	19	1	2.9343529233041852	EVALUABLE
d11d2879a77f2aafebe5fab548c1079f529b1ce6543e04c8cc7d4f724b7e9b1a	E0178	true	GL261	G4	8ecf30a756db2f84cdf96655aeefb4791848aa4abcee2632121fb0bb43d6914f	9	20	19	20	19	0.99991216885290002	1.4633809405549494	EVALUABLE
d151f01385be78535d2899d5d6bbf524e81698a742923d576cb0543a659da66a	E0199	true	CT2A	C5	ec713323665316d5b12598b96ce058a5cbd45046ed44f9acd156cf13bb158862	13	20	19	20	19	0.999999999976805	4.0846517620550413	EVALUABLE
d151f01385be78535d2899d5d6bbf524e81698a742923d576cb0543a659da66a	E0199	true	GL261	G5	475729c033b518a09675629939712759dc9a8ad22e9075cf75933b7b2ce22400	10	20	19	20	19	0.98611048680433377	4.7818994780949344	EVALUABLE
d158a44cc54a250bca52d0f0ff8c21584b8853bb508155d7789daa5e83421867	E0184	true	CT2A	C2	f644340953d72bb12da093189853db0ff0fc86bb66134a4f3d0a44308555f75e	1	20	19	20	19	1	4.9073549064382949	EVALUABLE
d158a44cc54a250bca52d0f0ff8c21584b8853bb508155d7789daa5e83421867	E0184	true	GL261	G5	6c445f147e2f7e3a54f0c9c73565e6907f851295c004439051772255ab91a584	2	20	19	20	19	0.80856856977555591	3.917215014418836	EVALUABLE
d15e18b69dc7438362d681748e6c541edd2dbd9221d0276bad6fd907bdf1c90e	E0229	true	CT2A	C1	0ce9f3c2ac8cacca151a431395692262091d1c40960aa953be66fdd4db529db5	17	20	19	20	19	0.15492668498694406	2.0281460195970875	EVALUABLE
d15e18b69dc7438362d681748e6c541edd2dbd9221d0276bad6fd907bdf1c90e	E0229	true	GL261	G5	098b45df89a363d775760f4500de0df44b45bb3a6dcc8574121a64dd9471b9f0	0	20	19	20	19	0.9321968566400255	12.292788834450585	EVALUABLE
d1ab3b1c07255c62754f5c114606a51d4fe6f3dfe3947c2856844a0d7d04eee7	E0326	true	CT2A	C1	e2b2ddf86ed085b30c97911b98143c20b673b5444e88af92be27d19bc9e34b8b	14	20	19	20	19	0.52899796415699119	5.171874048838764	EVALUABLE
d1ab3b1c07255c62754f5c114606a51d4fe6f3dfe3947c2856844a0d7d04eee7	E0326	true	GL261	G2	ff08294218c297aa70d51d53f700660a24a0daa0e1e0239b74f592559b440776	0	20	19	20	19	0.69856666150694802	1	EVALUABLE
d1bc525eaa41596be66af137405b446991b2eb2760f1eb8ddaf51d1c19265dd4	E0230	true	CT2A	C2	0ce9f3c2ac8cacca151a431395692262091d1c40960aa953be66fdd4db529db5	17	20	19	20	19	0.7910371031772464	6.3155281110141379	EVALUABLE
d1bc525eaa41596be66af137405b446991b2eb2760f1eb8ddaf51d1c19265dd4	E0230	true	GL261	G1	d2e77ddb8a929cfcb9b862f9915f2d5a3eb09741f2765ade2b0bcd69a98c741d	12	20	19	20	19	0.93535494386801088	7.9469225727837722	EVALUABLE
d1c79e9c0f2e23a451aa107555a6fd84b249b7476565a427f650de4252a7f372	E0032	true	CT2A	C2	102f69f6fa8557e4e0067accc8216a851f9d96d112c3c1db033468920969167f	3	20	19	20	19	0.39813313161553149	2.6092115823549586	EVALUABLE
d1c79e9c0f2e23a451aa107555a6fd84b249b7476565a427f650de4252a7f372	E0032	true	GL261	G3	5f016d2a7e8c0ca9be2a0c7a65b58b776f02175e7864b34d3b8946ee4f826f29	16	20	19	20	19	0.59002760960348055	3.5461472373123324	EVALUABLE
d29a265644733a153f091728b328f752fbbd0d75c4d3bc630a7b70499997cf88	E0296	true	CT2A	C5	7ce358edc3a4bd7c08bb6daaad38e6b004b2499c6d5cdc3112e7a7dfa0faee9a	2	20	19	20	19	0.18501555223597199	1.2049202433441042	EVALUABLE
d29a265644733a153f091728b328f752fbbd0d75c4d3bc630a7b70499997cf88	E0296	true	GL261	G2	c354317cd806dd34207a630229a6ec6bd2b4c05b4ec94d341d3e30951308f2a8	13	20	19	20	19	0.99999999999470868	3.0409032947961685	EVALUABLE
d29a89d3c21e8962453a23d21bfd75ad36a5a8d48a6b428922e434c87332db1c	E0184	true	CT2A	C2	f644340953d72bb12da093189853db0ff0fc86bb66134a4f3d0a44308555f75e	1	20	19	20	19	1	4.9073549064382949	EVALUABLE
d29a89d3c21e8962453a23d21bfd75ad36a5a8d48a6b428922e434c87332db1c	E0184	true	GL261	G5	9479e42871e312cc9e8045bad83182066b1281c061fdcd80c3da7974e75e1d5d	1	20	19	20	19	0.77322648384658621	3.9303193110528754	EVALUABLE
d2db143d5ae3b2b8198b07a4ab8adca43b72a3022cc7e6696331ca1ef07331fa	E0397	true	CT2A	C5	199d1232f9356b67d2811c1333b2b4466aa5cc643e0e7b3812579cffa59c92fe	17	20	19	20	19	0.99999999999405786	1.0443194570208725	EVALUABLE
d2db143d5ae3b2b8198b07a4ab8adca43b72a3022cc7e6696331ca1ef07331fa	E0397	true	GL261	G3	7fdc2fa21fea6c28bbc011461e0e1d02cc38dbc1714a1b49baf6218c00d86339	17	20	19	20	19	0.59892512015901556	7.3693356400595142	EVALUABLE
d2f8875b6df11259ad510f722cb5bef44edadbcf2427976955e4467a37ae4668	E0215	true	CT2A	C4	4989824e2df2467b6e60573ab17ca31c35d0a30f6e54c8dfeb87847ca960b723	17	20	19	20	19	0.82768489702769443	7.4375912971843023	EVALUABLE
d2f8875b6df11259ad510f722cb5bef44edadbcf2427976955e4467a37ae4668	E0215	true	GL261	G1	a7e9e73c64d9d3f1375205efa617218792e4925fade6c0b5b1060f1e99eea4db	15	20	19	20	19	0.75601626168221747	2.9253516374186694	EVALUABLE
d30a4057a9cf8495dd5490731afab9b28a25e57e5bb18e3237a05a6748e4a51a	E0393	true	CT2A	C4	c68dd7b25160f329f504d6cca13ada30ca042fcbe53ec74e4fbc7caad25bfbb5	12	20	19	20	19	0.88411905202645213	11.734023083588765	EVALUABLE
d30a4057a9cf8495dd5490731afab9b28a25e57e5bb18e3237a05a6748e4a51a	E0393	true	GL261	G4	80a784effa6b3b2aafa37d724569e27dd6d62f8297103775ff360d41d6331aab	2	20	19	20	19	0.86116365437386877	6.5314393684786305	EVALUABLE
d31a9bbc6726d253eb2dae1b21be2fb10aae1f5453836e7951d4fc638ba0fbd4	E0277	true	CT2A	C1	7ce358edc3a4bd7c08bb6daaad38e6b004b2499c6d5cdc3112e7a7dfa0faee9a	2	20	19	20	19	0.15206256118401135	1.1475016284711637	EVALUABLE
d31a9bbc6726d253eb2dae1b21be2fb10aae1f5453836e7951d4fc638ba0fbd4	E0277	true	GL261	G3	c14d5ed0f81e787adc1913c3553bf14df5bb157bc649ea2040ac26996164fde7	14	20	19	20	19	0.57243627337968395	1.671388987518275	EVALUABLE
d3f583282ec14af8b13d0f83b76ef4dd4f6ca2661612cad457bd13c0eb4e51d4	E0237	true	CT2A	C3	bc31b2573e3654d69ba4dc987e4d975f87972c67efefef87ebb81d553332baa6	10	20	19	20	19	0.99956913907876443	13.748496556002157	EVALUABLE
d3f583282ec14af8b13d0f83b76ef4dd4f6ca2661612cad457bd13c0eb4e51d4	E0237	true	GL261	G3	735464900e0db571bc0bd7f30fe3714c82f07057a86ebdd7484fd97746a089c5	8	20	19	20	19	0.67039768018233259	3.9725915070041302	EVALUABLE
d402e4273b98adf2d39e1bdffd2a3728c70e76e123557bf6f8022747ba1a5c39	E0131	true	CT2A	C2	4eeef1890619aa578845837f43661ee7c19b674ff17bfb6610802a3013e3f2fa	0	20	19	20	19	0.91769694554377812	13.587446259712026	EVALUABLE
d402e4273b98adf2d39e1bdffd2a3728c70e76e123557bf6f8022747ba1a5c39	E0131	true	GL261	G2	3112b8d4aded8669cde397953cf284b43fec3262a7981bef090ac70d789c2f05	0	20	19	20	19	0.22428753450047895	2.3032191756163858	EVALUABLE
d42d1f4ebf418c982928357d7d3a15a8f34605cf79894e2ac13afe19cdfc18f5	E0027	true	CT2A	C1	4d85e0e53f094e3e360e5f150709789f644fae3f51b6152c96087ddc8ae08529	16	20	19	20	19	0.79459812995933965	3.8757297342117707	EVALUABLE
d42d1f4ebf418c982928357d7d3a15a8f34605cf79894e2ac13afe19cdfc18f5	E0027	true	GL261	G3	5f016d2a7e8c0ca9be2a0c7a65b58b776f02175e7864b34d3b8946ee4f826f29	16	20	19	20	19	0.59002760960348055	3.5461472373123324	EVALUABLE
d4462462546b6776a3234dce6a68ec0ae6abb10b6b1fb275f05c68ac7eaae726	E0011	true	CT2A	C3	9b3eb60c2fcc4a9ae62238b0c2f7954eee420bb3818ca6ad9cbf97843e48628a	0	20	19	20	19	0.64647562658452307	2.2822491552057262	EVALUABLE
d4462462546b6776a3234dce6a68ec0ae6abb10b6b1fb275f05c68ac7eaae726	E0011	true	GL261	G2	4e3f6d6ceeb0b403b1b2482130d0f49869cd9e2da46c27f2006cd8893987eb72	0	20	19	20	19	0.099031987634081595	1.0001616475329582	EVALUABLE
d46db4903b0888430dbbbba6afba68271c75ed62e85ac2627500bac8ea1078e6	E0166	true	CT2A	C4	7d84eb225b8def23833824a5db45b74528179b1bd889afa1812a7b3af34d5dd1	0	20	19	20	19	0.71226732542084359	3.5285524615106669	EVALUABLE
d46db4903b0888430dbbbba6afba68271c75ed62e85ac2627500bac8ea1078e6	E0166	true	GL261	G2	0613270f4140a02dc933da8f58c1eea1dfd57164ef86989cfbd7dbf0d510376d	13	20	19	20	19	0.00011552442704350527	1.027180722198507	EVALUABLE
d49e07e0ed4bb735307df44b953d4a53c96d43b09abfbc61bef8f6ba80eec10b	E0330	true	CT2A	C2	73800d86c4f889eaf4f5923c873981e1547c7ce8918bcad431aebb6957e65d8f	1	20	19	20	19	0.96539067039799076	2.688256588130622	EVALUABLE
d49e07e0ed4bb735307df44b953d4a53c96d43b09abfbc61bef8f6ba80eec10b	E0330	true	GL261	G1	a29e516f4cdb615164980efb4a5ea439ebd420270dfdbd772cbaba783c759b3a	4	20	19	20	19	0.90648294860130785	9.3482449942482706	EVALUABLE
d4a32b9c7e1765ea09f576ec7a047b527b87ab9a9ec9aadeae22760297fb8c67	E0007	true	CT2A	C2	55c97010acdd0cdc52f98f416746a96a3e453dfff25d0e9f08e270f4213bea20	1	20	19	20	19	0.48577816441069854	1.3813249684797881	EVALUABLE
d4a32b9c7e1765ea09f576ec7a047b527b87ab9a9ec9aadeae22760297fb8c67	E0007	true	GL261	G3	9b4dfe2ea6cf46ea72d0be1eb2199b4905b978c9c0654eaa8dc8492982ab6f48	8	20	19	20	19	0.90613423396514281	11.807439847295088	EVALUABLE
d4bd1d7f9b2c9cbed1566a4c4cb4deee244c46c346848f0ebd1603247cf9db50	E0042	true	CT2A	C4	593312d7347feeecef6821743059de3d62c9a9e7bc1e0d7af7214fa92b03e33f	4	20	19	20	19	0.81686060888933887	5.251531976742549	EVALUABLE
d4bd1d7f9b2c9cbed1566a4c4cb4deee244c46c346848f0ebd1603247cf9db50	E0042	true	GL261	G3	5f016d2a7e8c0ca9be2a0c7a65b58b776f02175e7864b34d3b8946ee4f826f29	16	20	19	20	19	0.59002760960348055	3.5461472373123324	EVALUABLE
d52b6861834d9e1f36a2c3183c6b18caf03ef01081131b96d29fd3f782b8765d	E0112	true	CT2A	C3	215aaec06194c85fc8915c4bae4f109c54d8498704d0279ad091b0f04037250b	0	20	19	20	19	0.52802378144388673	1.8980377127808501	EVALUABLE
d52b6861834d9e1f36a2c3183c6b18caf03ef01081131b96d29fd3f782b8765d	E0112	true	GL261	G3	286f012707601f1e660b57acb2076f696d00fd3e81a881142b88a2984425a49b	16	20	19	20	19	0.6405519494997588	3.4023045674345389	EVALUABLE
d5b37d8e117b47df01a0641f4072c1c33df94b03e1b8b1a038b2918b4f2532e5	E0179	true	CT2A	C1	fc9cea3fda62ec8719159e4dbf459bbc28745f0f61c94d0852b10583cb4c27a6	16	20	19	20	19	1	2.9343529233041852	EVALUABLE
d5b37d8e117b47df01a0641f4072c1c33df94b03e1b8b1a038b2918b4f2532e5	E0179	true	GL261	G5	9479e42871e312cc9e8045bad83182066b1281c061fdcd80c3da7974e75e1d5d	1	20	19	20	19	0.77322648384658621	3.9303193110528754	EVALUABLE
d5c4ca7491b4e4c8ab83fadd3358a49a1981501dc2e37b363aad9150a2f12d9c	E0301	true	CT2A	C1	a4cf0046a45aa0e47320ab5f4760e69930e9f99bbe85fdfc3b7ead7bafa2baa0	12	20	19	20	19	0.9999999999966469	1.6584490004249772	EVALUABLE
d5c4ca7491b4e4c8ab83fadd3358a49a1981501dc2e37b363aad9150a2f12d9c	E0301	true	GL261	G2	4a2fb998e907a76d9911c65dc23b53d134425ac6130d04103f1e03f7be8c05b6	0	20	19	20	19	8.4136653962542402e-06	1.0000000000356657	EVALUABLE
d5fc9fe9295fe4f811cad0a63e57f4c592fffc4609e1ba1a039b6138a6a7c71c	E0134	true	CT2A	C2	4eeef1890619aa578845837f43661ee7c19b674ff17bfb6610802a3013e3f2fa	0	20	19	20	19	0.91769694554377812	13.587446259712026	EVALUABLE
d5fc9fe9295fe4f811cad0a63e57f4c592fffc4609e1ba1a039b6138a6a7c71c	E0134	true	GL261	G5	22fb33288e2b49401552b365407f2e2a4a6750f0976fa1f8910e2ea85c79b851	3	20	19	20	19	0.87188645903197437	6.7632779402455281	EVALUABLE
d673e744809d62dbcbbd75f600d295c60ad04e72bf152bb145f665b9b52880a1	E0073	true	CT2A	C5	922acc409690b4b94ea7e61fd138fe5eb67df3130bc7d7edc8faac768d87407d	8	20	19	20	19	0.87194518269918342	8.8321384200530435	EVALUABLE
d673e744809d62dbcbbd75f600d295c60ad04e72bf152bb145f665b9b52880a1	E0073	true	GL261	G4	d928590f61fb177ab6a5b0e11cbeca11a10927ce32463c8505150ddf6a21fd31	8	20	19	20	19	0.92654957144361749	1.9665265403298717	EVALUABLE
d694085bdae05b6307223452dcbd40a2abdeba4c23ec62b7bf84ddb68ba0065e	E0313	true	CT2A	C3	646a5c644a59a85946ca3a5bdaa04f073d39a57cae74abbda4fc566e8f03094d	1	20	19	20	19	0.0010945207635175819	1.2471372536215413	EVALUABLE
d694085bdae05b6307223452dcbd40a2abdeba4c23ec62b7bf84ddb68ba0065e	E0313	true	GL261	G4	56619b4e4e6013ca0ea5dfecefc8a41771a2787473f82472dde4086101e026ce	1	20	19	20	19	0.4864192523306799	1.0926497642978019	EVALUABLE
d6ef239c36dc06dcd7dfd7e02991a4cece225be3af513c738b76e50c36d235b1	E0121	true	CT2A	C5	28de38258d03212a0d010bf8ac5b5dd9d5bb9878b0d353e342028da17117a4df	11	20	19	20	19	0.27999945837677576	1.9239119317978395	EVALUABLE
d6ef239c36dc06dcd7dfd7e02991a4cece225be3af513c738b76e50c36d235b1	E0121	true	GL261	G2	f88bd6cf2efb8f44e7d076dd701147d46987ae954fb4b6708b6977e588db41be	0	20	19	20	19	0.99999999999995648	1.2735224120581012	EVALUABLE
d71903a835fbc624af36f9a06e3785993354328b9602974881073d670f74ab49	E0206	true	CT2A	C2	4989824e2df2467b6e60573ab17ca31c35d0a30f6e54c8dfeb87847ca960b723	17	20	19	20	19	0.84889384279582092	7.8824570994719929	EVALUABLE
d71903a835fbc624af36f9a06e3785993354328b9602974881073d670f74ab49	E0206	true	GL261	G2	fc5a6e7ac9885276c1940614d572c21e145840e761a1b814fe18426f44ee7db0	8	20	19	20	19	0.86543299274967522	6.3444720180889052	EVALUABLE
d75da73bb2921a64e0e0b591b19ad20b594712f4cfc4abfc8108f765f2f8fb0d	E0318	true	CT2A	C4	0ade1e6723eba029060099685dac55cbaa4e00ff2f16480fea28e11337f40848	5	20	19	20	19	0.35561286774639017	4.4193250075577204	EVALUABLE
d75da73bb2921a64e0e0b591b19ad20b594712f4cfc4abfc8108f765f2f8fb0d	E0318	true	GL261	G4	4a2fb998e907a76d9911c65dc23b53d134425ac6130d04103f1e03f7be8c05b6	0	20	19	20	19	0.53515954433333701	1.0838891384123626	EVALUABLE
d76aa1d74959f88c5101ab280d886dc98c077ecc4288477a23a12b9ea06efb9e	E0312	true	CT2A	C3	646a5c644a59a85946ca3a5bdaa04f073d39a57cae74abbda4fc566e8f03094d	1	20	19	20	19	0.0010945207635175819	1.2471372536215413	EVALUABLE
d76aa1d74959f88c5101ab280d886dc98c077ecc4288477a23a12b9ea06efb9e	E0312	true	GL261	G3	bb1036ad8c6848f4f75fe3386020148be563bbaf2bb7551f2b1d8982a523c72f	5	20	19	20	19	0.90439969098440942	12.419205573139125	EVALUABLE
d7b3865cf2381a2ae76b41de58521a56e630384c6815bf58266abb94bf7f58cd	E0377	true	CT2A	C1	93bcac7a72697a36bd2ebdfcfec80d11ce9ecaab48365dbcfddc2af85158d388	19	20	19	20	19	0.99999999999999944	1.0033620860714145	EVALUABLE
d7b3865cf2381a2ae76b41de58521a56e630384c6815bf58266abb94bf7f58cd	E0377	true	GL261	G3	7fdc2fa21fea6c28bbc011461e0e1d02cc38dbc1714a1b49baf6218c00d86339	17	20	19	20	19	0.59892512015901556	7.3693356400595142	EVALUABLE
d7b4dce96930bdd5ca88ea91b9a59b160edda6b3ef3da55e337fe4f3894ee98a	E0015	true	CT2A	C4	9b3eb60c2fcc4a9ae62238b0c2f7954eee420bb3818ca6ad9cbf97843e48628a	0	20	19	20	19	0.90411350834495208	15.055380347225533	EVALUABLE
d7b4dce96930bdd5ca88ea91b9a59b160edda6b3ef3da55e337fe4f3894ee98a	E0015	true	GL261	G1	32eee7f3879ac12eb2555790d4a68384c8aae85601ce98f8f7c8ad3733eb50c7	3	20	19	20	19	0.84711363588310407	9.6485764507366323	EVALUABLE
d7ef67498c10dd0a9a05c4a4821dea30baf61e9938c457b376931f8bb466a8e7	E0066	true	CT2A	C4	7f09d6185ac5d193185190172ff78a97a79908108e64a74fa9c0e5c5b7a315dc	0	20	19	20	19	0.86381700180085463	4.5869369271080016	EVALUABLE
d7ef67498c10dd0a9a05c4a4821dea30baf61e9938c457b376931f8bb466a8e7	E0066	true	GL261	G2	d928590f61fb177ab6a5b0e11cbeca11a10927ce32463c8505150ddf6a21fd31	8	20	19	20	19	0.99999999968028253	1.0000006914295532	EVALUABLE
d826a7ad2d5d9a064c80e15362c7adc7f6bc8abea5136daeb4b57fb66cbe9e04	E0316	true	CT2A	C4	0ade1e6723eba029060099685dac55cbaa4e00ff2f16480fea28e11337f40848	5	20	19	20	19	0.35561286774639017	4.4193250075577204	EVALUABLE
d826a7ad2d5d9a064c80e15362c7adc7f6bc8abea5136daeb4b57fb66cbe9e04	E0316	true	GL261	G2	4a2fb998e907a76d9911c65dc23b53d134425ac6130d04103f1e03f7be8c05b6	0	20	19	20	19	8.4136653962542402e-06	1.0000000000356657	EVALUABLE
d97eaaf457974ad85e0e04ea42dee671c8824d54afa7ba9152a7d42fe9f83733	E0347	true	CT2A	C5	846782759cfa32849b8d0b22aba8597dc284079e90e15443c93dc705c5cdccc4	10	20	19	20	19	0.87155239867709733	6.0370220935541719	EVALUABLE
d97eaaf457974ad85e0e04ea42dee671c8824d54afa7ba9152a7d42fe9f83733	E0347	true	GL261	G3	1ff3f6f24399029ac6d6407339a7671dc0454a3da0344b173a866dad9366939a	17	20	19	20	19	0.85216427102079395	10.093118175354586	EVALUABLE
d9c059e5a8262c3634a98b56580dd410fe54bd6ade9f4ed45e14aaebb5124379	E0186	true	CT2A	C3	f644340953d72bb12da093189853db0ff0fc86bb66134a4f3d0a44308555f75e	1	20	19	20	19	0.9999999999999899	6.4644117373308072	EVALUABLE
d9c059e5a8262c3634a98b56580dd410fe54bd6ade9f4ed45e14aaebb5124379	E0186	true	GL261	G2	9479e42871e312cc9e8045bad83182066b1281c061fdcd80c3da7974e75e1d5d	1	20	19	20	19	0.74857032600598383	1.6497153842332788	EVALUABLE
d9e503caed730a3e71818292ce5bc758b4310dd2addaa9ab7ba7ed6fcecfbbfe	E0367	true	CT2A	C4	f748cd6aeca05446d28a19c599fcdda457fbd8a29c4d8a73e760985713b9f609	1	20	19	20	19	0.99479711934879289	4.2685202784268483	EVALUABLE
d9e503caed730a3e71818292ce5bc758b4310dd2addaa9ab7ba7ed6fcecfbbfe	E0367	true	GL261	G3	bd09497d41ee55e42aaa83e8316d7445fa924f491c973830af83a92070b5fe21	11	20	19	20	19	0.9134825913123108	12.667706583308277	EVALUABLE
d9e679d5c3a68b1517c833f884b93b363c4dac8bac80720c9a82f6d4474c2c6f	E0303	true	CT2A	C1	a4cf0046a45aa0e47320ab5f4760e69930e9f99bbe85fdfc3b7ead7bafa2baa0	12	20	19	20	19	0.9999999999966469	1.6584490004249772	EVALUABLE
d9e679d5c3a68b1517c833f884b93b363c4dac8bac80720c9a82f6d4474c2c6f	E0303	true	GL261	G4	56619b4e4e6013ca0ea5dfecefc8a41771a2787473f82472dde4086101e026ce	1	20	19	20	19	0.4864192523306799	1.0926497642978019	EVALUABLE
da285ef363b2249b38bfc5949960a8617694112a6fa57da845f8028bde740e17	E0040	true	CT2A	C4	102f69f6fa8557e4e0067accc8216a851f9d96d112c3c1db033468920969167f	3	20	19	20	19	0.80726985679818852	5.2787034451665855	EVALUABLE
da285ef363b2249b38bfc5949960a8617694112a6fa57da845f8028bde740e17	E0040	true	GL261	G1	190878c4b80fe628594f55359ecb202fdd3e2ee8bca1b5c56ddcbe21f6e9a053	18	20	19	20	19	0.93548157004370702	11.489403039651325	EVALUABLE
da5812f3b99f1e3528012a302c562be8e44e6e562592cd0862832e16f605549a	E0389	true	CT2A	C3	e0894b04544dae489a65af0d3d2e6b796b8d625f6b5e2a273115d0c767e3e693	6	20	19	20	19	0.51841892662953348	1.9823313676639549	EVALUABLE
da5812f3b99f1e3528012a302c562be8e44e6e562592cd0862832e16f605549a	E0389	true	GL261	G5	2f971692e2765073ae8a6d2f6fd8f4e97e81f95489df3f2946d4c497d94165b9	0	20	19	20	19	0.1358167809974308	1.9198796960994864	EVALUABLE
db243811484a56a4cd4e0647c0ebf1a0f639370c12b932e54a55cae5cdd24349	E0106	true	CT2A	C2	215aaec06194c85fc8915c4bae4f109c54d8498704d0279ad091b0f04037250b	0	20	19	20	19	0.49375223759992343	1.9462170791393989	EVALUABLE
db243811484a56a4cd4e0647c0ebf1a0f639370c12b932e54a55cae5cdd24349	E0106	true	GL261	G2	f88bd6cf2efb8f44e7d076dd701147d46987ae954fb4b6708b6977e588db41be	0	20	19	20	19	0.99999999999995648	1.2735224120581012	EVALUABLE
db7087df9610211aee625e4a72f30c2d4bfe5b46c2de26d5a2489d1f78411483	E0283	true	CT2A	C2	b8fff488dd02060ace5ee1ad971713ffd8ade0edd5a4b26e9d5eac6c4edf1f23	3	20	19	20	19	0.90022627366370056	9.4439597053690694	EVALUABLE
db7087df9610211aee625e4a72f30c2d4bfe5b46c2de26d5a2489d1f78411483	E0283	true	GL261	G4	c14d5ed0f81e787adc1913c3553bf14df5bb157bc649ea2040ac26996164fde7	14	20	19	20	19	0.5932152049918068	1.0100576516944926	EVALUABLE
dc50dda623744e7a0f15fd86facc57fdde0c0897aaae283270b59cc9ba2cfa68	E0093	true	CT2A	C4	11c92eb5eefda7cc64e53694479d802bc86526faac5ec503ffca49ddb81a3886	1	20	19	20	19	0.9975496671054116	5.5907705999109742	EVALUABLE
dc50dda623744e7a0f15fd86facc57fdde0c0897aaae283270b59cc9ba2cfa68	E0093	true	GL261	G4	1da91e6cbc1ec44f0d5dcba4f1de73f1c00882c5b1d520c8967a9b59c82629c7	15	20	19	20	19	0.86988592856223323	7.4465160171247939	EVALUABLE
dc56b398f698c840d24f4d20a67a6b35b884472db768161172d1de7564ff0f68	E0015	true	CT2A	C4	55c97010acdd0cdc52f98f416746a96a3e453dfff25d0e9f08e270f4213bea20	1	20	19	20	19	0.90369064979500313	15.063849350036293	EVALUABLE
dc56b398f698c840d24f4d20a67a6b35b884472db768161172d1de7564ff0f68	E0015	true	GL261	G1	75e0749c689cdf40549186cc03b478b56fab8ea8173a79eed5e10003a7a22fdf	4	20	19	20	19	0.84446622818778316	9.6947974821212188	EVALUABLE
dc662c5c658d490e5e7ff64e2b0c1af6143c23e6c587145703a5e362577cc6d1	E0300	true	CT2A	C1	d9bee4ec9dc9d1f3876c1811fcf6f8d020989bd2af3231c4cdaa3df2bbdcd555	16	20	19	20	19	0.99999999999779754	1.658449000428794	EVALUABLE
dc662c5c658d490e5e7ff64e2b0c1af6143c23e6c587145703a5e362577cc6d1	E0300	true	GL261	G1	a021d2219926286c3dcb59d412f56541cd3c639b9f8cb9f9f544799ca8c41349	3	20	19	20	19	0.8883964478446188	12.076105817838981	EVALUABLE
dcdc4c111128a7de3c050b92c1fad37928ef45045959fb3fcbcdbc748a1250e8	E0163	true	CT2A	C3	7d84eb225b8def23833824a5db45b74528179b1bd889afa1812a7b3af34d5dd1	0	20	19	20	19	0.53409341902407192	2.8372006697777263	EVALUABLE
dcdc4c111128a7de3c050b92c1fad37928ef45045959fb3fcbcdbc748a1250e8	E0163	true	GL261	G4	f80ad607c1575d29cbb710927847afa0dfca390b07439baab0f53ee25e267754	18	20	19	20	19	0.94216186795224655	9.9206875619484585	EVALUABLE
dda4c3f357553269018b75feb06f3e44ad2c4eedf6de7a58be4ec23ab4ef2f1a	E0292	true	CT2A	C4	7ce358edc3a4bd7c08bb6daaad38e6b004b2499c6d5cdc3112e7a7dfa0faee9a	2	20	19	20	19	0.61772277566274447	4.2136208613917923	EVALUABLE
dda4c3f357553269018b75feb06f3e44ad2c4eedf6de7a58be4ec23ab4ef2f1a	E0292	true	GL261	G3	c14d5ed0f81e787adc1913c3553bf14df5bb157bc649ea2040ac26996164fde7	14	20	19	20	19	0.57243627337968395	1.671388987518275	EVALUABLE
ddb16bf498263372f3b5a8a23d4ba5263feafc20fb0de5df38d56691745efa3a	E0237	true	CT2A	C3	473831994471df82d0913ed151c2dbb8e7c1cd219e13a873df972be6fe45480f	5	20	19	20	19	0.91235888436002011	12.807753630289605	EVALUABLE
ddb16bf498263372f3b5a8a23d4ba5263feafc20fb0de5df38d56691745efa3a	E0237	true	GL261	G3	d2e77ddb8a929cfcb9b862f9915f2d5a3eb09741f2765ade2b0bcd69a98c741d	12	20	19	20	19	0.99562411305894838	4.4701618929519586	EVALUABLE
de6a5e031e1441dad10bdba7ca6c08be70850608dacf55c312042ed4ab7ce0c7	E0282	true	CT2A	C2	7ce358edc3a4bd7c08bb6daaad38e6b004b2499c6d5cdc3112e7a7dfa0faee9a	2	20	19	20	19	0.92085038082421999	9.4742225994278844	EVALUABLE
de6a5e031e1441dad10bdba7ca6c08be70850608dacf55c312042ed4ab7ce0c7	E0282	true	GL261	G3	473d4f1bd46e522454faaf88efcb4858d6c533e112800f714ecae23ee6efc94e	3	20	19	20	19	0.93926809489134078	2.3514898545602465	EVALUABLE
de95b1b658bd0b74df8f27ac48fde9a2e46a159caced70570ce3763ad2b898df	E0333	true	CT2A	C2	73800d86c4f889eaf4f5923c873981e1547c7ce8918bcad431aebb6957e65d8f	1	20	19	20	19	0.96539067039799076	2.688256588130622	EVALUABLE
de95b1b658bd0b74df8f27ac48fde9a2e46a159caced70570ce3763ad2b898df	E0333	true	GL261	G4	ff08294218c297aa70d51d53f700660a24a0daa0e1e0239b74f592559b440776	0	20	19	20	19	0.73604640614396566	1.0036036826377457	EVALUABLE
df893730ce4a52981f478f6e857dc350870428598a93553e890b2d6791455190	E0381	true	CT2A	C2	e0894b04544dae489a65af0d3d2e6b796b8d625f6b5e2a273115d0c767e3e693	6	20	19	20	19	0.53126210253765305	1.8165382131854215	EVALUABLE
df893730ce4a52981f478f6e857dc350870428598a93553e890b2d6791455190	E0381	true	GL261	G2	2f971692e2765073ae8a6d2f6fd8f4e97e81f95489df3f2946d4c497d94165b9	0	20	19	20	19	0.00031051015832295989	1.0143184106822272	EVALUABLE
dfc4f8cf9850add49d2a98ac9eb889aec58d214ba5311d85b344e6aa7b1d4472	E0021	true	CT2A	C5	c55c11a6e3dc772e3c2e3b973cfb71fd8e41ddd3aef93d8b8367e17dfca95033	18	20	19	20	19	0.87409937016018613	12.107635466288084	EVALUABLE
dfc4f8cf9850add49d2a98ac9eb889aec58d214ba5311d85b344e6aa7b1d4472	E0021	true	GL261	G2	4e3f6d6ceeb0b403b1b2482130d0f49869cd9e2da46c27f2006cd8893987eb72	0	20	19	20	19	0.099031987634081595	1.0001616475329582	EVALUABLE
e0f40f86b40c910778e7ae632cf6e17e95c9d4af29573ed904263694835124f3	E0258	true	CT2A	C2	308e6dd45a60ade8ee3647a3d186551365d6bdb0fe10c43efc88e4d195371e2e	4	20	19	20	19	0.84264010371770126	7.5267549666991451	EVALUABLE
e0f40f86b40c910778e7ae632cf6e17e95c9d4af29573ed904263694835124f3	E0258	true	GL261	G4	ad3ae52546893ca463d0370db5c0243a4cd79da6df16d930a4acee2fee7bf062	3	20	19	20	19	0.18708100388078458	1.0000309594828971	EVALUABLE
e106a19432dc9fb5149bc4fcd3d79e813ee785c32fd5b5eeaa944903a9d084a2	E0234	true	CT2A	C2	0ce9f3c2ac8cacca151a431395692262091d1c40960aa953be66fdd4db529db5	17	20	19	20	19	0.7910371031772464	6.3155281110141379	EVALUABLE
e106a19432dc9fb5149bc4fcd3d79e813ee785c32fd5b5eeaa944903a9d084a2	E0234	true	GL261	G5	4a61ea31056d52077ad2027e285dac5d697cdf600c4f12ff909f1ee64534d595	7	20	19	20	19	0.99149046208550407	13.069741931293237	EVALUABLE
e13f1dbdd642403a90e310c265936dc599e5a4b0ecf137b89c04ae8cd86beef8	E0348	true	CT2A	C5	846782759cfa32849b8d0b22aba8597dc284079e90e15443c93dc705c5cdccc4	10	20	19	20	19	0.87155239867709733	6.0370220935541719	EVALUABLE
e13f1dbdd642403a90e310c265936dc599e5a4b0ecf137b89c04ae8cd86beef8	E0348	true	GL261	G4	ff08294218c297aa70d51d53f700660a24a0daa0e1e0239b74f592559b440776	0	20	19	20	19	0.73604640614396566	1.0036036826377457	EVALUABLE
e1bf13f8a77abeb1276d069e55b69cf89dddaaaada5f51a0a36a299b0383df3f	E0152	true	CT2A	C1	e0656ed344a040c1c31d47313c246b5017dfe95469a56b860f75b9359b07ba86	7	20	19	20	19	0.92388205033069826	12.173306861895428	EVALUABLE
e1bf13f8a77abeb1276d069e55b69cf89dddaaaada5f51a0a36a299b0383df3f	E0152	true	GL261	G3	e1e50204cde2f03790a3f2e74f66636d0dd7fd397ae5d4775dd61d74ccce0b76	19	20	19	20	19	0.81457764984935643	9.2315388508488923	EVALUABLE
e220685c0ac4cf236d50a77ceb271b73ead5deecd2677da52a71f2a4b2c03aca	E0322	true	CT2A	C5	41b88b4ee1d53a5ed347ca7ca6e242f063954bf817489f768d55c5cd466c4a09	11	20	19	20	19	0.99999999957496033	2.8887617741499025	EVALUABLE
e220685c0ac4cf236d50a77ceb271b73ead5deecd2677da52a71f2a4b2c03aca	E0322	true	GL261	G3	bb1036ad8c6848f4f75fe3386020148be563bbaf2bb7551f2b1d8982a523c72f	5	20	19	20	19	0.90439969098440942	12.419205573139125	EVALUABLE
e2522e23d0d9fd15ad974a3193a8e7ff7944e6de3ad7ee151df5525a2490dd20	E0067	true	CT2A	C4	7f09d6185ac5d193185190172ff78a97a79908108e64a74fa9c0e5c5b7a315dc	0	20	19	20	19	0.86381700180085463	4.5869369271080016	EVALUABLE
e2522e23d0d9fd15ad974a3193a8e7ff7944e6de3ad7ee151df5525a2490dd20	E0067	true	GL261	G3	f3e9af567444075a63b7c2a2854ddee5538bfb4c47245f27578a66e389b5a9bc	18	20	19	20	19	0.66853845467600703	3.7749737294577361	EVALUABLE
e2803869eb32be2e238ebcf1ff2a2b8d4491a133ea83855d64677529f9a70562	E0212	true	CT2A	C3	c9f35708db7fcd7ac314493307d80c85de78df9c6ae04b9ca9abdd6664a6ff8e	2	20	19	20	19	0.89847550351321614	10.936376411152732	EVALUABLE
e2803869eb32be2e238ebcf1ff2a2b8d4491a133ea83855d64677529f9a70562	E0212	true	GL261	G3	dcd23c7687b7a968c63bb9675ce7906f58320bde6bc3bfbab7121eccb9334be0	14	20	19	20	19	0.40929640483373747	1.9008533143096018	EVALUABLE
e28ff11314b2851e1e6a05db60cb13e2c98643da55779f46777d208b60c83602	E0019	false	CT2A	C4	55c97010acdd0cdc52f98f416746a96a3e453dfff25d0e9f08e270f4213bea20	1	20	19	20	19	0.90369064979500313	15.063849350036293	EVALUABLE
e28ff11314b2851e1e6a05db60cb13e2c98643da55779f46777d208b60c83602	E0019	false	GL261	G5	4e3f6d6ceeb0b403b1b2482130d0f49869cd9e2da46c27f2006cd8893987eb72	0	20	19	20	19	0.28179114040661807	1.029814163188171	EVALUABLE
e35cdcdf775f795101e09aad55066387fba11521aa04b53c4d53a1dc0ee49124	E0344	true	CT2A	C4	cdb7fb3b6973618b48e76861beeecf354fd3801d6426160c52656468ed7f7bd7	5	20	19	20	19	0.93804689506730987	10.384036183378074	EVALUABLE
e35cdcdf775f795101e09aad55066387fba11521aa04b53c4d53a1dc0ee49124	E0344	true	GL261	G5	ff08294218c297aa70d51d53f700660a24a0daa0e1e0239b74f592559b440776	0	20	19	20	19	0.77537235437434193	1.0000000581670687	EVALUABLE
e3b5ca7f493fa103aefb32d99380c68641eeb9f01e9717007f4a73a050ac0da4	E0156	true	CT2A	C2	7d84eb225b8def23833824a5db45b74528179b1bd889afa1812a7b3af34d5dd1	0	20	19	20	19	0.26495617064923199	2.1960015042847636	EVALUABLE
e3b5ca7f493fa103aefb32d99380c68641eeb9f01e9717007f4a73a050ac0da4	E0156	true	GL261	G2	0613270f4140a02dc933da8f58c1eea1dfd57164ef86989cfbd7dbf0d510376d	13	20	19	20	19	0.00011552442704350527	1.027180722198507	EVALUABLE
e3b89c1395795543ea613e2b48a10784ec17493531fb02db7ede5468a0be9124	E0340	true	CT2A	C4	0508eab71a0004ea418e21afa788f5650366bde4b6f23c738ca6f77ea3989883	4	20	19	20	19	0.92087458329280547	10.301851308858792	EVALUABLE
e3b89c1395795543ea613e2b48a10784ec17493531fb02db7ede5468a0be9124	E0340	true	GL261	G1	a29e516f4cdb615164980efb4a5ea439ebd420270dfdbd772cbaba783c759b3a	4	20	19	20	19	0.90648294860130785	9.3482449942482706	EVALUABLE
e4982e498e7fbfa2d078d04c8d78cf1c174c77fb5a5620d3ca4adfdc8729b68c	E0202	true	CT2A	C1	11f63e714d51958df651c04076bd5d7f5a2734e4e267f5aec63142685b555224	7	20	19	20	19	0.99995875067120576	1.1079104844376275	EVALUABLE
e4982e498e7fbfa2d078d04c8d78cf1c174c77fb5a5620d3ca4adfdc8729b68c	E0202	true	GL261	G3	4f3ac3dd70092e73abd0358812ec03b156828b637df9f9d81f3fa59635a9cea7	2	20	19	20	19	0.72920413934195194	1.4619007148330998	EVALUABLE
e5603d1adac7dee4916d3cc7f6cdb2e915313da5a901cc1d0059a794ed6343b0	E0138	true	CT2A	C3	4eeef1890619aa578845837f43661ee7c19b674ff17bfb6610802a3013e3f2fa	0	20	19	20	19	0.88362330517686327	12.619411189131858	EVALUABLE
e5603d1adac7dee4916d3cc7f6cdb2e915313da5a901cc1d0059a794ed6343b0	E0138	true	GL261	G4	9d089ba3b0e645d3e16cc9b9a500224416307f7ee4379f38d87bf989d2174ec1	19	20	19	20	19	0.43859339085612381	3.1519865593422973	EVALUABLE
e5785224e46c8b6deb5141a0442faade2d3f47b0039dedcbb68b3660795c74ed	E0398	true	CT2A	C5	a1f48ef19613f6a65b331bca98ea3fad70a41cafb8ba8276bafb56980a7ae0e3	2	20	19	20	19	0.99999999999410305	1.0443194570209668	EVALUABLE
e5785224e46c8b6deb5141a0442faade2d3f47b0039dedcbb68b3660795c74ed	E0398	true	GL261	G4	80a784effa6b3b2aafa37d724569e27dd6d62f8297103775ff360d41d6331aab	2	20	19	20	19	0.86116365437386877	6.5314393684786305	EVALUABLE
e5aee04f2824544f3e003fb5bf49a6e3ada268d6c6f8452620aad63f1ae25ab4	E0299	true	CT2A	C5	7ce358edc3a4bd7c08bb6daaad38e6b004b2499c6d5cdc3112e7a7dfa0faee9a	2	20	19	20	19	0.18501555223597199	1.2049202433441042	EVALUABLE
e5aee04f2824544f3e003fb5bf49a6e3ada268d6c6f8452620aad63f1ae25ab4	E0299	true	GL261	G5	c14d5ed0f81e787adc1913c3553bf14df5bb157bc649ea2040ac26996164fde7	14	20	19	20	19	0.99104875239699919	12.114963526934051	EVALUABLE
e60f5f5dfb02afe57ad760219b8ff71af39d74f079d7dfd1d0950d9a14f4865c	E0310	true	CT2A	C3	646a5c644a59a85946ca3a5bdaa04f073d39a57cae74abbda4fc566e8f03094d	1	20	19	20	19	0.0010945207635175819	1.2471372536215413	EVALUABLE
e60f5f5dfb02afe57ad760219b8ff71af39d74f079d7dfd1d0950d9a14f4865c	E0310	true	GL261	G1	a021d2219926286c3dcb59d412f56541cd3c639b9f8cb9f9f544799ca8c41349	3	20	19	20	19	0.8883964478446188	12.076105817838981	EVALUABLE
e663c5b210f71aa5a0e6ba6a967e0cbbeded31e2aae26fae2a4d8e9200c4d890	E0140	true	CT2A	C4	820066d04598da3d239f0d23bd4e39ef57a720e88a443581bcf565cd8d99566b	18	20	19	20	19	0.98148657114692928	15.728558157498551	EVALUABLE
e663c5b210f71aa5a0e6ba6a967e0cbbeded31e2aae26fae2a4d8e9200c4d890	E0140	true	GL261	G1	9d089ba3b0e645d3e16cc9b9a500224416307f7ee4379f38d87bf989d2174ec1	19	20	19	20	19	0.8315796582305508	11.301590392667318	EVALUABLE
e6776c4991bd29c05c8a0c434824833bb20aa2c68b88a815bb322ff41dd9d4ab	E0111	true	CT2A	C3	23292304d2d32b2fdbaff4ee52762d292782269c9b4414137b63abfae0a20815	1	20	19	20	19	0.62261415981966151	1.7059374145931341	EVALUABLE
e6776c4991bd29c05c8a0c434824833bb20aa2c68b88a815bb322ff41dd9d4ab	E0111	true	GL261	G2	f88bd6cf2efb8f44e7d076dd701147d46987ae954fb4b6708b6977e588db41be	0	20	19	20	19	0.99999999999995648	1.2735224120581012	EVALUABLE
e67a46cdded2580f6234cfcdd9e2f61d1e86d64a4f9013bfac8610ea983ab1af	E0205	true	CT2A	C2	4989824e2df2467b6e60573ab17ca31c35d0a30f6e54c8dfeb87847ca960b723	17	20	19	20	19	0.84889384279582092	7.8824570994719929	EVALUABLE
e67a46cdded2580f6234cfcdd9e2f61d1e86d64a4f9013bfac8610ea983ab1af	E0205	true	GL261	G1	dcd23c7687b7a968c63bb9675ce7906f58320bde6bc3bfbab7121eccb9334be0	14	20	19	20	19	0.676120036529681	3.0473515139001148	EVALUABLE
e685a70a01c0706e6024c4d353a343f5833f9a41589b61956d1696090f815197	E0083	true	CT2A	C2	11c92eb5eefda7cc64e53694479d802bc86526faac5ec503ffca49ddb81a3886	1	20	19	20	19	0.47695817833477566	1.3191942542955755	EVALUABLE
e685a70a01c0706e6024c4d353a343f5833f9a41589b61956d1696090f815197	E0083	true	GL261	G4	1da91e6cbc1ec44f0d5dcba4f1de73f1c00882c5b1d520c8967a9b59c82629c7	15	20	19	20	19	0.86988592856223323	7.4465160171247939	EVALUABLE
e718397cac17a15d3f906e0163dc07bddc7fe588c56385cbdab84387f7a6aa15	E0352	true	CT2A	C1	450f27facf5b727caade83033c48b7b5204e2c728b3acdf5c1e72afc35ea97fa	16	20	19	20	19	0.9999999999813326	1.0000000001781209	EVALUABLE
e718397cac17a15d3f906e0163dc07bddc7fe588c56385cbdab84387f7a6aa15	E0352	true	GL261	G3	e018e1e85f8fcd168cbc6ae22bdb5fe08a84bcc1860dddccdc6069714a07fba3	13	20	19	20	19	0.90444626483207813	12.736434684371911	EVALUABLE
e7aab80d8b8b87eee2f7b5756a5b8dba608a261ab3d5dd25525dbde7b4ee9c9f	E0300	true	CT2A	C1	a4cf0046a45aa0e47320ab5f4760e69930e9f99bbe85fdfc3b7ead7bafa2baa0	12	20	19	20	19	0.9999999999966469	1.6584490004249772	EVALUABLE
e7aab80d8b8b87eee2f7b5756a5b8dba608a261ab3d5dd25525dbde7b4ee9c9f	E0300	true	GL261	G1	0dcb4d9e9f31a415220f9c6fa35ee5c991ee4417708a58a8ae24391de0e15028	18	20	19	20	19	0.88935035066448598	12.062922096635836	EVALUABLE
e7c11ed0e566331988257c389ff2f221dd11e617a1b2ad495dee784163d14540	E0101	true	CT2A	C1	28de38258d03212a0d010bf8ac5b5dd9d5bb9878b0d353e342028da17117a4df	11	20	19	20	19	0.057580486024639263	1.2921043613208014	EVALUABLE
e7c11ed0e566331988257c389ff2f221dd11e617a1b2ad495dee784163d14540	E0101	true	GL261	G2	f88bd6cf2efb8f44e7d076dd701147d46987ae954fb4b6708b6977e588db41be	0	20	19	20	19	0.99999999999995648	1.2735224120581012	EVALUABLE
e7df8732fe3916e9d6fb8520b108abf5f3eec7665fee4320c5e7a97ca017717a	E0079	true	CT2A	C1	0e4370312b1abd45e6e65d5775cdbae8cb50208b4f035ea04dbf74dee753fe88	18	20	19	20	19	0.99999999938883155	3.2031410316691828	EVALUABLE
e7df8732fe3916e9d6fb8520b108abf5f3eec7665fee4320c5e7a97ca017717a	E0079	true	GL261	G5	1da91e6cbc1ec44f0d5dcba4f1de73f1c00882c5b1d520c8967a9b59c82629c7	15	20	19	20	19	0.032122196060961158	1.008140024550668	EVALUABLE
e7e1544bbf3a4cebb52c77185c9458fa672ef3295c532f6f6dc4b2c8a06fbd04	E0204	true	CT2A	C1	4989824e2df2467b6e60573ab17ca31c35d0a30f6e54c8dfeb87847ca960b723	17	20	19	20	19	0.99994589865669214	1.1078820071869331	EVALUABLE
e7e1544bbf3a4cebb52c77185c9458fa672ef3295c532f6f6dc4b2c8a06fbd04	E0204	true	GL261	G5	dcd23c7687b7a968c63bb9675ce7906f58320bde6bc3bfbab7121eccb9334be0	14	20	19	20	19	0.98303401106615673	9.1686585777968048	EVALUABLE
e85df12c123feba80b67574b98ca548c1bd2615aa67a448f528cdd344acab835	E0038	true	CT2A	C3	102f69f6fa8557e4e0067accc8216a851f9d96d112c3c1db033468920969167f	3	20	19	20	19	0.59930431535019257	3.4040147896030675	EVALUABLE
e85df12c123feba80b67574b98ca548c1bd2615aa67a448f528cdd344acab835	E0038	true	GL261	G4	7245d7cae566682e53e552376e5a7ab8b078a0afc829d984b35659d88f02faf9	2	20	19	20	19	0.98320805126189581	5.6124978115558708	EVALUABLE
e8f02f81cff3f4435dbeb96735b86b75869ecbc7dff39d1b21b8294b4bb26403	E0207	true	CT2A	C2	11f63e714d51958df651c04076bd5d7f5a2734e4e267f5aec63142685b555224	7	20	19	20	19	0.84972466661887325	7.8763213189171815	EVALUABLE
e8f02f81cff3f4435dbeb96735b86b75869ecbc7dff39d1b21b8294b4bb26403	E0207	true	GL261	G3	a7e9e73c64d9d3f1375205efa617218792e4925fade6c0b5b1060f1e99eea4db	15	20	19	20	19	0.87896836574987947	1.8289820045902734	EVALUABLE
e927935a4d558e2dc4a70f29bb55cbd1bd898090145cd85750bd18eb48f81c69	E0292	true	CT2A	C4	7ce358edc3a4bd7c08bb6daaad38e6b004b2499c6d5cdc3112e7a7dfa0faee9a	2	20	19	20	19	0.61772277566274447	4.2136208613917923	EVALUABLE
e927935a4d558e2dc4a70f29bb55cbd1bd898090145cd85750bd18eb48f81c69	E0292	true	GL261	G3	473d4f1bd46e522454faaf88efcb4858d6c533e112800f714ecae23ee6efc94e	3	20	19	20	19	0.93926809489134078	2.3514898545602465	EVALUABLE
e94149ed542fa5a729a3d615deb76102c162f93e282564c67d35ee4e038116df	E0181	true	CT2A	C2	f644340953d72bb12da093189853db0ff0fc86bb66134a4f3d0a44308555f75e	1	20	19	20	19	1	4.9073549064382949	EVALUABLE
e94149ed542fa5a729a3d615deb76102c162f93e282564c67d35ee4e038116df	E0181	true	GL261	G2	9479e42871e312cc9e8045bad83182066b1281c061fdcd80c3da7974e75e1d5d	1	20	19	20	19	0.74857032600598383	1.6497153842332788	EVALUABLE
e953321d0059fa70c555cb30b9fe6541c76b70e0ef13a2d8316a288539b6f7c0	E0238	true	CT2A	C3	473831994471df82d0913ed151c2dbb8e7c1cd219e13a873df972be6fe45480f	5	20	19	20	19	0.91235888436002011	12.807753630289605	EVALUABLE
e953321d0059fa70c555cb30b9fe6541c76b70e0ef13a2d8316a288539b6f7c0	E0238	true	GL261	G4	d2e77ddb8a929cfcb9b862f9915f2d5a3eb09741f2765ade2b0bcd69a98c741d	12	20	19	20	19	0.99999904744422774	3.0777685501040604	EVALUABLE
e9b556d9bbf0920637dd806e94db413cf16f03906fda1e1930c45581f469de26	E0160	true	CT2A	C3	7d84eb225b8def23833824a5db45b74528179b1bd889afa1812a7b3af34d5dd1	0	20	19	20	19	0.53409341902407192	2.8372006697777263	EVALUABLE
e9b556d9bbf0920637dd806e94db413cf16f03906fda1e1930c45581f469de26	E0160	true	GL261	G1	e1e50204cde2f03790a3f2e74f66636d0dd7fd397ae5d4775dd61d74ccce0b76	19	20	19	20	19	0.831584981465747	11.881877309735335	EVALUABLE
e9f71838e9e6618fe4a0f31a7592c378a29d737494d77625d25f31f8816f2cb0	E0042	true	CT2A	C4	102f69f6fa8557e4e0067accc8216a851f9d96d112c3c1db033468920969167f	3	20	19	20	19	0.80726985679818852	5.2787034451665855	EVALUABLE
e9f71838e9e6618fe4a0f31a7592c378a29d737494d77625d25f31f8816f2cb0	E0042	true	GL261	G3	5f016d2a7e8c0ca9be2a0c7a65b58b776f02175e7864b34d3b8946ee4f826f29	16	20	19	20	19	0.59002760960348055	3.5461472373123324	EVALUABLE
ea396c79baef2d6988a8a215427cc3b5b5b9454232801f7ebb5f5bc7358c0bef	E0190	false	CT2A	C4	394141b54352b224fc28580e817bd9529f6dc079245ece8a8f28d24752b5d692	14	20	19	20	19	0.90249969644004435	9.1796327317633946	EVALUABLE
ea396c79baef2d6988a8a215427cc3b5b5b9454232801f7ebb5f5bc7358c0bef	E0190	false	GL261	G1	8ecf30a756db2f84cdf96655aeefb4791848aa4abcee2632121fb0bb43d6914f	9	20	19	20	19	0.27016931629783247	9.3194214892098532	EVALUABLE
ec83ae2e89f14a87cd4dea07ee97f1e4b4ba2651abb9a5cba568ae53f1d581b0	E0351	true	CT2A	C1	450f27facf5b727caade83033c48b7b5204e2c728b3acdf5c1e72afc35ea97fa	16	20	19	20	19	0.9999999999813326	1.0000000001781209	EVALUABLE
ec83ae2e89f14a87cd4dea07ee97f1e4b4ba2651abb9a5cba568ae53f1d581b0	E0351	true	GL261	G2	8919d77fd866b5a1dc2c64f31ddf3d2b0c854b469fdba34f75f79fe51e478517	0	20	19	20	19	0.23845078796656882	1	EVALUABLE
ec998dd4f5a491936337815edab1e2a29b256852a818305ef593fa490579cec3	E0095	true	CT2A	C5	722648b50fb7a1fecbf2dde75452eb95e5df91f0ab85ff61e3540293ef1928a7	19	20	19	20	19	0.99999999974789766	4.8962032443910628	EVALUABLE
ec998dd4f5a491936337815edab1e2a29b256852a818305ef593fa490579cec3	E0095	true	GL261	G1	5aa9dfc3f05d4356dd4aae2f9affd61bee89f17b06004e56c2253e057c5d0c49	19	20	19	20	19	0.81598515079962619	5.8764206310558	EVALUABLE
ecc7667b1c59d7bf7b6cdf4960b31f341cb14a0cb655240759dd5f1b723a7cce	E0395	true	CT2A	C5	199d1232f9356b67d2811c1333b2b4466aa5cc643e0e7b3812579cffa59c92fe	17	20	19	20	19	0.99999999999405786	1.0443194570208725	EVALUABLE
ecc7667b1c59d7bf7b6cdf4960b31f341cb14a0cb655240759dd5f1b723a7cce	E0395	true	GL261	G1	02480ee2203a7247dc60b5c7ed203477c48ce766af288d2f669fd6d280f81869	16	20	19	20	19	0.90056642035183598	10.497230046444839	EVALUABLE
ecfc49701c07b6bec2441e2105b4bf26b80ea2627bf066fb107b412b6897a2b3	E0191	true	CT2A	C4	394141b54352b224fc28580e817bd9529f6dc079245ece8a8f28d24752b5d692	14	20	19	20	19	0.90249969644004435	9.1796327317633946	EVALUABLE
ecfc49701c07b6bec2441e2105b4bf26b80ea2627bf066fb107b412b6897a2b3	E0191	true	GL261	G2	0b742d893c7ca2cb7d6c3602f9b3060c69defdcca63058c841cf70d5b22d4480	0	20	19	20	19	0.43006227446018103	2.3694653091400508	EVALUABLE
ed5ffb4b9a1f967cae39f234cabaf6cd9746848c3af89e42fb32d25641cd3d64	E0360	true	CT2A	C3	f715c48d725df09590892b8a0f532f274829fa59347013d5f282226dd527b95b	2	20	19	20	19	0.3532561476504924	1.8410145782798246	EVALUABLE
ed5ffb4b9a1f967cae39f234cabaf6cd9746848c3af89e42fb32d25641cd3d64	E0360	true	GL261	G1	4b4cf4267fcb04925be0dfbb09053360ba7fe7c53232c32dfae0571e12ddfcbf	12	20	19	20	19	0.90741067607121062	13.83025409192345	EVALUABLE
ed66ec073eef549ed16d6bf6573065a8039461eb1f78f37d826f9879efc9a9cf	E0005	true	CT2A	C2	55c97010acdd0cdc52f98f416746a96a3e453dfff25d0e9f08e270f4213bea20	1	20	19	20	19	0.48577816441069854	1.3813249684797881	EVALUABLE
ed66ec073eef549ed16d6bf6573065a8039461eb1f78f37d826f9879efc9a9cf	E0005	true	GL261	G1	32eee7f3879ac12eb2555790d4a68384c8aae85601ce98f8f7c8ad3733eb50c7	3	20	19	20	19	0.84711363588310407	9.6485764507366323	EVALUABLE
ed90231ab9d32066f15f85602cddb95a62febcd4dfddcce3f1e24eccfeefad7b	E0027	true	CT2A	C1	bb0ad4b3dca9738ed169d4aae2f4f8fd0949efa9bd105de1d71889a580ae2be8	19	20	19	20	19	0.68694635755278621	4.4063227204848801	EVALUABLE
ed90231ab9d32066f15f85602cddb95a62febcd4dfddcce3f1e24eccfeefad7b	E0027	true	GL261	G3	5f016d2a7e8c0ca9be2a0c7a65b58b776f02175e7864b34d3b8946ee4f826f29	16	20	19	20	19	0.59002760960348055	3.5461472373123324	EVALUABLE
ed9264d1976e96a6eddd815251c1662462e9579ef5b9bac92a4796164314b929	E0201	true	CT2A	C1	4989824e2df2467b6e60573ab17ca31c35d0a30f6e54c8dfeb87847ca960b723	17	20	19	20	19	0.99994589865669214	1.1078820071869331	EVALUABLE
ed9264d1976e96a6eddd815251c1662462e9579ef5b9bac92a4796164314b929	E0201	true	GL261	G2	ea240cb47d0b313f1c494d71ead03c4db28ceb3f21745e3fd6d4055eb5868913	19	20	19	20	19	0.83457856384000728	6.4021156728753068	EVALUABLE
ee75730c1d5f0ba56e8e3920fe5b3c9e475bcd3fd4957db7165dfebaaab5c94c	E0367	true	CT2A	C4	f748cd6aeca05446d28a19c599fcdda457fbd8a29c4d8a73e760985713b9f609	1	20	19	20	19	0.99479711934879289	4.2685202784268483	EVALUABLE
ee75730c1d5f0ba56e8e3920fe5b3c9e475bcd3fd4957db7165dfebaaab5c94c	E0367	true	GL261	G3	56f49755ad9fd488da413cdefefa89f19e6d4469948128c282c57ff52fb461d5	4	20	19	20	19	0.89819092377850596	12.807045251031706	EVALUABLE
ee81d01f7e15a1b236148cd3adf770346ef69e3e31fd7cf551be8a087746c8b9	E0343	true	CT2A	C4	02a5544e4fc3b887f9768cac0b1d5ae40c8982fd620a763876acef8755995c11	2	20	19	20	19	0.95308773935777558	10.516493286003863	EVALUABLE
ee81d01f7e15a1b236148cd3adf770346ef69e3e31fd7cf551be8a087746c8b9	E0343	true	GL261	G4	1cd860a2429f051cd189f97b8ee6cd1f9b1fb1288a2d4b3c67e118e3ffcc8e3f	1	20	19	20	19	0.26527689013154915	1.0100384212738058	EVALUABLE
ee9791034d8b9c96a57113870c3e5d073fe090b5c49758eac5de7e63c465e3f4	E0238	true	CT2A	C3	bc31b2573e3654d69ba4dc987e4d975f87972c67efefef87ebb81d553332baa6	10	20	19	20	19	0.99956913907876443	13.748496556002157	EVALUABLE
ee9791034d8b9c96a57113870c3e5d073fe090b5c49758eac5de7e63c465e3f4	E0238	true	GL261	G4	d2e77ddb8a929cfcb9b862f9915f2d5a3eb09741f2765ade2b0bcd69a98c741d	12	20	19	20	19	0.99999904744422774	3.0777685501040604	EVALUABLE
eeb81781fee371098016d212668277ad029755939d845ee272bb37dac5aa83f4	E0233	true	CT2A	C2	4ad59181fe7235c9f8799583e6a5926d9a3b391d8c90fd44a50e8f2ee914e297	14	20	19	20	19	0.82043507762103074	6.0914450766133088	EVALUABLE
eeb81781fee371098016d212668277ad029755939d845ee272bb37dac5aa83f4	E0233	true	GL261	G4	d2e77ddb8a929cfcb9b862f9915f2d5a3eb09741f2765ade2b0bcd69a98c741d	12	20	19	20	19	0.99999904744422774	3.0777685501040604	EVALUABLE
eedf85cee14c37a47bd1fcebc968255fe09344e05a9679f68a0b2e211e59ebbe	E0228	true	CT2A	C1	0ce9f3c2ac8cacca151a431395692262091d1c40960aa953be66fdd4db529db5	17	20	19	20	19	0.15492668498694406	2.0281460195970875	EVALUABLE
eedf85cee14c37a47bd1fcebc968255fe09344e05a9679f68a0b2e211e59ebbe	E0228	true	GL261	G4	d2e77ddb8a929cfcb9b862f9915f2d5a3eb09741f2765ade2b0bcd69a98c741d	12	20	19	20	19	0.99999904744422774	3.0777685501040604	EVALUABLE
ef87395b1d7119e64f93fbedb0766930be3757a1152afac2c0d2e49f3c0629d6	E0362	true	CT2A	C3	f715c48d725df09590892b8a0f532f274829fa59347013d5f282226dd527b95b	2	20	19	20	19	0.3532561476504924	1.8410145782798246	EVALUABLE
ef87395b1d7119e64f93fbedb0766930be3757a1152afac2c0d2e49f3c0629d6	E0362	true	GL261	G3	bd09497d41ee55e42aaa83e8316d7445fa924f491c973830af83a92070b5fe21	11	20	19	20	19	0.9134825913123108	12.667706583308277	EVALUABLE
efbae1d5a561224136798625ce6dbbcadbb3b8bb48dfe2dbae5ff99a39a5a4a3	E0289	true	CT2A	C3	1f934b3dc4f2e9a459543f2b3f436ecc7f80c3d79a147a95a65090f563b3f59c	17	20	19	20	19	0.96689693828154299	9.8047956301186794	EVALUABLE
efbae1d5a561224136798625ce6dbbcadbb3b8bb48dfe2dbae5ff99a39a5a4a3	E0289	true	GL261	G5	c14d5ed0f81e787adc1913c3553bf14df5bb157bc649ea2040ac26996164fde7	14	20	19	20	19	0.99104875239699919	12.114963526934051	EVALUABLE
f03c9542444bee6de85cf53d38089c10c13e34e74aa68085192ac5a9e59a586b	E0225	true	CT2A	C1	0ce9f3c2ac8cacca151a431395692262091d1c40960aa953be66fdd4db529db5	17	20	19	20	19	0.15492668498694406	2.0281460195970875	EVALUABLE
f03c9542444bee6de85cf53d38089c10c13e34e74aa68085192ac5a9e59a586b	E0225	true	GL261	G1	d2e77ddb8a929cfcb9b862f9915f2d5a3eb09741f2765ade2b0bcd69a98c741d	12	20	19	20	19	0.93535494386801088	7.9469225727837722	EVALUABLE
f081c68079fa490af888b2dabd3fee97230f7559b2e322c98106c9e0d2d84047	E0045	true	CT2A	C5	841f998ef00a0775a812107d6ae160399491e383a3bff330c20f771132333a20	9	20	19	20	19	0.95515885975913439	8.7831638936974024	EVALUABLE
f081c68079fa490af888b2dabd3fee97230f7559b2e322c98106c9e0d2d84047	E0045	true	GL261	G1	5f016d2a7e8c0ca9be2a0c7a65b58b776f02175e7864b34d3b8946ee4f826f29	16	20	19	20	19	0.9501721991785268	11.597322888428341	EVALUABLE
f0905e8f14bf9f20b443692d846515d4bc06b70566022a9ad8dbf4b6c6b82ccb	E0044	true	CT2A	C4	593312d7347feeecef6821743059de3d62c9a9e7bc1e0d7af7214fa92b03e33f	4	20	19	20	19	0.81686060888933887	5.251531976742549	EVALUABLE
f0905e8f14bf9f20b443692d846515d4bc06b70566022a9ad8dbf4b6c6b82ccb	E0044	true	GL261	G5	a5e71df85ff7da9f890eb3cd5dcb2b7117ced118c99b3684ee841000c8e0b65d	13	20	19	20	19	0.9999999779706501	1.8329697236113456	EVALUABLE
f0ab0dd0f45297ad220c1fd17080367c33a6d7423aa81b9cbde729f3195f45e9	E0004	false	CT2A	C1	c55c11a6e3dc772e3c2e3b973cfb71fd8e41ddd3aef93d8b8367e17dfca95033	18	20	19	20	19	0.65835440497085429	6.5416641409318803	EVALUABLE
f0ab0dd0f45297ad220c1fd17080367c33a6d7423aa81b9cbde729f3195f45e9	E0004	false	GL261	G5	4e3f6d6ceeb0b403b1b2482130d0f49869cd9e2da46c27f2006cd8893987eb72	0	20	19	20	19	0.28179114040661807	1.029814163188171	EVALUABLE
f0c250a5792c18faed32616dcb295428e8a1467e26175fa0e5b1aba357b55a55	E0159	true	CT2A	C2	7d84eb225b8def23833824a5db45b74528179b1bd889afa1812a7b3af34d5dd1	0	20	19	20	19	0.26495617064923199	2.1960015042847636	EVALUABLE
f0c250a5792c18faed32616dcb295428e8a1467e26175fa0e5b1aba357b55a55	E0159	true	GL261	G5	0613270f4140a02dc933da8f58c1eea1dfd57164ef86989cfbd7dbf0d510376d	13	20	19	20	19	0.061202293820025733	1.4039571086164389	EVALUABLE
f0c9fb9be6a2a9792eee3ce85312ae62092d35fda1e01f0580774a2515a79f0e	E0378	true	CT2A	C1	93bcac7a72697a36bd2ebdfcfec80d11ce9ecaab48365dbcfddc2af85158d388	19	20	19	20	19	0.99999999999999944	1.0033620860714145	EVALUABLE
f0c9fb9be6a2a9792eee3ce85312ae62092d35fda1e01f0580774a2515a79f0e	E0378	true	GL261	G4	80a784effa6b3b2aafa37d724569e27dd6d62f8297103775ff360d41d6331aab	2	20	19	20	19	0.86116365437386877	6.5314393684786305	EVALUABLE
f0de36f1cf92f9585040652ff8f082901742fe3be0c2113a97b5ed1de1055935	E0255	true	CT2A	C2	227fe4afb2202ead22ee9d269e9306fc1462f44fe8ea75b1015ef56783db29e3	3	20	19	20	19	0.99999928014341111	8.3964399801343461	EVALUABLE
f0de36f1cf92f9585040652ff8f082901742fe3be0c2113a97b5ed1de1055935	E0255	true	GL261	G1	deff62e02ba886762368ef91d7c5a863a4429df48e2f355d224c8d1fd18fccdc	11	20	19	20	19	0.54102427424659716	1.125347247731602	EVALUABLE
f0ec2fb3b67ac9f5d85cce0b6ca49947a4a89b18535d9c171596ed3ce95bc77a	E0104	true	CT2A	C1	28de38258d03212a0d010bf8ac5b5dd9d5bb9878b0d353e342028da17117a4df	11	20	19	20	19	0.057580486024639263	1.2921043613208014	EVALUABLE
f0ec2fb3b67ac9f5d85cce0b6ca49947a4a89b18535d9c171596ed3ce95bc77a	E0104	true	GL261	G5	f88bd6cf2efb8f44e7d076dd701147d46987ae954fb4b6708b6977e588db41be	0	20	19	20	19	0.9999992402763398	2.3153608645961747	EVALUABLE
f0f9983cd5579bb806667b2d5540c8a5a799c111352926799647160152378c62	E0323	true	CT2A	C5	41b88b4ee1d53a5ed347ca7ca6e242f063954bf817489f768d55c5cd466c4a09	11	20	19	20	19	0.99999999957496033	2.8887617741499025	EVALUABLE
f0f9983cd5579bb806667b2d5540c8a5a799c111352926799647160152378c62	E0323	true	GL261	G4	56619b4e4e6013ca0ea5dfecefc8a41771a2787473f82472dde4086101e026ce	1	20	19	20	19	0.4864192523306799	1.0926497642978019	EVALUABLE
f130e1d42edb4173280439986d34d1503984c204cdd273678a2ad7a3480fa392	E0289	true	CT2A	C3	0a95f91928ebf23599e2fd99cce9339024b168bc277b7ee6b223dfc5b37da8df	10	20	19	20	19	0.87941744677291489	9.4422376213259636	EVALUABLE
f130e1d42edb4173280439986d34d1503984c204cdd273678a2ad7a3480fa392	E0289	true	GL261	G5	473d4f1bd46e522454faaf88efcb4858d6c533e112800f714ecae23ee6efc94e	3	20	19	20	19	0.95732330245830399	11.552562273039079	EVALUABLE
f188f1ec33f51009805118e5c1da4d307044b8c71abc8f62c86071e35e399d19	E0072	true	CT2A	C5	922acc409690b4b94ea7e61fd138fe5eb67df3130bc7d7edc8faac768d87407d	8	20	19	20	19	0.87194518269918342	8.8321384200530435	EVALUABLE
f188f1ec33f51009805118e5c1da4d307044b8c71abc8f62c86071e35e399d19	E0072	true	GL261	G3	f3e9af567444075a63b7c2a2854ddee5538bfb4c47245f27578a66e389b5a9bc	18	20	19	20	19	0.66853845467600703	3.7749737294577361	EVALUABLE
f31269272032493e899c0063e3e318aa9975695a8d34051a8ced5e26949dca79	E0332	true	CT2A	C2	73800d86c4f889eaf4f5923c873981e1547c7ce8918bcad431aebb6957e65d8f	1	20	19	20	19	0.96539067039799076	2.688256588130622	EVALUABLE
f31269272032493e899c0063e3e318aa9975695a8d34051a8ced5e26949dca79	E0332	true	GL261	G3	c39666cec50f85c68c411fb7f35fd14dc87818c4e5eb5dcffc093c106d19e93d	12	20	19	20	19	0.87463438005981209	9.7965407497408883	EVALUABLE
f32c7c8affd5a8a880e3cc0929d81fcf5965effa6bac00d0538b403a66ee729a	E0335	true	CT2A	C3	73800d86c4f889eaf4f5923c873981e1547c7ce8918bcad431aebb6957e65d8f	1	20	19	20	19	0.70000038358131655	3.4317647739111701	EVALUABLE
f32c7c8affd5a8a880e3cc0929d81fcf5965effa6bac00d0538b403a66ee729a	E0335	true	GL261	G1	0d37965ea995985f614ffc8e8261127f65775a5f6e502c959cba7441f181e37a	3	20	19	20	19	0.94310933529352581	9.5221621289824725	EVALUABLE
f3af3571a4b07b8ff8e10a106783c3d882ae7faca06dc701da2d5ad50e6cdb2e	E0048	true	CT2A	C5	dbd76666b3084fdec6b1c3315b220417ef6d15d44a34b19cb92d68548716b4ce	6	20	19	20	19	0.8923168525155164	8.4446985005009783	EVALUABLE
f3af3571a4b07b8ff8e10a106783c3d882ae7faca06dc701da2d5ad50e6cdb2e	E0048	true	GL261	G4	c369920187a75d899f06ea4bdc2750fd086c9e7dff9e33c43812a3ed0dd71628	12	20	19	20	19	0.99236176447355884	5.7100758872560453	EVALUABLE
f3b504ef4495e39494e8268d785e44f7b20d782508e0968c4bf38784e56bc4a2	E0193	true	CT2A	C4	ec713323665316d5b12598b96ce058a5cbd45046ed44f9acd156cf13bb158862	13	20	19	20	19	0.89953820563522124	9.1801428066011734	EVALUABLE
f3b504ef4495e39494e8268d785e44f7b20d782508e0968c4bf38784e56bc4a2	E0193	true	GL261	G4	8ecf30a756db2f84cdf96655aeefb4791848aa4abcee2632121fb0bb43d6914f	9	20	19	20	19	0.99991216885290002	1.4633809405549494	EVALUABLE
f3d0a97a9bae572ebaee607f76e290155239bcca1d737f7ad9e68d7230999821	E0207	true	CT2A	C2	64e14d92b1a5821eccddd0e1e6d5521f0fcaba2977c9eb34cfda886205c3493d	8	20	19	20	19	0.99999982629128847	8.7524334990654555	EVALUABLE
f3d0a97a9bae572ebaee607f76e290155239bcca1d737f7ad9e68d7230999821	E0207	true	GL261	G3	4f3ac3dd70092e73abd0358812ec03b156828b637df9f9d81f3fa59635a9cea7	2	20	19	20	19	0.72920413934195194	1.4619007148330998	EVALUABLE
f3eefabc025772caa4ccb7e39c4f0fda6b27700fffa309677d3992168e710fee	E0203	true	CT2A	C1	4989824e2df2467b6e60573ab17ca31c35d0a30f6e54c8dfeb87847ca960b723	17	20	19	20	19	0.99994589865669214	1.1078820071869331	EVALUABLE
f3eefabc025772caa4ccb7e39c4f0fda6b27700fffa309677d3992168e710fee	E0203	true	GL261	G4	a7e9e73c64d9d3f1375205efa617218792e4925fade6c0b5b1060f1e99eea4db	15	20	19	20	19	0.98793100827493618	1.2451574873982125	EVALUABLE
f3f13a22d1882f60a2a2d3b8f90118f6fd55858fc682185dbac0c86eed03af49	E0097	true	CT2A	C5	722648b50fb7a1fecbf2dde75452eb95e5df91f0ab85ff61e3540293ef1928a7	19	20	19	20	19	0.99999999974789766	4.8962032443910628	EVALUABLE
f3f13a22d1882f60a2a2d3b8f90118f6fd55858fc682185dbac0c86eed03af49	E0097	true	GL261	G3	5aa9dfc3f05d4356dd4aae2f9affd61bee89f17b06004e56c2253e057c5d0c49	19	20	19	20	19	0.8929223799071766	7.0399935625138861	EVALUABLE
f4157d8aa3730c453d92021fae2410167a1fd52a41b6e1638df3d649539324d3	E0059	false	CT2A	C2	7f09d6185ac5d193185190172ff78a97a79908108e64a74fa9c0e5c5b7a315dc	0	20	19	20	19	0.9308187138472287	1.0384695222672513	EVALUABLE
f4157d8aa3730c453d92021fae2410167a1fd52a41b6e1638df3d649539324d3	E0059	false	GL261	G5	d928590f61fb177ab6a5b0e11cbeca11a10927ce32463c8505150ddf6a21fd31	8	20	19	20	19	0.99999313696569991	1.00137353489484	EVALUABLE
f46e2f2bf4f3515486146419735b42d77390d9d8a42bfc6f70df6d2be96a3cd3	E0256	true	CT2A	C2	227fe4afb2202ead22ee9d269e9306fc1462f44fe8ea75b1015ef56783db29e3	3	20	19	20	19	0.99999928014341111	8.3964399801343461	EVALUABLE
f46e2f2bf4f3515486146419735b42d77390d9d8a42bfc6f70df6d2be96a3cd3	E0256	true	GL261	G2	0a9dfbbbf9f389fdfd621ebb50a400f6f5a3ddb9cb5fb51e4859c587846d9633	14	20	19	20	19	0.89895414790208683	11.18182276231909	EVALUABLE
f508610b7fadad28e5db9e8c3377b02119356df092fb2d23cc738e55134c342f	E0222	true	CT2A	C5	4989824e2df2467b6e60573ab17ca31c35d0a30f6e54c8dfeb87847ca960b723	17	20	19	20	19	0.99846671377486551	1.2995544701729642	EVALUABLE
f508610b7fadad28e5db9e8c3377b02119356df092fb2d23cc738e55134c342f	E0222	true	GL261	G3	a7e9e73c64d9d3f1375205efa617218792e4925fade6c0b5b1060f1e99eea4db	15	20	19	20	19	0.87896836574987947	1.8289820045902734	EVALUABLE
f5ead5696b58773864c5751e1e4ccfe4de64bfb96c5cd674ed8ce283534c455b	E0265	true	CT2A	C4	227fe4afb2202ead22ee9d269e9306fc1462f44fe8ea75b1015ef56783db29e3	3	20	19	20	19	0.82130659765351477	8.4875241697218105	EVALUABLE
f5ead5696b58773864c5751e1e4ccfe4de64bfb96c5cd674ed8ce283534c455b	E0265	true	GL261	G1	ad3ae52546893ca463d0370db5c0243a4cd79da6df16d930a4acee2fee7bf062	3	20	19	20	19	0.49035118165923558	1.1394343051436355	EVALUABLE
f5edf0a954422faa54ba9dccfa0e954dce4c91caeb071c87a9fbf458d018614b	E0157	true	CT2A	C2	7d84eb225b8def23833824a5db45b74528179b1bd889afa1812a7b3af34d5dd1	0	20	19	20	19	0.26495617064923199	2.1960015042847636	EVALUABLE
f5edf0a954422faa54ba9dccfa0e954dce4c91caeb071c87a9fbf458d018614b	E0157	true	GL261	G3	e1e50204cde2f03790a3f2e74f66636d0dd7fd397ae5d4775dd61d74ccce0b76	19	20	19	20	19	0.81457764984935643	9.2315388508488923	EVALUABLE
f5f208d49afc637c1b9927c81c84026d3fd9d52813536bea34043d70a9098818	E0213	true	CT2A	C3	3d455bd6c6c1107026e8edf70c2d6d8e202fc5d502a840648e30a9c7f4d8ac8c	19	20	19	20	19	0.87816337827871416	11.131684228520349	EVALUABLE
f5f208d49afc637c1b9927c81c84026d3fd9d52813536bea34043d70a9098818	E0213	true	GL261	G4	a7e9e73c64d9d3f1375205efa617218792e4925fade6c0b5b1060f1e99eea4db	15	20	19	20	19	0.98793100827493618	1.2451574873982125	EVALUABLE
f63dd7ca4cd005564210b66c1ec9af61e383966b146edc541d41f90bdf3128dc	E0103	true	CT2A	C1	28de38258d03212a0d010bf8ac5b5dd9d5bb9878b0d353e342028da17117a4df	11	20	19	20	19	0.057580486024639263	1.2921043613208014	EVALUABLE
f63dd7ca4cd005564210b66c1ec9af61e383966b146edc541d41f90bdf3128dc	E0103	true	GL261	G4	f6b0f2ba20b13928be8ad57375895f2cc1e549f77dfc7af9607209c545567596	9	20	19	20	19	0.99275356068911413	4.2139513058423352	EVALUABLE
f657ff8ef66350d4326fa720eeba96a52a83d8f1530aa9a2f7b69fd40a8f0c55	E0210	true	CT2A	C3	7f680ec90ffb14e0cf02f3aa48fc2a9480180e3d4bfe2ca3fd207f7277645ac2	16	20	19	20	19	0.99963668740886491	11.878981853139724	EVALUABLE
f657ff8ef66350d4326fa720eeba96a52a83d8f1530aa9a2f7b69fd40a8f0c55	E0210	true	GL261	G1	4f3ac3dd70092e73abd0358812ec03b156828b637df9f9d81f3fa59635a9cea7	2	20	19	20	19	0.71451530013164555	2.9441027027042357	EVALUABLE
f66f95f620ed093ad3aa04c1a32f89f3a78eb99eb8d08ab1c3ca8b0edb69e256	E0173	true	CT2A	C5	652d4fa99bc208956b898fae76f9f32fe69a417d4073ce7544aad1ca9cc48dfb	2	20	19	20	19	0.81577552036783429	5.7803901139013112	EVALUABLE
f66f95f620ed093ad3aa04c1a32f89f3a78eb99eb8d08ab1c3ca8b0edb69e256	E0173	true	GL261	G4	e1e50204cde2f03790a3f2e74f66636d0dd7fd397ae5d4775dd61d74ccce0b76	19	20	19	20	19	0.90789071645032871	9.7733951351216852	EVALUABLE
f67e5b8e6451d490e70ca154ea7ad84801cdc427fa818f389f57b11541d43ea8	E0192	false	CT2A	C4	ec713323665316d5b12598b96ce058a5cbd45046ed44f9acd156cf13bb158862	13	20	19	20	19	0.89953820563522124	9.1801428066011734	EVALUABLE
f67e5b8e6451d490e70ca154ea7ad84801cdc427fa818f389f57b11541d43ea8	E0192	false	GL261	G3	8ecf30a756db2f84cdf96655aeefb4791848aa4abcee2632121fb0bb43d6914f	9	20	19	20	19	0.89674230687852974	2.3129376605668832	EVALUABLE
f7156884c3370f1bc76068edc6f3573e4837400467c0ebefb03f02d674807042	E0089	true	CT2A	C3	11c92eb5eefda7cc64e53694479d802bc86526faac5ec503ffca49ddb81a3886	1	20	19	20	19	0.57509159588204672	2.0410979226694463	EVALUABLE
f7156884c3370f1bc76068edc6f3573e4837400467c0ebefb03f02d674807042	E0089	true	GL261	G5	1da91e6cbc1ec44f0d5dcba4f1de73f1c00882c5b1d520c8967a9b59c82629c7	15	20	19	20	19	0.032122196060961158	1.008140024550668	EVALUABLE
f73e0476e1fdb0f43e3f1920a1219d414e8e0b762d5f784edc0290f2e3678c26	E0114	true	CT2A	C3	23292304d2d32b2fdbaff4ee52762d292782269c9b4414137b63abfae0a20815	1	20	19	20	19	0.62261415981966151	1.7059374145931341	EVALUABLE
f73e0476e1fdb0f43e3f1920a1219d414e8e0b762d5f784edc0290f2e3678c26	E0114	true	GL261	G5	f88bd6cf2efb8f44e7d076dd701147d46987ae954fb4b6708b6977e588db41be	0	20	19	20	19	0.9999992402763398	2.3153608645961747	EVALUABLE
f75ebf13a0aa33922a187adf3d8fccf95bb2f5c5c22c80c1cb36ecc74b77316d	E0036	true	CT2A	C3	102f69f6fa8557e4e0067accc8216a851f9d96d112c3c1db033468920969167f	3	20	19	20	19	0.59930431535019257	3.4040147896030675	EVALUABLE
f75ebf13a0aa33922a187adf3d8fccf95bb2f5c5c22c80c1cb36ecc74b77316d	E0036	true	GL261	G2	fc27b6af092e285d50c1968dde0a42a6920a84a660be54cb08c63990c795644b	7	20	19	20	19	0.063430977277193309	1.0347919531648493	EVALUABLE
f818d4ad1c0cef41733b3d30641d77e834883f1809738aeccfcab4da8ab89b77	E0068	true	CT2A	C4	7f09d6185ac5d193185190172ff78a97a79908108e64a74fa9c0e5c5b7a315dc	0	20	19	20	19	0.86381700180085463	4.5869369271080016	EVALUABLE
f818d4ad1c0cef41733b3d30641d77e834883f1809738aeccfcab4da8ab89b77	E0068	true	GL261	G4	d928590f61fb177ab6a5b0e11cbeca11a10927ce32463c8505150ddf6a21fd31	8	20	19	20	19	0.92654957144361749	1.9665265403298717	EVALUABLE
f8867e4878623c23bf714994b84836c21cf005f25c266a739424880564d48a57	E0226	true	CT2A	C1	0ce9f3c2ac8cacca151a431395692262091d1c40960aa953be66fdd4db529db5	17	20	19	20	19	0.15492668498694406	2.0281460195970875	EVALUABLE
f8867e4878623c23bf714994b84836c21cf005f25c266a739424880564d48a57	E0226	true	GL261	G2	1e4730ea84327c2af00f7bf39dfe64b793d2c667d11063277acbba44643bb602	10	20	19	20	19	0.99999087853741708	2.3639644488789711	EVALUABLE
f8d20835e62ca5325b582106b01e631d3c9c9adfac76307d7ca48b7a20d6e4a0	E0324	false	CT2A	C5	ed0c17f7a22a64be5862f52a396317f78e98d4489d5d4467a22d858c65d1c63f	9	20	19	20	19	0.99999999958959696	2.8887617742344656	EVALUABLE
f8d20835e62ca5325b582106b01e631d3c9c9adfac76307d7ca48b7a20d6e4a0	E0324	false	GL261	G5	4a2fb998e907a76d9911c65dc23b53d134425ac6130d04103f1e03f7be8c05b6	0	20	19	20	19	0.015426873193990857	1.0000781958551519	EVALUABLE
f8e403b5042ad882315301a6bbd2e8355a96bdcfd2df76b985185d2bd36ec655	E0253	true	CT2A	C1	227fe4afb2202ead22ee9d269e9306fc1462f44fe8ea75b1015ef56783db29e3	3	20	19	20	19	0.019893028392686113	1.069935255172147	EVALUABLE
f8e403b5042ad882315301a6bbd2e8355a96bdcfd2df76b985185d2bd36ec655	E0253	true	GL261	G4	ad3ae52546893ca463d0370db5c0243a4cd79da6df16d930a4acee2fee7bf062	3	20	19	20	19	0.18708100388078458	1.0000309594828971	EVALUABLE
f987da756b08b73a71d66cf7b17143ce385eb3d62877d51b3d341eca240f5d9f	E0135	true	CT2A	C3	4eeef1890619aa578845837f43661ee7c19b674ff17bfb6610802a3013e3f2fa	0	20	19	20	19	0.88362330517686327	12.619411189131858	EVALUABLE
f987da756b08b73a71d66cf7b17143ce385eb3d62877d51b3d341eca240f5d9f	E0135	true	GL261	G1	9d089ba3b0e645d3e16cc9b9a500224416307f7ee4379f38d87bf989d2174ec1	19	20	19	20	19	0.8315796582305508	11.301590392667318	EVALUABLE
f9d918b9d6a5b49a1a7f9e2576efc9c8d264200242a0090afd59c80165d11b62	E0393	true	CT2A	C4	7694a9e011d4ebf44d303658c7154c14143b3e30ce56570e30c917120cb8c5fd	11	20	19	20	19	0.87751273387070883	11.839189489820949	EVALUABLE
f9d918b9d6a5b49a1a7f9e2576efc9c8d264200242a0090afd59c80165d11b62	E0393	true	GL261	G4	4aef105489baf9bef63ed97725d1de0a50cea4bd591f4c627ed30ca8b0d0f088	3	20	19	20	19	0.83876460001157405	6.585951715414093	EVALUABLE
fa23c3ad5907b567b2aa3f1577654cb7dfe1ac202dac5e43de2fcd308fe97315	E0096	true	CT2A	C5	722648b50fb7a1fecbf2dde75452eb95e5df91f0ab85ff61e3540293ef1928a7	19	20	19	20	19	0.99999999974789766	4.8962032443910628	EVALUABLE
fa23c3ad5907b567b2aa3f1577654cb7dfe1ac202dac5e43de2fcd308fe97315	E0096	true	GL261	G2	1da91e6cbc1ec44f0d5dcba4f1de73f1c00882c5b1d520c8967a9b59c82629c7	15	20	19	20	19	0.00013958959576077003	1.0000045136717002	EVALUABLE
fa3138bf7d8bfaa07d4a00666649755be39110e4173ea112e352734e17973508	E0030	true	CT2A	C2	102f69f6fa8557e4e0067accc8216a851f9d96d112c3c1db033468920969167f	3	20	19	20	19	0.39813313161553149	2.6092115823549586	EVALUABLE
fa3138bf7d8bfaa07d4a00666649755be39110e4173ea112e352734e17973508	E0030	true	GL261	G1	5f016d2a7e8c0ca9be2a0c7a65b58b776f02175e7864b34d3b8946ee4f826f29	16	20	19	20	19	0.9501721991785268	11.597322888428341	EVALUABLE
fa671ac807defc16537d2c129cc4b68215a49043410fab4283d31a7d766f9e67	E0085	true	CT2A	C3	11c92eb5eefda7cc64e53694479d802bc86526faac5ec503ffca49ddb81a3886	1	20	19	20	19	0.57509159588204672	2.0410979226694463	EVALUABLE
fa671ac807defc16537d2c129cc4b68215a49043410fab4283d31a7d766f9e67	E0085	true	GL261	G1	5aa9dfc3f05d4356dd4aae2f9affd61bee89f17b06004e56c2253e057c5d0c49	19	20	19	20	19	0.81598515079962619	5.8764206310558	EVALUABLE
fa7cac05fcb028d726aa3ce4fe5af523bdd702089fbfa6e70c6b26abeacf728c	E0384	true	CT2A	C2	e0894b04544dae489a65af0d3d2e6b796b8d625f6b5e2a273115d0c767e3e693	6	20	19	20	19	0.53126210253765305	1.8165382131854215	EVALUABLE
fa7cac05fcb028d726aa3ce4fe5af523bdd702089fbfa6e70c6b26abeacf728c	E0384	true	GL261	G5	2f971692e2765073ae8a6d2f6fd8f4e97e81f95489df3f2946d4c497d94165b9	0	20	19	20	19	0.1358167809974308	1.9198796960994864	EVALUABLE
fade34802d6db353ccaa453e7bb8d941a5194d46b2bd1ac8ad4aa19f0f9c617a	E0211	true	CT2A	C3	7f680ec90ffb14e0cf02f3aa48fc2a9480180e3d4bfe2ca3fd207f7277645ac2	16	20	19	20	19	0.99963668740886491	11.878981853139724	EVALUABLE
fade34802d6db353ccaa453e7bb8d941a5194d46b2bd1ac8ad4aa19f0f9c617a	E0211	true	GL261	G2	0af4d52ceb5c7b84765092ebe689361bf969900f21c30351e6dea4de03bed02b	12	20	19	20	19	0.99999999956458707	7.3443141879812259	EVALUABLE
fb0a4c6931dba2d40cf8cf46b7c6cce5f07b589e2866b478788f8de67860449c	E0346	true	CT2A	C5	846782759cfa32849b8d0b22aba8597dc284079e90e15443c93dc705c5cdccc4	10	20	19	20	19	0.87155239867709733	6.0370220935541719	EVALUABLE
fb0a4c6931dba2d40cf8cf46b7c6cce5f07b589e2866b478788f8de67860449c	E0346	true	GL261	G2	ff08294218c297aa70d51d53f700660a24a0daa0e1e0239b74f592559b440776	0	20	19	20	19	0.69856666150694802	1	EVALUABLE
fb637faab7aac9b9ad37649fba73832e91ed94ca498a5765e6324fd8508cdb6e	E0341	true	CT2A	C4	0508eab71a0004ea418e21afa788f5650366bde4b6f23c738ca6f77ea3989883	4	20	19	20	19	0.92087458329280547	10.301851308858792	EVALUABLE
fb637faab7aac9b9ad37649fba73832e91ed94ca498a5765e6324fd8508cdb6e	E0341	true	GL261	G2	ff08294218c297aa70d51d53f700660a24a0daa0e1e0239b74f592559b440776	0	20	19	20	19	0.69856666150694802	1	EVALUABLE
fba69e72d75ca3beb41aa8023e47ac4313669ee0adeeb6bb5001a3b7efc3c54e	E0322	true	CT2A	C5	ed0c17f7a22a64be5862f52a396317f78e98d4489d5d4467a22d858c65d1c63f	9	20	19	20	19	0.99999999958959696	2.8887617742344656	EVALUABLE
fba69e72d75ca3beb41aa8023e47ac4313669ee0adeeb6bb5001a3b7efc3c54e	E0322	true	GL261	G3	fb799d596a8dc63472e08b557f1482c5a976d666fed4a252258ea7640ea54f8e	10	20	19	20	19	0.90297469362731986	12.431913352749664	EVALUABLE
fbf219dbce9959fc20eab840491cdc75fe4cb6894737dc4a3bce040225e51bdc	E0194	true	CT2A	C4	394141b54352b224fc28580e817bd9529f6dc079245ece8a8f28d24752b5d692	14	20	19	20	19	0.90249969644004435	9.1796327317633946	EVALUABLE
fbf219dbce9959fc20eab840491cdc75fe4cb6894737dc4a3bce040225e51bdc	E0194	true	GL261	G5	6c445f147e2f7e3a54f0c9c73565e6907f851295c004439051772255ab91a584	2	20	19	20	19	0.80856856977555591	3.917215014418836	EVALUABLE
fc3091b438813985771485b8a019db822513309ecacd3ef866554649829bf5c8	E0221	true	CT2A	C5	4989824e2df2467b6e60573ab17ca31c35d0a30f6e54c8dfeb87847ca960b723	17	20	19	20	19	0.99846671377486551	1.2995544701729642	EVALUABLE
fc3091b438813985771485b8a019db822513309ecacd3ef866554649829bf5c8	E0221	true	GL261	G2	ea240cb47d0b313f1c494d71ead03c4db28ceb3f21745e3fd6d4055eb5868913	19	20	19	20	19	0.83457856384000728	6.4021156728753068	EVALUABLE
fc62911286258394faf5c0604648ab1c07d0241dc8df7d3591df4e3c3073c7ef	E0130	true	CT2A	C2	4eeef1890619aa578845837f43661ee7c19b674ff17bfb6610802a3013e3f2fa	0	20	19	20	19	0.91769694554377812	13.587446259712026	EVALUABLE
fc62911286258394faf5c0604648ab1c07d0241dc8df7d3591df4e3c3073c7ef	E0130	true	GL261	G1	9d089ba3b0e645d3e16cc9b9a500224416307f7ee4379f38d87bf989d2174ec1	19	20	19	20	19	0.8315796582305508	11.301590392667318	EVALUABLE
fd0d80030809fdcfb0f37a7d2ce45b95ec11bb9ed6b6f7c48ece60ebb2b2be04	E0098	true	CT2A	C5	b4ae76366e987fab217f0c6c55185c04e34463b12c4b0011689de6c987c02b7d	16	20	19	20	19	0.99999999974128262	4.8962032443262862	EVALUABLE
fd0d80030809fdcfb0f37a7d2ce45b95ec11bb9ed6b6f7c48ece60ebb2b2be04	E0098	true	GL261	G4	1da91e6cbc1ec44f0d5dcba4f1de73f1c00882c5b1d520c8967a9b59c82629c7	15	20	19	20	19	0.86988592856223323	7.4465160171247939	EVALUABLE
fe6196e94783fca5977114f7bde9c5f9e4dccd32514dba571cb5a15559f937f7	E0070	true	CT2A	C5	f477e3d5e656111b38ff39e23e8311ca8a8abd935c292bccfcb769f43f87ef81	4	20	19	20	19	0.88169908594762114	8.7855979279561023	EVALUABLE
fe6196e94783fca5977114f7bde9c5f9e4dccd32514dba571cb5a15559f937f7	E0070	true	GL261	G1	64ab1614c0c568b77bd29ca3d3623f3ba1823bd3bf91fd0f4dc032039ade4cc3	15	20	19	20	19	0.98942616675924866	6.5004714268505683	EVALUABLE
fe7f14c0fb468a2339a32436d8ee2ab6c9ac51f36a245cc3ff4ae7be8b929a34	E0035	true	CT2A	C3	102f69f6fa8557e4e0067accc8216a851f9d96d112c3c1db033468920969167f	3	20	19	20	19	0.59930431535019257	3.4040147896030675	EVALUABLE
fe7f14c0fb468a2339a32436d8ee2ab6c9ac51f36a245cc3ff4ae7be8b929a34	E0035	true	GL261	G1	190878c4b80fe628594f55359ecb202fdd3e2ee8bca1b5c56ddcbe21f6e9a053	18	20	19	20	19	0.93548157004370702	11.489403039651325	EVALUABLE
fefcd6251b858e40705cc45b71777b303cc83656644d74afd6779469648d63bd	E0013	true	CT2A	C3	55c97010acdd0cdc52f98f416746a96a3e453dfff25d0e9f08e270f4213bea20	1	20	19	20	19	0.5998692806526984	2.4314186715589208	EVALUABLE
fefcd6251b858e40705cc45b71777b303cc83656644d74afd6779469648d63bd	E0013	true	GL261	G4	4e3f6d6ceeb0b403b1b2482130d0f49869cd9e2da46c27f2006cd8893987eb72	0	20	19	20	19	0.048124664809921877	1.7704596109987456	EVALUABLE
ff08cc8be2db2310a298ce7cff49204a29f010907b7b432356db439413438b4e	E0302	true	CT2A	C1	a4cf0046a45aa0e47320ab5f4760e69930e9f99bbe85fdfc3b7ead7bafa2baa0	12	20	19	20	19	0.9999999999966469	1.6584490004249772	EVALUABLE
ff08cc8be2db2310a298ce7cff49204a29f010907b7b432356db439413438b4e	E0302	true	GL261	G3	fb799d596a8dc63472e08b557f1482c5a976d666fed4a252258ea7640ea54f8e	10	20	19	20	19	0.90297469362731986	12.431913352749664	EVALUABLE
ff54363ebe1119de56428f5b134c13a15f4366eaf0480607ba4fc8302d45d1d4	E0217	true	CT2A	C4	4989824e2df2467b6e60573ab17ca31c35d0a30f6e54c8dfeb87847ca960b723	17	20	19	20	19	0.82768489702769443	7.4375912971843023	EVALUABLE
ff54363ebe1119de56428f5b134c13a15f4366eaf0480607ba4fc8302d45d1d4	E0217	true	GL261	G3	4f3ac3dd70092e73abd0358812ec03b156828b637df9f9d81f3fa59635a9cea7	2	20	19	20	19	0.72920413934195194	1.4619007148330998	EVALUABLE
ff9694115f4bab5d49356f27178f2889d8a574460d966c2365806919f974ea09	E0034	true	CT2A	C2	102f69f6fa8557e4e0067accc8216a851f9d96d112c3c1db033468920969167f	3	20	19	20	19	0.39813313161553149	2.6092115823549586	EVALUABLE
ff9694115f4bab5d49356f27178f2889d8a574460d966c2365806919f974ea09	E0034	true	GL261	G5	a5e71df85ff7da9f890eb3cd5dcb2b7117ced118c99b3684ee841000c8e0b65d	13	20	19	20	19	0.9999999779706501	1.8329697236113456	EVALUABLE
ff9f01fd7796add4b849470553a816e2268a8f3d3ee34c50933f410205068dc4	E0116	true	CT2A	C4	337634da0cfd0d1105cf8f37879f1f17ad4596420a8cfced6a550bb4701e5f9e	10	20	19	20	19	0.92293543099908248	14.52889547687907	EVALUABLE
ff9f01fd7796add4b849470553a816e2268a8f3d3ee34c50933f410205068dc4	E0116	true	GL261	G2	f88bd6cf2efb8f44e7d076dd701147d46987ae954fb4b6708b6977e588db41be	0	20	19	20	19	0.99999999999995648	1.2735224120581012	EVALUABLE
