anchor	method	rna_context_key	tumor	mouse_id	candidate_index	global_weight	conditional_weight
A1	CORDA	training_samples=setx1,setx2	CT2A	C1	0	1.3787298451669803e-42	1.8003613589534018e-27
A1	CORDA	training_samples=setx1,setx2	CT2A	C1	1	4.0811573524791844e-43	5.3292224165367342e-28
A1	CORDA	training_samples=setx1,setx2	CT2A	C1	2	5.5570421617704885e-39	7.2564498499811484e-24
A1	CORDA	training_samples=setx1,setx2	CT2A	C1	3	2.5957734068952234e-28	3.3895909011870209e-13
A1	CORDA	training_samples=setx1,setx2	CT2A	C1	4	1.2179453799226851e-26	1.5904071468497559e-11
A1	CORDA	training_samples=setx1,setx2	CT2A	C1	5	9.7252140378910714e-29	1.2699296836683576e-13
A1	CORDA	training_samples=setx1,setx2	CT2A	C1	6	1.3333099634749968e-29	1.7410515527479819e-14
A1	CORDA	training_samples=setx1,setx2	CT2A	C1	7	1.7714109181880772e-30	2.3131288403695454e-15
A1	CORDA	training_samples=setx1,setx2	CT2A	C1	8	3.4404980329945851e-33	4.492642076235359e-18
A1	CORDA	training_samples=setx1,setx2	CT2A	C1	9	9.9334093602062998e-33	1.2971160693642291e-17
A1	CORDA	training_samples=setx1,setx2	CT2A	C1	10	7.9587100661403342e-26	1.0392575543657123e-10
A1	CORDA	training_samples=setx1,setx2	CT2A	C1	11	3.1256526840897048e-26	4.08151338253112e-11
A1	CORDA	training_samples=setx1,setx2	CT2A	C1	12	3.2034125889873641e-21	4.1830531646315661e-06
A1	CORDA	training_samples=setx1,setx2	CT2A	C1	13	4.4325137945516893e-23	5.7880277174766553e-08
A1	CORDA	training_samples=setx1,setx2	CT2A	C1	14	4.205398614679401e-19	0.00054914580919570904
A1	CORDA	training_samples=setx1,setx2	CT2A	C1	15	1.0598991260337532e-22	1.3840285227658544e-07
A1	CORDA	training_samples=setx1,setx2	CT2A	C1	16	8.5385901438923e-20	0.00011149789647980145
A1	CORDA	training_samples=setx1,setx2	CT2A	C1	17	1.9024013171302321e-19	0.00024841776165137832
A1	CORDA	training_samples=setx1,setx2	CT2A	C1	18	7.6077408801768453e-16	0.99342759262179503
A1	CORDA	training_samples=setx1,setx2	CT2A	C1	19	4.3336777076581775e-18	0.0056589664134532487
A1	CORDA	training_samples=setx1,setx2	CT2A	C2	0	9.5460520669728246e-52	0.06474554413742141
A1	CORDA	training_samples=setx1,setx2	CT2A	C2	1	1.3789346971320216e-50	0.93525445565786569
A1	CORDA	training_samples=setx1,setx2	CT2A	C2	2	3.0182771394714857e-60	2.0471289532217197e-10
A1	CORDA	training_samples=setx1,setx2	CT2A	C2	3	6.9803424691305099e-93	4.7343767691466662e-43
A1	CORDA	training_samples=setx1,setx2	CT2A	C2	4	2.6996525134570279e-99	1.8310236497710716e-49
A1	CORDA	training_samples=setx1,setx2	CT2A	C2	5	2.5876738521113764e-91	1.7550747725835273e-41
A1	CORDA	training_samples=setx1,setx2	CT2A	C2	6	3.2362633920809261e-88	2.1949768639669962e-38
A1	CORDA	training_samples=setx1,setx2	CT2A	C2	7	3.5694650147365685e-85	2.4209689307916695e-35
A1	CORDA	training_samples=setx1,setx2	CT2A	C2	8	2.2533601618306795e-76	1.528328452346065e-26
A1	CORDA	training_samples=setx1,setx2	CT2A	C2	9	8.3221481047211122e-78	5.6444486542932306e-28
A1	CORDA	training_samples=setx1,setx2	CT2A	C2	10	1.3904675393610125e-102	9.4307653896862474e-53
A1	CORDA	training_samples=setx1,setx2	CT2A	C2	11	6.2238088067134973e-101	4.2212622031688311e-51
A1	CORDA	training_samples=setx1,setx2	CT2A	C2	12	1.8543966791187799e-123	1.2577337855883543e-73
A1	CORDA	training_samples=setx1,setx2	CT2A	C2	13	1.6027572812642508e-114	1.0870608243872205e-64
A1	CORDA	training_samples=setx1,setx2	CT2A	C2	14	1.2415388184111908e-134	8.4206649829487684e-85
A1	CORDA	training_samples=setx1,setx2	CT2A	C2	15	2.7849811632562972e-116	1.8888973112910964e-66
A1	CORDA	training_samples=setx1,setx2	CT2A	C2	16	7.469349877895902e-131	5.0660432061786394e-81
A1	CORDA	training_samples=setx1,setx2	CT2A	C2	17	9.7823553493693713e-133	6.6348257436373161e-83
A1	CORDA	training_samples=setx1,setx2	CT2A	C2	18	2.3917841849446092e-154	1.6222137426768189e-104
A1	CORDA	training_samples=setx1,setx2	CT2A	C2	19	2.1020755759285195e-140	1.4257205599406975e-90
A1	CORDA	training_samples=setx1,setx2	CT2A	C3	0	1.3121304174884988e-48	0.21476455665820338
A1	CORDA	training_samples=setx1,setx2	CT2A	C3	1	4.797371742398891e-48	0.7852157084758089
A1	CORDA	training_samples=setx1,setx2	CT2A	C3	2	1.2057257855972388e-52	1.9734864792693118e-05
A1	CORDA	training_samples=setx1,setx2	CT2A	C3	3	4.3699376860548106e-67	7.1525491464933808e-20
A1	CORDA	training_samples=setx1,setx2	CT2A	C3	4	8.8058895329381674e-70	1.441314778101435e-22
A1	CORDA	training_samples=setx1,setx2	CT2A	C3	5	2.0224139130224928e-66	3.3102107962790603e-19
A1	CORDA	training_samples=setx1,setx2	CT2A	C3	6	4.2308029802932417e-65	6.9248187090278165e-18
A1	CORDA	training_samples=setx1,setx2	CT2A	C3	7	8.5768227468245582e-64	1.403821990716038e-16
A1	CORDA	training_samples=setx1,setx2	CT2A	C3	8	5.917558905831485e-60	9.6856371742547582e-13
A1	CORDA	training_samples=setx1,setx2	CT2A	C3	9	1.3831542000360772e-60	2.2638946144489011e-13
A1	CORDA	training_samples=setx1,setx2	CT2A	C3	10	3.7709306142943713e-71	6.1721169692712789e-24
A1	CORDA	training_samples=setx1,setx2	CT2A	C3	11	1.8294351860799191e-70	2.994350496236518e-23
A1	CORDA	training_samples=setx1,setx2	CT2A	C3	12	1.2019012451089136e-79	1.9672266156806855e-32
A1	CORDA	training_samples=setx1,setx2	CT2A	C3	13	4.7843756147148364e-76	7.8308855132501154e-29
A1	CORDA	training_samples=setx1,setx2	CT2A	C3	14	4.4393126406129484e-84	7.266099454909976e-37
A1	CORDA	training_samples=setx1,setx2	CT2A	C3	15	9.2610138481972285e-77	1.5158078090442511e-29
A1	CORDA	training_samples=setx1,setx2	CT2A	C3	16	1.3755695073572303e-82	2.2514802756084135e-35
A1	CORDA	training_samples=setx1,setx2	CT2A	C3	17	2.4808772485258645e-83	4.060606288076931e-36
A1	CORDA	training_samples=setx1,setx2	CT2A	C3	18	9.6993990361514664e-92	1.5875610427789916e-44
A1	CORDA	training_samples=setx1,setx2	CT2A	C3	19	2.4264615332894649e-86	3.9715406982375212e-39
A1	CORDA	training_samples=setx1,setx2	CT2A	C4	0	0.0439666198772551	0.43318976580332452
A1	CORDA	training_samples=setx1,setx2	CT2A	C4	1	0.051444848942493598	0.50687048782467192
A1	CORDA	training_samples=setx1,setx2	CT2A	C4	2	0.0060752754823726	0.059857846037446392
A1	CORDA	training_samples=setx1,setx2	CT2A	C4	3	1.7873454641632666e-10	1.7610172562550378e-09
A1	CORDA	training_samples=setx1,setx2	CT2A	C4	4	1.605624445987449e-12	1.5819730506170066e-11
A1	CORDA	training_samples=setx1,setx2	CT2A	C4	5	5.3671066637202976e-10	5.2880473531721716e-09
A1	CORDA	training_samples=setx1,setx2	CT2A	C4	6	4.404254263651573e-09	4.339378097147071e-08
A1	CORDA	training_samples=setx1,setx2	CT2A	C4	7	3.1873480242104666e-08	3.1403973013984212e-07
A1	CORDA	training_samples=setx1,setx2	CT2A	C4	8	5.6839528961427864e-06	5.6002263325932582e-05
A1	CORDA	training_samples=setx1,setx2	CT2A	C4	9	2.5915308417774243e-06	2.5533567091483721e-05
A1	CORDA	training_samples=setx1,setx2	CT2A	C4	10	1.2603730989680344e-13	1.24180737361896e-12
A1	CORDA	training_samples=setx1,setx2	CT2A	C4	11	4.5697604034164487e-13	4.5024462750600352e-12
A1	CORDA	training_samples=setx1,setx2	CT2A	C4	12	2.1064633545431226e-21	2.0754344313374794e-20
A1	CORDA	training_samples=setx1,setx2	CT2A	C4	13	6.3491210981555975e-18	6.2555963802661999e-17
A1	CORDA	training_samples=setx1,setx2	CT2A	C4	14	4.9924999446181841e-26	4.9189587187280551e-25
A1	CORDA	training_samples=setx1,setx2	CT2A	C4	15	1.3619751922124781e-18	1.3419128333985893e-17
A1	CORDA	training_samples=setx1,setx2	CT2A	C4	16	1.9707811636548632e-24	1.941750885368613e-23
A1	CORDA	training_samples=setx1,setx2	CT2A	C4	17	3.1863987093598524e-25	3.1394619702791331e-24
A1	CORDA	training_samples=setx1,setx2	CT2A	C4	18	7.9084356732000687e-35	7.7919417201240526e-34
A1	CORDA	training_samples=setx1,setx2	CT2A	C4	19	1.5904108914359043e-28	1.5669835969095837e-27
A1	CORDA	training_samples=setx1,setx2	CT2A	C5	0	9.6902663105513876e-40	7.3073721720266941e-38
A1	CORDA	training_samples=setx1,setx2	CT2A	C5	1	9.1844561969438712e-41	6.9259437746997165e-39
A1	CORDA	training_samples=setx1,setx2	CT2A	C5	2	5.851755758880424e-33	4.4127742024364049e-31
A1	CORDA	training_samples=setx1,setx2	CT2A	C5	3	2.19004797565608e-15	1.6515021486341397e-13
A1	CORDA	training_samples=setx1,setx2	CT2A	C5	4	4.569760403416479e-13	3.4460291321812972e-11
A1	CORDA	training_samples=setx1,setx2	CT2A	C5	5	5.3270192902978037e-16	4.0170735534260669e-14
A1	CORDA	training_samples=setx1,setx2	CT2A	C5	6	2.868231891698628e-17	2.1629166048301755e-15
A1	CORDA	training_samples=setx1,setx2	CT2A	C5	7	1.3619751922124977e-18	1.0270573893028547e-16
A1	CORDA	training_samples=setx1,setx2	CT2A	C5	8	6.860940966703718e-23	5.17379476345433e-21
A1	CORDA	training_samples=setx1,setx2	CT2A	C5	9	3.8618079937152284e-22	2.9121664320264864e-20
A1	CORDA	training_samples=setx1,setx2	CT2A	C5	10	5.4670210962331311e-12	4.1226480823336297e-10
A1	CORDA	training_samples=setx1,setx2	CT2A	C5	11	1.6056244459874599e-12	1.2107918419702261e-10
A1	CORDA	training_samples=setx1,setx2	CT2A	C5	12	1.1450343880344874e-06	8.6346361957318857e-05
A1	CORDA	training_samples=setx1,setx2	CT2A	C5	13	1.203574053410588e-08	9.0760803294842133e-07
A1	CORDA	training_samples=setx1,setx2	CT2A	C5	14	9.6070309241474679e-05	0.0072446048623529026
A1	CORDA	training_samples=setx1,setx2	CT2A	C5	15	3.1873480242104785e-08	2.4035601817587844e-06
A1	CORDA	training_samples=setx1,setx2	CT2A	C5	16	2.4883264530364924e-05	0.00187643217380288
A1	CORDA	training_samples=setx1,setx2	CT2A	C5	17	4.9667254564720273e-05	0.0037453781169255727
A1	CORDA	training_samples=setx1,setx2	CT2A	C5	18	0.012513319605294299	0.94362198656850549
A1	CORDA	training_samples=setx1,setx2	CT2A	C5	19	0.0005758159761973	0.043421940180229289
A1	CORDA	training_samples=setx1,setx2	GL261	G1	0	1.2080941883619516e-05	8.2794169839508214e-05
A1	CORDA	training_samples=setx1,setx2	GL261	G1	1	0.058333354357856901	0.39977525713960543
A1	CORDA	training_samples=setx1,setx2	GL261	G1	2	1.1450343880344887e-06	7.8472500330083184e-06
A1	CORDA	training_samples=setx1,setx2	GL261	G1	3	0.070433542445789393	0.48270132675348598
A1	CORDA	training_samples=setx1,setx2	GL261	G1	4	0.0171320831079208	0.11741109362217983
A1	CORDA	training_samples=setx1,setx2	GL261	G1	5	8.1797944893341229e-08	5.6058484572338515e-07
A1	CORDA	training_samples=setx1,setx2	GL261	G1	6	2.5915308417774361e-06	1.7760506318581868e-05
A1	CORDA	training_samples=setx1,setx2	GL261	G1	7	7.5085767764064187e-43	5.1458436508306879e-42
A1	CORDA	training_samples=setx1,setx2	GL261	G1	8	9.8167776144110326e-38	6.7277200810498267e-37
A1	CORDA	training_samples=setx1,setx2	GL261	G1	9	9.4258370487932145e-37	6.4597972659355351e-36
A1	CORDA	training_samples=setx1,setx2	GL261	G1	10	3.8618079937152538e-22	2.6466081038992369e-21
A1	CORDA	training_samples=setx1,setx2	GL261	G1	11	6.8609409667037615e-23	4.7020002010465869e-22
A1	CORDA	training_samples=setx1,setx2	GL261	G1	12	5.8517557588805054e-33	4.0103765486778147e-32
A1	CORDA	training_samples=setx1,setx2	GL261	G1	13	2.1900479756560938e-15	1.5009028749571005e-14
A1	CORDA	training_samples=setx1,setx2	GL261	G1	14	4.8019579012863306e-32	3.2909198791887038e-31
A1	CORDA	training_samples=setx1,setx2	GL261	G1	15	4.9027180053417548e-07	3.3599736768857417e-06
A1	CORDA	training_samples=setx1,setx2	GL261	G1	16	6.3491210981557293e-18	4.3512353225129226e-17
A1	CORDA	training_samples=setx1,setx2	GL261	G1	17	9.1844561969439956e-41	6.2943720247868549e-40
A1	CORDA	training_samples=setx1,setx2	GL261	G1	18	8.770556260189061e-36	6.0107144922006399e-35
A1	CORDA	training_samples=setx1,setx2	GL261	G1	19	6.9105127182895151e-34	4.7359731483512807e-33
A1	CORDA	training_samples=setx1,setx2	GL261	G2	0	1.5552157359193787e-81	0.99999999997683631
A1	CORDA	training_samples=setx1,setx2	GL261	G2	1	6.2332362946062717e-97	4.0079560349722528e-16
A1	CORDA	training_samples=setx1,setx2	GL261	G2	2	1.4122548405067488e-122	9.0807648601830123e-42
A1	CORDA	training_samples=setx1,setx2	GL261	G2	3	3.5657455121545321e-100	2.2927658393091145e-19
A1	CORDA	training_samples=setx1,setx2	GL261	G2	4	3.6023927745855744e-92	2.3163299414357748e-11
A1	CORDA	training_samples=setx1,setx2	GL261	G2	5	2.6132852300234977e-125	1.6803361550467461e-44
A1	CORDA	training_samples=setx1,setx2	GL261	G2	6	1.1324629388554847e-121	7.2817096218473367e-41
A1	CORDA	training_samples=setx1,setx2	GL261	G2	7	3.4142621143532578e-173	2.1953623766903318e-92
A1	CORDA	training_samples=setx1,setx2	GL261	G2	8	7.7016758807551984e-168	4.95215917811164e-87
A1	CORDA	training_samples=setx1,setx2	GL261	G2	9	8.8520971929138232e-167	5.6918773313953035e-86
A1	CORDA	training_samples=setx1,setx2	GL261	G2	10	2.8500229481110998e-149	1.8325579417830851e-68
A1	CORDA	training_samples=setx1,setx2	GL261	G2	11	2.8324936590790654e-150	1.8212866508446189e-69
A1	CORDA	training_samples=setx1,setx2	GL261	G2	12	1.4285675635379984e-162	9.1856552792683641e-82
A1	CORDA	training_samples=setx1,setx2	GL261	G2	13	1.971070844033019e-139	1.2673938402649628e-58
A1	CORDA	training_samples=setx1,setx2	GL261	G2	14	1.5789455538992436e-161	1.0152582162044951e-80
A1	CORDA	training_samples=setx1,setx2	GL261	G2	15	1.747443861718865e-123	1.1236022252857233e-42
A1	CORDA	training_samples=setx1,setx2	GL261	G2	16	2.5092714320013761e-143	1.6134555315953484e-62
A1	CORDA	training_samples=setx1,setx2	GL261	G2	17	4.8395942300489002e-171	3.1118475193898621e-90
A1	CORDA	training_samples=setx1,setx2	GL261	G2	18	1.0095043539870729e-165	6.4910888608448404e-85
A1	CORDA	training_samples=setx1,setx2	GL261	G2	19	1.2824354129593745e-163	8.2460290447842354e-83
A1	CORDA	training_samples=setx1,setx2	GL261	G3	0	3.8024127419308844e-20	8.9911084156331777e-20
A1	CORDA	training_samples=setx1,setx2	GL261	G3	1	9.0890545683992691e-14	2.1491794964527097e-13
A1	CORDA	training_samples=setx1,setx2	GL261	G3	2	9.2897115401015835e-07	2.196626438943545e-06
A1	CORDA	training_samples=setx1,setx2	GL261	G3	3	1.1762115486319234e-12	2.7812460853734554e-12
A1	CORDA	training_samples=setx1,setx2	GL261	G3	4	1.5425540548783076e-15	3.6474921808047983e-15
A1	CORDA	training_samples=setx1,setx2	GL261	G3	5	3.1630714825360638e-06	7.4793349791473673e-06
A1	CORDA	training_samples=setx1,setx2	GL261	G3	6	6.0787099459844176e-07	1.4373594835940889e-06
A1	CORDA	training_samples=setx1,setx2	GL261	G3	7	0.068996301595944498	0.16314726202286051
A1	CORDA	training_samples=setx1,setx2	GL261	G3	8	0.056695983033420203	0.13406217703907694
A1	CORDA	training_samples=setx1,setx2	GL261	G3	9	0.053243275194149398	0.12589797377727474
A1	CORDA	training_samples=setx1,setx2	GL261	G3	10	0.0055017752724272999	0.013009386752613287
A1	CORDA	training_samples=setx1,setx2	GL261	G3	11	0.0066953975519877997	0.015831801900894615
A1	CORDA	training_samples=setx1,setx2	GL261	G3	12	0.038282936723379797	0.090523059412520007
A1	CORDA	training_samples=setx1,setx2	GL261	G3	13	0.00050137869689810001	0.0011855499460614956
A1	CORDA	training_samples=setx1,setx2	GL261	G3	14	0.034567105415330403	0.081736679707745855
A1	CORDA	training_samples=setx1,setx2	GL261	G3	15	1.4085818743081703e-06	3.3307042669358771e-06
A1	CORDA	training_samples=setx1,setx2	GL261	G3	16	0.0014362563301015001	0.0033961427264796252
A1	CORDA	training_samples=setx1,setx2	GL261	G3	17	0.065305419823334807	0.15441987748596603
A1	CORDA	training_samples=setx1,setx2	GL261	G3	18	0.049609665042450797	0.11730601255912532
A1	CORDA	training_samples=setx1,setx2	GL261	G3	19	0.042066515173201501	0.099469632641213071
A1	CORDA	training_samples=setx1,setx2	GL261	G4	0	1.1812258007506749e-23	0.99999999999925748
A1	CORDA	training_samples=setx1,setx2	GL261	G4	1	8.4358222132161721e-42	7.1415830977014737e-19
A1	CORDA	training_samples=setx1,setx2	GL261	G4	2	2.9784924622447546e-79	2.5215267566537206e-56
A1	CORDA	training_samples=setx1,setx2	GL261	G4	3	4.3851622545864745e-46	3.7123827229276793e-23
A1	CORDA	training_samples=setx1,setx2	GL261	G4	4	8.7705562601890624e-36	7.4249616412110348e-13
A1	CORDA	training_samples=setx1,setx2	GL261	G4	5	1.1308815504347824e-83	9.5737965570618406e-61
A1	CORDA	training_samples=setx1,setx2	GL261	G4	6	8.3221481047213442e-78	7.0453490767187769e-55
A1	CORDA	training_samples=setx1,setx2	GL261	G4	7	4.209013945956732e-171	3.5632594066932481e-148
A1	CORDA	training_samples=setx1,setx2	GL261	G4	8	1.5779640584792315e-160	1.3358699560027014e-137
A1	CORDA	training_samples=setx1,setx2	GL261	G4	9	1.8704631855508304e-158	1.5834933374810751e-135
A1	CORDA	training_samples=setx1,setx2	GL261	G4	10	2.7538376087377224e-125	2.3313388574695881e-102
A1	CORDA	training_samples=setx1,setx2	GL261	G4	11	3.9630563637778835e-127	3.3550370820349497e-104
A1	CORDA	training_samples=setx1,setx2	GL261	G4	12	2.6972410507251145e-150	2.2834254458453257e-127
A1	CORDA	training_samples=setx1,setx2	GL261	G4	13	1.2841392159956556e-107	1.0871242527708295e-84
A1	CORDA	training_samples=setx1,setx2	GL261	G4	14	2.7324548901818624e-148	2.3132367143041956e-125
A1	CORDA	training_samples=setx1,setx2	GL261	G4	15	1.033032076053833e-80	8.7454242482391497e-58
A1	CORDA	training_samples=setx1,setx2	GL261	G4	16	1.6027572812642499e-114	1.3568593576643005e-91
A1	CORDA	training_samples=setx1,setx2	GL261	G4	17	7.8465428766256652e-167	6.6427120637166257e-144
A1	CORDA	training_samples=setx1,setx2	GL261	G4	18	2.1486093393092627e-156	1.8189658047955059e-133
A1	CORDA	training_samples=setx1,setx2	GL261	G4	19	2.580136942964507e-152	2.1842876622936117e-129
A1	CORDA	training_samples=setx1,setx2	GL261	G5	0	5.6559486638508506e-129	1
A1	CORDA	training_samples=setx1,setx2	GL261	G5	1	6.0177556806501405e-169	1.0639692893805287e-40
A1	CORDA	training_samples=setx1,setx2	GL261	G5	2	3.8709133785150541e-239	6.8439683748465004e-111
A1	CORDA	training_samples=setx1,setx2	GL261	G5	3	1.3488741343631892e-177	2.3848769048847923e-49
A1	CORDA	training_samples=setx1,setx2	GL261	G5	4	2.209778017832969e-156	3.9069980107076194e-28
A1	CORDA	training_samples=setx1,setx2	GL261	G5	5	7.822370290567594e-247	1.3830341743663806e-118
A1	CORDA	training_samples=setx1,setx2	GL261	G5	6	1.3346061071954027e-236	2.3596503195393868e-108
A1	CORDA	training_samples=setx1,setx2	GL261	G5	7	0	0
A1	CORDA	training_samples=setx1,setx2	GL261	G5	8	0	0
A1	CORDA	training_samples=setx1,setx2	GL261	G5	9	0	0
A1	CORDA	training_samples=setx1,setx2	GL261	G5	10	9.9488405741343979e-316	1.7590047515319443e-187
A1	CORDA	training_samples=setx1,setx2	GL261	G5	11	1.16036751647921e-318	2.0515877803055841e-190
A1	CORDA	training_samples=setx1,setx2	GL261	G5	12	0	0
A1	CORDA	training_samples=setx1,setx2	GL261	G5	13	3.7948997283582819e-287	6.7095724411588382e-159
A1	CORDA	training_samples=setx1,setx2	GL261	G5	14	0	0
A1	CORDA	training_samples=setx1,setx2	GL261	G5	15	1.0880055526594556e-241	1.9236482106234101e-113
A1	CORDA	training_samples=setx1,setx2	GL261	G5	16	2.0433436272428734e-298	3.6127336874583009e-170
A1	CORDA	training_samples=setx1,setx2	GL261	G5	17	0	0
A1	CORDA	training_samples=setx1,setx2	GL261	G5	18	0	0
A1	CORDA	training_samples=setx1,setx2	GL261	G5	19	0	0
A1	CORDA	training_samples=setx1,setx2,setx3	CT2A	C1	0	1.5243058048494897e-35	9.8625322971538258e-34
A1	CORDA	training_samples=setx1,setx2,setx3	CT2A	C1	1	5.5494426937482508e-38	3.5905890815459215e-36
A1	CORDA	training_samples=setx1,setx2,setx3	CT2A	C1	2	6.3811213273062123e-31	4.1287000930124211e-29
A1	CORDA	training_samples=setx1,setx2,setx3	CT2A	C1	3	1.6601721204683864e-40	1.0741611758521471e-38
A1	CORDA	training_samples=setx1,setx2,setx3	CT2A	C1	4	5.3925508506384456e-40	3.4890772415393009e-38
A1	CORDA	training_samples=setx1,setx2,setx3	CT2A	C1	5	2.010637175448606e-25	1.3009183601894134e-23
A1	CORDA	training_samples=setx1,setx2,setx3	CT2A	C1	6	3.3214212262203542e-13	2.1490191805236224e-11
A1	CORDA	training_samples=setx1,setx2,setx3	CT2A	C1	7	2.1875086000096279e-12	1.4153573481947715e-10
A1	CORDA	training_samples=setx1,setx2,setx3	CT2A	C1	8	1.351119411446692e-10	8.7419852304637964e-09
A1	CORDA	training_samples=setx1,setx2,setx3	CT2A	C1	9	7.6754878722603042e-11	4.9661784922517151e-09
A1	CORDA	training_samples=setx1,setx2,setx3	CT2A	C1	10	3.9464778739822362e-07	2.553442056595459e-05
A1	CORDA	training_samples=setx1,setx2,setx3	CT2A	C1	11	9.2897115401014882e-07	6.0106101940968555e-05
A1	CORDA	training_samples=setx1,setx2,setx3	CT2A	C1	12	1.4515484564989388e-05	0.00093917791873252953
A1	CORDA	training_samples=setx1,setx2,setx3	CT2A	C1	13	0.00028259676934979999	0.018284518473371123
A1	CORDA	training_samples=setx1,setx2,setx3	CT2A	C1	14	0.00037789574804560002	0.024450533535984538
A1	CORDA	training_samples=setx1,setx2,setx3	CT2A	C1	15	5.6793887204423351e-09	3.6746664944298644e-07
A1	CORDA	training_samples=setx1,setx2,setx3	CT2A	C1	16	0.0014362563301015001	0.092928363833242378
A1	CORDA	training_samples=setx1,setx2,setx3	CT2A	C1	17	0.0036284653502599001	0.23476822427751196
A1	CORDA	training_samples=setx1,setx2,setx3	CT2A	C1	18	2.9663825575238388e-05	0.0019193027859774751
A1	CORDA	training_samples=setx1,setx2,setx3	CT2A	C1	19	0.0096847985322980994	0.62662385731483394
A1	CORDA	training_samples=setx1,setx2,setx3	CT2A	C2	0	2.0471516537727119e-69	1.2069237079617296e-13
A1	CORDA	training_samples=setx1,setx2,setx3	CT2A	C2	1	8.4795993459656093e-63	4.999253213997082e-07
A1	CORDA	training_samples=setx1,setx2,setx3	CT2A	C2	2	1.1308815504347506e-83	6.6672527733881192e-28
A1	CORDA	training_samples=setx1,setx2,setx3	CT2A	C2	3	1.601424838944239e-56	0.94413992294055438
A1	CORDA	training_samples=setx1,setx2,setx3	CT2A	C2	4	9.4747517970328609e-58	0.055859577134003496
A1	CORDA	training_samples=setx1,setx2,setx3	CT2A	C2	5	3.0103826545780443e-104	1.7748085195110811e-48
A1	CORDA	training_samples=setx1,setx2,setx3	CT2A	C2	6	2.9408015976946788e-173	1.7337861423839141e-117
A1	CORDA	training_samples=setx1,setx2,setx3	CT2A	C2	7	8.3072872388910516e-180	4.8976644690626952e-124
A1	CORDA	training_samples=setx1,setx2,setx3	CT2A	C2	8	1.4484794573932593e-195	8.5396907180847461e-140
A1	CORDA	training_samples=setx1,setx2,setx3	CT2A	C2	9	2.8383412884463512e-193	1.6733793932654501e-137
A1	CORDA	training_samples=setx1,setx2,setx3	CT2A	C2	10	4.2748817685758991e-234	2.520309692601043e-178
A1	CORDA	training_samples=setx1,setx2,setx3	CT2A	C2	11	3.7075569871414626e-239	2.1858363146441361e-183
A1	CORDA	training_samples=setx1,setx2,setx3	CT2A	C2	12	2.647782631314981e-257	1.5610331679013686e-201
A1	CORDA	training_samples=setx1,setx2,setx3	CT2A	C2	13	1.2873472319510852e-281	7.5897156508033569e-226
A1	CORDA	training_samples=setx1,setx2,setx3	CT2A	C2	14	2.187820589945705e-284	1.2898568280987053e-228
A1	CORDA	training_samples=setx1,setx2,setx3	CT2A	C2	15	5.4177759386680574e-212	3.1941171592014729e-156
A1	CORDA	training_samples=setx1,setx2,setx3	CT2A	C2	16	1.9361333272357813e-298	1.1414714733562836e-242
A1	CORDA	training_samples=setx1,setx2,setx3	CT2A	C2	17	6.2934148609127725e-310	3.7103609718782551e-254
A1	CORDA	training_samples=setx1,setx2,setx3	CT2A	C2	18	1.3045427410051921e-262	7.6910939122019448e-207
A1	CORDA	training_samples=setx1,setx2,setx3	CT2A	C2	19	0	0
A1	CORDA	training_samples=setx1,setx2,setx3	CT2A	C3	0	7.5390795175114119e-57	8.7856790955900723e-07
A1	CORDA	training_samples=setx1,setx2,setx3	CT2A	C3	1	7.8919992002886985e-54	0.00091969546461657991
A1	CORDA	training_samples=setx1,setx2,setx3	CT2A	C3	2	3.8164522222807619e-63	4.447509066687545e-13
A1	CORDA	training_samples=setx1,setx2,setx3	CT2A	C3	3	6.788107563482918e-51	0.79105326559541034
A1	CORDA	training_samples=setx1,setx2,setx3	CT2A	C3	4	1.7850933862943262e-51	0.20802616037161881
A1	CORDA	training_samples=setx1,setx2,setx3	CT2A	C3	5	7.712013373555923e-72	8.9872078578800832e-22
A1	CORDA	training_samples=setx1,setx2,setx3	CT2A	C3	6	6.3165652189439896e-99	7.3610199854114402e-49
A1	CORDA	training_samples=setx1,setx2,setx3	CT2A	C3	7	2.2061683276264772e-101	2.570962000382099e-51
A1	CORDA	training_samples=setx1,setx2,setx3	CT2A	C3	8	3.1015349881781845e-107	3.6143790560353417e-57
A1	CORDA	training_samples=setx1,setx2,setx3	CT2A	C3	9	2.1768193003424476e-106	2.5367600616857003e-56
A1	CORDA	training_samples=setx1,setx2,setx3	CT2A	C3	10	3.0730905100212143e-121	3.5812312351975066e-71
A1	CORDA	training_samples=setx1,setx2,setx3	CT2A	C3	11	4.7386444762015646e-123	5.5221873730468229e-73
A1	CORDA	training_samples=setx1,setx2,setx3	CT2A	C3	12	1.6843912860843912e-129	1.962908240531542e-79
A1	CORDA	training_samples=setx1,setx2,setx3	CT2A	C3	13	4.8855769429016317e-138	5.693415372188074e-88
A1	CORDA	training_samples=setx1,setx2,setx3	CT2A	C3	14	5.2873776003133631e-139	6.1616544494145533e-89
A1	CORDA	training_samples=setx1,setx2,setx3	CT2A	C3	15	2.9669686251086405e-113	3.4575619167223014e-63
A1	CORDA	training_samples=setx1,setx2,setx3	CT2A	C3	16	6.97715640831767e-144	8.1308410477481179e-94
A1	CORDA	training_samples=setx1,setx2,setx3	CT2A	C3	17	7.56149911754091e-148	8.8118058144889963e-98
A1	CORDA	training_samples=setx1,setx2,setx3	CT2A	C3	18	2.2547619762976471e-131	2.6275906912344902e-81
A1	CORDA	training_samples=setx1,setx2,setx3	CT2A	C3	19	7.006375214869315e-153	8.1648912334932889e-103
A1	CORDA	training_samples=setx1,setx2,setx3	CT2A	C4	0	0.0001800795759938	0.0055534132987519235
A1	CORDA	training_samples=setx1,setx2,setx3	CT2A	C4	1	0.0026012635782901999	0.080219490019974138
A1	CORDA	training_samples=setx1,setx2,setx3	CT2A	C4	2	8.1797944893340673e-08	2.5225392300840094e-06
A1	CORDA	training_samples=setx1,setx2,setx3	CT2A	C4	3	0.017132083107920699	0.52833053188733436
A1	CORDA	training_samples=setx1,setx2,setx3	CT2A	C4	4	0.012513319605294299	0.38589404225367058
A1	CORDA	training_samples=setx1,setx2,setx3	CT2A	C4	5	3.3686900712609455e-14	1.0388589676465139e-12
A1	CORDA	training_samples=setx1,setx2,setx3	CT2A	C4	6	6.4765551771473365e-44	1.9972830040486631e-42
A1	CORDA	training_samples=setx1,setx2,setx3	CT2A	C4	7	3.4422374136760202e-47	1.0615399844804163e-45
A1	CORDA	training_samples=setx1,setx2,setx3	CT2A	C4	8	2.6230194761630658e-55	8.0890412815669863e-54
A1	CORDA	training_samples=setx1,setx2,setx3	CT2A	C4	9	4.1634437992762228e-54	1.2839503889271075e-52
A1	CORDA	training_samples=setx1,setx2,setx3	CT2A	C4	10	2.2533601618305515e-76	6.9490613916252305e-75
A1	CORDA	training_samples=setx1,setx2,setx3	CT2A	C4	11	2.9784924622445023e-79	9.1852724323553876e-78
A1	CORDA	training_samples=setx1,setx2,setx3	CT2A	C4	12	9.2960527786066768e-90	2.8667783584958851e-88
A1	CORDA	training_samples=setx1,setx2,setx3	CT2A	C4	13	3.0103826545777872e-104	9.2836175207564826e-103
A1	CORDA	training_samples=setx1,setx2,setx3	CT2A	C4	14	6.3159515193699961e-106	1.9477549837828007e-104
A1	CORDA	training_samples=setx1,setx2,setx3	CT2A	C4	15	4.2876348926223211e-64	1.3222492612766576e-62
A1	CORDA	training_samples=setx1,setx2,setx3	CT2A	C4	16	1.6027572812640683e-114	4.9426891146999375e-113
A1	CORDA	training_samples=setx1,setx2,setx3	CT2A	C4	17	1.2101053792144019e-121	3.7318031590944393e-120
A1	CORDA	training_samples=setx1,setx2,setx3	CT2A	C4	18	6.9803424691299147e-93	2.1526442676233061e-91
A1	CORDA	training_samples=setx1,setx2,setx3	CT2A	C4	19	7.4693498778950501e-131	2.3034476128687445e-129
A1	CORDA	training_samples=setx1,setx2,setx3	CT2A	C5	0	7.5804023297944438e-27	3.9876656279648639e-26
A1	CORDA	training_samples=setx1,setx2,setx3	CT2A	C5	1	3.8186226288084181e-31	2.008783906260168e-30
A1	CORDA	training_samples=setx1,setx2,setx3	CT2A	C5	2	2.8312682595737493e-19	1.4893867938743426e-18
A1	CORDA	training_samples=setx1,setx2,setx3	CT2A	C5	3	8.7705562601889394e-36	4.6137453152616351e-35
A1	CORDA	training_samples=setx1,setx2,setx3	CT2A	C5	4	7.90843567320029e-35	4.1602273511315231e-34
A1	CORDA	training_samples=setx1,setx2,setx3	CT2A	C5	5	1.8039054232093729e-11	9.4894325383735785e-11
A1	CORDA	training_samples=setx1,setx2,setx3	CT2A	C5	6	0.068255203871184	0.35905604816919445
A1	CORDA	training_samples=setx1,setx2,setx3	CT2A	C5	7	0.068255203871184	0.35905604816919445
A1	CORDA	training_samples=setx1,setx2,setx3	CT2A	C5	8	0.022730241206001499	0.11957228340805055
A1	CORDA	training_samples=setx1,setx2,setx3	CT2A	C5	9	0.029224975291086999	0.15373778907266819
A1	CORDA	training_samples=setx1,setx2,setx3	CT2A	C5	10	5.6839528961428059e-06	2.9900396586911279e-05
A1	CORDA	training_samples=setx1,setx2,setx3	CT2A	C5	11	1.1450343880344874e-06	6.0234458190383724e-06
A1	CORDA	training_samples=setx1,setx2,setx3	CT2A	C5	12	1.5618099548984021e-09	8.2158909298031873e-09
A1	CORDA	training_samples=setx1,setx2,setx3	CT2A	C5	13	3.3686900712609802e-14	1.77209718218191e-13
A1	CORDA	training_samples=setx1,setx2,setx3	CT2A	C5	14	8.7252770211559504e-15	4.5899262015395863e-14
A1	CORDA	training_samples=setx1,setx2,setx3	CT2A	C5	15	0.0016237826889832	0.0085418980872460516
A1	CORDA	training_samples=setx1,setx2,setx3	CT2A	C5	16	6.3491210981556861e-18	3.3399509510715519e-17
A1	CORDA	training_samples=setx1,setx2,setx3	CT2A	C5	17	1.1134568099623348e-20	5.8573321786082682e-20
A1	CORDA	training_samples=setx1,setx2,setx3	CT2A	C5	18	1.7873454641632728e-10	9.4023189834253287e-10
A1	CORDA	training_samples=setx1,setx2,setx3	CT2A	C5	19	1.9707811636548908e-24	1.0367281266402534e-23
A1	CORDA	training_samples=setx1,setx2,setx3	GL261	G1	0	5.8517557588805054e-33	8.631265416787626e-32
A1	CORDA	training_samples=setx1,setx2,setx3	GL261	G1	1	6.9105127182895151e-34	1.0192918483845653e-32
A1	CORDA	training_samples=setx1,setx2,setx3	GL261	G1	2	9.9077311757218438e-39	1.4613777638627318e-37
A1	CORDA	training_samples=setx1,setx2,setx3	GL261	G1	3	4.8019579012863306e-32	7.0828269111101764e-31
A1	CORDA	training_samples=setx1,setx2,setx3	GL261	G1	4	2.9427364714802251e-30	4.3404989175190866e-29
A1	CORDA	training_samples=setx1,setx2,setx3	GL261	G1	5	7.9084356732004001e-35	1.1664842166967494e-33
A1	CORDA	training_samples=setx1,setx2,setx3	GL261	G1	6	9.1844561969439956e-41	1.3546956231790723e-39
A1	CORDA	training_samples=setx1,setx2,setx3	GL261	G1	7	6.4765551771476979e-44	9.5528366226833317e-43
A1	CORDA	training_samples=setx1,setx2,setx3	GL261	G1	8	8.770556260189061e-36	1.2936459082332301e-34
A1	CORDA	training_samples=setx1,setx2,setx3	GL261	G1	9	3.8618079937152538e-22	5.6961177389955271e-21
A1	CORDA	training_samples=setx1,setx2,setx3	GL261	G1	10	6.3491210981557293e-18	9.3648729748064794e-17
A1	CORDA	training_samples=setx1,setx2,setx3	GL261	G1	11	1.1450343880344887e-06	1.6889111784059477e-05
A1	CORDA	training_samples=setx1,setx2,setx3	GL261	G1	12	7.5085767764064187e-43	1.1075055373105644e-41
A1	CORDA	training_samples=setx1,setx2,setx3	GL261	G1	13	5.4136073152279375e-45	7.9850020276537609e-44
A1	CORDA	training_samples=setx1,setx2,setx3	GL261	G1	14	8.1797944893341229e-08	1.2065092974031853e-06
A1	CORDA	training_samples=setx1,setx2,setx3	GL261	G1	15	0.0040382857803161996	0.059564202326545204
A1	CORDA	training_samples=setx1,setx2,setx3	GL261	G1	16	0.0040382857803161996	0.059564202326545204
A1	CORDA	training_samples=setx1,setx2,setx3	GL261	G1	17	0.0005758159761973	0.0084932125101823686
A1	CORDA	training_samples=setx1,setx2,setx3	GL261	G1	18	0.036413338420272098	0.53709211656640621
A1	CORDA	training_samples=setx1,setx2,setx3	GL261	G1	19	0.022730241206001499	0.33526817064923931
A1	CORDA	training_samples=setx1,setx2,setx3	GL261	G2	0	1.9041023513629826e-52	1.1808959801360398e-07
A1	CORDA	training_samples=setx1,setx2,setx3	GL261	G2	1	7.3164998735318887e-52	4.5375844860099046e-07
A1	CORDA	training_samples=setx1,setx2,setx3	GL261	G2	2	5.449856549852928e-49	0.00033799200381390304
A1	CORDA	training_samples=setx1,setx2,setx3	GL261	G2	3	4.9167519194539646e-53	3.0492964692014618e-08
A1	CORDA	training_samples=setx1,setx2,setx3	GL261	G2	4	3.2022672187214345e-54	1.9859985379476459e-09
A1	CORDA	training_samples=setx1,setx2,setx3	GL261	G2	5	2.7894432882109662e-51	1.7299712715064218e-06
A1	CORDA	training_samples=setx1,setx2,setx3	GL261	G2	6	7.2681747209361416e-48	0.0045076139445634697
A1	CORDA	training_samples=setx1,setx2,setx3	GL261	G2	7	3.3380584822330903e-46	0.20702142614898827
A1	CORDA	training_samples=setx1,setx2,setx3	GL261	G2	8	1.0551951583443045e-50	6.5441635522157875e-06
A1	CORDA	training_samples=setx1,setx2,setx3	GL261	G2	9	2.3464923459165931e-60	1.455259680095136e-15
A1	CORDA	training_samples=setx1,setx2,setx3	GL261	G2	10	3.3592958159812635e-64	2.0833853402578247e-19
A1	CORDA	training_samples=setx1,setx2,setx3	GL261	G2	11	2.4215290986911988e-79	1.5017963589929721e-34
A1	CORDA	training_samples=setx1,setx2,setx3	GL261	G2	12	9.3944204586210459e-47	0.058262799514701744
A1	CORDA	training_samples=setx1,setx2,setx3	GL261	G2	13	1.1768442112547494e-45	0.72986128992609756
A1	CORDA	training_samples=setx1,setx2,setx3	GL261	G2	14	3.5139738331679712e-77	2.1793143477402464e-32
A1	CORDA	training_samples=setx1,setx2,setx3	GL261	G2	15	4.6046622368245628e-89	2.8557430862148893e-44
A1	CORDA	training_samples=setx1,setx2,setx3	GL261	G2	16	4.3475028790134695e-111	2.6962566743231603e-66
A1	CORDA	training_samples=setx1,setx2,setx3	GL261	G2	17	5.1930425767783972e-86	3.2206478287279166e-41
A1	CORDA	training_samples=setx1,setx2,setx3	GL261	G2	18	3.8577855036251365e-105	2.3925412361352418e-60
A1	CORDA	training_samples=setx1,setx2,setx3	GL261	G2	19	5.9080219568174295e-93	3.6640674144260686e-48
A1	CORDA	training_samples=setx1,setx2,setx3	GL261	G3	0	5.5570421617709603e-39	2.6805008000849459e-30
A1	CORDA	training_samples=setx1,setx2,setx3	GL261	G3	1	1.7378986301848503e-39	8.3829464183738289e-31
A1	CORDA	training_samples=setx1,setx2,setx3	GL261	G3	2	4.6212990485883569e-42	2.2291347512873975e-33
A1	CORDA	training_samples=setx1,setx2,setx3	GL261	G3	3	1.7629987398073562e-38	8.504019575580009e-30
A1	CORDA	training_samples=setx1,setx2,setx3	GL261	G3	4	1.733148594438976e-37	8.360034095151163e-29
A1	CORDA	training_samples=setx1,setx2,setx3	GL261	G3	5	5.392550850638904e-40	2.6011565953334055e-31
A1	CORDA	training_samples=setx1,setx2,setx3	GL261	G3	6	4.0811573524795293e-43	1.9685914251022422e-34
A1	CORDA	training_samples=setx1,setx2,setx3	GL261	G3	7	1.0097879480721536e-44	4.8708239454151275e-36
A1	CORDA	training_samples=setx1,setx2,setx3	GL261	G3	8	1.6601721204685275e-40	8.0080239948663988e-32
A1	CORDA	training_samples=setx1,setx2,setx3	GL261	G3	9	9.9334093602070018e-33	4.7914899621925166e-24
A1	CORDA	training_samples=setx1,setx2,setx3	GL261	G3	10	4.8789985749227351e-30	2.3534389704046904e-21
A1	CORDA	training_samples=setx1,setx2,setx3	GL261	G3	11	3.203412588987477e-21	1.5452015222872864e-12
A1	CORDA	training_samples=setx1,setx2,setx3	GL261	G3	12	3.4926803658274801e-44	1.6847330364788789e-35
A1	CORDA	training_samples=setx1,setx2,setx3	GL261	G3	13	2.8966137131561092e-45	1.3972136884377296e-36
A1	CORDA	training_samples=setx1,setx2,setx3	GL261	G3	14	2.5145949055180547e-22	1.2129426878385609e-13
A1	CORDA	training_samples=setx1,setx2,setx3	GL261	G3	15	8.7063481136527738e-17	4.1996033870340457e-08
A1	CORDA	training_samples=setx1,setx2,setx3	GL261	G3	16	2.0298705311284566e-09	0.97913052022349256
A1	CORDA	training_samples=setx1,setx2,setx3	GL261	G3	17	4.3336777076583292e-18	2.090397413682108e-09
A1	CORDA	training_samples=setx1,setx2,setx3	GL261	G3	18	4.3262070951636974e-11	0.020867938810498123
A1	CORDA	training_samples=setx1,setx2,setx3	GL261	G3	19	3.1032311815593685e-15	1.4968779114620804e-06
A1	CORDA	training_samples=setx1,setx2,setx3	GL261	G4	0	0.0060752754823726	0.017821914279492201
A1	CORDA	training_samples=setx1,setx2,setx3	GL261	G4	1	0.0088570916411466003	0.025982414863675571
A1	CORDA	training_samples=setx1,setx2,setx3	GL261	G4	2	0.036413338420272098	0.1068190895769537
A1	CORDA	training_samples=setx1,setx2,setx3	GL261	G4	3	0.0040382857803161996	0.011846373587783525
A1	CORDA	training_samples=setx1,setx2,setx3	GL261	G4	4	0.0016237826889832	0.0047633915491648313
A1	CORDA	training_samples=setx1,setx2,setx3	GL261	G4	5	0.012513319605294299	0.036708015958208162
A1	CORDA	training_samples=setx1,setx2,setx3	GL261	G4	6	0.051444848942493598	0.15091425740853595
A1	CORDA	training_samples=setx1,setx2,setx3	GL261	G4	7	0.068255203871184	0.20022769272784405
A1	CORDA	training_samples=setx1,setx2,setx3	GL261	G4	8	0.017132083107920699	0.050257229892603776
A1	CORDA	training_samples=setx1,setx2,setx3	GL261	G4	9	2.591530841777437e-06	7.6022956734762823e-06
A1	CORDA	training_samples=setx1,setx2,setx3	GL261	G4	10	1.2035740534105925e-08	3.530703039087143e-08
A1	CORDA	training_samples=setx1,setx2,setx3	GL261	G4	11	2.1064633545431813e-21	6.1793427222330762e-21
A1	CORDA	training_samples=setx1,setx2,setx3	GL261	G4	12	0.064098555289252804	0.18803410003692955
A1	CORDA	training_samples=setx1,setx2,setx3	GL261	G4	13	0.070433542445789393	0.20661788251610486
A1	CORDA	training_samples=setx1,setx2,setx3	GL261	G4	14	2.8312682595737691e-19	8.3055690841964909e-19
A1	CORDA	training_samples=setx1,setx2,setx3	GL261	G4	15	4.8019579012863317e-32	1.408661752685384e-31
A1	CORDA	training_samples=setx1,setx2,setx3	GL261	G4	16	1.6251337338282466e-61	4.7673548600444837e-61
A1	CORDA	training_samples=setx1,setx2,setx3	GL261	G4	17	1.5904108914359486e-28	4.6654948666250279e-28
A1	CORDA	training_samples=setx1,setx2,setx3	GL261	G4	18	6.4041299299275514e-53	1.8786613870771519e-52
A1	CORDA	training_samples=setx1,setx2,setx3	GL261	G4	19	9.4258370487932145e-37	2.7650838284365346e-36
A1	CORDA	training_samples=setx1,setx2,setx3	GL261	G5	0	3.050416360814561e-60	6.3628935600562139e-15
A1	CORDA	training_samples=setx1,setx2,setx3	GL261	G5	1	5.4889119321125615e-59	1.1449375512537742e-13
A1	CORDA	training_samples=setx1,setx2,setx3	GL261	G5	2	6.4637071776845471e-53	1.3482710525456152e-07
A1	CORDA	training_samples=setx1,setx2,setx3	GL261	G5	3	1.6428174003697308e-61	3.4267690114176867e-16
A1	CORDA	training_samples=setx1,setx2,setx3	GL261	G5	4	4.3363225634408271e-64	9.045177985432862e-19
A1	CORDA	training_samples=setx1,setx2,setx3	GL261	G5	5	9.5712953427838102e-58	1.9964859315707494e-12
A1	CORDA	training_samples=setx1,setx2,setx3	GL261	G5	6	1.391172658670143e-50	2.9018607638253e-05
A1	CORDA	training_samples=setx1,setx2,setx3	GL261	G5	7	3.4706428664072474e-47	0.072394481709443556
A1	CORDA	training_samples=setx1,setx2,setx3	GL261	G5	8	1.617381555008577e-56	3.3737121308153765e-11
A1	CORDA	training_samples=setx1,setx2,setx3	GL261	G5	9	8.437656327184743e-78	1.7600190516902071e-32
A1	CORDA	training_samples=setx1,setx2,setx3	GL261	G5	10	1.1087484869184806e-86	2.3127493996432001e-41
A1	CORDA	training_samples=setx1,setx2,setx3	GL261	G5	11	1.895803920862381e-123	3.95447608862267e-78
A1	CORDA	training_samples=setx1,setx2,setx3	GL261	G5	12	2.6406427418290307e-48	0.005508142728393446
A1	CORDA	training_samples=setx1,setx2,setx3	GL261	G5	13	4.420460540330733e-46	0.92206822209156469
A1	CORDA	training_samples=setx1,setx2,setx3	GL261	G5	14	4.7895774285195993e-118	9.9906267769885635e-73
A1	CORDA	training_samples=setx1,setx2,setx3	GL261	G5	15	2.8061076067871531e-148	5.853287521472273e-103
A1	CORDA	training_samples=setx1,setx2,setx3	GL261	G5	16	3.248623889438105e-207	6.7763365980736965e-162
A1	CORDA	training_samples=setx1,setx2,setx3	GL261	G5	17	2.1556438628810964e-140	4.4964787853544596e-95
A1	CORDA	training_samples=setx1,setx2,setx3	GL261	G5	18	5.5782265746748891e-191	1.1635677805981645e-145
A1	CORDA	training_samples=setx1,setx2,setx3	GL261	G5	19	1.9244339735525863e-158	4.0141957977832684e-113
A1	CORDA	training_samples=setx1,setx3	CT2A	C1	0	2.8455381453882077e-32	1.4825532748451412e-31
A1	CORDA	training_samples=setx1,setx3	CT2A	C1	1	1.2533805015851281e-24	6.5302353098435393e-24
A1	CORDA	training_samples=setx1,setx3	CT2A	C1	2	7.3649976352025346e-21	3.8372359832858938e-20
A1	CORDA	training_samples=setx1,setx3	CT2A	C1	3	1.5425540548782642e-15	8.03685787657373e-15
A1	CORDA	training_samples=setx1,setx3	CT2A	C1	4	1.2266729407479499e-14	6.3910862991495276e-14
A1	CORDA	training_samples=setx1,setx3	CT2A	C1	5	4.1610945565688626e-17	2.1679710643765891e-16
A1	CORDA	training_samples=setx1,setx3	CT2A	C1	6	3.1032311815592829e-15	1.6168138734244985e-14
A1	CORDA	training_samples=setx1,setx3	CT2A	C1	7	4.0364832819494009e-12	2.1030473684601858e-11
A1	CORDA	training_samples=setx1,setx3	CT2A	C1	8	4.3262070951636224e-11	2.2539963159475043e-10
A1	CORDA	training_samples=setx1,setx3	CT2A	C1	9	0.0029121694084186002	0.015172688162174743
A1	CORDA	training_samples=setx1,setx3	CT2A	C1	10	0.0044855777005746002	0.023370299640288108
A1	CORDA	training_samples=setx1,setx3	CT2A	C1	11	0.00066000740507700004	0.0034387032955604849
A1	CORDA	training_samples=setx1,setx3	CT2A	C1	12	0.013575663006283401	0.070730535384946239
A1	CORDA	training_samples=setx1,setx3	CT2A	C1	13	0.030967763503279198	0.16134508430619854
A1	CORDA	training_samples=setx1,setx3	CT2A	C1	14	0.038282936723379797	0.19945785405098806
A1	CORDA	training_samples=setx1,setx3	CT2A	C1	15	0.053243275194149398	0.27740268437623872
A1	CORDA	training_samples=setx1,setx3	CT2A	C1	16	0.0055017752724272001	0.028664788629941824
A1	CORDA	training_samples=setx1,setx3	CT2A	C1	17	0.0080842353891799994	0.042119659053850692
A1	CORDA	training_samples=setx1,setx3	CT2A	C1	18	0.0066953975519877997	0.034883677743618662
A1	CORDA	training_samples=setx1,setx3	CT2A	C1	19	0.0275261662401893	0.1434140251096756
A1	CORDA	training_samples=setx1,setx3	CT2A	C2	0	2.9784924622446719e-79	1
A1	CORDA	training_samples=setx1,setx3	CT2A	C2	1	1.2841392159955833e-107	4.3113730596041912e-29
A1	CORDA	training_samples=setx1,setx3	CT2A	C2	2	2.7538376087375681e-125	9.2457430852861796e-47
A1	CORDA	training_samples=setx1,setx3	CT2A	C2	3	2.1486093393091411e-156	7.2137477819564174e-78
A1	CORDA	training_samples=setx1,setx3	CT2A	C2	4	1.2900343830309566e-162	4.3311655120280284e-84
A1	CORDA	training_samples=setx1,setx3	CT2A	C2	5	2.6825169669661251e-146	9.0062909373438812e-68
A1	CORDA	training_samples=setx1,setx3	CT2A	C2	6	1.8704631855507249e-158	6.2798990068321122e-80
A1	CORDA	training_samples=setx1,setx3	CT2A	C2	7	5.118816179444315e-182	1.718592960811671e-103
A1	CORDA	training_samples=setx1,setx3	CT2A	C2	8	5.3898059029627824e-191	1.8095751361750567e-112
A1	CORDA	training_samples=setx1,setx3	CT2A	C2	9	4.9131976048407246e-307	1.649558515631766e-228
A1	CORDA	training_samples=setx1,setx3	CT2A	C2	10	7.8120448439834099e-313	2.6228184032723865e-234
A1	CORDA	training_samples=setx1,setx3	CT2A	C2	11	5.7505901751417535e-290	1.9307049616663977e-211
A1	CORDA	training_samples=setx1,setx3	CT2A	C2	12	0	0
A1	CORDA	training_samples=setx1,setx3	CT2A	C2	13	0	0
A1	CORDA	training_samples=setx1,setx3	CT2A	C2	14	0	0
A1	CORDA	training_samples=setx1,setx3	CT2A	C2	15	0	0
A1	CORDA	training_samples=setx1,setx3	CT2A	C2	16	9.3972186026611815e-316	3.1550251416715643e-237
A1	CORDA	training_samples=setx1,setx3	CT2A	C2	17	1.2351641146031164e-321	4.1469438995063411e-243
A1	CORDA	training_samples=setx1,setx3	CT2A	C2	18	1.0954423499592118e-318	3.6778416055941841e-240
A1	CORDA	training_samples=setx1,setx3	CT2A	C2	19	0	0
A1	CORDA	training_samples=setx1,setx3	CT2A	C3	0	3.2076452314177366e-61	0.99999999999901779
A1	CORDA	training_samples=setx1,setx3	CT2A	C3	1	3.1504268211550495e-73	9.8216186450254933e-13
A1	CORDA	training_samples=setx1,setx3	CT2A	C3	2	2.2368694870644918e-80	6.9735563807149211e-20
A1	CORDA	training_samples=setx1,setx3	CT2A	C3	3	1.5919161569420622e-92	4.9628809986473868e-32
A1	CORDA	training_samples=setx1,setx3	CT2A	C3	4	6.7138648713910609e-95	2.09308211694503e-34
A1	CORDA	training_samples=setx1,setx3	CT2A	C3	5	1.2357213805435288e-88	3.8524253506555734e-28
A1	CORDA	training_samples=setx1,setx3	CT2A	C3	6	2.5922881430478254e-93	8.0815924331492305e-33
A1	CORDA	training_samples=setx1,setx3	CT2A	C3	7	3.295085112787052e-102	1.0272598355047612e-41
A1	CORDA	training_samples=setx1,setx3	CT2A	C3	8	1.5158484812469071e-105	4.7257360832745001e-45
A1	CORDA	training_samples=setx1,setx3	CT2A	C3	9	7.4988378981113054e-147	2.3378015201480224e-86
A1	CORDA	training_samples=setx1,setx3	CT2A	C3	10	7.5650110201346003e-149	2.358431333375211e-88
A1	CORDA	training_samples=setx1,setx3	CT2A	C3	11	6.048565983190071e-141	1.8856717457219369e-80
A1	CORDA	training_samples=setx1,setx3	CT2A	C3	12	6.4322307902855709e-155	2.0052812347443712e-94
A1	CORDA	training_samples=setx1,setx3	CT2A	C3	13	4.1216542276704633e-161	1.2849470344464182e-100
A1	CORDA	training_samples=setx1,setx3	CT2A	C3	14	3.3369007224737531e-163	1.0402960682143797e-102
A1	CORDA	training_samples=setx1,setx3	CT2A	C3	15	1.9903954718942528e-167	6.20516088374452e-107
A1	CORDA	training_samples=setx1,setx3	CT2A	C3	16	7.5092911512307332e-150	2.3410603759020914e-89
A1	CORDA	training_samples=setx1,setx3	CT2A	C3	17	7.2267138128401466e-152	2.2529654283615825e-91
A1	CORDA	training_samples=setx1,setx3	CT2A	C3	18	7.3956447275323435e-151	2.3056305152101572e-90
A1	CORDA	training_samples=setx1,setx3	CT2A	C3	19	4.5270706105828632e-160	1.4113376897910594e-99
A1	CORDA	training_samples=setx1,setx3	CT2A	C4	0	1.1450343880344811e-06	0.9999999980873514
A1	CORDA	training_samples=setx1,setx3	CT2A	C4	1	2.1900479756560571e-15	1.9126482089560746e-09
A1	CORDA	training_samples=setx1,setx3	CT2A	C4	2	3.8618079937151734e-22	3.3726567749270067e-16
A1	CORDA	training_samples=setx1,setx3	CT2A	C4	3	8.7705562601886949e-36	7.6596444046269036e-30
A1	CORDA	training_samples=setx1,setx3	CT2A	C4	4	9.9077311757214236e-39	8.6527804407504469e-33
A1	CORDA	training_samples=setx1,setx3	CT2A	C4	5	3.8186226288083638e-31	3.3349414318111191e-25
A1	CORDA	training_samples=setx1,setx3	CT2A	C4	6	9.4258370487928203e-37	8.2319248480777164e-31
A1	CORDA	training_samples=setx1,setx3	CT2A	C4	7	2.6184977827207848e-48	2.2868289416244733e-42
A1	CORDA	training_samples=setx1,setx3	CT2A	C4	8	6.4041299299271898e-53	5.5929585911139366e-47
A1	CORDA	training_samples=setx1,setx3	CT2A	C4	9	7.6524408003622655e-120	6.6831536814031422e-114
A1	CORDA	training_samples=setx1,setx3	CT2A	C4	10	1.8543966791186748e-123	1.6195117761965618e-117
A1	CORDA	training_samples=setx1,setx3	CT2A	C4	11	2.5301231869891078e-109	2.2096482067171594e-103
A1	CORDA	training_samples=setx1,setx3	CT2A	C4	12	1.2415388184111202e-134	1.0842808120092072e-128
A1	CORDA	training_samples=setx1,setx3	CT2A	C4	13	2.6825169669658201e-146	2.3427392136578589e-140
A1	CORDA	training_samples=setx1,setx3	CT2A	C4	14	2.6972410507245034e-150	2.3555982892318215e-144
A1	CORDA	training_samples=setx1,setx3	CT2A	C4	15	1.8704631855505118e-158	1.6335432381063535e-152
A1	CORDA	training_samples=setx1,setx3	CT2A	C4	16	2.7538376087372537e-125	2.4050261129687594e-119
A1	CORDA	training_samples=setx1,setx3	CT2A	C4	17	5.5268592891494151e-129	4.8268063704756107e-123
A1	CORDA	training_samples=setx1,setx3	CT2A	C4	18	3.9630563637772094e-127	3.4610806431762237e-121
A1	CORDA	training_samples=setx1,setx3	CT2A	C4	19	2.5520441928421542e-144	2.2287926149901268e-138
A1	CORDA	training_samples=setx1,setx3	CT2A	C5	0	2.106463354543167e-21	1.1742275364302027e-20
A1	CORDA	training_samples=setx1,setx3	CT2A	C5	1	1.7873454641632728e-10	9.9633836810291779e-10
A1	CORDA	training_samples=setx1,setx3	CT2A	C5	2	2.5915308417774331e-06	1.4446236956176039e-05
A1	CORDA	training_samples=setx1,setx3	CT2A	C5	3	0.017132083107920699	0.095501133206725167
A1	CORDA	training_samples=setx1,setx3	CT2A	C5	4	0.036413338420272098	0.20298261811304222
A1	CORDA	training_samples=setx1,setx3	CT2A	C5	5	0.0026012635782901999	0.01450049115050352
A1	CORDA	training_samples=setx1,setx3	CT2A	C5	6	0.022730241206001499	0.12670752176258882
A1	CORDA	training_samples=setx1,setx3	CT2A	C5	7	0.064098555289252804	0.35731117042080046
A1	CORDA	training_samples=setx1,setx3	CT2A	C5	8	0.036413338420272098	0.20298261811304222
A1	CORDA	training_samples=setx1,setx3	CT2A	C5	9	5.7036002553127943e-20	3.179416561951575e-19
A1	CORDA	training_samples=setx1,setx3	CT2A	C5	10	2.106463354543167e-21	1.1742275364302027e-20
A1	CORDA	training_samples=setx1,setx3	CT2A	C5	11	5.3270192902978037e-16	2.9694951608209296e-15
A1	CORDA	training_samples=setx1,setx3	CT2A	C5	12	4.9924999446182891e-26	2.7830206008347259e-25
A1	CORDA	training_samples=setx1,setx3	CT2A	C5	13	3.8186226288084181e-31	2.1286540932751108e-30
A1	CORDA	training_samples=setx1,setx3	CT2A	C5	14	5.851755758880424e-33	3.2620044083470905e-32
A1	CORDA	training_samples=setx1,setx3	CT2A	C5	15	9.4258370487930842e-37	5.2543413075406629e-36
A1	CORDA	training_samples=setx1,setx3	CT2A	C5	16	3.8618079937152274e-22	2.1527273554730945e-21
A1	CORDA	training_samples=setx1,setx3	CT2A	C5	17	1.1812258007506668e-23	6.5846284911234852e-23
A1	CORDA	training_samples=setx1,setx3	CT2A	C5	18	6.860940966703718e-23	3.8245649000016652e-22
A1	CORDA	training_samples=setx1,setx3	CT2A	C5	19	2.9427364714801845e-30	1.6403998625548715e-29
A1	CORDA	training_samples=setx1,setx3	GL261	G1	0	2.1064633545431805e-21	3.2079883074824116e-20
A1	CORDA	training_samples=setx1,setx3	GL261	G1	1	1.2603730989680518e-13	1.9194552593732291e-12
A1	CORDA	training_samples=setx1,setx3	GL261	G1	2	2.4883264530364931e-05	0.00037895376386794
A1	CORDA	training_samples=setx1,setx3	GL261	G1	3	0.00098226278559189993	0.014959137666732781
A1	CORDA	training_samples=setx1,setx3	GL261	G1	4	0.00032711161608010001	0.0049816686217843504
A1	CORDA	training_samples=setx1,setx3	GL261	G1	5	2.1900479756560946e-15	3.3352815198885329e-14
A1	CORDA	training_samples=setx1,setx3	GL261	G1	6	4.9027180053417548e-07	7.4664778772905235e-06
A1	CORDA	training_samples=setx1,setx3	GL261	G1	7	4.9667254564720348e-05	0.00075639565039064703
A1	CORDA	training_samples=setx1,setx3	GL261	G1	8	1.1812258007506747e-23	1.798919762421642e-22
A1	CORDA	training_samples=setx1,setx3	GL261	G1	9	3.3686900712609915e-14	5.1302664899579796e-13
A1	CORDA	training_samples=setx1,setx3	GL261	G1	10	1.2556573602853242e-16	1.9122735372119084e-15
A1	CORDA	training_samples=setx1,setx3	GL261	G1	11	4.5697604034165103e-13	6.9594080098941321e-12
A1	CORDA	training_samples=setx1,setx3	GL261	G1	12	1.6056244459874708e-12	2.445247593710344e-11
A1	CORDA	training_samples=setx1,setx3	GL261	G1	13	1.2035740534105918e-08	1.8329545027227495e-07
A1	CORDA	training_samples=setx1,setx3	GL261	G1	14	0.0001800795759938	0.0027424791082101812
A1	CORDA	training_samples=setx1,setx3	GL261	G1	15	0.064098555289252804	0.97617371529841501
A1	CORDA	training_samples=setx1,setx3	GL261	G1	16	2.8682318916986459e-17	4.368105598358653e-16
A1	CORDA	training_samples=setx1,setx3	GL261	G1	17	5.467021096233148e-12	8.3258698593781305e-11
A1	CORDA	training_samples=setx1,setx3	GL261	G1	18	6.4765551771476979e-44	9.8633157971837819e-43
A1	CORDA	training_samples=setx1,setx3	GL261	G1	19	8.7252770211559788e-15	1.3287953290544447e-13
A1	CORDA	training_samples=setx1,setx3	GL261	G2	0	5.4729474257541202e-61	0.012823243384509606
A1	CORDA	training_samples=setx1,setx3	GL261	G2	1	7.7042728334124031e-69	1.8051290823408529e-10
A1	CORDA	training_samples=setx1,setx3	GL261	G2	2	2.8459447541309817e-82	6.668114893513959e-24
A1	CORDA	training_samples=setx1,setx3	GL261	G2	3	9.0670127649938169e-87	2.1244222246470861e-28
A1	CORDA	training_samples=setx1,setx3	GL261	G2	4	2.9510775767394065e-85	6.9144435473695257e-27
A1	CORDA	training_samples=setx1,setx3	GL261	G2	5	7.8612098319690128e-67	1.8418997868986175e-08
A1	CORDA	training_samples=setx1,setx3	GL261	G2	6	1.2825024864613078e-78	3.0049332189347693e-20
A1	CORDA	training_samples=setx1,setx3	GL261	G2	7	5.167296419674815e-83	1.2107095953012017e-24
A1	CORDA	training_samples=setx1,setx3	GL261	G2	8	4.2132587703868438e-59	0.98717635035833873
A1	CORDA	training_samples=setx1,setx3	GL261	G2	9	3.628411033645327e-68	8.5014516244988383e-10
A1	CORDA	training_samples=setx1,setx3	GL261	G2	10	1.6506942761421906e-65	3.8676151641401107e-07
A1	CORDA	training_samples=setx1,setx3	GL261	G2	11	1.6231098606533711e-69	3.8029842356996046e-11
A1	CORDA	training_samples=setx1,setx3	GL261	G2	12	3.3928547285221278e-70	7.9495377111408307e-12
A1	CORDA	training_samples=setx1,setx3	GL261	G2	13	9.3313220324666115e-76	2.1863505020801199e-17
A1	CORDA	training_samples=setx1,setx3	GL261	G2	14	1.6639507042386791e-84	3.8986752841570871e-26
A1	CORDA	training_samples=setx1,setx3	GL261	G2	15	9.7537394247033315e-98	2.2853238816710074e-39
A1	CORDA	training_samples=setx1,setx3	GL261	G2	16	2.3902023002778408e-142	5.6002997014819973e-84
A1	CORDA	training_samples=setx1,setx3	GL261	G2	17	1.0850924053560288e-133	2.5423967975804261e-75
A1	CORDA	training_samples=setx1,setx3	GL261	G2	18	2.8342779854728299e-174	6.640779382613516e-116
A1	CORDA	training_samples=setx1,setx3	GL261	G2	19	1.8196740373433481e-138	4.2635386832921664e-80
A1	CORDA	training_samples=setx1,setx3	GL261	G3	0	2.8455381453883686e-32	3.9705928202156524e-31
A1	CORDA	training_samples=setx1,setx3	GL261	G3	1	4.7087319159448446e-27	6.570446847838385e-26
A1	CORDA	training_samples=setx1,setx3	GL261	G3	2	8.538590143892601e-20	1.1914535313838452e-18
A1	CORDA	training_samples=setx1,setx3	GL261	G3	3	9.2836311235307929e-18	1.2954146878811548e-16
A1	CORDA	training_samples=setx1,setx3	GL261	G3	4	2.0071711375431731e-18	2.8007564476297961e-17
A1	CORDA	training_samples=setx1,setx3	GL261	G3	5	2.595773406895353e-28	3.6220773455555659e-27
A1	CORDA	training_samples=setx1,setx3	GL261	G3	6	1.3824269870953481e-21	1.9290040719816041e-20
A1	CORDA	training_samples=setx1,setx3	GL261	G3	7	1.9024013171302985e-19	2.6545632583447285e-18
A1	CORDA	training_samples=setx1,setx3	GL261	G3	8	1.1823154194585937e-33	1.6497733911389295e-32
A1	CORDA	training_samples=setx1,setx3	GL261	G3	9	1.8062138884957294e-27	2.5203457240795887e-26
A1	CORDA	training_samples=setx1,setx3	GL261	G3	10	3.6151025113162686e-29	5.0444237055964165e-28
A1	CORDA	training_samples=setx1,setx3	GL261	G3	11	1.2179453799227447e-26	1.6994905476046767e-25
A1	CORDA	training_samples=setx1,setx3	GL261	G3	12	3.1256526840898592e-26	4.3614576476679507e-25
A1	CORDA	training_samples=setx1,setx3	GL261	G3	13	4.4325137945518768e-23	6.1850189837298598e-22
A1	CORDA	training_samples=setx1,setx3	GL261	G3	14	9.2236168869779854e-19	1.2870404512836419e-17
A1	CORDA	training_samples=setx1,setx3	GL261	G3	15	1.7443225861924824e-13	2.4339841474627588e-12
A1	CORDA	training_samples=setx1,setx3	GL261	G3	16	0.0011170737525587999	0.015587367994871712
A1	CORDA	training_samples=setx1,setx3	GL261	G3	17	8.1703099615294692e-05	0.0011400646350413861
A1	CORDA	training_samples=setx1,setx3	GL261	G3	18	0.070088649789269097	0.97799950453273132
A1	CORDA	training_samples=setx1,setx3	GL261	G3	19	0.00037789574804560002	0.0052730628349214881
A1	CORDA	training_samples=setx1,setx3	GL261	G4	0	1.1450343880344889e-06	0.086563100090836551
A1	CORDA	training_samples=setx1,setx3	GL261	G4	1	5.4670210962331496e-12	4.1329963475096159e-07
A1	CORDA	training_samples=setx1,setx3	GL261	G4	2	1.9707811636549183e-24	1.4898847485221341e-19
A1	CORDA	training_samples=setx1,setx3	GL261	G4	3	2.1976181754734909e-29	1.6613705585864335e-24
A1	CORDA	training_samples=setx1,setx3	GL261	G4	4	1.1153795575733127e-27	8.432123374672264e-23
A1	CORDA	training_samples=setx1,setx3	GL261	G4	5	1.787345464163279e-10	1.3512097621526494e-05
A1	CORDA	training_samples=setx1,setx3	GL261	G4	6	1.1134568099623426e-20	8.4175876545544147e-16
A1	CORDA	training_samples=setx1,setx3	GL261	G4	7	3.1863987093599438e-25	2.4088756922061041e-20
A1	CORDA	training_samples=setx1,setx3	GL261	G4	8	1.2080941883619516e-05	0.91330338406555933
A1	CORDA	training_samples=setx1,setx3	GL261	G4	9	1.8039054232093787e-11	1.3637288743067249e-06
A1	CORDA	training_samples=setx1,setx3	GL261	G4	10	1.561809954898407e-09	0.00011807078709732479
A1	CORDA	training_samples=setx1,setx3	GL261	G4	11	1.6056244459874714e-12	1.2138310524008567e-07
A1	CORDA	training_samples=setx1,setx3	GL261	G4	12	4.5697604034165113e-13	3.4546790151089354e-08
A1	CORDA	training_samples=setx1,setx3	GL261	G4	13	6.3491210981557293e-18	4.7998523961530342e-13
A1	CORDA	training_samples=setx1,setx3	GL261	G4	14	7.580402329794494e-27	5.7306848812565688e-22
A1	CORDA	training_samples=setx1,setx3	GL261	G4	15	7.5085767764064203e-43	5.6763857035900881e-38
A1	CORDA	training_samples=setx1,setx3	GL261	G4	16	8.9385997594435819e-113	6.7574643498421858e-108
A1	CORDA	training_samples=setx1,setx3	GL261	G4	17	1.1347905969039371e-97	8.5788682897597735e-93
A1	CORDA	training_samples=setx1,setx3	GL261	G4	18	2.940801597695012e-173	2.2232074923578434e-168
A1	CORDA	training_samples=setx1,setx3	GL261	G4	19	6.3159515193707106e-106	4.7747766290115148e-101
A1	CORDA	training_samples=setx1,setx3	GL261	G5	0	3.0206268792600318e-79	5.0411766521969293e-05
A1	CORDA	training_samples=setx1,setx3	GL261	G5	1	1.1547036945382872e-97	1.9271050473264493e-23
A1	CORDA	training_samples=setx1,setx3	GL261	G5	2	7.6464074017234791e-131	1.2761222093142826e-56
A1	CORDA	training_samples=setx1,setx3	GL261	G5	3	2.4136420795445681e-142	4.0281691796177212e-68
A1	CORDA	training_samples=setx1,setx3	GL261	G5	4	1.8656856405524279e-138	3.1136751632813357e-64
A1	CORDA	training_samples=setx1,setx3	GL261	G5	5	7.0966510735538384e-93	1.1843724210502908e-18
A1	CORDA	training_samples=setx1,setx3	GL261	G5	6	1.2367180438249122e-121	2.0639802190358863e-47
A1	CORDA	training_samples=setx1,setx3	GL261	G5	7	1.0017670017131335e-132	1.671866344914039e-58
A1	CORDA	training_samples=setx1,setx3	GL261	G5	8	5.9916063500903624e-75	0.99994958823347635
A1	CORDA	training_samples=setx1,setx3	GL261	G5	9	4.7022697663767242e-96	7.8476996683539077e-22
A1	CORDA	training_samples=setx1,setx3	GL261	G5	10	9.4455797453179332e-90	1.5763892060122885e-15
A1	CORDA	training_samples=setx1,setx3	GL261	G5	11	2.7478364725007345e-99	4.5859120053315885e-25
A1	CORDA	training_samples=setx1,setx3	GL261	G5	12	6.3367784846151828e-101	1.0575559651581818e-26
A1	CORDA	training_samples=setx1,setx3	GL261	G5	13	1.6358856939460993e-114	2.7301580418976731e-40
A1	CORDA	training_samples=setx1,setx3	GL261	G5	14	1.5647942427816868e-136	2.6115122845412966e-62
A1	CORDA	training_samples=setx1,setx3	GL261	G5	15	4.3404304323899152e-171	7.24381972049764e-97
A1	CORDA	training_samples=setx1,setx3	GL261	G5	16	1.4061127994562579e-295	2.3466860682609774e-221
A1	CORDA	training_samples=setx1,setx3	GL261	G5	17	1.183608463096468e-270	1.9753447175065519e-196
A1	CORDA	training_samples=setx1,setx3	GL261	G5	18	0	0
A1	CORDA	training_samples=setx1,setx3	GL261	G5	19	2.3030762337085609e-284	3.8436439195182587e-210
A1	CORDA	training_samples=setx2,setx3	CT2A	C1	0	1.5368731679445769e-41	1.7822548625356007e-35
A1	CORDA	training_samples=setx2,setx3	CT2A	C1	1	4.6212990485880294e-42	5.3591492599174467e-36
A1	CORDA	training_samples=setx2,setx3	CT2A	C1	2	1.3637181175407502e-34	1.5814533670110551e-28
A1	CORDA	training_samples=setx2,setx3	CT2A	C1	3	1.7331485944388541e-37	2.0098682014642228e-31
A1	CORDA	training_samples=setx2,setx3	CT2A	C1	4	8.0875978753241286e-32	9.378887562209576e-26
A1	CORDA	training_samples=setx2,setx3	CT2A	C1	5	2.2806768079163203e-31	2.6448163814436625e-25
A1	CORDA	training_samples=setx2,setx3	CT2A	C1	6	4.7087319159445799e-27	5.4605419162809169e-21
A1	CORDA	training_samples=setx2,setx3	CT2A	C1	7	1.8062138884956408e-27	2.0945993154763572e-21
A1	CORDA	training_samples=setx2,setx3	CT2A	C1	8	2.5145949055179663e-22	2.916082531169718e-16
A1	CORDA	training_samples=setx2,setx3	CT2A	C1	9	1.3824269870952993e-21	1.6031493497581115e-15
A1	CORDA	training_samples=setx2,setx3	CT2A	C1	10	5.0398056796853915e-25	5.8444758918308774e-19
A1	CORDA	training_samples=setx2,setx3	CT2A	C1	11	3.0927237965245673e-24	3.5865171829418324e-18
A1	CORDA	training_samples=setx2,setx3	CT2A	C1	12	7.5716128013090459e-24	8.7805187922029569e-18
A1	CORDA	training_samples=setx2,setx3	CT2A	C1	13	3.8024127419307249e-20	4.4095171547153654e-14
A1	CORDA	training_samples=setx2,setx3	CT2A	C1	14	2.007171137543101e-18	2.3276419905304185e-12
A1	CORDA	training_samples=setx2,setx3	CT2A	C1	15	8.7063481136524669e-17	1.0096429285207184e-10
A1	CORDA	training_samples=setx2,setx3	CT2A	C1	16	6.1940816840812843e-15	7.1830470013090098e-09
A1	CORDA	training_samples=setx2,setx3	CT2A	C1	17	2.542125474664806e-07	0.29480087120372972
A1	CORDA	training_samples=setx2,setx3	CT2A	C1	18	6.0787099459843551e-07	0.7049254671849946
A1	CORDA	training_samples=setx2,setx3	CT2A	C1	19	2.3597746767726019e-10	0.00027365432489078454
A1	CORDA	training_samples=setx2,setx3	CT2A	C2	0	4.1634437992764007e-54	0.061043317665376226
A1	CORDA	training_samples=setx2,setx3	CT2A	C2	1	6.4041299299274633e-53	0.9389566823283374
A1	CORDA	training_samples=setx2,setx3	CT2A	C2	2	3.7047042650765441e-72	5.4317399300224894e-20
A1	CORDA	training_samples=setx2,setx3	CT2A	C2	3	4.2876348926225647e-64	6.2864174803800392e-12
A1	CORDA	training_samples=setx2,setx3	CT2A	C2	4	1.0330320760538043e-80	1.514604452881894e-28
A1	CORDA	training_samples=setx2,setx3	CT2A	C2	5	3.4720609838801528e-82	5.0906444715163626e-30
A1	CORDA	training_samples=setx2,setx3	CT2A	C2	6	1.1347905969039052e-97	1.6638001190871423e-45
A1	CORDA	training_samples=setx2,setx3	CT2A	C2	7	4.6225309327400519e-96	6.7774332439486825e-44
A1	CORDA	training_samples=setx2,setx3	CT2A	C2	8	4.689569775911327e-118	6.8757238321472009e-66
A1	CORDA	training_samples=setx2,setx3	CT2A	C2	9	1.2101053792145395e-121	1.7742246715282184e-69
A1	CORDA	training_samples=setx2,setx3	CT2A	C2	10	6.3159515193705325e-106	9.2602819575241626e-54
A1	CORDA	training_samples=setx2,setx3	CT2A	C2	11	2.5301231869893238e-109	3.7096000542331334e-57
A1	CORDA	training_samples=setx2,setx3	CT2A	C2	12	4.8308934725833375e-111	7.0829289182611077e-59
A1	CORDA	training_samples=setx2,setx3	CT2A	C2	13	5.526859289150043e-129	8.1033356890288085e-77
A1	CORDA	training_samples=setx2,setx3	CT2A	C2	14	1.8199637953265519e-138	2.6683830370644338e-86
A1	CORDA	training_samples=setx2,setx3	CT2A	C2	15	2.7324548901817081e-148	4.0062534745073765e-96
A1	CORDA	training_samples=setx2,setx3	CT2A	C2	16	1.5779640584791425e-160	2.3135693894326033e-108
A1	CORDA	training_samples=setx2,setx3	CT2A	C2	17	1.3847666603387108e-231	2.0303084469200559e-179
A1	CORDA	training_samples=setx2,setx3	CT2A	C2	18	1.2788742802017939e-236	1.8750518249821297e-184
A1	CORDA	training_samples=setx2,setx3	CT2A	C2	19	7.1633521626809322e-198	1.0502718487313063e-145
A1	CORDA	training_samples=setx2,setx3	CT2A	C3	0	9.5871036217889114e-50	0.21212965606515335
A1	CORDA	training_samples=setx2,setx3	CT2A	C3	1	3.56072433692082e-49	0.78786592774188924
A1	CORDA	training_samples=setx2,setx3	CT2A	C3	2	4.4206371939268354e-58	9.7813509119195748e-10
A1	CORDA	training_samples=setx2,setx3	CT2A	C3	3	1.9954362287145107e-54	4.4152146215998815e-06
A1	CORDA	training_samples=setx2,setx3	CT2A	C3	4	7.3805678470178012e-62	1.6330660236060685e-13
A1	CORDA	training_samples=setx2,setx3	CT2A	C3	5	1.6849264344778383e-62	3.7281631568948809e-14
A1	CORDA	training_samples=setx2,setx3	CT2A	C3	6	4.20549535249892e-69	9.3053159525851965e-21
A1	CORDA	training_samples=setx2,setx3	CT2A	C3	7	1.9927315674554394e-68	4.4092301357187071e-20
A1	CORDA	training_samples=setx2,setx3	CT2A	C3	8	1.7786050374863857e-77	3.9354417117203811e-29
A1	CORDA	training_samples=setx2,setx3	CT2A	C3	9	6.4074414113771613e-79	1.4177465859072833e-30
A1	CORDA	training_samples=setx2,setx3	CT2A	C3	10	1.5648572474568636e-72	3.4624913090502942e-24
A1	CORDA	training_samples=setx2,setx3	CT2A	C3	11	6.2929138415947108e-74	1.3924055705742335e-25
A1	CORDA	training_samples=setx2,setx3	CT2A	C3	12	1.2471591984999369e-74	2.7595347069683416e-26
A1	CORDA	training_samples=setx2,setx3	CT2A	C3	13	7.5674145017533717e-82	1.6744087671181964e-33
A1	CORDA	training_samples=setx2,setx3	CT2A	C3	14	1.3883526665559205e-85	3.0719473291631278e-37
A1	CORDA	training_samples=setx2,setx3	CT2A	C3	15	2.0928834751056171e-89	4.6308318890972414e-41
A1	CORDA	training_samples=setx2,setx3	CT2A	C3	16	4.1882642543439859e-94	9.2671894540155591e-46
A1	CORDA	training_samples=setx2,setx3	CT2A	C3	17	2.4457808628254441e-120	5.4116725312403106e-72
A1	CORDA	training_samples=setx2,setx3	CT2A	C3	18	3.8310769872770508e-122	8.4768567831392769e-74
A1	CORDA	training_samples=setx2,setx3	CT2A	C3	19	4.3844862166577511e-108	9.7013612228848053e-60
A1	CORDA	training_samples=setx2,setx3	CT2A	C4	0	0.029224975291086999	0.43416889576190126
A1	CORDA	training_samples=setx2,setx3	CT2A	C4	1	0.036413338420272098	0.54095987337773821
A1	CORDA	training_samples=setx2,setx3	CT2A	C4	2	4.9667254564720192e-05	0.00073786125925199241
A1	CORDA	training_samples=setx2,setx3	CT2A	C4	3	0.0016237826889832	0.024123063578710212
A1	CORDA	training_samples=setx2,setx3	CT2A	C4	4	4.902718005341723e-07	7.2835225399160131e-06
A1	CORDA	training_samples=setx2,setx3	CT2A	C4	5	2.0342837743189991e-07	3.0221505105319861e-06
A1	CORDA	training_samples=setx2,setx3	CT2A	C4	6	5.4670210962330721e-12	8.1218563533993226e-11
A1	CORDA	training_samples=setx2,setx3	CT2A	C4	7	1.8039054232093609e-11	2.679898333028096e-10
A1	CORDA	training_samples=setx2,setx3	CT2A	C4	8	2.8312682595737103e-19	4.2061579235611283e-18
A1	CORDA	training_samples=setx2,setx3	CT2A	C4	9	1.113456809962319e-20	1.6541615821565626e-19
A1	CORDA	training_samples=setx2,setx3	CT2A	C4	10	8.7252770211558589e-15	1.2962351043106835e-13
A1	CORDA	training_samples=setx2,setx3	CT2A	C4	11	5.3270192902977288e-16	7.91386839487346e-15
A1	CORDA	training_samples=setx2,setx3	CT2A	C4	12	1.2556573602853069e-16	1.8654160153786002e-15
A1	CORDA	training_samples=setx2,setx3	CT2A	C4	13	1.1812258007506417e-23	1.754839812349756e-22
A1	CORDA	training_samples=setx2,setx3	CT2A	C4	14	1.1153795575732736e-27	1.6570180335265373e-26
A1	CORDA	training_samples=setx2,setx3	CT2A	C4	15	4.8019579012861286e-32	7.1338324112539924e-31
A1	CORDA	training_samples=setx2,setx3	CT2A	C4	16	9.8167776144104793e-38	1.458389426966808e-36
A1	CORDA	training_samples=setx2,setx3	CT2A	C4	17	5.9126479348172963e-75	8.7838836451349167e-74
A1	CORDA	training_samples=setx2,setx3	CT2A	C4	18	8.3221481047206376e-78	1.2363459051736184e-76
A1	CORDA	training_samples=setx2,setx3	CT2A	C4	19	1.6014248389441704e-56	2.3790913321391907e-55
A1	CORDA	training_samples=setx2,setx3	CT2A	C5	0	9.8167776144109011e-38	1.9343486710179866e-36
A1	CORDA	training_samples=setx2,setx3	CT2A	C5	1	9.9077311757217094e-39	1.9522706314979352e-37
A1	CORDA	training_samples=setx2,setx3	CT2A	C5	2	3.1863987093598979e-25	6.2786449391862085e-24
A1	CORDA	training_samples=setx2,setx3	CT2A	C5	3	2.9427364714801848e-30	5.7985202541490446e-29
A1	CORDA	training_samples=setx2,setx3	CT2A	C5	4	1.1134568099623346e-20	2.1940129288706698e-19
A1	CORDA	training_samples=setx2,setx3	CT2A	C5	5	5.7036002553127943e-20	1.1238669151154263e-18
A1	CORDA	training_samples=setx2,setx3	CT2A	C5	6	1.2603730989680478e-13	2.4835043888502792e-12
A1	CORDA	training_samples=setx2,setx3	CT2A	C5	7	3.3686900712609802e-14	6.6378412737489712e-13
A1	CORDA	training_samples=setx2,setx3	CT2A	C5	8	8.1797944893341083e-08	1.6117890433227652e-06
A1	CORDA	training_samples=setx2,setx3	CT2A	C5	9	4.9027180053417474e-07	9.6605693135871932e-06
A1	CORDA	training_samples=setx2,setx3	CT2A	C5	10	5.7681031094175717e-11	1.1365768913433976e-09
A1	CORDA	training_samples=setx2,setx3	CT2A	C5	11	5.3671066637203349e-10	1.057562476197768e-08
A1	CORDA	training_samples=setx2,setx3	CT2A	C5	12	1.5618099548984021e-09	3.0774711716046952e-08
A1	CORDA	training_samples=setx2,setx3	CT2A	C5	13	1.2080941883619496e-05	0.00023804913175296831
A1	CORDA	training_samples=setx2,setx3	CT2A	C5	14	0.00032711161608010001	0.0064455765903285991
A1	CORDA	training_samples=setx2,setx3	CT2A	C5	15	0.0040382857803161996	0.0795724731594038
A1	CORDA	training_samples=setx2,setx3	CT2A	C5	16	0.029224975291086999	0.57586403945690323
A1	CORDA	training_samples=setx2,setx3	CT2A	C5	17	1.2080941883619496e-05	0.00023804913175296831
A1	CORDA	training_samples=setx2,setx3	CT2A	C5	18	2.5915308417774331e-06	5.1064865036113227e-05
A1	CORDA	training_samples=setx2,setx3	CT2A	C5	19	0.017132083107920699	0.33757943281640473
A1	CORDA	training_samples=setx2,setx3	GL261	G1	0	7.580402329794494e-27	1.2465721027249835e-24
A1	CORDA	training_samples=setx2,setx3	GL261	G1	1	4.9924999446183213e-26	8.2100011095135964e-24
A1	CORDA	training_samples=setx2,setx3	GL261	G1	2	1.1153795575733123e-27	1.8342048085702594e-25
A1	CORDA	training_samples=setx2,setx3	GL261	G1	3	2.1976181754734906e-29	3.6139104374700112e-27
A1	CORDA	training_samples=setx2,setx3	GL261	G1	4	1.3619751922125064e-18	2.2397231774129795e-16
A1	CORDA	training_samples=setx2,setx3	GL261	G1	5	5.467021096233148e-12	8.9903354559255395e-10
A1	CORDA	training_samples=setx2,setx3	GL261	G1	6	5.7681031094175898e-11	9.4854548729950226e-09
A1	CORDA	training_samples=setx2,setx3	GL261	G1	7	5.3270192902978392e-16	8.7601071144506825e-14
A1	CORDA	training_samples=setx2,setx3	GL261	G1	8	1.8039054232093787e-11	2.9664628323073179e-09
A1	CORDA	training_samples=setx2,setx3	GL261	G1	9	2.8682318916986459e-17	4.7167125236670251e-15
A1	CORDA	training_samples=setx2,setx3	GL261	G1	10	5.7036002553128316e-20	9.379382061850036e-18
A1	CORDA	training_samples=setx2,setx3	GL261	G1	11	4.404254263651602e-09	7.2426505342553396e-07
A1	CORDA	training_samples=setx2,setx3	GL261	G1	12	5.6839528961428135e-06	0.00093470726292262584
A1	CORDA	training_samples=setx2,setx3	GL261	G1	13	3.1873480242104884e-08	5.2414884537719596e-06
A1	CORDA	training_samples=setx2,setx3	GL261	G1	14	1.561809954898407e-09	2.5683448382182373e-07
A1	CORDA	training_samples=setx2,setx3	GL261	G1	15	9.8167776144110326e-38	1.6143366249416032e-35
A1	CORDA	training_samples=setx2,setx3	GL261	G1	16	1.970781163654918e-24	3.2408844706461684e-22
A1	CORDA	training_samples=setx2,setx3	GL261	G1	17	8.7252770211559788e-15	1.43484296082412e-12
A1	CORDA	training_samples=setx2,setx3	GL261	G1	18	5.3671066637203514e-10	8.8260294747766117e-08
A1	CORDA	training_samples=setx2,setx3	GL261	G1	19	0.0060752754823726	0.99905896853631293
A1	CORDA	training_samples=setx2,setx3	GL261	G2	0	1.2365997591347346e-56	8.3841690894494749e-08
A1	CORDA	training_samples=setx2,setx3	GL261	G2	1	3.0229068967076132e-57	2.0495364305580602e-08
A1	CORDA	training_samples=setx2,setx3	GL261	G2	2	5.0192014919818945e-56	3.4030278343445991e-07
A1	CORDA	training_samples=setx2,setx3	GL261	G2	3	8.0769768187217749e-55	5.4762051245352644e-06
A1	CORDA	training_samples=setx2,setx3	GL261	G2	4	1.49775466514031e-63	1.0154804150887703e-14
A1	CORDA	training_samples=setx2,setx3	GL261	G2	5	7.0369376072398422e-71	4.7710566280788492e-22
A1	CORDA	training_samples=setx2,setx3	GL261	G2	6	2.9568128135120859e-72	2.0047245207036393e-23
A1	CORDA	training_samples=setx2,setx3	GL261	G2	7	3.6164084358136091e-66	2.4519315646307828e-17
A1	CORDA	training_samples=setx2,setx3	GL261	G2	8	1.4481155685244761e-71	9.8182501637141343e-23
A1	CORDA	training_samples=setx2,setx3	GL261	G2	9	7.4757867391853957e-65	5.0685971459230512e-16
A1	CORDA	training_samples=setx2,setx3	GL261	G2	10	2.9082303683654769e-62	1.9717855336240136e-13
A1	CORDA	training_samples=setx2,setx3	GL261	G2	11	4.7524453875770671e-75	3.2221667053938839e-26
A1	CORDA	training_samples=setx2,setx3	GL261	G2	12	8.4324913667451711e-81	5.7172446413529762e-32
A1	CORDA	training_samples=setx2,setx3	GL261	G2	13	1.8179013284916549e-76	1.2325404411103571e-27
A1	CORDA	training_samples=setx2,setx3	GL261	G2	14	2.4015530188333759e-74	1.6282573596218079e-25
A1	CORDA	training_samples=setx2,setx3	GL261	G2	15	1.474913521836952e-49	0.99999407795850137
A1	CORDA	training_samples=setx2,setx3	GL261	G2	16	1.7644902356324453e-58	1.1963276220089497e-09
A1	CORDA	training_samples=setx2,setx3	GL261	G2	17	1.6955179441987328e-67	1.1495642816803327e-18
A1	CORDA	training_samples=setx2,setx3	GL261	G2	18	1.2041159515405692e-73	8.1639282770711912e-25
A1	CORDA	training_samples=setx2,setx3	GL261	G2	19	7.7919197307105364e-90	5.2829358950713512e-41
A1	CORDA	training_samples=setx2,setx3	GL261	G3	0	1.5243058048495974e-35	8.4329180401280224e-20
A1	CORDA	training_samples=setx2,setx3	GL261	G3	1	4.5772415052317459e-35	2.5322676290208142e-19
A1	CORDA	training_samples=setx2,setx3	GL261	G3	2	5.0365069639142712e-36	2.7863470899406442e-20
A1	CORDA	training_samples=setx2,setx3	GL261	G3	3	5.3704575321023274e-37	2.971098585475488e-21
A1	CORDA	training_samples=setx2,setx3	GL261	G3	4	1.771410918188177e-30	9.7999778265902268e-15
A1	CORDA	training_samples=setx2,setx3	GL261	G3	5	7.9587100661407268e-26	4.4029977107860488e-10
A1	CORDA	training_samples=setx2,setx3	GL261	G3	6	5.0398056796856422e-25	2.7881720386910296e-09
A1	CORDA	training_samples=setx2,setx3	GL261	G3	7	9.7252140378916196e-29	5.3802808231340831e-13
A1	CORDA	training_samples=setx2,setx3	GL261	G3	8	2.0106371754486916e-25	1.1123449412217073e-09
A1	CORDA	training_samples=setx2,setx3	GL261	G3	9	1.3333099634750719e-29	7.3762716170859039e-14
A1	CORDA	training_samples=setx2,setx3	GL261	G3	10	2.2806768079164491e-31	1.2617389854444532e-15
A1	CORDA	training_samples=setx2,setx3	GL261	G3	11	1.8391820377752881e-23	1.0174908037541049e-07
A1	CORDA	training_samples=setx2,setx3	GL261	G3	12	1.6800468961523842e-20	9.294524585388201e-05
A1	CORDA	training_samples=setx2,setx3	GL261	G3	13	1.0598991260337981e-22	5.8636806552922978e-07
A1	CORDA	training_samples=setx2,setx3	GL261	G3	14	7.5716128013093662e-24	4.1888438646552397e-08
A1	CORDA	training_samples=setx2,setx3	GL261	G3	15	1.5368731679446855e-41	8.5024444715200921e-26
A1	CORDA	training_samples=setx2,setx3	GL261	G3	16	4.0312009935872099e-34	2.2301815996533481e-18
A1	CORDA	training_samples=setx2,setx3	GL261	G3	17	6.8742203409261005e-28	3.803025386400767e-12
A1	CORDA	training_samples=setx2,setx3	GL261	G3	18	3.0927237965246969e-24	1.7109877961410582e-08
A1	CORDA	training_samples=setx2,setx3	GL261	G3	19	1.8073968881983291e-16	0.99990630329344099
A1	CORDA	training_samples=setx2,setx3	GL261	G4	0	0.0001800795759938	0.005839984979629868
A1	CORDA	training_samples=setx2,setx3	GL261	G4	1	9.607030924147476e-05	0.0031155624387849824
A1	CORDA	training_samples=setx2,setx3	GL261	G4	2	0.00032711161608010001	0.010608237575126271
A1	CORDA	training_samples=setx2,setx3	GL261	G4	3	0.00098226278559189993	0.031854805756004162
A1	CORDA	training_samples=setx2,setx3	GL261	G4	4	3.1873480242104891e-08	1.0336577306736361e-06
A1	CORDA	training_samples=setx2,setx3	GL261	G4	5	1.2603730989680521e-13	4.0873929906167658e-12
A1	CORDA	training_samples=setx2,setx3	GL261	G4	6	8.7252770211559804e-15	2.8296094360203805e-13
A1	CORDA	training_samples=setx2,setx3	GL261	G4	7	5.3671066637203524e-10	1.740553981606297e-08
A1	CORDA	training_samples=setx2,setx3	GL261	G4	8	3.3686900712609915e-14	1.0924670001371942e-12
A1	CORDA	training_samples=setx2,setx3	GL261	G4	9	4.404254263651602e-09	1.428300716738788e-07
A1	CORDA	training_samples=setx2,setx3	GL261	G4	10	2.0342837743190089e-07	6.5971871717072423e-06
A1	CORDA	training_samples=setx2,setx3	GL261	G4	11	2.8682318916986465e-17	9.3016829216613454e-16
A1	CORDA	training_samples=setx2,setx3	GL261	G4	12	6.860940966703765e-23	2.2250048052676843e-21
A1	CORDA	training_samples=setx2,setx3	GL261	G4	13	1.3619751922125066e-18	4.4168888233185243e-17
A1	CORDA	training_samples=setx2,setx3	GL261	G4	14	1.2556573602853247e-16	4.0720998387293266e-15
A1	CORDA	training_samples=setx2,setx3	GL261	G4	15	0.029224975291086999	0.94776665142680172
A1	CORDA	training_samples=setx2,setx3	GL261	G4	16	2.4883264530364938e-05	0.00080696486705683428
A1	CORDA	training_samples=setx2,setx3	GL261	G4	17	5.7681031094175917e-11	1.8705972253685694e-09
A1	CORDA	training_samples=setx2,setx3	GL261	G4	18	5.3270192902978402e-16	1.7275536367660611e-14
A1	CORDA	training_samples=setx2,setx3	GL261	G4	19	5.8517557588805054e-33	1.8977257997043107e-31
A1	CORDA	training_samples=setx2,setx3	GL261	G5	0	2.0724015903543408e-69	4.9306701796449766e-16
A1	CORDA	training_samples=setx2,setx3	GL261	G5	1	8.9578809263600031e-71	2.1312643534915376e-17
A1	CORDA	training_samples=setx2,setx3	GL261	G5	2	4.6462209873910894e-68	1.1054316584775873e-14
A1	CORDA	training_samples=setx2,setx3	GL261	G5	3	2.1253168917391168e-65	5.056566579164836e-12
A1	CORDA	training_samples=setx2,setx3	GL261	G5	4	3.6238584146236391e-85	8.6219054759484172e-32
A1	CORDA	training_samples=setx2,setx3	GL261	G5	5	1.4161311680834549e-102	3.3692676908923961e-49
A1	CORDA	training_samples=setx2,setx3	GL261	G5	6	6.4364342010561927e-106	1.5313602501611947e-52
A1	CORDA	training_samples=setx2,setx3	GL261	G5	7	2.6300401525363733e-91	6.2574071607244649e-38
A1	CORDA	training_samples=setx2,setx3	GL261	G5	8	3.0668727082901594e-104	7.2967217733835986e-51
A1	CORDA	training_samples=setx2,setx3	GL261	G5	9	3.287397137966221e-88	7.8213948070020786e-35
A1	CORDA	training_samples=setx2,setx3	GL261	G5	10	3.5230558227469999e-82	8.3820753503055944e-29
A1	CORDA	training_samples=setx2,setx3	GL261	G5	11	9.1204612598510717e-113	2.1699455630540185e-59
A1	CORDA	training_samples=setx2,setx3	GL261	G5	12	4.0542525448316771e-127	9.6459017482868134e-74
A1	CORDA	training_samples=setx2,setx3	GL261	G5	13	2.8434553931434242e-116	6.765165969461445e-63
A1	CORDA	training_samples=setx2,setx3	GL261	G5	14	4.9276285768942342e-111	1.1723843194071559e-57
A1	CORDA	training_samples=setx2,setx3	GL261	G5	15	4.2030829782515625e-54	0.99999999999493183
A1	CORDA	training_samples=setx2,setx3	GL261	G5	16	1.5231404891387336e-73	3.6238649034824059e-20
A1	CORDA	training_samples=setx2,setx3	GL261	G5	17	1.8556746703878775e-94	4.415032203695425e-41
A1	CORDA	training_samples=setx2,setx3	GL261	G5	18	2.5799806043161507e-109	6.1383051861048896e-56
A1	CORDA	training_samples=setx2,setx3	GL261	G5	19	2.7709547420975025e-150	6.5926719896359177e-97
A1	GIMME	training_samples=setx1,setx2	CT2A	C1	0	1.0550524834577309e-99	2.1624358159044852e-70
A1	GIMME	training_samples=setx1,setx2	CT2A	C1	1	6.8942802845017718e-99	1.4130518477366418e-69
A1	GIMME	training_samples=setx1,setx2	CT2A	C1	2	8.1329492626230231e-82	1.6669294703512818e-52
A1	GIMME	training_samples=setx1,setx2	CT2A	C1	3	5.1150227162569955e-76	1.0483751750954777e-46
A1	GIMME	training_samples=setx1,setx2	CT2A	C1	4	4.0137261337569577e-71	8.2265340188790803e-42
A1	GIMME	training_samples=setx1,setx2	CT2A	C1	5	1.331643685042808e-74	2.7293372071143666e-45
A1	GIMME	training_samples=setx1,setx2	CT2A	C1	6	1.6676951968172005e-72	3.4181084639415233e-43
A1	GIMME	training_samples=setx1,setx2	CT2A	C1	7	4.4786376283108404e-65	9.1794167264332936e-36
A1	GIMME	training_samples=setx1,setx2	CT2A	C1	8	2.6451962683067767e-59	5.4215948878079009e-30
A1	GIMME	training_samples=setx1,setx2	CT2A	C1	9	7.9213824816199429e-57	1.6235667379877393e-27
A1	GIMME	training_samples=setx1,setx2	CT2A	C1	10	3.4926803658271839e-44	7.1585984915352979e-15
A1	GIMME	training_samples=setx1,setx2	CT2A	C1	11	4.878998574922459e-30	0.99999966158858478
A1	GIMME	training_samples=setx1,setx2	CT2A	C1	12	8.2695840658728825e-54	1.6949341428087346e-24
A1	GIMME	training_samples=setx1,setx2	CT2A	C1	13	1.813104229222465e-47	3.7161388506372172e-18
A1	GIMME	training_samples=setx1,setx2	CT2A	C1	14	9.9074279322220151e-77	2.0306266598146657e-47
A1	GIMME	training_samples=setx1,setx2	CT2A	C1	15	6.8680799483816947e-79	1.4076818262350471e-49
A1	GIMME	training_samples=setx1,setx2	CT2A	C1	16	2.023236142182598e-64	4.1468252683975143e-35
A1	GIMME	training_samples=setx1,setx2	CT2A	C1	17	1.3076962531360156e-55	2.680254545098855e-26
A1	GIMME	training_samples=setx1,setx2	CT2A	C1	18	1.3684319953914703e-48	2.8047385365760439e-19
A1	GIMME	training_samples=setx1,setx2	CT2A	C1	19	1.6511093363508992e-36	3.3841140804655647e-07
A1	GIMME	training_samples=setx1,setx2	CT2A	C2	0	0.070433542445789393	0.50780713966642876
A1	GIMME	training_samples=setx1,setx2	CT2A	C2	1	0.068255203871184	0.49210189693145201
A1	GIMME	training_samples=setx1,setx2	CT2A	C2	2	1.2080941883619672e-05	8.7100383274333078e-05
A1	GIMME	training_samples=setx1,setx2	CT2A	C2	3	1.2035740534105649e-08	8.6774493546105284e-08
A1	GIMME	training_samples=setx1,setx2	CT2A	C2	4	5.4670210962332288e-12	3.9415770511769619e-11
A1	GIMME	training_samples=setx1,setx2	CT2A	C2	5	1.5618099548984304e-09	1.1260235086286484e-08
A1	GIMME	training_samples=setx1,setx2	CT2A	C2	6	5.7681031094174521e-11	4.1586491884157878e-10
A1	GIMME	training_samples=setx1,setx2	CT2A	C2	7	2.868231891698628e-17	2.0679190372180153e-16
A1	GIMME	training_samples=setx1,setx2	CT2A	C2	8	1.1812258007506333e-23	8.5163243867939924e-23
A1	GIMME	training_samples=setx1,setx2	CT2A	C2	9	7.5804023297944452e-27	5.4652688065155964e-26
A1	GIMME	training_samples=setx1,setx2	CT2A	C2	10	2.6184977827208589e-48	1.8878673755331695e-47
A1	GIMME	training_samples=setx1,setx2	CT2A	C2	11	1.0918057493137348e-86	7.8716295585600488e-86
A1	GIMME	training_samples=setx1,setx2	CT2A	C2	12	3.818622628808419e-31	2.7531255240969714e-30
A1	GIMME	training_samples=setx1,setx2	CT2A	C2	13	8.4358222132156967e-42	6.0820038295314711e-41
A1	GIMME	training_samples=setx1,setx2	CT2A	C2	14	3.1873480242104791e-08	2.2979932956538749e-07
A1	GIMME	training_samples=setx1,setx2	CT2A	C2	15	4.9027180053417495e-07	3.5347295059025195e-06
A1	GIMME	training_samples=setx1,setx2	CT2A	C2	16	6.3491210981558687e-18	4.5775477312273805e-17
A1	GIMME	training_samples=setx1,setx2	CT2A	C2	17	1.5904108914359383e-28	1.1466440244660726e-27
A1	GIMME	training_samples=setx1,setx2	CT2A	C2	18	9.6902663105513924e-40	6.9864247159717167e-39
A1	GIMME	training_samples=setx1,setx2	CT2A	C2	19	9.976344407487045e-67	7.1926794279761861e-66
A1	GIMME	training_samples=setx1,setx2	CT2A	C3	0	6.2140556282773401e-13	0.65394427922205667
A1	GIMME	training_samples=setx1,setx2	CT2A	C3	1	3.2883676991793954e-13	0.34605567981584018
A1	GIMME	training_samples=setx1,setx2	CT2A	C3	2	3.7410066861259055e-20	3.9368973618308172e-08
A1	GIMME	training_samples=setx1,setx2	CT2A	C3	3	4.3493744757386022e-23	4.5771211697249856e-11
A1	GIMME	training_samples=setx1,setx2	CT2A	C3	4	7.7900559170752584e-26	8.1979673284700365e-14
A1	GIMME	training_samples=setx1,setx2	CT2A	C3	5	7.4244377539124087e-24	7.8132042679463828e-12
A1	GIMME	training_samples=setx1,setx2	CT2A	C3	6	4.9365849664522552e-25	5.1950798171402865e-13
A1	GIMME	training_samples=setx1,setx2	CT2A	C3	7	1.3006051776206734e-29	1.3687088856451198e-17
A1	GIMME	training_samples=setx1,setx2	CT2A	C3	8	1.1490941639147253e-33	1.2092642868531933e-21
A1	GIMME	training_samples=setx1,setx2	CT2A	C3	9	1.4789446823400917e-35	1.5563867981823931e-23
A1	GIMME	training_samples=setx1,setx2	CT2A	C3	10	6.2635315366283781e-47	6.5915094120915662e-35
A1	GIMME	training_samples=setx1,setx2	CT2A	C3	11	1.9124089113087712e-64	2.0125485542689713e-52
A1	GIMME	training_samples=setx1,setx2	CT2A	C3	12	5.3724328523020035e-38	5.6537500457514903e-26
A1	GIMME	training_samples=setx1,setx2	CT2A	C3	13	1.1544422455461664e-43	1.2148924105728758e-31
A1	GIMME	training_samples=setx1,setx2	CT2A	C3	14	1.040375210342614e-22	1.0948524727587645e-10
A1	GIMME	training_samples=setx1,setx2	CT2A	C3	15	1.3583318720781558e-21	1.4294583282910578e-09
A1	GIMME	training_samples=setx1,setx2	CT2A	C3	16	4.7574420530285592e-30	5.0065564269351772e-18
A1	GIMME	training_samples=setx1,setx2	CT2A	C3	17	1.6005763652682341e-36	1.6843874920626633e-24
A1	GIMME	training_samples=setx1,setx2	CT2A	C3	18	1.329203910166433e-42	1.3988051362422289e-30
A1	GIMME	training_samples=setx1,setx2	CT2A	C3	19	1.2459558413501962e-55	1.311197941174756e-43
A1	GIMME	training_samples=setx1,setx2	CT2A	C4	0	5.4136073152276332e-45	3.1780512263153158e-44
A1	GIMME	training_samples=setx1,setx2	CT2A	C4	1	6.4765551771476113e-44	3.8020534044160349e-43
A1	GIMME	training_samples=setx1,setx2	CT2A	C4	2	1.181225800750608e-23	6.9343709028753442e-23
A1	GIMME	training_samples=setx1,setx2	CT2A	C4	3	6.3491210981557763e-18	3.7272433918990238e-17
A1	GIMME	training_samples=setx1,setx2	CT2A	C4	4	1.2603730989680077e-13	7.3990041012453554e-13
A1	GIMME	training_samples=setx1,setx2	CT2A	C4	5	1.2556573602852803e-16	7.3713204178325078e-16
A1	GIMME	training_samples=setx1,setx2	CT2A	C4	6	8.7252770211561066e-15	5.1221626768213493e-14
A1	GIMME	training_samples=setx1,setx2	CT2A	C4	7	4.404254263651573e-09	2.5855118128407862e-08
A1	GIMME	training_samples=setx1,setx2	CT2A	C4	8	1.2080941883619626e-05	7.0921014275057408e-05
A1	GIMME	training_samples=setx1,setx2	CT2A	C4	9	0.0001800795759938	0.0010571548396420287
A1	GIMME	training_samples=setx1,setx2	CT2A	C4	10	0.064098555289252804	0.37628974615327143
A1	GIMME	training_samples=setx1,setx2	CT2A	C4	11	1.2035740534105816e-08	7.0655660332872862e-08
A1	GIMME	training_samples=setx1,setx2	CT2A	C4	12	0.0026012635782901999	0.015270684450460413
A1	GIMME	training_samples=setx1,setx2	CT2A	C4	13	0.058333354357856998	0.34244520807892792
A1	GIMME	training_samples=setx1,setx2	CT2A	C4	14	1.3619751922124781e-18	7.9954578856259378e-18
A1	GIMME	training_samples=setx1,setx2	CT2A	C4	15	1.1134568099623191e-20	6.5365339122331497e-20
A1	GIMME	training_samples=setx1,setx2	CT2A	C4	16	1.2035740534105581e-08	7.0655660332871486e-08
A1	GIMME	training_samples=setx1,setx2	CT2A	C4	17	0.0005758159761973	0.0033803202979616792
A1	GIMME	training_samples=setx1,setx2	CT2A	C4	18	0.0439666198772551	0.25810547770026904
A1	GIMME	training_samples=setx1,setx2	CT2A	C4	19	0.0005758159761973	0.0033803202979616792
A1	GIMME	training_samples=setx1,setx2	CT2A	C5	0	1.9911653358474387e-175	3.1361275127922222e-158
A1	GIMME	training_samples=setx1,setx2	CT2A	C5	1	2.9408015976950124e-173	4.6318247079514695e-156
A1	GIMME	training_samples=setx1,setx2	CT2A	C5	2	5.5268592891497278e-129	8.7049202615094932e-112
A1	GIMME	training_samples=setx1,setx2	CT2A	C5	3	1.6027572812642502e-114	2.5243766128349269e-97
A1	GIMME	training_samples=setx1,setx2	CT2A	C5	4	1.3904675393609332e-102	2.1900157798691391e-85
A1	GIMME	training_samples=setx1,setx2	CT2A	C5	5	4.8308934725829253e-111	7.6087593822477397e-94
A1	GIMME	training_samples=setx1,setx2	CT2A	C5	6	6.3159515193710698e-106	9.9477572116990151e-89
A1	GIMME	training_samples=setx1,setx2	CT2A	C5	7	3.236263392080925e-88	5.0971832824860425e-71
A1	GIMME	training_samples=setx1,setx2	CT2A	C5	8	5.9126479348181348e-75	9.3125455370311853e-58
A1	GIMME	training_samples=setx1,setx2	CT2A	C5	9	2.0471516537727116e-69	3.2243071475138431e-52
A1	GIMME	training_samples=setx1,setx2	CT2A	C5	10	7.5085767764063151e-43	1.1826167212969598e-25
A1	GIMME	training_samples=setx1,setx2	CT2A	C5	11	6.3491210981556861e-18	0.9999999999749507
A1	GIMME	training_samples=setx1,setx2	CT2A	C5	12	8.479599345965606e-63	1.335554829504887e-45
A1	GIMME	training_samples=setx1,setx2	CT2A	C5	13	1.9302778928356642e-49	3.0402285024111854e-32
A1	GIMME	training_samples=setx1,setx2	CT2A	C5	14	2.7849811632562961e-116	4.3864042284459258e-99
A1	GIMME	training_samples=setx1,setx2	CT2A	C5	15	1.2101053792145391e-121	1.9059415633696799e-104
A1	GIMME	training_samples=setx1,setx2	CT2A	C5	16	1.0918057493136414e-86	1.7196171444949189e-69
A1	GIMME	training_samples=setx1,setx2	CT2A	C5	17	9.9763444074870423e-67	1.5712953419860119e-49
A1	GIMME	training_samples=setx1,setx2	CT2A	C5	18	9.5460520669728246e-52	1.5035233883799558e-34
A1	GIMME	training_samples=setx1,setx2	CT2A	C5	19	1.5904108914359379e-28	2.5049307877559415e-11
A1	GIMME	training_samples=setx1,setx2	GL261	G1	0	2.2533601618307415e-76	7.6851288961773198e-75
A1	GIMME	training_samples=setx1,setx2	GL261	G1	1	9.9763444074873204e-67	3.40245176882455e-65
A1	GIMME	training_samples=setx1,setx2	GL261	G1	2	4.590739048531518e-68	1.5656805296502439e-66
A1	GIMME	training_samples=setx1,setx2	GL261	G1	3	2.1009537732945809e-65	7.1653439277816404e-64
A1	GIMME	training_samples=setx1,setx2	GL261	G1	4	2.0471516537727683e-69	6.9818507470569311e-68
A1	GIMME	training_samples=setx1,setx2	GL261	G1	5	8.4795993459658457e-63	2.8919839387212594e-61
A1	GIMME	training_samples=setx1,setx2	GL261	G1	6	2.6230194761633628e-55	8.9458592163630871e-54
A1	GIMME	training_samples=setx1,setx2	GL261	G1	7	4.1634437992765155e-54	1.419950649319841e-52
A1	GIMME	training_samples=setx1,setx2	GL261	G1	8	6.404129929927276e-53	2.1841410358196874e-51
A1	GIMME	training_samples=setx1,setx2	GL261	G1	9	4.3851622545864745e-46	1.4955681620717307e-44
A1	GIMME	training_samples=setx1,setx2	GL261	G1	10	3.8186226288084711e-31	1.3023487148370432e-29
A1	GIMME	training_samples=setx1,setx2	GL261	G1	11	1.1134568099623423e-20	3.7974662239234926e-19
A1	GIMME	training_samples=setx1,setx2	GL261	G1	12	3.1863987093599424e-25	1.0867275108009827e-23
A1	GIMME	training_samples=setx1,setx2	GL261	G1	13	2.8312682595737691e-19	9.656095764470349e-18
A1	GIMME	training_samples=setx1,setx2	GL261	G1	14	9.6070309241474719e-05	0.0032764966831423281
A1	GIMME	training_samples=setx1,setx2	GL261	G1	15	0.029224975291086999	0.99672349721993203
A1	GIMME	training_samples=setx1,setx2	GL261	G1	16	7.9084356732004001e-35	2.6971874512192228e-33
A1	GIMME	training_samples=setx1,setx2	GL261	G1	17	1.7873454641632787e-10	6.0957766569072943e-09
A1	GIMME	training_samples=setx1,setx2	GL261	G1	18	3.3686900712609915e-14	1.1488983362464402e-12
A1	GIMME	training_samples=setx1,setx2	GL261	G1	19	1.1134568099623423e-20	3.7974662239234926e-19
A1	GIMME	training_samples=setx1,setx2	GL261	G2	0	4.4330029854487979e-33	0.99335966262641184
A1	GIMME	training_samples=setx1,setx2	GL261	G2	1	2.1855232220063442e-36	0.00048973813408217622
A1	GIMME	training_samples=setx1,setx2	GL261	G2	2	6.6405049961664184e-36	0.0014880228649322813
A1	GIMME	training_samples=setx1,setx2	GL261	G2	3	7.136920018091359e-37	0.00015992609264270941
A1	GIMME	training_samples=setx1,setx2	GL261	G2	4	2.0019253404749608e-35	0.0044859700914822243
A1	GIMME	training_samples=setx1,setx2	GL261	G2	5	7.4340400875258907e-38	1.6658404195837271e-05
A1	GIMME	training_samples=setx1,setx2	GL261	G2	6	6.9629485686109654e-41	1.5602769192135332e-08
A1	GIMME	training_samples=setx1,setx2	GL261	G2	7	2.1191337699490383e-41	4.7486140065472936e-09
A1	GIMME	training_samples=setx1,setx2	GL261	G2	8	6.3991846809961009e-42	1.433947136210836e-09
A1	GIMME	training_samples=setx1,setx2	GL261	G2	9	4.1166609183926501e-45	9.2247285067592938e-13
A1	GIMME	training_samples=setx1,setx2	GL261	G2	10	1.2597007542782112e-53	2.8227725548291164e-21
A1	GIMME	training_samples=setx1,setx2	GL261	G2	11	1.2665562936640516e-61	2.83813463853128e-29
A1	GIMME	training_samples=setx1,setx2	GL261	G2	12	7.3319833834295627e-58	1.6429712689238548e-25
A1	GIMME	training_samples=setx1,setx2	GL261	G2	13	6.6257370999277347e-63	1.4847136335887622e-30
A1	GIMME	training_samples=setx1,setx2	GL261	G2	14	9.3089644598594038e-84	2.0859786978715542e-51
A1	GIMME	training_samples=setx1,setx2	GL261	G2	15	9.6137810098593592e-94	2.1542828398414129e-61
A1	GIMME	training_samples=setx1,setx2	GL261	G2	16	1.1422766674956532e-164	2.5596453888573862e-132
A1	GIMME	training_samples=setx1,setx2	GL261	G2	17	7.2437531109577442e-131	1.6232003835931361e-98
A1	GIMME	training_samples=setx1,setx2	GL261	G2	18	1.6668098193062828e-137	3.7350338928338265e-105
A1	GIMME	training_samples=setx1,setx2	GL261	G2	19	2.8184506725902482e-147	6.315662810161602e-115
A1	GIMME	training_samples=setx1,setx2	GL261	G3	0	6.2351194592976594e-60	1.2519531479030287e-58
A1	GIMME	training_samples=setx1,setx2	GL261	G3	1	1.3076962531361449e-55	2.6257306717251061e-54
A1	GIMME	training_samples=setx1,setx2	GL261	G3	2	3.231166979158594e-56	6.4878783756511889e-55
A1	GIMME	training_samples=setx1,setx2	GL261	G3	3	5.2510168990686508e-55	1.0543546405799759e-53
A1	GIMME	training_samples=setx1,setx2	GL261	G3	4	7.9213824816208394e-57	1.5905388498725274e-55
A1	GIMME	training_samples=setx1,setx2	GL261	G3	5	8.2695840658738203e-54	1.6604544420846847e-52
A1	GIMME	training_samples=setx1,setx2	GL261	G3	6	2.675111181929207e-50	5.3713708086422384e-49
A1	GIMME	training_samples=setx1,setx2	GL261	G3	7	1.000875147053861e-49	2.0096628447807396e-48
A1	GIMME	training_samples=setx1,setx2	GL261	G3	8	3.7154124586284871e-49	7.4601976011892257e-48
A1	GIMME	training_samples=setx1,setx2	GL261	G3	9	8.2440390612222269e-46	1.6553252462135341e-44
A1	GIMME	training_samples=setx1,setx2	GL261	G3	10	5.5494426937486433e-38	1.114275723969638e-36
A1	GIMME	training_samples=setx1,setx2	GL261	G3	11	8.0875978753245851e-32	1.6239133323881818e-30
A1	GIMME	training_samples=setx1,setx2	GL261	G3	12	1.363718117540846e-34	2.7382172887830617e-33
A1	GIMME	training_samples=setx1,setx2	GL261	G3	13	6.3811213273065758e-31	1.281268945209994e-29
A1	GIMME	training_samples=setx1,setx2	GL261	G3	14	4.205398614679519e-19	8.4440435635664936e-18
A1	GIMME	training_samples=setx1,setx2	GL261	G3	15	6.1940816840814349e-15	1.2437131499045499e-13
A1	GIMME	training_samples=setx1,setx2	GL261	G3	16	0.045862411414551399	0.92087394180157522
A1	GIMME	training_samples=setx1,setx2	GL261	G3	17	2.9663825575238588e-05	0.00059562162441631256
A1	GIMME	training_samples=setx1,setx2	GL261	G3	18	0.00028259676934979999	0.00567427644785752
A1	GIMME	training_samples=setx1,setx2	GL261	G3	19	0.0036284653502599001	0.072856160126026609
A1	GIMME	training_samples=setx1,setx2	GL261	G4	0	5.6839528961428143e-06	3.4214747431185806e-05
A1	GIMME	training_samples=setx1,setx2	GL261	G4	1	0.0005758159761973	0.0034661438179408341
A1	GIMME	training_samples=setx1,setx2	GL261	G4	2	0.00032711161608010001	0.0019690594785862258
A1	GIMME	training_samples=setx1,setx2	GL261	G4	3	0.00098226278559189993	0.0059127641861505395
A1	GIMME	training_samples=setx1,setx2	GL261	G4	4	0.0001800795759938	0.0010839951214803465
A1	GIMME	training_samples=setx1,setx2	GL261	G4	5	0.0026012635782901999	0.01565839442363063
A1	GIMME	training_samples=setx1,setx2	GL261	G4	6	0.022730241206001599	0.13682545864182621
A1	GIMME	training_samples=setx1,setx2	GL261	G4	7	0.029224975291086999	0.17592073096625174
A1	GIMME	training_samples=setx1,setx2	GL261	G4	8	0.036413338420271897	0.21919132687066406
A1	GIMME	training_samples=setx1,setx2	GL261	G4	9	0.070433542445789393	0.42397710000407413
A1	GIMME	training_samples=setx1,setx2	GL261	G4	10	0.0026012635782901999	0.01565839442363063
A1	GIMME	training_samples=setx1,setx2	GL261	G4	11	4.9027180053417558e-07	2.9512077482719602e-06
A1	GIMME	training_samples=setx1,setx2	GL261	G4	12	4.9667254564720361e-05	0.00029897372507881173
A1	GIMME	training_samples=setx1,setx2	GL261	G4	13	8.1797944893341242e-08	4.9238550636388057e-07
A1	GIMME	training_samples=setx1,setx2	GL261	G4	14	4.992499944618323e-26	3.0052522914333649e-25
A1	GIMME	training_samples=setx1,setx2	GL261	G4	15	9.8167776144110368e-38	5.9092426134129786e-37
A1	GIMME	training_samples=setx1,setx2	GL261	G4	16	2.391784184944745e-154	1.4397426103464473e-153
A1	GIMME	training_samples=setx1,setx2	GL261	G4	17	6.9803424691307049e-93	4.2018408478817575e-92
A1	GIMME	training_samples=setx1,setx2	GL261	G4	18	3.0103826545782135e-104	1.8121100593129947e-103
A1	GIMME	training_samples=setx1,setx2	GL261	G4	19	1.2101053792145389e-121	7.2842704138244266e-121
A1	GIMME	training_samples=setx1,setx2	GL261	G5	0	6.8870661794775197e-23	0.99987053311496532
A1	GIMME	training_samples=setx1,setx2	GL261	G5	1	1.5981031499370174e-28	2.3201406910561353e-06
A1	GIMME	training_samples=setx1,setx2	GL261	G5	2	1.1206019120213622e-27	1.6269000500115001e-05
A1	GIMME	training_samples=setx1,setx2	GL261	G5	3	2.2085923806728729e-29	3.206454509871672e-07
A1	GIMME	training_samples=setx1,setx2	GL261	G5	4	7.6147425460665204e-27	0.00011055152499850596
A1	GIMME	training_samples=setx1,setx2	GL261	G5	5	3.8389197602983646e-31	5.573378630734021e-09
A1	GIMME	training_samples=setx1,setx2	GL261	G5	6	9.4856033154477365e-37	1.3771285184097553e-14
A1	GIMME	training_samples=setx1,setx2	GL261	G5	7	9.8807871490280323e-38	1.4345016668684976e-15
A1	GIMME	training_samples=setx1,setx2	GL261	G5	8	9.9741396083539047e-39	1.4480546618363538e-16
A1	GIMME	training_samples=setx1,setx2	GL261	G5	9	5.4561012808736581e-45	7.9212174738391403e-23
A1	GIMME	training_samples=setx1,setx2	GL261	G5	10	8.5738677514996271e-63	1.244761919828031e-40
A1	GIMME	training_samples=setx1,setx2	GL261	G5	11	1.0479236620446328e-80	1.5213851055397339e-58
A1	GIMME	training_samples=setx1,setx2	GL261	G5	12	3.752269016365833e-72	5.4475782924291532e-50
A1	GIMME	training_samples=setx1,setx2	GL261	G5	13	1.1478013101179065e-83	1.666388383601553e-61
A1	GIMME	training_samples=setx1,setx2	GL261	G5	14	1.2718424724247736e-134	1.8464724714436946e-112
A1	GIMME	training_samples=setx1,setx2	GL261	G5	15	1.6241072129243681e-160	2.3578936262606723e-138
A1	GIMME	training_samples=setx1,setx2	GL261	G5	16	0	0
A1	GIMME	training_samples=setx1,setx2	GL261	G5	17	1.3678411815407898e-262	1.9858442706405792e-240
A1	GIMME	training_samples=setx1,setx2	GL261	G5	18	1.3544832412378348e-281	1.9664510913912886e-259
A1	GIMME	training_samples=setx1,setx2	GL261	G5	19	6.6557887479238457e-310	9.6629346520844271e-288
A1	GIMME	training_samples=setx1,setx2,setx3	CT2A	C1	0	4.4698491437569312e-98	1.1087861378690282e-25
A1	GIMME	training_samples=setx1,setx2,setx3	CT2A	C1	1	1.8351345192953176e-96	4.5522156356475038e-24
A1	GIMME	training_samples=setx1,setx2,setx3	CT2A	C1	2	4.5514356351282671e-94	1.1290243982130617e-21
A1	GIMME	training_samples=setx1,setx2,setx3	CT2A	C1	3	1.7274840056386825e-92	4.2851788891307435e-20
A1	GIMME	training_samples=setx1,setx2,setx3	CT2A	C1	4	7.3012829528437427e-95	1.8111486688716805e-22
A1	GIMME	training_samples=setx1,setx2,setx3	CT2A	C1	5	2.8150537442002697e-93	6.9829930911317105e-21
A1	GIMME	training_samples=setx1,setx2,setx3	CT2A	C1	6	6.3538345382413832e-91	1.5761255988147528e-18
A1	GIMME	training_samples=setx1,setx2,setx3	CT2A	C1	7	1.0517933932323138e-91	2.6090677712179084e-19
A1	GIMME	training_samples=setx1,setx2,setx3	CT2A	C1	8	3.808293598845047e-90	9.4468135624497591e-18
A1	GIMME	training_samples=setx1,setx2,setx3	CT2A	C1	9	2.2647173308658525e-89	5.6178342979719022e-17
A1	GIMME	training_samples=setx1,setx2,setx3	CT2A	C1	10	4.5435896405208967e-87	1.1270781289367042e-14
A1	GIMME	training_samples=setx1,setx2,setx3	CT2A	C1	11	1.3362466932386596e-88	3.3146796739342549e-16
A1	GIMME	training_samples=setx1,setx2,setx3	CT2A	C1	12	2.6698617790404561e-83	6.6228314097827649e-11
A1	GIMME	training_samples=setx1,setx2,setx3	CT2A	C1	13	4.7807135713747156e-84	1.1858988450351322e-11
A1	GIMME	training_samples=setx1,setx2,setx3	CT2A	C1	14	1.4971585482551957e-85	3.7138359508531799e-13
A1	GIMME	training_samples=setx1,setx2,setx3	CT2A	C1	15	1.2891543949436147e-79	3.1978630077099184e-07
A1	GIMME	training_samples=setx1,setx2,setx3	CT2A	C1	16	3.630402766512781e-78	9.0055394106822647e-06
A1	GIMME	training_samples=setx1,setx2,setx3	CT2A	C1	17	1.903984182565295e-77	4.7230033955371751e-05
A1	GIMME	training_samples=setx1,setx2,setx3	CT2A	C1	18	3.3595780683044823e-73	0.83337344760899257
A1	GIMME	training_samples=setx1,setx2,setx3	CT2A	C1	19	6.7149356654685102e-74	0.16656999695287036
A1	GIMME	training_samples=setx1,setx2,setx3	CT2A	C2	0	0.064098555289252804	0.24981331769609327
A1	GIMME	training_samples=setx1,setx2,setx3	CT2A	C2	1	0.051444848942493598	0.20049762954413217
A1	GIMME	training_samples=setx1,setx2,setx3	CT2A	C2	2	0.029224975291086999	0.11389941636136831
A1	GIMME	training_samples=setx1,setx2,setx3	CT2A	C2	3	0.017132083107920699	0.066769406906624168
A1	GIMME	training_samples=setx1,setx2,setx3	CT2A	C2	4	0.036413338420271897	0.14191485031307607
A1	GIMME	training_samples=setx1,setx2,setx3	CT2A	C2	5	0.022730241206001599	0.088587284722402668
A1	GIMME	training_samples=setx1,setx2,setx3	CT2A	C2	6	0.0088570916411464997	0.034519022121924883
A1	GIMME	training_samples=setx1,setx2,setx3	CT2A	C2	7	0.012513319605294299	0.048768554484320221
A1	GIMME	training_samples=setx1,setx2,setx3	CT2A	C2	8	0.0060752754823726	0.023677362419800091
A1	GIMME	training_samples=setx1,setx2,setx3	CT2A	C2	9	0.0040382857803161996	0.015738538318583475
A1	GIMME	training_samples=setx1,setx2,setx3	CT2A	C2	10	0.00098226278559189993	0.0038282036812031131
A1	GIMME	training_samples=setx1,setx2,setx3	CT2A	C2	11	0.0026012635782901999	0.010137986445439295
A1	GIMME	training_samples=setx1,setx2,setx3	CT2A	C2	12	4.9667254564719758e-05	0.00019356975500740199
A1	GIMME	training_samples=setx1,setx2,setx3	CT2A	C2	13	9.6070309241474679e-05	0.00037441784101686893
A1	GIMME	training_samples=setx1,setx2,setx3	CT2A	C2	14	0.00032711161608010001	0.001274862400582088
A1	GIMME	training_samples=setx1,setx2,setx3	CT2A	C2	15	1.1450343880344711e-06	4.4625785723280923e-06
A1	GIMME	training_samples=setx1,setx2,setx3	CT2A	C2	16	2.0342837743190359e-07	7.9282782038486251e-07
A1	GIMME	training_samples=setx1,setx2,setx3	CT2A	C2	17	8.1797944893341096e-08	3.187937060720913e-07
A1	GIMME	training_samples=setx1,setx2,setx3	CT2A	C2	18	1.7873454641632736e-10	6.9658777527323583e-10
A1	GIMME	training_samples=setx1,setx2,setx3	CT2A	C2	19	5.3671066637203369e-10	2.0917393785903178e-09
A1	GIMME	training_samples=setx1,setx2,setx3	CT2A	C3	0	1.72652682119921e-13	0.70928683929447656
A1	GIMME	training_samples=setx1,setx2,setx3	CT2A	C3	1	4.6486023557074565e-14	0.19097256014397954
A1	GIMME	training_samples=setx1,setx2,setx3	CT2A	C3	2	6.1228538493816591e-15	0.025153734080270322
A1	GIMME	training_samples=setx1,setx2,setx3	CT2A	C3	3	1.5239831013679816e-15	0.0062607840424783552
A1	GIMME	training_samples=setx1,setx2,setx3	CT2A	C3	4	1.2128925888908291e-14	0.049827708449992812
A1	GIMME	training_samples=setx1,setx2,setx3	CT2A	C3	5	3.0667132015466718e-15	0.012598583972398696
A1	GIMME	training_samples=setx1,setx2,setx3	CT2A	C3	6	3.6758458076518153e-16	0.0015101005224073384
A1	GIMME	training_samples=setx1,setx2,setx3	CT2A	C3	7	7.5140634669053798e-16	0.0030869061871842594
A1	GIMME	training_samples=setx1,setx2,setx3	CT2A	C3	8	1.7841338418879215e-16	0.00073295279172786365
A1	GIMME	training_samples=setx1,setx2,setx3	CT2A	C3	9	8.591822487019794e-17	0.00035296680832126688
A1	GIMME	training_samples=setx1,setx2,setx3	CT2A	C3	10	9.1534582083493928e-18	3.7603976732343584e-05
A1	GIMME	training_samples=setx1,setx2,setx3	CT2A	C3	11	4.1051674727740858e-17	0.00016864732280938384
A1	GIMME	training_samples=setx1,setx2,setx3	CT2A	C3	12	1.8728633664408568e-19	7.6940440270170303e-07
A1	GIMME	training_samples=setx1,setx2,setx3	CT2A	C3	13	4.1413933189378434e-19	1.7013554272063971e-06
A1	GIMME	training_samples=setx1,setx2,setx3	CT2A	C3	14	1.9778365706857161e-18	8.1252919597756654e-06
A1	GIMME	training_samples=setx1,setx2,setx3	CT2A	C3	15	3.148617906557648e-21	1.2935062552559015e-08
A1	GIMME	training_samples=setx1,setx2,setx3	CT2A	C3	16	5.8140604147967317e-22	2.3885157672870526e-09
A1	GIMME	training_samples=setx1,setx2,setx3	CT2A	C3	17	2.469112672061639e-22	1.0143538469979377e-09
A1	GIMME	training_samples=setx1,setx2,setx3	CT2A	C3	18	1.2281494424313935e-24	5.0454486168849754e-12
A1	GIMME	training_samples=setx1,setx2,setx3	CT2A	C3	19	3.0315416090178413e-24	1.2454093036078344e-11
A1	GIMME	training_samples=setx1,setx2,setx3	CT2A	C4	0	7.5085767764059981e-43	2.7573715084416725e-28
A1	GIMME	training_samples=setx1,setx2,setx3	CT2A	C4	1	9.1844561969436102e-41	3.3728040069538631e-26
A1	GIMME	training_samples=setx1,setx2,setx3	CT2A	C4	2	9.8167776144104793e-38	3.6050111365632041e-23
A1	GIMME	training_samples=setx1,setx2,setx3	CT2A	C4	3	8.7705562601886935e-36	3.2208077063313509e-21
A1	GIMME	training_samples=setx1,setx2,setx3	CT2A	C4	4	9.9077311757218478e-39	3.6384119748338244e-24
A1	GIMME	training_samples=setx1,setx2,setx3	CT2A	C4	5	9.4258370487924143e-37	3.4614461961983944e-22
A1	GIMME	training_samples=setx1,setx2,setx3	CT2A	C4	6	6.9105127182896186e-34	2.537744694575297e-19
A1	GIMME	training_samples=setx1,setx2,setx3	CT2A	C4	7	7.9084356732000687e-35	2.9042115238333287e-20
A1	GIMME	training_samples=setx1,setx2,setx3	CT2A	C4	8	5.8517557588803432e-33	2.1489378192946203e-18
A1	GIMME	training_samples=setx1,setx2,setx3	CT2A	C4	9	4.8019579012859917e-32	1.7634209912254637e-17
A1	GIMME	training_samples=setx1,setx2,setx3	CT2A	C4	10	2.1976181754734915e-29	8.0703040322172035e-15
A1	GIMME	training_samples=setx1,setx2,setx3	CT2A	C4	11	3.818622628808363e-31	1.4023111904845875e-16
A1	GIMME	training_samples=setx1,setx2,setx3	CT2A	C4	12	3.1863987093599443e-25	1.1701398650317741e-10
A1	GIMME	training_samples=setx1,setx2,setx3	CT2A	C4	13	4.9924999446181835e-26	1.8333936660864813e-11
A1	GIMME	training_samples=setx1,setx2,setx3	CT2A	C4	14	1.115379557573242e-27	4.0960036831678243e-13
A1	GIMME	training_samples=setx1,setx2,setx3	CT2A	C4	15	2.1064633545431978e-21	7.735556564654379e-07
A1	GIMME	training_samples=setx1,setx2,setx3	CT2A	C4	16	5.7036002553125499e-20	2.0945307356991854e-05
A1	GIMME	training_samples=setx1,setx2,setx3	CT2A	C4	17	2.8312682595737103e-19	0.00010397254585229887
A1	GIMME	training_samples=setx1,setx2,setx3	CT2A	C4	18	2.1900479756560571e-15	0.80425040190970132
A1	GIMME	training_samples=setx1,setx2,setx3	CT2A	C4	19	5.3270192902977288e-16	0.19562390654566714
A1	GIMME	training_samples=setx1,setx2,setx3	CT2A	C5	0	4.2090139459564939e-171	3.2143607238224718e-64
A1	GIMME	training_samples=setx1,setx2,setx3	CT2A	C5	1	7.8465428766252209e-167	5.9922869261678157e-60
A1	GIMME	training_samples=setx1,setx2,setx3	CT2A	C5	2	1.5779640584791418e-160	1.2050674476979477e-53
A1	GIMME	training_samples=setx1,setx2,setx3	CT2A	C5	3	2.1486093393091406e-156	1.6408606765839498e-49
A1	GIMME	training_samples=setx1,setx2,setx3	CT2A	C5	4	1.2900343830310299e-162	9.8517987976235583e-56
A1	GIMME	training_samples=setx1,setx2,setx3	CT2A	C5	5	1.8704631855506169e-158	1.4284446371971973e-51
A1	GIMME	training_samples=setx1,setx2,setx3	CT2A	C5	6	2.5801369429645078e-152	1.9704118252009755e-45
A1	GIMME	training_samples=setx1,setx2,setx3	CT2A	C5	7	2.3917841849446102e-154	1.826569653286952e-47
A1	GIMME	training_samples=setx1,setx2,setx3	CT2A	C5	8	2.6972410507248084e-150	2.0598424731902981e-43
A1	GIMME	training_samples=setx1,setx2,setx3	CT2A	C5	9	2.7324548901813973e-148	2.0867347534102268e-41
A1	GIMME	training_samples=setx1,setx2,setx3	CT2A	C5	10	2.3528277848514737e-142	1.7968192357286572e-35
A1	GIMME	training_samples=setx1,setx2,setx3	CT2A	C5	11	2.6825169669661238e-146	2.0485979116051185e-39
A1	GIMME	training_samples=setx1,setx2,setx3	CT2A	C5	12	9.7823553493699234e-133	7.4706378323352688e-26
A1	GIMME	training_samples=setx1,setx2,setx3	CT2A	C5	13	1.2415388184111906e-134	9.481445455498478e-28
A1	GIMME	training_samples=setx1,setx2,setx3	CT2A	C5	14	1.8199637953264481e-138	1.389879011471606e-31
A1	GIMME	training_samples=setx1,setx2,setx3	CT2A	C5	15	1.854396679118885e-123	1.416174887582133e-16
A1	GIMME	training_samples=setx1,setx2,setx3	CT2A	C5	16	7.6524408003626975e-120	5.8440540862766504e-13
A1	GIMME	training_samples=setx1,setx2,setx3	CT2A	C5	17	4.6895697759113252e-118	3.5813539923752312e-11
A1	GIMME	training_samples=setx1,setx2,setx3	CT2A	C5	18	1.2841392159955828e-107	0.98067782925303926
A1	GIMME	training_samples=setx1,setx2,setx3	CT2A	C5	19	2.5301231869893233e-109	0.019322170710562633
A1	GIMME	training_samples=setx1,setx2,setx3	GL261	G1	0	1.0220254268680723e-164	1.1433781616146091e-52
A1	GIMME	training_samples=setx1,setx2,setx3	GL261	G1	1	1.5779640584792312e-160	1.7653275513964354e-48
A1	GIMME	training_samples=setx1,setx2,setx3	GL261	G1	2	1.8704631855507232e-158	2.0925572908851487e-46
A1	GIMME	training_samples=setx1,setx2,setx3	GL261	G1	3	2.1486093393092614e-156	2.4037298210238377e-44
A1	GIMME	training_samples=setx1,setx2,setx3	GL261	G1	4	2.391784184944745e-154	2.6757786376620429e-42
A1	GIMME	training_samples=setx1,setx2,setx3	GL261	G1	5	2.6972410507251145e-150	3.017504685240703e-38
A1	GIMME	training_samples=setx1,setx2,setx3	GL261	G1	6	2.5801369429646536e-152	2.8864959295593645e-40
A1	GIMME	training_samples=setx1,setx2,setx3	GL261	G1	7	2.5520441928425889e-144	2.8550675167774085e-32
A1	GIMME	training_samples=setx1,setx2,setx3	GL261	G1	8	2.352827784851607e-142	2.6321966523702378e-30
A1	GIMME	training_samples=setx1,setx2,setx3	GL261	G1	9	2.102075575928637e-140	2.3516707553407139e-28
A1	GIMME	training_samples=setx1,setx2,setx3	GL261	G1	10	1.8199637953265504e-138	2.0360617297775221e-26
A1	GIMME	training_samples=setx1,setx2,setx3	GL261	G1	11	1.2415388184112607e-134	1.3889560224723086e-22
A1	GIMME	training_samples=setx1,setx2,setx3	GL261	G1	12	9.7823553493704756e-133	1.094388767792159e-20
A1	GIMME	training_samples=setx1,setx2,setx3	GL261	G1	13	7.4693498778963214e-131	8.356241740498125e-19
A1	GIMME	training_samples=setx1,setx2,setx3	GL261	G1	14	3.9630563637778835e-127	4.4336197324142998e-15
A1	GIMME	training_samples=setx1,setx2,setx3	GL261	G1	15	2.7538376087377229e-125	3.0808213765411086e-13
A1	GIMME	training_samples=setx1,setx2,setx3	GL261	G1	16	7.6524408003626947e-120	8.5610724196911473e-08
A1	GIMME	training_samples=setx1,setx2,setx3	GL261	G1	17	1.2101053792145389e-121	1.353790255577341e-09
A1	GIMME	training_samples=setx1,setx2,setx3	GL261	G1	18	4.6895697759115885e-118	5.2463975241560906e-06
A1	GIMME	training_samples=setx1,setx2,setx3	GL261	G1	19	8.9385997594435808e-113	0.99999466663764891
A1	GIMME	training_samples=setx1,setx2,setx3	GL261	G2	0	2.6649788388288062e-14	0.66255189623271316
A1	GIMME	training_samples=setx1,setx2,setx3	GL261	G2	1	6.8814787249942612e-15	0.17108341393561455
A1	GIMME	training_samples=setx1,setx2,setx3	GL261	G2	2	3.4560292143430568e-15	0.085921834576553613
A1	GIMME	training_samples=setx1,setx2,setx3	GL261	G2	3	1.7221624877495789e-15	0.042815425220441218
A1	GIMME	training_samples=setx1,setx2,setx3	GL261	G2	4	8.5147506049443936e-16	0.021168889137348035
A1	GIMME	training_samples=setx1,setx2,setx3	GL261	G2	5	2.033156485622648e-16	0.0050547181285654401
A1	GIMME	training_samples=setx1,setx2,setx3	GL261	G2	6	4.1770610790222523e-16	0.01038477190986745
A1	GIMME	training_samples=setx1,setx2,setx3	GL261	G2	7	2.2370581223980872e-17	0.00055616467920211409
A1	GIMME	training_samples=setx1,setx2,setx3	GL261	G2	8	1.0553137465566718e-17	0.00026236610727042522
A1	GIMME	training_samples=setx1,setx2,setx3	GL261	G2	9	4.9395457185585783e-18	0.00012280417895541116
A1	GIMME	training_samples=setx1,setx2,setx3	GL261	G2	10	2.2940005111389906e-18	5.7032137233851668e-05
A1	GIMME	training_samples=setx1,setx2,setx3	GL261	G2	11	4.832921848023849e-19	1.2015335687092878e-05
A1	GIMME	training_samples=setx1,setx2,setx3	GL261	G2	12	2.19239868767619e-19	5.4506170430094089e-06
A1	GIMME	training_samples=setx1,setx2,setx3	GL261	G2	13	9.8680281861070319e-20	2.4533330965045873e-06
A1	GIMME	training_samples=setx1,setx2,setx3	GL261	G2	14	1.9527890773083121e-20	4.8549132445710411e-07
A1	GIMME	training_samples=setx1,setx2,setx3	GL261	G2	15	8.5855761652049323e-21	2.1344971620888454e-07
A1	GIMME	training_samples=setx1,setx2,setx3	GL261	G2	16	6.9617478610091885e-22	1.7307901958548997e-08
A1	GIMME	training_samples=setx1,setx2,setx3	GL261	G2	17	1.6210668386646445e-21	4.0302042636452787e-08
A1	GIMME	training_samples=setx1,setx2,setx3	GL261	G2	18	2.9664480361409893e-22	7.3750145509026918e-09
A1	GIMME	training_samples=setx1,setx2,setx3	GL261	G2	19	2.1897706512334197e-23	5.4440833681330585e-10
A1	GIMME	training_samples=setx1,setx2,setx3	GL261	G3	0	1.1620879886907057e-95	4.3959899905532133e-21
A1	GIMME	training_samples=setx1,setx2,setx3	GL261	G3	1	4.5514356351291709e-94	1.7217341276556527e-19
A1	GIMME	training_samples=setx1,setx2,setx3	GL261	G3	2	2.8150537442008283e-93	1.0648890792098039e-18
A1	GIMME	training_samples=setx1,setx2,setx3	GL261	G3	3	1.7274840056390251e-92	6.5347912305555194e-18
A1	GIMME	training_samples=setx1,setx2,setx3	GL261	G3	4	1.0517933932324929e-91	3.9787634617834839e-17
A1	GIMME	training_samples=setx1,setx2,setx3	GL261	G3	5	3.8082935988456954e-90	1.4406155733934955e-15
A1	GIMME	training_samples=setx1,setx2,setx3	GL261	G3	6	6.3538345382424645e-91	2.4035523388564359e-16
A1	GIMME	training_samples=setx1,setx2,setx3	GL261	G3	7	7.8225499059879723e-88	2.9591434918856706e-13
A1	GIMME	training_samples=setx1,setx2,setx3	GL261	G3	8	4.5435896405216692e-87	1.7187661154142241e-12
A1	GIMME	training_samples=setx1,setx2,setx3	GL261	G3	9	2.6184176390013561e-86	9.905048364802876e-12
A1	GIMME	training_samples=setx1,setx2,setx3	GL261	G3	10	1.4971585482554503e-85	5.6635074593769247e-11
A1	GIMME	training_samples=setx1,setx2,setx3	GL261	G3	11	4.7807135713753922e-84	1.8084662445522972e-09
A1	GIMME	training_samples=setx1,setx2,setx3	GL261	G3	12	2.66986177904091e-83	1.009965318551124e-08
A1	GIMME	training_samples=setx1,setx2,setx3	GL261	G3	13	1.4793600655613322e-82	5.5961786920789075e-08
A1	GIMME	training_samples=setx1,setx2,setx3	GL261	G3	14	4.4362018033929569e-81	1.6781430419706329e-06
A1	GIMME	training_samples=setx1,setx2,setx3	GL261	G3	15	2.4008420235350971e-80	9.0819951734040497e-06
A1	GIMME	training_samples=setx1,setx2,setx3	GL261	G3	16	3.630402766513398e-78	0.0013733223627283527
A1	GIMME	training_samples=setx1,setx2,setx3	GL261	G3	17	6.8680799483826679e-79	0.00025980830196365757
A1	GIMME	training_samples=setx1,setx2,setx3	GL261	G3	18	1.9039841825656191e-77	0.0072024627138262106
A1	GIMME	training_samples=setx1,setx2,setx3	GL261	G3	19	2.6201326005061646e-75	0.99115357854480346
A1	GIMME	training_samples=setx1,setx2,setx3	GL261	G4	0	9.6902663105515246e-40	3.3375496996972459e-23
A1	GIMME	training_samples=setx1,setx2,setx3	GL261	G4	1	9.8167776144110368e-38	3.3811230908376785e-21
A1	GIMME	training_samples=setx1,setx2,setx3	GL261	G4	2	9.4258370487928136e-37	3.2464742044641614e-20
A1	GIMME	training_samples=setx1,setx2,setx3	GL261	G4	3	8.7705562601890624e-36	3.0207804898507241e-19
A1	GIMME	training_samples=setx1,setx2,setx3	GL261	G4	4	7.9084356732004012e-35	2.7238464104360321e-18
A1	GIMME	training_samples=setx1,setx2,setx3	GL261	G4	5	5.8517557588805054e-33	2.0154787340041299e-16
A1	GIMME	training_samples=setx1,setx2,setx3	GL261	G4	6	6.9105127182899094e-34	2.3801388845803329e-17
A1	GIMME	training_samples=setx1,setx2,setx3	GL261	G4	7	2.9427364714802262e-30	1.0135458522932963e-13
A1	GIMME	training_samples=setx1,setx2,setx3	GL261	G4	8	2.1976181754735688e-29	7.5691004215379131e-13
A1	GIMME	training_samples=setx1,setx2,setx3	GL261	G4	9	1.5904108914359486e-28	5.4777394376947398e-12
A1	GIMME	training_samples=setx1,setx2,setx3	GL261	G4	10	1.1153795575732732e-27	3.8416227048101116e-11
A1	GIMME	training_samples=setx1,setx2,setx3	GL261	G4	11	4.9924999446183236e-26	1.7195313479419779e-09
A1	GIMME	training_samples=setx1,setx2,setx3	GL261	G4	12	3.1863987093600338e-25	1.0974687087763835e-08
A1	GIMME	training_samples=setx1,setx2,setx3	GL261	G4	13	1.9707811636549183e-24	6.7878217895449113e-08
A1	GIMME	training_samples=setx1,setx2,setx3	GL261	G4	14	6.860940966703765e-23	2.3630652377560293e-06
A1	GIMME	training_samples=setx1,setx2,setx3	GL261	G4	15	3.8618079937152552e-22	1.3300951384254777e-05
A1	GIMME	training_samples=setx1,setx2,setx3	GL261	G4	16	5.7036002553126703e-20	0.0019644505846639106
A1	GIMME	training_samples=setx1,setx2,setx3	GL261	G4	17	1.1134568099623426e-20	0.00038350003215795625
A1	GIMME	training_samples=setx1,setx2,setx3	GL261	G4	18	2.8312682595737691e-19	0.0097515364662511071
A1	GIMME	training_samples=setx1,setx2,setx3	GL261	G4	19	2.8682318916986465e-17	0.98788476828311622
A1	GIMME	training_samples=setx1,setx2,setx3	GL261	G5	0	0.043967410574656897	0.30490851387934709
A1	GIMME	training_samples=setx1,setx2,setx3	GL261	G5	1	0.029226443269621101	0.20268174238252276
A1	GIMME	training_samples=setx1,setx2,setx3	GL261	G5	2	0.022731834019216302	0.15764243647649281
A1	GIMME	training_samples=setx1,setx2,setx3	GL261	G5	3	0.017133666112364401	0.11881983958903469
A1	GIMME	training_samples=setx1,setx2,setx3	GL261	G5	4	0.0125147862482914	0.086788483256362375
A1	GIMME	training_samples=setx1,setx2,setx3	GL261	G5	5	0.0060763341838685004	0.042138620437782687
A1	GIMME	training_samples=setx1,setx2,setx3	GL261	G5	6	0.0088583714418569003	0.061431702172715777
A1	GIMME	training_samples=setx1,setx2,setx3	GL261	G5	7	0.0016242348542065	0.011263866329954015
A1	GIMME	training_samples=setx1,setx2,setx3	GL261	G5	8	0.00098257530456289993	0.0068140373056563295
A1	GIMME	training_samples=setx1,setx2,setx3	GL261	G5	9	0.00057602346762919995	0.0039946509739576157
A1	GIMME	training_samples=setx1,setx2,setx3	GL261	G5	10	0.00032724409873849999	0.0022693970492693948
A1	GIMME	training_samples=setx1,setx2,setx3	GL261	G5	11	9.611851605153556e-05	0.00066656993219552552
A1	GIMME	training_samples=setx1,setx2,setx3	GL261	G5	12	4.9694765384166367e-05	0.00034462700583970499
A1	GIMME	training_samples=setx1,setx2,setx3	GL261	G5	13	2.4898406070658331e-05	0.00017266734369262291
A1	GIMME	training_samples=setx1,setx2,setx3	GL261	G5	14	5.688074667294678e-06	3.9446089068508125e-05
A1	GIMME	training_samples=setx1,setx2,setx3	GL261	G5	15	2.5935709364273392e-06	1.798609127831035e-05
A1	GIMME	training_samples=setx1,setx2,setx3	GL261	G5	16	2.0362942699990171e-07	1.41214470347797e-06
A1	GIMME	training_samples=setx1,setx2,setx3	GL261	G5	17	4.9072225692852712e-07	3.4030977065054042e-06
A1	GIMME	training_samples=setx1,setx2,setx3	GL261	G5	18	8.1884676198277202e-08	5.6786002638735298e-07
A1	GIMME	training_samples=setx1,setx2,setx3	GL261	G5	19	4.4099412988414779e-09	3.0582393417090734e-08
A1	GIMME	training_samples=setx1,setx3	CT2A	C1	0	9.2836311235305325e-18	1.3684317717354368e-17
A1	GIMME	training_samples=setx1,setx3	CT2A	C1	1	3.7227175921917439e-16	5.4873841523512503e-16
A1	GIMME	training_samples=setx1,setx3	CT2A	C1	2	2.4102922332507933e-14	3.5528344752814843e-14
A1	GIMME	training_samples=setx1,setx3	CT2A	C1	3	9.0890545683990482e-14	1.3397506730862375e-13
A1	GIMME	training_samples=setx1,setx3	CT2A	C1	4	2.0298705311284289e-09	2.9920828287383133e-09
A1	GIMME	training_samples=setx1,setx3	CT2A	C1	5	1.4085818743081559e-06	2.076286922913512e-06
A1	GIMME	training_samples=setx1,setx3	CT2A	C1	6	0.042066515173201501	0.062007155522685112
A1	GIMME	training_samples=setx1,setx3	CT2A	C1	7	0.062790583847255999	0.092554980652577015
A1	GIMME	training_samples=setx1,setx3	CT2A	C1	8	0.015884731066482201	0.023414513553593891
A1	GIMME	training_samples=setx1,setx3	CT2A	C1	9	0.070641292138082706	0.10412713223081474
A1	GIMME	training_samples=setx1,setx3	CT2A	C1	10	0.00086202686004759998	0.0012706503820348533
A1	GIMME	training_samples=setx1,setx3	CT2A	C1	11	0.0023189925304007001	0.0034182562994927003
A1	GIMME	training_samples=setx1,setx3	CT2A	C1	12	0.070088649789269097	0.10331252279786751
A1	GIMME	training_samples=setx1,setx3	CT2A	C1	13	0.056695983033420203	0.083571377923512671
A1	GIMME	training_samples=setx1,setx3	CT2A	C1	14	0.059900283241953102	0.08829460114639677
A1	GIMME	training_samples=setx1,setx3	CT2A	C1	15	0.045862411414551399	0.067602406938597578
A1	GIMME	training_samples=setx1,setx3	CT2A	C1	16	0.067389617174798994	0.099334077366930951
A1	GIMME	training_samples=setx1,setx3	CT2A	C1	17	0.068996301595944498	0.10170237268133131
A1	GIMME	training_samples=setx1,setx3	CT2A	C1	18	0.049609665042450797	0.073125957856267285
A1	GIMME	training_samples=setx1,setx3	CT2A	C1	19	0.065305419823334904	0.096261915368721709
A1	GIMME	training_samples=setx1,setx3	CT2A	C2	0	2.3528277848512064e-142	0.99999999989033883
A1	GIMME	training_samples=setx1,setx3	CT2A	C2	1	2.580136942964362e-152	1.0966110479031893e-10
A1	GIMME	training_samples=setx1,setx3	CT2A	C2	2	1.0220254268680151e-164	4.3438173985206136e-23
A1	GIMME	training_samples=setx1,setx3	CT2A	C2	3	5.8378272611839267e-169	2.481196158142501e-27
A1	GIMME	training_samples=setx1,setx3	CT2A	C2	4	3.1296409448815525e-207	1.330161503824757e-65
A1	GIMME	training_samples=setx1,setx3	CT2A	C2	5	1.041607392248826e-241	4.427044762226292e-100
A1	GIMME	training_samples=setx1,setx3	CT2A	C2	6	0	0
A1	GIMME	training_samples=setx1,setx3	CT2A	C2	7	0	0
A1	GIMME	training_samples=setx1,setx3	CT2A	C2	8	0	0
A1	GIMME	training_samples=setx1,setx3	CT2A	C2	9	0	0
A1	GIMME	training_samples=setx1,setx3	CT2A	C2	10	8.8940000817897991e-293	3.780132204353806e-151
A1	GIMME	training_samples=setx1,setx3	CT2A	C2	11	3.7170494437324334e-304	1.5798221473144855e-162
A1	GIMME	training_samples=setx1,setx3	CT2A	C2	12	0	0
A1	GIMME	training_samples=setx1,setx3	CT2A	C2	13	0	0
A1	GIMME	training_samples=setx1,setx3	CT2A	C2	14	0	0
A1	GIMME	training_samples=setx1,setx3	CT2A	C2	15	0	0
A1	GIMME	training_samples=setx1,setx3	CT2A	C2	16	0	0
A1	GIMME	training_samples=setx1,setx3	CT2A	C2	17	0	0
A1	GIMME	training_samples=setx1,setx3	CT2A	C2	18	0	0
A1	GIMME	training_samples=setx1,setx3	CT2A	C2	19	0	0
A1	GIMME	training_samples=setx1,setx3	CT2A	C3	0	4.2076028624830929e-87	0.99986066185441824
A1	GIMME	training_samples=setx1,setx3	CT2A	C3	1	5.8635034065314248e-91	0.00013933554540316849
A1	GIMME	training_samples=setx1,setx3	CT2A	C3	2	1.06782193008355e-95	2.537485539036637e-09
A1	GIMME	training_samples=setx1,setx3	CT2A	C3	3	2.6382410424613984e-97	6.2693023107466425e-11
A1	GIMME	training_samples=setx1,setx3	CT2A	C3	4	1.6186911652042462e-111	3.846526567918268e-25
A1	GIMME	training_samples=setx1,setx3	CT2A	C3	5	5.8153397446969371e-124	1.3819102315681883e-37
A1	GIMME	training_samples=setx1,setx3	CT2A	C3	6	2.9672950340744297e-164	7.0512395624146417e-78
A1	GIMME	training_samples=setx1,setx3	CT2A	C3	7	1.2439630800613536e-170	2.9560531000746356e-84
A1	GIMME	training_samples=setx1,setx3	CT2A	C3	8	6.0908416752762388e-156	1.4473782787328458e-69
A1	GIMME	training_samples=setx1,setx3	CT2A	C3	9	4.8567087898218128e-176	1.1541089365453204e-89
A1	GIMME	training_samples=setx1,setx3	CT2A	C3	10	6.3935203092583692e-142	1.5193043775576681e-55
A1	GIMME	training_samples=setx1,setx3	CT2A	C3	11	7.3784942697530836e-146	1.7533656110526033e-59
A1	GIMME	training_samples=setx1,setx3	CT2A	C3	12	5.9546975981779323e-175	1.4150261030442071e-88
A1	GIMME	training_samples=setx1,setx3	CT2A	C3	13	1.7151720649000032e-168	4.0757959628182889e-82
A1	GIMME	training_samples=setx1,setx3	CT2A	C3	14	1.4664380922734298e-169	3.4847246981949066e-83
A1	GIMME	training_samples=setx1,setx3	CT2A	C3	15	2.6179773964250042e-165	6.221149423699751e-79
A1	GIMME	training_samples=setx1,setx3	CT2A	C3	16	8.7429533917228764e-173	2.0776046244182565e-86
A1	GIMME	training_samples=setx1,setx3	CT2A	C3	17	7.2437770946753915e-174	1.7213525128019648e-87
A1	GIMME	training_samples=setx1,setx3	CT2A	C3	18	2.2917053271621453e-166	5.4458229069636826e-80
A1	GIMME	training_samples=setx1,setx3	CT2A	C3	19	1.0469814030281405e-171	2.4879617986646201e-85
A1	GIMME	training_samples=setx1,setx3	CT2A	C4	0	2.1976181754734139e-29	0.99996855547850871
A1	GIMME	training_samples=setx1,setx3	CT2A	C4	1	6.9105127182893244e-34	3.1444477014461411e-05
A1	GIMME	training_samples=setx1,setx3	CT2A	C4	2	9.6902663105511119e-40	4.4093017217044215e-11
A1	GIMME	training_samples=setx1,setx3	CT2A	C4	3	8.4358222132158165e-42	3.8384998117362843e-13
A1	GIMME	training_samples=setx1,setx3	CT2A	C4	4	1.6251337338281088e-61	7.3947451400442292e-33
A1	GIMME	training_samples=setx1,setx3	CT2A	C4	5	1.0330320760537451e-80	4.700541724596441e-52
A1	GIMME	training_samples=setx1,setx3	CT2A	C4	6	2.5801369429639215e-152	1.1740236955569266e-123
A1	GIMME	training_samples=setx1,setx3	CT2A	C4	7	1.0220254268678988e-164	4.6504588521035496e-136
A1	GIMME	training_samples=setx1,setx3	CT2A	C4	8	1.5269802064669851e-136	6.9481232379056585e-108
A1	GIMME	training_samples=setx1,setx3	CT2A	C4	9	1.9911653358472123e-175	9.0602760153141269e-147
A1	GIMME	training_samples=setx1,setx3	CT2A	C4	10	4.830893472582926e-111	2.1981714664371397e-82
A1	GIMME	training_samples=setx1,setx3	CT2A	C4	11	4.6895697759107925e-118	2.1338658220839418e-89
A1	GIMME	training_samples=setx1,setx3	CT2A	C4	12	2.9408015976943444e-173	1.3381346943773855e-144
A1	GIMME	training_samples=setx1,setx3	CT2A	C4	13	1.577964058478963e-160	7.1801118946165302e-132
A1	GIMME	training_samples=setx1,setx3	CT2A	C4	14	1.29003438303081e-162	5.8699633672215882e-134
A1	GIMME	training_samples=setx1,setx3	CT2A	C4	15	2.3917841849443383e-154	1.0883187093772134e-125
A1	GIMME	training_samples=setx1,setx3	CT2A	C4	16	5.8378272611832619e-169	2.6563502971761382e-140
A1	GIMME	training_samples=setx1,setx3	CT2A	C4	17	4.2090139459560168e-171	1.9152014860906641e-142
A1	GIMME	training_samples=setx1,setx3	CT2A	C4	18	2.1486093393087752e-156	9.7766836900745372e-128
A1	GIMME	training_samples=setx1,setx3	CT2A	C4	19	7.8465428766243292e-167	3.5703636934782598e-138
A1	GIMME	training_samples=setx1,setx3	CT2A	C5	0	0.00098226278559189993	0.0084548012554538487
A1	GIMME	training_samples=setx1,setx3	CT2A	C5	1	0.0088570916411466003	0.076237184820263024
A1	GIMME	training_samples=setx1,setx3	CT2A	C5	2	0.0439666198772551	0.37844153152181065
A1	GIMME	training_samples=setx1,setx3	CT2A	C5	3	0.058333354357856901	0.50210282308766097
A1	GIMME	training_samples=setx1,setx3	CT2A	C5	4	0.0040382857803161996	0.034759439313100639
A1	GIMME	training_samples=setx1,setx3	CT2A	C5	5	4.9027180053417474e-07	4.2200017097992167e-06
A1	GIMME	training_samples=setx1,setx3	CT2A	C5	6	6.9105127182895185e-34	5.9482057615790241e-33
A1	GIMME	training_samples=setx1,setx3	CT2A	C5	7	9.6902663105513876e-40	8.3408714012067953e-39
A1	GIMME	training_samples=setx1,setx3	CT2A	C5	8	7.5804023297944438e-27	6.5248114939192151e-26
A1	GIMME	training_samples=setx1,setx3	CT2A	C5	9	5.4136073152278616e-45	4.6597483480697694e-44
A1	GIMME	training_samples=setx1,setx3	CT2A	C5	10	1.2556573602853156e-16	1.0808037911935016e-15
A1	GIMME	training_samples=setx1,setx3	CT2A	C5	11	2.8312682595737493e-19	2.4370067548824146e-18
A1	GIMME	training_samples=setx1,setx3	CT2A	C5	12	6.4765551771476093e-44	5.5746779421931592e-43
A1	GIMME	training_samples=setx1,setx3	CT2A	C5	13	9.8167776144109011e-38	8.4497656753654129e-37
A1	GIMME	training_samples=setx1,setx3	CT2A	C5	14	9.9077311757217094e-39	8.5280537155557204e-38
A1	GIMME	training_samples=setx1,setx3	CT2A	C5	15	7.90843567320029e-35	6.8071653369376309e-34
A1	GIMME	training_samples=setx1,setx3	CT2A	C5	16	8.4358222132160561e-42	7.2611119229266187e-41
A1	GIMME	training_samples=setx1,setx3	CT2A	C5	17	7.5085767764063151e-43	6.4629878365571296e-42
A1	GIMME	training_samples=setx1,setx3	CT2A	C5	18	8.7705562601889394e-36	7.5492333790280116e-35
A1	GIMME	training_samples=setx1,setx3	CT2A	C5	19	9.1844561969438712e-41	7.9054966678585185e-40
A1	GIMME	training_samples=setx1,setx3	GL261	G1	0	4.6225309327401824e-96	2.8369156185510689e-35
A1	GIMME	training_samples=setx1,setx3	GL261	G1	1	1.824736503097375e-94	1.1198677868681265e-33
A1	GIMME	training_samples=setx1,setx3	GL261	G1	2	2.5876738521115214e-91	1.5880937247551783e-30
A1	GIMME	training_samples=setx1,setx3	GL261	G1	3	3.236263392081016e-88	1.9861427205847389e-27
A1	GIMME	training_samples=setx1,setx3	GL261	G1	4	3.5694650147366691e-85	2.1906334857504877e-24
A1	GIMME	training_samples=setx1,setx3	GL261	G1	5	8.3221481047213423e-78	5.1074254086567846e-17
A1	GIMME	training_samples=setx1,setx3	GL261	G1	6	5.9126479348183007e-75	3.628679508551502e-14
A1	GIMME	training_samples=setx1,setx3	GL261	G1	7	3.704704265076436e-72	2.2736318143960877e-11
A1	GIMME	training_samples=setx1,setx3	GL261	G1	8	1.130881550434782e-83	6.9403873761811457e-23
A1	GIMME	training_samples=setx1,setx3	GL261	G1	9	1.0918057493136715e-86	6.7005734038771015e-26
A1	GIMME	training_samples=setx1,setx3	GL261	G1	10	1.0330320760538328e-80	6.3398706761798002e-20
A1	GIMME	training_samples=setx1,setx3	GL261	G1	11	2.9784924622445856e-79	1.8279448875141204e-18
A1	GIMME	training_samples=setx1,setx3	GL261	G1	12	3.4720609838803465e-82	2.1308551910312508e-21
A1	GIMME	training_samples=setx1,setx3	GL261	G1	13	2.7849811632564533e-116	1.7091841405438212e-55
A1	GIMME	training_samples=setx1,setx3	GL261	G1	14	6.2238088067138463e-101	3.8196435389077393e-40
A1	GIMME	training_samples=setx1,setx3	GL261	G1	15	1.1347905969040336e-97	6.9643777726622524e-37
A1	GIMME	training_samples=setx1,setx3	GL261	G1	16	9.2960527786079919e-90	5.7051251148415773e-29
A1	GIMME	training_samples=setx1,setx3	GL261	G1	17	8.8465444239678523e-71	5.4292551876301065e-10
A1	GIMME	training_samples=setx1,setx3	GL261	G1	18	4.2876348926226848e-64	0.0026313849643219921
A1	GIMME	training_samples=setx1,setx3	GL261	G1	19	1.6251337338282926e-61	0.99736861446997982
A1	GIMME	training_samples=setx1,setx3	GL261	G2	0	2.2216495580760848e-27	1.7707457797374491e-05
A1	GIMME	training_samples=setx1,setx3	GL261	G2	1	8.4841673051301478e-28	6.762229171353025e-06
A1	GIMME	training_samples=setx1,setx3	GL261	G2	2	1.2085923006956087e-28	9.6329761284818763e-07
A1	GIMME	training_samples=setx1,setx3	GL261	G2	3	1.6686097211647754e-29	1.3299503565000231e-07
A1	GIMME	training_samples=setx1,setx3	GL261	G2	4	2.2327189711512282e-30	1.7795685557759686e-08
A1	GIMME	training_samples=setx1,setx3	GL261	G2	5	1.275120750928266e-32	1.0163235151799523e-10
A1	GIMME	training_samples=setx1,setx3	GL261	G2	6	1.5291349719672589e-33	1.2187832632815421e-11
A1	GIMME	training_samples=setx1,setx3	GL261	G2	7	1.7772342552138112e-34	1.4165285634652325e-12
A1	GIMME	training_samples=setx1,setx3	GL261	G2	8	8.07189193890549e-31	6.4336288022362041e-09
A1	GIMME	training_samples=setx1,setx3	GL261	G2	9	6.1276488905637983e-30	4.883987383714597e-08
A1	GIMME	training_samples=setx1,setx3	GL261	G2	10	1.0305312188728189e-31	8.2137563058639659e-10
A1	GIMME	training_samples=setx1,setx3	GL261	G2	11	3.6391980383770917e-32	2.9005900344001723e-10
A1	GIMME	training_samples=setx1,setx3	GL261	G2	12	2.8954608867016731e-31	2.3078010331934859e-09
A1	GIMME	training_samples=setx1,setx3	GL261	G2	13	1.2541696499136077e-22	0.99962462872970304
A1	GIMME	training_samples=setx1,setx3	GL261	G2	14	3.8061076426237161e-26	0.00030336238318516947
A1	GIMME	training_samples=setx1,setx3	GL261	G2	15	5.7722212841666525e-27	4.6006970097930886e-05
A1	GIMME	training_samples=setx1,setx3	GL261	G2	16	4.5083409518910567e-29	3.5933325691077359e-07
A1	GIMME	training_samples=setx1,setx3	GL261	G2	17	5.9881922218348534e-35	4.7728347013708207e-13
A1	GIMME	training_samples=setx1,setx3	GL261	G2	18	2.3124232156147662e-37	1.8430961062836165e-15
A1	GIMME	training_samples=setx1,setx3	GL261	G2	19	2.371283957925653e-38	1.8900105310453125e-16
A1	GIMME	training_samples=setx1,setx3	GL261	G3	0	2.1158192404152251e-68	6.1279292993778117e-16
A1	GIMME	training_samples=setx1,setx3	GL261	G3	1	9.9410879571196631e-68	2.8791818788910541e-15
A1	GIMME	training_samples=setx1,setx3	GL261	G3	2	2.1434423255047561e-66	6.2079325006088038e-14
A1	GIMME	training_samples=setx1,setx3	GL261	G3	3	4.4786376283114738e-65	1.2971228458268418e-12
A1	GIMME	training_samples=setx1,setx3	GL261	G3	4	9.0685172491952237e-64	2.6264640897372101e-11
A1	GIMME	training_samples=setx1,setx3	GL261	G3	5	1.4582121581479861e-60	4.2233385716212506e-08
A1	GIMME	training_samples=setx1,setx3	GL261	G3	6	2.6451962683070761e-59	7.6611344700611985e-07
A1	GIMME	training_samples=setx1,setx3	GL261	G3	7	4.6499825619908119e-58	1.3467485236417153e-05
A1	GIMME	training_samples=setx1,setx3	GL261	G3	8	4.0328776960623978e-63	1.1680198819658217e-10
A1	GIMME	training_samples=setx1,setx3	GL261	G3	9	2.0232361421828267e-64	5.8597860339001109e-12
A1	GIMME	training_samples=setx1,setx3	GL261	G3	10	7.7900413865608489e-62	2.256186253732324e-09
A1	GIMME	training_samples=setx1,setx3	GL261	G3	11	3.3836521544023891e-61	9.7998830806530057e-09
A1	GIMME	training_samples=setx1,setx3	GL261	G3	12	1.7794380735767499e-62	5.1536872806579817e-10
A1	GIMME	training_samples=setx1,setx3	GL261	G3	13	9.9074279322234219e-77	2.8694331135504482e-24
A1	GIMME	training_samples=setx1,setx3	GL261	G3	14	1.9460180043857969e-70	5.6361434466642798e-18
A1	GIMME	training_samples=setx1,setx3	GL261	G3	15	4.4679907667653468e-69	1.2940392546783783e-16
A1	GIMME	training_samples=setx1,setx3	GL261	G3	16	9.836358161233277e-66	2.8488495720251754e-13
A1	GIMME	training_samples=setx1,setx3	GL261	G3	17	1.9267777580434165e-57	5.5804189939149129e-05
A1	GIMME	training_samples=setx1,setx3	GL261	G3	18	2.0920353159578538e-54	0.060590452450349129
A1	GIMME	training_samples=setx1,setx3	GL261	G3	19	3.2433019290230633e-53	0.93933945480563041
A1	GIMME	training_samples=setx1,setx3	GL261	G4	0	1.8039054232093787e-11	3.0971260259089975e-09
A1	GIMME	training_samples=setx1,setx3	GL261	G4	1	5.7681031094174689e-11	9.9032588019609963e-09
A1	GIMME	training_samples=setx1,setx3	GL261	G4	2	5.3671066637203524e-10	9.2147878254416292e-08
A1	GIMME	training_samples=setx1,setx3	GL261	G4	3	4.404254263651602e-09	7.5616661101931793e-07
A1	GIMME	training_samples=setx1,setx3	GL261	G4	4	3.1873480242104891e-08	5.472359244781832e-06
A1	GIMME	training_samples=setx1,setx3	GL261	G4	5	2.591530841777437e-06	0.00044494004584425169
A1	GIMME	training_samples=setx1,setx3	GL261	G4	6	1.2080941883619663e-05	0.0020741774509821205
A1	GIMME	training_samples=setx1,setx3	GL261	G4	7	4.9667254564719779e-05	0.008527373152089391
A1	GIMME	training_samples=setx1,setx3	GL261	G4	8	8.1797944893341229e-08	1.4043892808100515e-05
A1	GIMME	training_samples=setx1,setx3	GL261	G4	9	1.2035740534105683e-08	2.066416829267436e-06
A1	GIMME	training_samples=setx1,setx3	GL261	G4	10	4.9027180053417558e-07	8.4174787306874003e-05
A1	GIMME	training_samples=setx1,setx3	GL261	G4	11	1.1450343880344728e-06	0.00019659100516661223
A1	GIMME	training_samples=setx1,setx3	GL261	G4	12	2.0342837743190377e-07	3.4926627197109919e-05
A1	GIMME	training_samples=setx1,setx3	GL261	G4	13	1.3619751922125066e-18	2.3383758151461344e-16
A1	GIMME	training_samples=setx1,setx3	GL261	G4	14	4.5697604034165113e-13	7.8458236753950529e-11
A1	GIMME	training_samples=setx1,setx3	GL261	G4	15	5.4670210962332458e-12	9.3863309591991989e-10
A1	GIMME	training_samples=setx1,setx3	GL261	G4	16	1.5618099548984352e-09	2.6814722083566005e-07
A1	GIMME	training_samples=setx1,setx3	GL261	G4	17	9.607030924147476e-05	0.016494315679783926
A1	GIMME	training_samples=setx1,setx3	GL261	G4	18	0.0016237826889832	0.27878732231554704
A1	GIMME	training_samples=setx1,setx3	GL261	G4	19	0.0040382857803161996	0.69333346578801391
A1	GIMME	training_samples=setx1,setx3	GL261	G5	0	3.376178810781449e-14	1.0579842252848916e-06
A1	GIMME	training_samples=setx1,setx3	GL261	G5	1	8.7456064087504439e-15	2.7405875516607467e-07
A1	GIMME	training_samples=setx1,setx3	GL261	G5	2	5.3406097722285341e-16	1.6735727605352501e-08
A1	GIMME	training_samples=setx1,setx3	GL261	G5	3	2.8762128262580846e-17	9.0131120692591506e-10
A1	GIMME	training_samples=setx1,setx3	GL261	G5	4	1.3660935661329914e-18	4.2808912804513399e-11
A1	GIMME	training_samples=setx1,setx3	GL261	G5	5	3.875984250187035e-22	1.2146069340448881e-14
A1	GIMME	training_samples=setx1,setx3	GL261	G5	6	1.1858884042964214e-23	3.7161871305136378e-16
A1	GIMME	training_samples=setx1,setx3	GL261	G5	7	3.1998888721714518e-25	1.0027407134394249e-17
A1	GIMME	training_samples=setx1,setx3	GL261	G5	8	2.8401817346296044e-19	8.9002023903020006e-12
A1	GIMME	training_samples=setx1,setx3	GL261	G5	9	6.3675457714667486e-18	1.9953809787793933e-10
A1	GIMME	training_samples=setx1,setx3	GL261	G5	10	1.1172476234441755e-20	3.5010893308325105e-13
A1	GIMME	training_samples=setx1,setx3	GL261	G5	11	2.1139127818874717e-21	6.6243125800182084e-14
A1	GIMME	training_samples=setx1,setx3	GL261	G5	12	5.7222803069118304e-20	1.7931758466222438e-12
A1	GIMME	training_samples=setx1,setx3	GL261	G5	13	3.1909650428879714e-08	0.9999442766568386
A1	GIMME	training_samples=setx1,setx3	GL261	G5	14	1.6087029447754682e-12	5.0411498742504621e-05
A1	GIMME	training_samples=setx1,setx3	GL261	G5	15	1.2630433748957672e-13	3.9579656214388077e-06
A1	GIMME	training_samples=setx1,setx3	GL261	G5	16	1.2590044801199864e-16	3.9453090436926411e-09
A1	GIMME	training_samples=setx1,setx3	GL261	G5	17	5.0143703111389918e-26	1.5713399633871956e-18
A1	GIMME	training_samples=setx1,setx3	GL261	G5	18	2.9579010757004812e-30	9.2690963762076e-23
A1	GIMME	training_samples=setx1,setx3	GL261	G5	19	4.8282721092373533e-32	1.5130228620129811e-24
A1	GIMME	training_samples=setx2,setx3	CT2A	C1	0	2.4008420235347571e-80	4.9889101766317055e-32
A1	GIMME	training_samples=setx2,setx3	CT2A	C1	1	2.61841763900091e-86	5.4410287215194972e-38
A1	GIMME	training_samples=setx2,setx3	CT2A	C1	2	1.4793600655610805e-82	3.0740858472287464e-34
A1	GIMME	training_samples=setx2,setx3	CT2A	C1	3	2.620132600505792e-75	5.4445923832766506e-27
A1	GIMME	training_samples=setx2,setx3	CT2A	C1	4	4.4679907667648407e-69	9.2844112136089116e-21
A1	GIMME	training_samples=setx2,setx3	CT2A	C1	5	8.2136780805897001e-72	1.7067887750273503e-23
A1	GIMME	training_samples=setx2,setx3	CT2A	C1	6	1.9460180043855759e-70	4.0437933570047622e-22
A1	GIMME	training_samples=setx2,setx3	CT2A	C1	7	1.4582121581478203e-60	3.0301408439864486e-12
A1	GIMME	training_samples=setx2,setx3	CT2A	C1	8	6.235119459296953e-60	1.2956475527366415e-11
A1	GIMME	training_samples=setx2,setx3	CT2A	C1	9	3.2311669791582739e-56	6.7143117567500662e-08
A1	GIMME	training_samples=setx2,setx3	CT2A	C1	10	4.6499825619902841e-58	9.6625871661969667e-10
A1	GIMME	training_samples=setx2,setx3	CT2A	C1	11	1.9267777580431969e-57	4.0038124420434891e-09
A1	GIMME	training_samples=setx2,setx3	CT2A	C1	12	5.2510168990680553e-55	1.0911526618005496e-06
A1	GIMME	training_samples=setx2,setx3	CT2A	C1	13	3.7154124586281187e-49	0.77205658862734006
A1	GIMME	training_samples=setx2,setx3	CT2A	C1	14	1.8665209842934057e-51	0.00387859985878125
A1	GIMME	training_samples=setx2,setx3	CT2A	C1	15	7.0940268389451142e-51	0.014741270913779206
A1	GIMME	training_samples=setx2,setx3	CT2A	C1	16	1.0008751470537619e-49	0.20798020684937329
A1	GIMME	training_samples=setx2,setx3	CT2A	C1	17	1.2620604390318736e-52	0.00026225408028056536
A1	GIMME	training_samples=setx2,setx3	CT2A	C1	18	4.8726137405030064e-52	0.0010125211087816917
A1	GIMME	training_samples=setx2,setx3	CT2A	C1	19	3.2433019290227406e-53	6.7395279826734281e-05
A1	GIMME	training_samples=setx2,setx3	CT2A	C2	0	2.5915308417774331e-06	0.0042956265203206497
A1	GIMME	training_samples=setx2,setx3	CT2A	C2	1	0.0005758159761973	0.95445145328888792
A1	GIMME	training_samples=setx2,setx3	CT2A	C2	2	2.4883264530364927e-05	0.041245587089165599
A1	GIMME	training_samples=setx2,setx3	CT2A	C2	3	4.4042542636516044e-09	7.3003304117350498e-06
A1	GIMME	training_samples=setx2,setx3	CT2A	C2	4	1.260373098968017e-13	2.0891482447928021e-10
A1	GIMME	training_samples=setx2,setx3	CT2A	C2	5	1.8039054232093732e-11	2.9900875000869169e-08
A1	GIMME	training_samples=setx2,setx3	CT2A	C2	6	1.6056244459874609e-12	2.6614242210323779e-09
A1	GIMME	training_samples=setx2,setx3	CT2A	C2	7	3.8618079937152288e-22	6.4011913602431716e-19
A1	GIMME	training_samples=setx2,setx3	CT2A	C2	8	6.8609409667037191e-23	1.1372444230960081e-19
A1	GIMME	training_samples=setx2,setx3	CT2A	C2	9	1.1153795575732661e-27	1.8488122658996005e-24
A1	GIMME	training_samples=setx2,setx3	CT2A	C2	10	3.1863987093600118e-25	5.2816576903458974e-22
A1	GIMME	training_samples=setx2,setx3	CT2A	C2	11	4.9924999446182909e-26	8.2753848879887386e-23
A1	GIMME	training_samples=setx2,setx3	CT2A	C2	12	2.1976181754735386e-29	3.6426913251119837e-26
A1	GIMME	training_samples=setx2,setx3	CT2A	C2	13	9.9077311757221336e-39	1.6422691989052097e-35
A1	GIMME	training_samples=setx2,setx3	CT2A	C2	14	7.9084356732002921e-35	1.310873305630782e-31
A1	GIMME	training_samples=setx2,setx3	CT2A	C2	15	8.7705562601889408e-36	1.4537752536794828e-32
A1	GIMME	training_samples=setx2,setx3	CT2A	C2	16	9.8167776144109011e-38	1.6271930700092028e-34
A1	GIMME	training_samples=setx2,setx3	CT2A	C2	17	5.851755758880426e-33	9.6996558262240708e-30
A1	GIMME	training_samples=setx2,setx3	CT2A	C2	18	6.9105127182898145e-34	1.1454612549136811e-30
A1	GIMME	training_samples=setx2,setx3	CT2A	C2	19	4.8019579012860623e-32	7.9595493820479215e-29
A1	GIMME	training_samples=setx2,setx3	CT2A	C3	0	7.2413868634924113e-21	0.0016597545117927597
A1	GIMME	training_samples=setx2,setx3	CT2A	C3	1	4.2716331033562197e-18	0.97907520336504439
A1	GIMME	training_samples=setx2,setx3	CT2A	C3	2	8.4033689204058462e-20	0.019260853953569846
A1	GIMME	training_samples=setx2,setx3	CT2A	C3	3	1.8040614504033624e-23	4.1349802024170072e-06
A1	GIMME	training_samples=setx2,setx3	CT2A	C3	4	4.603831344941699e-27	1.0552163543178889e-09
A1	GIMME	training_samples=setx2,setx3	CT2A	C3	5	1.9687462150475872e-25	4.5124441969451978e-08
A1	GIMME	training_samples=setx2,setx3	CT2A	C3	6	3.0582932971513522e-26	7.0097292052208167e-09
A1	GIMME	training_samples=setx2,setx3	CT2A	C3	7	9.6623725206358197e-33	2.2146540004096952e-15
A1	GIMME	training_samples=setx2,setx3	CT2A	C3	8	3.3452288883201566e-33	7.6673969296691983e-16
A1	GIMME	training_samples=setx2,setx3	CT2A	C3	9	4.8845021536482743e-36	1.1195472138425783e-18
A1	GIMME	training_samples=setx2,setx3	CT2A	C3	10	1.3242754763072387e-34	3.0352917722688779e-17
A1	GIMME	training_samples=setx2,setx3	CT2A	C3	11	4.4429484459943016e-35	1.0183413575207341e-17
A1	GIMME	training_samples=setx2,setx3	CT2A	C3	12	5.2037953995859118e-37	1.1927304887483416e-19
A1	GIMME	training_samples=setx2,setx3	CT2A	C3	13	4.4574131328063581e-42	1.0216567209518768e-24
A1	GIMME	training_samples=setx2,setx3	CT2A	C3	14	5.2110494023038293e-40	1.1943931348638696e-22
A1	GIMME	training_samples=setx2,setx3	CT2A	C3	15	1.6035519580346923e-40	3.6754045149282253e-23
A1	GIMME	training_samples=setx2,setx3	CT2A	C3	16	1.4830708039238408e-41	3.3992569441781624e-24
A1	GIMME	training_samples=setx2,setx3	CT2A	C3	17	5.3749280533958994e-39	1.2319547699020223e-21
A1	GIMME	training_samples=setx2,setx3	CT2A	C3	18	1.6801771085345895e-39	3.8510323907156362e-22
A1	GIMME	training_samples=setx2,setx3	CT2A	C3	19	1.7059958338248462e-38	3.9102099303182839e-21
A1	GIMME	training_samples=setx2,setx3	CT2A	C4	0	3.8618079937151734e-22	3.3372648252571824e-21
A1	GIMME	training_samples=setx2,setx3	CT2A	C4	1	1.5904108914359043e-28	1.3743879380675457e-27
A1	GIMME	training_samples=setx2,setx3	CT2A	C4	2	1.9707811636548632e-24	1.7030931279981912e-23
A1	GIMME	training_samples=setx2,setx3	CT2A	C4	3	2.868231891698607e-17	2.4786445671106591e-16
A1	GIMME	training_samples=setx2,setx3	CT2A	C4	4	5.4670210962331892e-12	4.7244444138834191e-11
A1	GIMME	training_samples=setx2,setx3	CT2A	C4	5	3.3686900712609455e-14	2.9111263170795101e-13
A1	GIMME	training_samples=setx2,setx3	CT2A	C4	6	4.5697604034164487e-13	3.9490571978187224e-12
A1	GIMME	training_samples=setx2,setx3	CT2A	C4	7	2.5915308417774243e-06	2.2395273757545626e-05
A1	GIMME	training_samples=setx2,setx3	CT2A	C4	8	5.6839528961427864e-06	4.911910716324198e-05
A1	GIMME	training_samples=setx2,setx3	CT2A	C4	9	0.00032711161608010001	0.0028268057139395537
A1	GIMME	training_samples=setx2,setx3	CT2A	C4	10	4.9667254564719616e-05	0.00042921031261959229
A1	GIMME	training_samples=setx2,setx3	CT2A	C4	11	9.6070309241474435e-05	0.00083021233656599891
A1	GIMME	training_samples=setx2,setx3	CT2A	C4	12	0.00098226278559189993	0.0084884361129549165
A1	GIMME	training_samples=setx2,setx3	CT2A	C4	13	0.036413338420271897	0.31467373229825596
A1	GIMME	training_samples=setx2,setx3	CT2A	C4	14	0.012513319605294299	0.10813655529718647
A1	GIMME	training_samples=setx2,setx3	CT2A	C4	15	0.017132083107920699	0.1480505981459817
A1	GIMME	training_samples=setx2,setx3	CT2A	C4	16	0.029224975291086999	0.25255393902721396
A1	GIMME	training_samples=setx2,setx3	CT2A	C4	17	0.0060752754823726	0.052500805850692958
A1	GIMME	training_samples=setx2,setx3	CT2A	C4	18	0.0088570916411464997	0.076540471292674273
A1	GIMME	training_samples=setx2,setx3	CT2A	C4	19	0.0040382857803161996	0.034897719179508971
A1	GIMME	training_samples=setx2,setx3	CT2A	C5	0	2.7538376087375671e-125	4.0365969960919182e-73
A1	GIMME	training_samples=setx2,setx3	CT2A	C5	1	2.1020755759285191e-140	3.0812390419931501e-88
A1	GIMME	training_samples=setx2,setx3	CT2A	C5	2	7.4693498778959e-131	1.094863225929144e-78
A1	GIMME	training_samples=setx2,setx3	CT2A	C5	3	8.9385997594433303e-113	1.3102270382158675e-60
A1	GIMME	training_samples=setx2,setx3	CT2A	C5	4	1.1347905969040015e-97	1.663385052234783e-45
A1	GIMME	training_samples=setx2,setx3	CT2A	C5	5	3.0103826545780443e-104	4.4126427578740254e-52
A1	GIMME	training_samples=setx2,setx3	CT2A	C5	6	6.2238088067134948e-101	9.1229082839591183e-49
A1	GIMME	training_samples=setx2,setx3	CT2A	C5	7	8.3221481047211093e-78	1.2198670660158964e-25
A1	GIMME	training_samples=setx2,setx3	CT2A	C5	8	2.2533601618306792e-76	3.3029931872158309e-24
A1	GIMME	training_samples=setx2,setx3	CT2A	C5	9	4.5907390485313904e-68	6.7291416873483589e-16
A1	GIMME	training_samples=setx2,setx3	CT2A	C5	10	3.7047042650763309e-72	5.4303848783122446e-20
A1	GIMME	training_samples=setx2,setx3	CT2A	C5	11	8.8465444239676046e-71	1.2967334941711299e-18
A1	GIMME	training_samples=setx2,setx3	CT2A	C5	12	2.1009537732945215e-65	3.079594694799897e-13
A1	GIMME	training_samples=setx2,setx3	CT2A	C5	13	6.4041299299271879e-53	0.93872244157407581
A1	GIMME	training_samples=setx2,setx3	CT2A	C5	14	9.4747517970328581e-58	1.3888166288843814e-05
A1	GIMME	training_samples=setx2,setx3	CT2A	C5	15	1.6014248389442388e-56	0.00023473812231479801
A1	GIMME	training_samples=setx2,setx3	CT2A	C5	16	4.1634437992764001e-54	0.06102808923893311
A1	GIMME	training_samples=setx2,setx3	CT2A	C5	17	3.0182771394714834e-60	4.4242145564090733e-08
A1	GIMME	training_samples=setx2,setx3	CT2A	C5	18	5.432320187988959e-59	7.9627379926364434e-07
A1	GIMME	training_samples=setx2,setx3	CT2A	C5	19	1.6251337338282933e-61	2.3821339092054221e-09
A1	GIMME	training_samples=setx2,setx3	GL261	G1	0	1.9911653358476646e-175	1.2433710826917983e-119
A1	GIMME	training_samples=setx2,setx3	GL261	G1	1	2.9408015976951783e-173	1.8363656702327042e-117
A1	GIMME	training_samples=setx2,setx3	GL261	G1	2	4.2090139459567311e-171	2.6282931571933918e-115
A1	GIMME	training_samples=setx2,setx3	GL261	G1	3	5.8378272611839232e-169	3.6453957246176534e-113
A1	GIMME	training_samples=setx2,setx3	GL261	G1	4	7.8465428766256637e-167	4.8997259726522636e-111
A1	GIMME	training_samples=setx2,setx3	GL261	G1	5	2.7324548901815515e-148	1.7062648359962507e-92
A1	GIMME	training_samples=setx2,setx3	GL261	G1	6	5.5268592891500391e-129	3.4512136659461459e-73
A1	GIMME	training_samples=setx2,setx3	GL261	G1	7	1.2841392159956553e-107	8.018729226419542e-52
A1	GIMME	training_samples=setx2,setx3	GL261	G1	8	6.9803424691307041e-93	4.3588323968625924e-37
A1	GIMME	training_samples=setx2,setx3	GL261	G1	9	1.601424838944261e-56	1
A1	GIMME	training_samples=setx2,setx3	GL261	G1	10	1.2900343830311027e-162	8.0555412383984102e-107
A1	GIMME	training_samples=setx2,setx3	GL261	G1	11	2.6825169669662762e-146	1.6750814035922691e-90
A1	GIMME	training_samples=setx2,setx3	GL261	G1	12	1.526980206467245e-136	9.5351350205976967e-81
A1	GIMME	training_samples=setx2,setx3	GL261	G1	13	1.8543966791189895e-123	1.1579667268939703e-67
A1	GIMME	training_samples=setx2,setx3	GL261	G1	14	1.6027572812643406e-114	1.0008320355021832e-58
A1	GIMME	training_samples=setx2,setx3	GL261	G1	15	4.8308934725830612e-111	3.0166220450082606e-55
A1	GIMME	training_samples=setx2,setx3	GL261	G1	16	2.5301231869893938e-109	1.5799200346220288e-53
A1	GIMME	training_samples=setx2,setx3	GL261	G1	17	6.315951519371246e-106	3.9439575094482957e-50
A1	GIMME	training_samples=setx2,setx3	GL261	G1	18	3.0103826545782135e-104	1.8798151379760087e-48
A1	GIMME	training_samples=setx2,setx3	GL261	G1	19	1.3904675393610117e-102	8.6826899742461669e-47
A1	GIMME	training_samples=setx2,setx3	GL261	G2	0	6.8587151458798274e-13	0.48752268157378048
A1	GIMME	training_samples=setx2,setx3	GL261	G2	1	3.638570486312618e-13	0.25863235356084907
A1	GIMME	training_samples=setx2,setx3	GL261	G2	2	1.915225455953413e-13	0.13613567996998341
A1	GIMME	training_samples=setx2,setx3	GL261	G2	3	1.000253558714464e-13	0.071098782618364262
A1	GIMME	training_samples=setx2,setx3	GL261	G2	4	5.1832408734286997e-14	0.036842869781153892
A1	GIMME	training_samples=setx2,setx3	GL261	G2	5	9.8191043037733158e-17	6.979493912506175e-05
A1	GIMME	training_samples=setx2,setx3	GL261	G2	6	4.4069925455345614e-20	3.1325237712566676e-08
A1	GIMME	training_samples=setx2,setx3	GL261	G2	7	1.5065040276833716e-24	1.0708345043591735e-12
A1	GIMME	training_samples=setx2,setx3	GL261	G2	8	3.2147261301470941e-28	2.2850517482652625e-16
A1	GIMME	training_samples=setx2,setx3	GL261	G2	9	2.2700168922937409e-40	1.6135452471934669e-28
A1	GIMME	training_samples=setx2,setx3	GL261	G2	10	1.3595250835605535e-14	0.0096636075461220515
A1	GIMME	training_samples=setx2,setx3	GL261	G2	11	4.7051560019590305e-17	3.3444606205522473e-05
A1	GIMME	training_samples=setx2,setx3	GL261	G2	12	1.0570635508598906e-18	7.5136880005680523e-07
A1	GIMME	training_samples=setx2,setx3	GL261	G2	13	3.7452830073346747e-21	2.6621756060030803e-09
A1	GIMME	training_samples=setx2,setx3	GL261	G2	14	5.2611043462512143e-23	3.7396329259491943e-11
A1	GIMME	training_samples=setx2,setx3	GL261	G2	15	9.0431853610452599e-24	6.427964835125095e-12
A1	GIMME	training_samples=setx2,setx3	GL261	G2	16	3.705487235659617e-24	2.6338884692585593e-12
A1	GIMME	training_samples=setx2,setx3	GL261	G2	17	6.0770996720369664e-25	4.3196486007767412e-13
A1	GIMME	training_samples=setx2,setx3	GL261	G2	18	2.4323356680097798e-25	1.7289226657386793e-13
A1	GIMME	training_samples=setx2,setx3	GL261	G2	19	9.6594354393963257e-26	6.866000071066103e-14
A1	GIMME	training_samples=setx2,setx3	GL261	G3	0	1.0550524834579408e-99	1.4872406144078294e-49
A1	GIMME	training_samples=setx2,setx3	GL261	G3	1	6.8942802845031402e-99	9.718429942573548e-49
A1	GIMME	training_samples=setx2,setx3	GL261	G3	2	4.4698491437578194e-98	6.3008630291875884e-48
A1	GIMME	training_samples=setx2,setx3	GL261	G3	3	2.8753178185260525e-97	4.0531532848744184e-47
A1	GIMME	training_samples=setx2,setx3	GL261	G3	4	1.8351345192956821e-96	2.5868728170309347e-46
A1	GIMME	training_samples=setx2,setx3	GL261	G3	5	2.264717330866238e-89	3.1924284786083193e-39
A1	GIMME	training_samples=setx2,setx3	GL261	G3	6	8.1329492626244077e-82	1.1464503091495176e-31
A1	GIMME	training_samples=setx2,setx3	GL261	G3	7	3.3595780683049579e-73	4.7357842655190693e-23
A1	GIMME	training_samples=setx2,setx3	GL261	G3	8	4.6342379544106201e-67	6.5325915162442141e-17
A1	GIMME	training_samples=setx2,setx3	GL261	G3	9	7.0940268389458169e-51	1
A1	GIMME	training_samples=setx2,setx3	GL261	G3	10	7.3012829528449855e-95	1.0292155807420045e-44
A1	GIMME	training_samples=setx2,setx3	GL261	G3	11	1.3362466932389252e-88	1.8836222692350197e-38
A1	GIMME	training_samples=setx2,setx3	GL261	G3	12	8.4934811998177251e-85	1.1972722112057683e-34
A1	GIMME	training_samples=setx2,setx3	GL261	G3	13	1.2891543949438338e-79	1.8172392411407962e-29
A1	GIMME	training_samples=setx2,setx3	GL261	G3	14	5.1150227162578668e-76	7.2103233218355949e-26
A1	GIMME	training_samples=setx2,setx3	GL261	G3	15	1.3316436850429969e-74	1.8771337003298979e-24
A1	GIMME	training_samples=setx2,setx3	GL261	G3	16	6.7149356654694622e-74	9.4656192003740878e-24
A1	GIMME	training_samples=setx2,setx3	GL261	G3	17	1.667695196817437e-72	2.3508442168020596e-22
A1	GIMME	training_samples=setx2,setx3	GL261	G3	18	8.2136780805908653e-72	1.1578301389414295e-21
A1	GIMME	training_samples=setx2,setx3	GL261	G3	19	4.0137261337575255e-71	5.6578953320593463e-21
A1	GIMME	training_samples=setx2,setx3	GL261	G4	0	5.4136073152279382e-45	3.1599235332871904e-43
A1	GIMME	training_samples=setx2,setx3	GL261	G4	1	6.4765551771479767e-44	3.780366385521849e-42
A1	GIMME	training_samples=setx2,setx3	GL261	G4	2	7.5085767764064203e-43	4.3827575728516468e-41
A1	GIMME	training_samples=setx2,setx3	GL261	G4	3	8.435822213215814e-42	4.9239908959013805e-40
A1	GIMME	training_samples=setx2,setx3	GL261	G4	4	9.1844561969439996e-41	5.3609686826623378e-39
A1	GIMME	training_samples=setx2,setx3	GL261	G4	5	4.8019579012861269e-32	2.8029036637818108e-30
A1	GIMME	training_samples=setx2,setx3	GL261	G4	6	1.1812258007506412e-23	6.8948170574148821e-22
A1	GIMME	training_samples=setx2,setx3	GL261	G4	7	2.1900479756560957e-15	1.2783313850336573e-13
A1	GIMME	training_samples=setx2,setx3	GL261	G4	8	1.787345464163279e-10	1.0432738588993613e-08
A1	GIMME	training_samples=setx2,setx3	GL261	G4	9	0.017132083107920699	0.99999998955726233
A1	GIMME	training_samples=setx2,setx3	GL261	G4	10	9.9077311757222667e-39	5.7831444138149046e-37
A1	GIMME	training_samples=setx2,setx3	GL261	G4	11	3.8186226288084711e-31	2.2289306938781586e-29
A1	GIMME	training_samples=setx2,setx3	GL261	G4	12	7.580402329794494e-27	4.4246821608807651e-25
A1	GIMME	training_samples=setx2,setx3	GL261	G4	13	2.1064633545432415e-21	1.2295430271244208e-19
A1	GIMME	training_samples=setx2,setx3	GL261	G4	14	6.3491210981559103e-18	3.705983091407201e-16
A1	GIMME	training_samples=setx2,setx3	GL261	G4	15	1.2556573602852971e-16	7.3292742001249509e-15
A1	GIMME	training_samples=setx2,setx3	GL261	G4	16	5.3270192902978402e-16	3.1093820880464484e-14
A1	GIMME	training_samples=setx2,setx3	GL261	G4	17	8.7252770211562281e-15	5.0929457177373132e-13
A1	GIMME	training_samples=setx2,setx3	GL261	G4	18	3.3686900712609915e-14	1.9663049816313311e-12
A1	GIMME	training_samples=setx2,setx3	GL261	G4	19	1.2603730989680253e-13	7.3567999750337992e-12
A1	GIMME	training_samples=setx2,setx3	GL261	G5	0	0.070432188581805596	0.19794818130372133
A1	GIMME	training_samples=setx2,setx3	GL261	G5	1	0.068254061175755304	0.19182660014378522
A1	GIMME	training_samples=setx2,setx3	GL261	G5	2	0.064097800157359497	0.18014551616526558
A1	GIMME	training_samples=setx2,setx3	GL261	G5	3	0.058333101210405101	0.16394395129428729
A1	GIMME	training_samples=setx2,setx3	GL261	G5	4	0.051445136103391298	0.14458547055883147
A1	GIMME	training_samples=setx2,setx3	GL261	G5	5	0.0040391197478083004	0.011351860906862958
A1	GIMME	training_samples=setx2,setx3	GL261	G5	6	1.2088982818355132e-05	3.3975831376103282e-05
A1	GIMME	training_samples=setx2,setx3	GL261	G5	7	1.7901062311082474e-10	5.0310558272197955e-10
A1	GIMME	training_samples=setx2,setx3	GL261	G5	8	2.1953902460372743e-15	6.1700980078200919e-15
A1	GIMME	training_samples=setx2,setx3	GL261	G5	9	8.8246133752582642e-36	2.4801389868951389e-35
A1	GIMME	training_samples=setx2,setx3	GL261	G5	10	0.036414535209735498	0.10234228359119203
A1	GIMME	training_samples=setx2,setx3	GL261	G5	11	0.0026018911293028001	0.0073125601712286216
A1	GIMME	training_samples=setx2,setx3	GL261	G5	12	0.00018016099991160001	0.00050633869247069868
A1	GIMME	training_samples=setx2,setx3	GL261	G5	13	1.1460096815652799e-06	3.2208360522379841e-06
A1	GIMME	training_samples=setx2,setx3	GL261	G5	14	1.2050325294377541e-08	3.386718521986207e-08
A1	GIMME	training_samples=setx2,setx3	GL261	G5	15	1.5639546660517059e-09	4.3954616208870274e-09
A1	GIMME	training_samples=setx2,setx3	GL261	G5	16	5.374930157675727e-10	1.5106127905008496e-09
A1	GIMME	training_samples=setx2,setx3	GL261	G5	17	5.777528505316037e-11	1.6237622074307524e-10
A1	GIMME	training_samples=setx2,setx3	GL261	G5	18	1.8070189341761239e-11	5.0785886226735049e-11
A1	GIMME	training_samples=setx2,setx3	GL261	G5	19	5.4769732922100057e-12	1.5392917983555186e-11
A1	RIPTiDe	training_samples=setx1,setx2	CT2A	C1	0	4.2701895820628388e-122	1.5059487520525088e-21
A1	RIPTiDe	training_samples=setx1,setx2	CT2A	C1	1	7.254939405718189e-142	2.5585671863730149e-41
A1	RIPTiDe	training_samples=setx1,setx2	CT2A	C1	2	7.9312708449498792e-144	2.7970859844992596e-43
A1	RIPTiDe	training_samples=setx1,setx2	CT2A	C1	3	7.6154181657938466e-143	2.6856956260932781e-42
A1	RIPTiDe	training_samples=setx1,setx2	CT2A	C1	4	8.626397631140338e-148	3.0422332539739077e-47
A1	RIPTiDe	training_samples=setx1,setx2	CT2A	C1	5	8.4024900849026648e-146	2.9632687763197628e-45
A1	RIPTiDe	training_samples=setx1,setx2	CT2A	C1	6	4.8252920184724174e-108	1.7017142573789678e-07
A1	RIPTiDe	training_samples=setx1,setx2	CT2A	C1	7	3.6071466951322484e-102	0.12721163685150882
A1	RIPTiDe	training_samples=setx1,setx2	CT2A	C1	8	5.3494011849714231e-103	0.018865495041661077
A1	RIPTiDe	training_samples=setx1,setx2	CT2A	C1	9	5.9839539929294524e-139	2.1103344183698882e-38
A1	RIPTiDe	training_samples=setx1,setx2	CT2A	C1	10	4.5987969452857625e-136	1.6218372481135591e-35
A1	RIPTiDe	training_samples=setx1,setx2	CT2A	C1	11	1.6644226584486609e-105	5.8698453012660519e-05
A1	RIPTiDe	training_samples=setx1,setx2	CT2A	C1	12	1.305672989444752e-117	4.6046588125792906e-17
A1	RIPTiDe	training_samples=setx1,setx2	CT2A	C1	13	7.8711029670863458e-104	0.0027758668468378205
A1	RIPTiDe	training_samples=setx1,setx2	CT2A	C1	14	2.1473969764033762e-119	7.5731293298078367e-19
A1	RIPTiDe	training_samples=setx1,setx2	CT2A	C1	15	5.8362715059076504e-115	2.0582518930495356e-14
A1	RIPTiDe	training_samples=setx1,setx2	CT2A	C1	16	7.3851608718636186e-155	2.6044918111849704e-54
A1	RIPTiDe	training_samples=setx1,setx2	CT2A	C1	17	2.4133010319536092e-101	0.85108813263553329
A1	RIPTiDe	training_samples=setx1,setx2	CT2A	C1	18	9.5662210080500283e-126	3.3736765808819387e-25
A1	RIPTiDe	training_samples=setx1,setx2	CT2A	C1	19	8.0295585297946013e-153	2.8317486648064268e-52
A1	RIPTiDe	training_samples=setx1,setx2	CT2A	C2	0	2.5915308417774522e-06	8.7440400424082485e-06
A1	RIPTiDe	training_samples=setx1,setx2	CT2A	C2	1	1.2556573602852892e-16	4.236692097535946e-16
A1	RIPTiDe	training_samples=setx1,setx2	CT2A	C2	2	6.3491210981558687e-18	2.1422461280953363e-17
A1	RIPTiDe	training_samples=setx1,setx2	CT2A	C2	3	2.868231891698628e-17	9.6776523387711637e-17
A1	RIPTiDe	training_samples=setx1,setx2	CT2A	C2	4	1.1134568099623354e-20	3.7568956444003226e-20
A1	RIPTiDe	training_samples=setx1,setx2	CT2A	C2	5	2.8312682595738109e-19	9.5529339776381093e-19
A1	RIPTiDe	training_samples=setx1,setx2	CT2A	C2	6	0.017132083107920699	0.057805069610045161
A1	RIPTiDe	training_samples=setx1,setx2	CT2A	C2	7	0.064098555289252804	0.21627384288636486
A1	RIPTiDe	training_samples=setx1,setx2	CT2A	C2	8	0.058333354357856998	0.19682157668756523
A1	RIPTiDe	training_samples=setx1,setx2	CT2A	C2	9	8.7252770211562013e-15	2.9439808480830786e-14
A1	RIPTiDe	training_samples=setx1,setx2	CT2A	C2	10	4.5697604034165477e-13	1.5418750688793605e-12
A1	RIPTiDe	training_samples=setx1,setx2	CT2A	C2	11	0.036413338420271897	0.1228616245239202
A1	RIPTiDe	training_samples=setx1,setx2	CT2A	C2	12	9.6070309241475221e-05	0.00032414919296034418
A1	RIPTiDe	training_samples=setx1,setx2	CT2A	C2	13	0.051444848942493598	0.17357918797535088
A1	RIPTiDe	training_samples=setx1,setx2	CT2A	C2	14	2.4883264530364927e-05	8.3958198734040968e-05
A1	RIPTiDe	training_samples=setx1,setx2	CT2A	C2	15	0.0005758159761973	0.0019428508709061945
A1	RIPTiDe	training_samples=setx1,setx2	CT2A	C2	16	4.9924999446181841e-26	1.6845108969461845e-25
A1	RIPTiDe	training_samples=setx1,setx2	CT2A	C2	17	0.068255203871184	0.23029872001948717
A1	RIPTiDe	training_samples=setx1,setx2	CT2A	C2	18	8.1797944893340382e-08	2.7599305167578372e-07
A1	RIPTiDe	training_samples=setx1,setx2	CT2A	C2	19	1.9707811636548912e-24	6.6495791336995944e-24
A1	RIPTiDe	training_samples=setx1,setx2	CT2A	C3	0	6.0524099766738203e-07	1.8264619302423962e-05
A1	RIPTiDe	training_samples=setx1,setx2	CT2A	C3	1	0.00086074796991410002	0.025975163689184049
A1	RIPTiDe	training_samples=setx1,setx2	CT2A	C3	2	0.0014344132023408	0.043286907470077803
A1	RIPTiDe	training_samples=setx1,setx2	CT2A	C3	3	0.0011155300685527	0.033663833251625107
A1	RIPTiDe	training_samples=setx1,setx2	CT2A	C3	4	0.0036251287448821	0.10939707769752403
A1	RIPTiDe	training_samples=setx1,setx2	CT2A	C3	5	0.0023164525919328999	0.069904591537632718
A1	RIPTiDe	training_samples=setx1,setx2	CT2A	C3	6	2.3423258528469676e-10	7.0685380120245288e-09
A1	RIPTiDe	training_samples=setx1,setx2	CT2A	C3	7	4.0002371615768873e-12	1.2071688659095672e-10
A1	RIPTiDe	training_samples=setx1,setx2	CT2A	C3	8	7.3254005901550577e-12	2.2106178122861245e-10
A1	RIPTiDe	training_samples=setx1,setx2	CT2A	C3	9	0.00037721286776400001	0.011383315823346368
A1	RIPTiDe	training_samples=setx1,setx2	CT2A	C3	10	0.00015402331354730001	0.0046480281350427142
A1	RIPTiDe	training_samples=setx1,setx2	CT2A	C3	11	4.291356653181138e-11	1.2950212537378777e-09
A1	RIPTiDe	training_samples=setx1,setx2	CT2A	C3	12	6.4480477646014561e-08	1.9458552563059197e-06
A1	RIPTiDe	training_samples=setx1,setx2	CT2A	C3	13	1.3309591833527636e-11	4.0164930803915722e-10
A1	RIPTiDe	training_samples=setx1,setx2	CT2A	C3	14	1.6168328560788225e-07	4.8791864242084232e-06
A1	RIPTiDe	training_samples=setx1,setx2	CT2A	C3	15	1.5310198378818201e-08	4.6202247685041969e-07
A1	RIPTiDe	training_samples=setx1,setx2	CT2A	C3	16	0.0135702124680117	0.40951416962248249
A1	RIPTiDe	training_samples=setx1,setx2	CT2A	C3	17	2.1673438609439199e-12	6.5404872885595949e-11
A1	RIPTiDe	training_samples=setx1,setx2	CT2A	C3	18	3.1514277440795943e-06	9.5101997760474227e-05
A1	RIPTiDe	training_samples=setx1,setx2	CT2A	C3	19	0.0096796256849808002	0.29210624991947237
A1	RIPTiDe	training_samples=setx1,setx2	CT2A	C4	0	8.3221481047206366e-78	2.2342684884810882e-31
A1	RIPTiDe	training_samples=setx1,setx2	CT2A	C4	1	4.8308934725825146e-111	1.2969623853338542e-64
A1	RIPTiDe	training_samples=setx1,setx2	CT2A	C4	2	1.6027572812641595e-114	4.3029636617267837e-68
A1	RIPTiDe	training_samples=setx1,setx2	CT2A	C4	3	8.9385997594425698e-113	2.3997688484225287e-66
A1	RIPTiDe	training_samples=setx1,setx2	CT2A	C4	4	1.2101053792144019e-121	3.2488010096654671e-75
A1	RIPTiDe	training_samples=setx1,setx2	CT2A	C4	5	4.6895697759107925e-118	1.2590208493054123e-71
A1	RIPTiDe	training_samples=setx1,setx2	CT2A	C4	6	1.6014248389441704e-56	4.2993864195883246e-10
A1	RIPTiDe	training_samples=setx1,setx2	CT2A	C4	7	2.6184977827207848e-48	0.070299482891587398
A1	RIPTiDe	training_samples=setx1,setx2	CT2A	C4	8	1.9302778928355825e-49	0.0051822666644539255
A1	RIPTiDe	training_samples=setx1,setx2	CT2A	C4	9	6.3159515193705334e-106	1.6956597355554441e-59
A1	RIPTiDe	training_samples=setx1,setx2	CT2A	C4	10	6.2238088067129656e-101	1.6709219446938283e-54
A1	RIPTiDe	training_samples=setx1,setx2	CT2A	C4	11	6.4041299299269162e-53	1.7193332200442289e-06
A1	RIPTiDe	training_samples=setx1,setx2	CT2A	C4	12	8.8465444239671043e-71	2.3750545159375393e-24
A1	RIPTiDe	training_samples=setx1,setx2	CT2A	C4	13	1.3789346971319819e-50	0.00037020614181662928
A1	RIPTiDe	training_samples=setx1,setx2	CT2A	C4	14	1.5034523367323131e-73	4.0363571251379773e-27
A1	RIPTiDe	training_samples=setx1,setx2	CT2A	C4	15	9.9763444074864744e-67	2.6783748209477224e-20
A1	RIPTiDe	training_samples=setx1,setx2	CT2A	C4	16	1.2415388184111202e-134	3.3331911716742115e-88
A1	RIPTiDe	training_samples=setx1,setx2	CT2A	C4	17	3.4422374136758729e-47	0.92414632453898338
A1	RIPTiDe	training_samples=setx1,setx2	CT2A	C4	18	1.1308815504346864e-83	3.0361067605942036e-37
A1	RIPTiDe	training_samples=setx1,setx2	CT2A	C4	19	7.4693498778950501e-131	2.0053155569479242e-84
A1	RIPTiDe	training_samples=setx1,setx2	CT2A	C5	0	1.2788742802017939e-236	1.5299766802976599e-57
A1	RIPTiDe	training_samples=setx1,setx2	CT2A	C5	1	8.8940000817897957e-293	1.0640305251550387e-113
A1	RIPTiDe	training_samples=setx1,setx2	CT2A	C5	2	1.9361333272357804e-298	2.3162861951922672e-119
A1	RIPTiDe	training_samples=setx1,setx2	CT2A	C5	3	1.3330243316645569e-295	1.5947589010816083e-116
A1	RIPTiDe	training_samples=setx1,setx2	CT2A	C5	4	6.2934148609127725e-310	7.5291044050991127e-131
A1	RIPTiDe	training_samples=setx1,setx2	CT2A	C5	5	3.7170494437324326e-304	4.4468788343500488e-125
A1	RIPTiDe	training_samples=setx1,setx2	CT2A	C5	6	7.1633521626809292e-198	8.5698507909098679e-19
A1	RIPTiDe	training_samples=setx1,setx2	CT2A	C5	7	5.1188161794443144e-182	0.0061238774651441131
A1	RIPTiDe	training_samples=setx1,setx2	CT2A	C5	8	3.0565821827940526e-184	3.6567311842023393e-05
A1	RIPTiDe	training_samples=setx1,setx2	CT2A	C5	9	2.1878205899457047e-284	2.6173913535612146e-105
A1	RIPTiDe	training_samples=setx1,setx2	CT2A	C5	10	4.0563218743315879e-276	4.8527661956962386e-97
A1	RIPTiDe	training_samples=setx1,setx2	CT2A	C5	11	5.3898059029627805e-191	6.4480750536030369e-12
A1	RIPTiDe	training_samples=setx1,setx2	CT2A	C5	12	3.8982661867954735e-224	4.6636768380773559e-45
A1	RIPTiDe	training_samples=setx1,setx2	CT2A	C5	13	1.768719064290161e-186	2.1160007392867797e-07
A1	RIPTiDe	training_samples=setx1,setx2	CT2A	C5	14	4.3469568224651395e-229	5.2004662785016337e-50
A1	RIPTiDe	training_samples=setx1,setx2	CT2A	C5	15	8.2712759657489653e-217	9.8953114780802455e-38
A1	RIPTiDe	training_samples=setx1,setx2	CT2A	C5	16	0	0
A1	RIPTiDe	training_samples=setx1,setx2	CT2A	C5	17	8.3072872388910499e-180	0.99383934361649184
A1	RIPTiDe	training_samples=setx1,setx2	CT2A	C5	18	7.4817845773536958e-247	8.9508062735890038e-68
A1	RIPTiDe	training_samples=setx1,setx2	CT2A	C5	19	0	0
A1	RIPTiDe	training_samples=setx1,setx2	GL261	G1	0	3.2210703653092778e-317	2.2654144493642911e-66
A1	RIPTiDe	training_samples=setx1,setx2	GL261	G1	1	1.356709153746565e-305	9.5418856836651529e-55
A1	RIPTiDe	training_samples=setx1,setx2	GL261	G1	2	4.7394865079570653e-252	0.33333333333319204
A1	RIPTiDe	training_samples=setx1,setx2	GL261	G1	3	2.2260300098967641e-311	1.5655915510105482e-60
A1	RIPTiDe	training_samples=setx1,setx2	GL261	G1	4	6.0266359267107115e-264	4.2385997699610936e-13
A1	RIPTiDe	training_samples=setx1,setx2	GL261	G1	5	0	0
A1	RIPTiDe	training_samples=setx1,setx2	GL261	G1	6	1.1271820426903799e-270	7.9275960999677224e-20
A1	RIPTiDe	training_samples=setx1,setx2	GL261	G1	7	0	0
A1	RIPTiDe	training_samples=setx1,setx2	GL261	G1	8	0	0
A1	RIPTiDe	training_samples=setx1,setx2	GL261	G1	9	0	0
A1	RIPTiDe	training_samples=setx1,setx2	GL261	G1	10	1.2351641146031164e-321	8.6870459667511176e-71
A1	RIPTiDe	training_samples=setx1,setx2	GL261	G1	11	0	0
A1	RIPTiDe	training_samples=setx1,setx2	GL261	G1	12	0	0
A1	RIPTiDe	training_samples=setx1,setx2	GL261	G1	13	2.7251391385680211e-301	1.91662052699286e-50
A1	RIPTiDe	training_samples=setx1,setx2	GL261	G1	14	4.7394865079570653e-252	0.33333333333319204
A1	RIPTiDe	training_samples=setx1,setx2	GL261	G1	15	4.7394865079570653e-252	0.33333333333319204
A1	RIPTiDe	training_samples=setx1,setx2	GL261	G1	16	0	0
A1	RIPTiDe	training_samples=setx1,setx2	GL261	G1	17	0	0
A1	RIPTiDe	training_samples=setx1,setx2	GL261	G1	18	0	0
A1	RIPTiDe	training_samples=setx1,setx2	GL261	G1	19	0	0
A1	RIPTiDe	training_samples=setx1,setx2	GL261	G2	0	0.0061233091760604002	0.013153309100351189
A1	RIPTiDe	training_samples=setx1,setx2	GL261	G2	1	0.0026296839551571	0.0056487505209836895
A1	RIPTiDe	training_samples=setx1,setx2	GL261	G2	2	7.1055831713618781e-06	1.5263304383938975e-05
A1	RIPTiDe	training_samples=setx1,setx2	GL261	G2	3	0.0040760799974300004	0.0087557133867360061
A1	RIPTiDe	training_samples=setx1,setx2	GL261	G2	4	3.6224178792156459e-05	7.7812144848476983e-05
A1	RIPTiDe	training_samples=setx1,setx2	GL261	G2	5	0.010631867922301899	0.022838017985908416
A1	RIPTiDe	training_samples=setx1,setx2	GL261	G2	6	8.3609842050766983e-05	0.00017959996216177195
A1	RIPTiDe	training_samples=setx1,setx2	GL261	G2	7	0.01595615321932	0.034274966249754082
A1	RIPTiDe	training_samples=setx1,setx2	GL261	G2	8	0.042110795127921999	0.090457020681664391
A1	RIPTiDe	training_samples=setx1,setx2	GL261	G2	9	0.0514624661039777	0.11054508342945829
A1	RIPTiDe	training_samples=setx1,setx2	GL261	G2	10	0.0081399485139380997	0.017485195633001962
A1	RIPTiDe	training_samples=setx1,setx2	GL261	G2	11	0.062767960550717594	0.13483009970328083
A1	RIPTiDe	training_samples=setx1,setx2	GL261	G2	12	0.070036236957284698	0.15044288087332702
A1	RIPTiDe	training_samples=setx1,setx2	GL261	G2	13	0.0018545009173606001	0.0039836015284504386
A1	RIPTiDe	training_samples=setx1,setx2	GL261	G2	14	7.1055831713618781e-06	1.5263304383938975e-05
A1	RIPTiDe	training_samples=setx1,setx2	GL261	G2	15	7.1055831713618781e-06	1.5263304383938975e-05
A1	RIPTiDe	training_samples=setx1,setx2	GL261	G2	16	0.024348348757968898	0.052302006658230808
A1	RIPTiDe	training_samples=setx1,setx2	GL261	G2	17	0.031033862011983802	0.066662970606997024
A1	RIPTiDe	training_samples=setx1,setx2	GL261	G2	18	0.0689485245333889	0.14810639625162475
A1	RIPTiDe	training_samples=setx1,setx2	GL261	G2	19	0.065272851271795607	0.14021078537006901
A1	RIPTiDe	training_samples=setx1,setx2	GL261	G3	0	2.697241050725324e-150	6.58215310654764e-24
A1	RIPTiDe	training_samples=setx1,setx2	GL261	G3	1	2.6825169669664847e-146	6.5462215113243471e-20
A1	RIPTiDe	training_samples=setx1,setx2	GL261	G3	2	1.3659078204491942e-127	0.33332632251054028
A1	RIPTiDe	training_samples=setx1,setx2	GL261	G3	3	2.732454890181763e-148	6.6680864281947136e-22
A1	RIPTiDe	training_samples=setx1,setx2	GL261	G3	4	8.5816063574136769e-132	2.0941935067104856e-05
A1	RIPTiDe	training_samples=setx1,setx2	GL261	G3	5	2.493950583930088e-153	6.0860576696240651e-27
A1	RIPTiDe	training_samples=setx1,setx2	GL261	G3	6	3.7098827897446087e-134	9.0533311892455814e-08
A1	RIPTiDe	training_samples=setx1,setx2	GL261	G3	7	6.9996720793090266e-156	1.708149640880227e-29
A1	RIPTiDe	training_samples=setx1,setx2	GL261	G3	8	3.4357827884900801e-164	8.3844372562109196e-38
A1	RIPTiDe	training_samples=setx1,setx2	GL261	G3	9	7.846542876626718e-167	1.914813900565513e-40
A1	RIPTiDe	training_samples=setx1,setx2	GL261	G3	10	8.2744876267983861e-152	2.019246460125428e-25
A1	RIPTiDe	training_samples=setx1,setx2	GL261	G3	11	1.4486957513111669e-170	3.5352929384531397e-44
A1	RIPTiDe	training_samples=setx1,setx2	GL261	G3	12	6.9618718778971145e-175	1.6989251515419592e-48
A1	RIPTiDe	training_samples=setx1,setx2	GL261	G3	13	8.1956021027195247e-145	1.9999958040805156e-18
A1	RIPTiDe	training_samples=setx1,setx2	GL261	G3	14	1.3659078204491942e-127	0.33332632251054028
A1	RIPTiDe	training_samples=setx1,setx2	GL261	G3	15	1.3659078204491942e-127	0.33332632251054028
A1	RIPTiDe	training_samples=setx1,setx2	GL261	G3	16	5.6854553500316518e-159	1.3874376405581296e-32
A1	RIPTiDe	training_samples=setx1,setx2	GL261	G3	17	4.7588526136965043e-161	1.1613161718127306e-34
A1	RIPTiDe	training_samples=setx1,setx2	GL261	G3	18	8.4606791888860931e-174	2.0646833100680387e-47
A1	RIPTiDe	training_samples=setx1,setx2	GL261	G3	19	1.220480395562203e-171	2.9783725948298026e-45
A1	RIPTiDe	training_samples=setx1,setx2	GL261	G4	0	3.3165745080735517e-126	1.0125654664057074e-40
A1	RIPTiDe	training_samples=setx1,setx2	GL261	G4	1	6.0141182194357873e-119	1.8361379806357149e-33
A1	RIPTiDe	training_samples=setx1,setx2	GL261	G4	2	1.0918057493136721e-86	0.33333332180146941
A1	RIPTiDe	training_samples=setx1,setx2	GL261	G4	3	1.5038980168006459e-122	4.5914698828608175e-37
A1	RIPTiDe	training_samples=setx1,setx2	GL261	G4	4	1.1330365393917532e-93	3.4592127183366633e-08
A1	RIPTiDe	training_samples=setx1,setx2	GL261	G4	5	8.5816063574130112e-132	2.6200039295518171e-46
A1	RIPTiDe	training_samples=setx1,setx2	GL261	G4	6	1.1347905969040336e-97	3.4645679366762518e-12
A1	RIPTiDe	training_samples=setx1,setx2	GL261	G4	7	1.5269802064672455e-136	4.6619408705878546e-51
A1	RIPTiDe	training_samples=setx1,setx2	GL261	G4	8	2.5801369429646528e-152	7.8772768731226745e-67
A1	RIPTiDe	training_samples=setx1,setx2	GL261	G4	9	2.0126060896732839e-157	6.1445790496192331e-72
A1	RIPTiDe	training_samples=setx1,setx2	GL261	G4	10	5.5268592891500398e-129	1.6873755859407991e-43
A1	RIPTiDe	training_samples=setx1,setx2	GL261	G4	11	1.0220254268680723e-164	3.1202906809902179e-79
A1	RIPTiDe	training_samples=setx1,setx2	GL261	G4	12	2.9408015976951794e-173	8.978402668560918e-88
A1	RIPTiDe	training_samples=setx1,setx2	GL261	G4	13	2.7849811632564544e-116	8.5026757084431614e-31
A1	RIPTiDe	training_samples=setx1,setx2	GL261	G4	14	1.0918057493136721e-86	0.33333332180146941
A1	RIPTiDe	training_samples=setx1,setx2	GL261	G4	15	1.0918057493136721e-86	0.33333332180146941
A1	RIPTiDe	training_samples=setx1,setx2	GL261	G4	16	2.352827784851607e-142	7.1832915483765178e-57
A1	RIPTiDe	training_samples=setx1,setx2	GL261	G4	17	2.6825169669662771e-146	8.1898477998468486e-61
A1	RIPTiDe	training_samples=setx1,setx2	GL261	G4	18	4.209013945956732e-171	1.2850313354700878e-85
A1	RIPTiDe	training_samples=setx1,setx2	GL261	G4	19	7.8465428766256652e-167	2.3955856647278582e-81
A1	RIPTiDe	training_samples=setx1,setx2	GL261	G5	0	1.6402629141541074e-22	4.5237961549673567e-15
A1	RIPTiDe	training_samples=setx1,setx2	GL261	G5	1	1.2798614698169249e-19	3.5298197295611739e-12
A1	RIPTiDe	training_samples=setx1,setx2	GL261	G5	2	1.2050325294377541e-08	0.33234437456585281
A1	RIPTiDe	training_samples=setx1,setx2	GL261	G5	3	4.8789187744861928e-21	1.3455912343053213e-13
A1	RIPTiDe	training_samples=setx1,setx2	GL261	G5	4	1.0209765949967392e-10	0.00281582297258717
A1	RIPTiDe	training_samples=setx1,setx2	GL261	G5	5	7.9887372070294766e-25	2.2032698751127897e-17
A1	RIPTiDe	training_samples=setx1,setx2	GL261	G5	6	5.4769732922100057e-12	0.00015105328850854386
A1	RIPTiDe	training_samples=setx1,setx2	GL261	G5	7	7.6147425460666281e-27	2.1001232640029137e-19
A1	RIPTiDe	training_samples=setx1,setx2	GL261	G5	8	6.9507086560472e-34	1.9169846992937883e-26
A1	RIPTiDe	training_samples=setx1,setx2	GL261	G5	9	2.9045954899361452e-36	8.0107876583217908e-29
A1	RIPTiDe	training_samples=setx1,setx2	GL261	G5	10	1.1858884042964214e-23	3.2706448199757899e-16
A1	RIPTiDe	training_samples=setx1,setx2	GL261	G5	11	9.7570078709864585e-40	2.6909536458987339e-32
A1	RIPTiDe	training_samples=setx1,setx2	GL261	G5	12	6.5261137983715609e-44	1.7998827049734128e-36
A1	RIPTiDe	training_samples=setx1,setx2	GL261	G5	13	1.3660935661329818e-18	3.7676452771506148e-11
A1	RIPTiDe	training_samples=setx1,setx2	GL261	G5	14	1.2050325294377541e-08	0.33234437456585281
A1	RIPTiDe	training_samples=setx1,setx2	GL261	G5	15	1.2050325294377541e-08	0.33234437456585281
A1	RIPTiDe	training_samples=setx1,setx2	GL261	G5	16	2.2085923806728729e-29	6.0912318588454283e-22
A1	RIPTiDe	training_samples=setx1,setx2	GL261	G5	17	3.8389197602984741e-31	1.0587626106161425e-23
A1	RIPTiDe	training_samples=setx1,setx2	GL261	G5	18	7.5645687653832692e-43	2.0862854850604686e-35
A1	RIPTiDe	training_samples=setx1,setx2	GL261	G5	19	9.2494345068320592e-41	2.5509664271844916e-33
A1	RIPTiDe	training_samples=setx1,setx2,setx3	CT2A	C1	0	7.9119495272390707e-125	4.938956055199088e-25
A1	RIPTiDe	training_samples=setx1,setx2,setx3	CT2A	C1	1	8.6382107151852348e-149	5.3923174017943422e-49
A1	RIPTiDe	training_samples=setx1,setx2,setx3	CT2A	C1	2	8.274487626795566e-152	5.1652668697310092e-52
A1	RIPTiDe	training_samples=setx1,setx2,setx3	CT2A	C1	3	8.4601801845080708e-151	5.2811836079713276e-51
A1	RIPTiDe	training_samples=setx1,setx2,setx3	CT2A	C1	4	7.7309218753078483e-154	4.8259513381459727e-54
A1	RIPTiDe	training_samples=setx1,setx2,setx3	CT2A	C1	5	8.5823688129864093e-150	5.3574586479500206e-50
A1	RIPTiDe	training_samples=setx1,setx2,setx3	CT2A	C1	6	1.3659078204488846e-127	8.5265441563097607e-28
A1	RIPTiDe	training_samples=setx1,setx2,setx3	CT2A	C1	7	3.4107342434883687e-107	2.129117038292091e-07
A1	RIPTiDe	training_samples=setx1,setx2,setx3	CT2A	C1	8	8.547206787956905e-147	5.3355091024132795e-47
A1	RIPTiDe	training_samples=setx1,setx2,setx3	CT2A	C1	9	2.0126060896728689e-157	1.2563493989817029e-57
A1	RIPTiDe	training_samples=setx1,setx2,setx3	CT2A	C1	10	2.0126060896728689e-157	1.2563493989817029e-57
A1	RIPTiDe	training_samples=setx1,setx2,setx3	CT2A	C1	11	4.1467483631553499e-135	2.5885665558258272e-35
A1	RIPTiDe	training_samples=setx1,setx2,setx3	CT2A	C1	12	1.0061878062731773e-116	6.2810276296018574e-17
A1	RIPTiDe	training_samples=setx1,setx2,setx3	CT2A	C1	13	3.2930760063331173e-133	2.0556700501836166e-33
A1	RIPTiDe	training_samples=setx1,setx2,setx3	CT2A	C1	14	6.7731139173344869e-109	4.2280492158606736e-09
A1	RIPTiDe	training_samples=setx1,setx2,setx3	CT2A	C1	15	5.2861183392141479e-123	3.2998069679384316e-23
A1	RIPTiDe	training_samples=setx1,setx2,setx3	CT2A	C1	16	5.5243923624916447e-138	3.4485471647775919e-38
A1	RIPTiDe	training_samples=setx1,setx2,setx3	CT2A	C1	17	1.6019473995747822e-100	0.99999978286024693
A1	RIPTiDe	training_samples=setx1,setx2,setx3	CT2A	C1	18	6.9996720793070383e-156	4.3694759024284753e-56
A1	RIPTiDe	training_samples=setx1,setx2,setx3	CT2A	C1	19	8.1956021027171988e-145	5.1160233633773529e-45
A1	RIPTiDe	training_samples=setx1,setx2,setx3	CT2A	C2	0	2.0342837743190351e-07	1.9217001386168755e-06
A1	RIPTiDe	training_samples=setx1,setx2,setx3	CT2A	C2	1	2.1064633545432275e-21	1.9898850747959834e-20
A1	RIPTiDe	training_samples=setx1,setx2,setx3	CT2A	C2	2	1.1812258007506333e-23	1.1158530651900707e-22
A1	RIPTiDe	training_samples=setx1,setx2,setx3	CT2A	C2	3	6.8609409667038167e-23	6.4812350042807654e-22
A1	RIPTiDe	training_samples=setx1,setx2,setx3	CT2A	C2	4	3.1863987093600118e-25	3.0100534245845361e-24
A1	RIPTiDe	training_samples=setx1,setx2,setx3	CT2A	C2	5	3.8618079937151743e-22	3.6480834436770875e-21
A1	RIPTiDe	training_samples=setx1,setx2,setx3	CT2A	C2	6	1.2035740534105649e-08	1.1369644955502779e-07
A1	RIPTiDe	training_samples=setx1,setx2,setx3	CT2A	C2	7	0.022730241206001599	0.2147227846370163
A1	RIPTiDe	training_samples=setx1,setx2,setx3	CT2A	C2	8	5.703600255312633e-20	5.3879451527939041e-19
A1	RIPTiDe	training_samples=setx1,setx2,setx3	CT2A	C2	9	4.2283553806831185e-28	3.9943449501779411e-27
A1	RIPTiDe	training_samples=setx1,setx2,setx3	CT2A	C2	10	4.2283553806831185e-28	3.9943449501779411e-27
A1	RIPTiDe	training_samples=setx1,setx2,setx3	CT2A	C2	11	1.6056244459874437e-12	1.5167641601298114e-11
A1	RIPTiDe	training_samples=setx1,setx2,setx3	CT2A	C2	12	0.0001800795759938	0.0017011340822653657
A1	RIPTiDe	training_samples=setx1,setx2,setx3	CT2A	C2	13	1.8039054232093732e-11	1.7040716470314467e-10
A1	RIPTiDe	training_samples=setx1,setx2,setx3	CT2A	C2	14	0.012513319605294299	0.11820793305054436
A1	RIPTiDe	training_samples=setx1,setx2,setx3	CT2A	C2	15	1.1450343880344711e-06	1.0816645986096545e-05
A1	RIPTiDe	training_samples=setx1,setx2,setx3	CT2A	C2	16	3.3686900712609814e-14	3.1822562115585496e-13
A1	RIPTiDe	training_samples=setx1,setx2,setx3	CT2A	C2	17	0.070433542445789393	0.66535529600170662
A1	RIPTiDe	training_samples=setx1,setx2,setx3	CT2A	C2	18	7.5804023297945012e-27	7.1608791220949916e-26
A1	RIPTiDe	training_samples=setx1,setx2,setx3	CT2A	C2	19	1.3619751922124877e-18	1.2865992191987138e-17
A1	RIPTiDe	training_samples=setx1,setx2,setx3	CT2A	C3	0	2.1109649464943914e-06	2.177375934037714e-05
A1	RIPTiDe	training_samples=setx1,setx2,setx3	CT2A	C3	1	0.0044818263196015999	0.046228246400032161
A1	RIPTiDe	training_samples=setx1,setx2,setx3	CT2A	C3	2	0.0080793439978993995	0.083335202761430319
A1	RIPTiDe	training_samples=setx1,setx2,setx3	CT2A	C3	3	0.0066908509452960003	0.069013452121573185
A1	RIPTiDe	training_samples=setx1,setx2,setx3	CT2A	C3	4	0.011506115941292199	0.11868098514104765
A1	RIPTiDe	training_samples=setx1,setx2,setx3	CT2A	C3	5	0.0054976150835890003	0.056705701330987152
A1	RIPTiDe	training_samples=setx1,setx2,setx3	CT2A	C3	6	6.8599851520843398e-06	7.0758003835210404e-05
A1	RIPTiDe	training_samples=setx1,setx2,setx3	CT2A	C3	7	1.34083506507315e-10	1.3830177554830969e-09
A1	RIPTiDe	training_samples=setx1,setx2,setx3	CT2A	C3	8	0.0029092401073994001	0.030007648429729993
A1	RIPTiDe	training_samples=setx1,setx2,setx3	CT2A	C3	9	0.019806268940376501	0.2042937444578217
A1	RIPTiDe	training_samples=setx1,setx2,setx3	CT2A	C3	10	0.019806268940376501	0.2042937444578217
A1	RIPTiDe	training_samples=setx1,setx2,setx3	CT2A	C3	11	0.0001124851576145	0.0011602394228903987
A1	RIPTiDe	training_samples=setx1,setx2,setx3	CT2A	C3	12	4.0243095964955656e-08	4.1509144342154753e-07
A1	RIPTiDe	training_samples=setx1,setx2,setx3	CT2A	C3	13	5.8597069356349705e-05	0.00060440534000119465
A1	RIPTiDe	training_samples=setx1,setx2,setx3	CT2A	C3	14	4.0598219163521868e-10	4.187543972164964e-09
A1	RIPTiDe	training_samples=setx1,setx2,setx3	CT2A	C3	15	9.2510603457582995e-07	9.5420988371387207e-06
A1	RIPTiDe	training_samples=setx1,setx2,setx3	CT2A	C3	16	0.0002820538949027	0.0029092731448839022
A1	RIPTiDe	training_samples=setx1,setx2,setx3	CT2A	C3	17	1.1650850213184798e-12	1.2017386128270391e-11
A1	RIPTiDe	training_samples=setx1,setx2,setx3	CT2A	C3	18	0.0158793334286246	0.16378897486415295
A1	RIPTiDe	training_samples=setx1,setx2,setx3	CT2A	C3	19	0.0018300164164085999	0.018875887591592519
A1	RIPTiDe	training_samples=setx1,setx2,setx3	CT2A	C4	0	3.4720609838800527e-82	7.9177480335292082e-37
A1	RIPTiDe	training_samples=setx1,setx2,setx3	CT2A	C4	1	1.8543966791186748e-123	4.2287983211248269e-78
A1	RIPTiDe	training_samples=setx1,setx2,setx3	CT2A	C4	2	5.5268592891491006e-129	1.2603545695603108e-83
A1	RIPTiDe	training_samples=setx1,setx2,setx3	CT2A	C4	3	3.9630563637772094e-127	9.0374224060997737e-82
A1	RIPTiDe	training_samples=setx1,setx2,setx3	CT2A	C4	4	9.7823553493693713e-133	2.2307852653036535e-87
A1	RIPTiDe	training_samples=setx1,setx2,setx3	CT2A	C4	5	2.7538376087372537e-125	6.2798990030618152e-80
A1	RIPTiDe	training_samples=setx1,setx2,setx3	CT2A	C4	6	1.0918057493135796e-86	2.4897727501787796e-41
A1	RIPTiDe	training_samples=setx1,setx2,setx3	CT2A	C4	7	2.623019476163177e-55	5.9815790666473159e-10
A1	RIPTiDe	training_samples=setx1,setx2,setx3	CT2A	C4	8	7.6524408003618307e-120	1.7450758607083479e-74
A1	RIPTiDe	training_samples=setx1,setx2,setx3	CT2A	C4	9	1.9636361006731067e-139	4.4779097910016912e-94
A1	RIPTiDe	training_samples=setx1,setx2,setx3	CT2A	C4	10	1.9636361006731067e-139	4.4779097910016912e-94
A1	RIPTiDe	training_samples=setx1,setx2,setx3	CT2A	C4	11	2.6996525134568744e-99	6.1563343728336389e-54
A1	RIPTiDe	training_samples=setx1,setx2,setx3	CT2A	C4	12	2.0471516537725948e-69	4.6683601054957697e-24
A1	RIPTiDe	training_samples=setx1,setx2,setx3	CT2A	C4	13	4.6225309327396585e-96	1.0541299640920065e-50
A1	RIPTiDe	training_samples=setx1,setx2,setx3	CT2A	C4	14	9.4747517970323204e-58	2.1606388181954125e-12
A1	RIPTiDe	training_samples=setx1,setx2,setx3	CT2A	C4	15	2.9784924622442482e-79	6.7922058239489355e-34
A1	RIPTiDe	training_samples=setx1,setx2,setx3	CT2A	C4	16	3.0103826545777872e-104	6.8649287711581109e-59
A1	RIPTiDe	training_samples=setx1,setx2,setx3	CT2A	C4	17	4.3851622545862894e-46	0.99999999939968143
A1	RIPTiDe	training_samples=setx1,setx2,setx3	CT2A	C4	18	1.5269802064669855e-136	3.4821521232271288e-91
A1	RIPTiDe	training_samples=setx1,setx2,setx3	CT2A	C4	19	2.7849811632561383e-116	6.3509193044602784e-71
A1	RIPTiDe	training_samples=setx1,setx2,setx3	CT2A	C5	0	2.8358059420622982e-244	2.1705577804475574e-67
A1	RIPTiDe	training_samples=setx1,setx2,setx3	CT2A	C5	1	7.8120448439834099e-313	5.9794270354698721e-136
A1	RIPTiDe	training_samples=setx1,setx2,setx3	CT2A	C5	2	1.2351641146031164e-321	9.4540851308453736e-145
A1	RIPTiDe	training_samples=setx1,setx2,setx3	CT2A	C5	3	1.0954423499592118e-318	8.3846390208441445e-142
A1	RIPTiDe	training_samples=setx1,setx2,setx3	CT2A	C5	4	0	0
A1	RIPTiDe	training_samples=setx1,setx2,setx3	CT2A	C5	5	9.3972186026611815e-316	7.1927368689195941e-139
A1	RIPTiDe	training_samples=setx1,setx2,setx3	CT2A	C5	6	4.7394865079565284e-252	3.6276563084179022e-75
A1	RIPTiDe	training_samples=setx1,setx2,setx3	CT2A	C5	7	1.4484794573932591e-195	1.1086824769740631e-18
A1	RIPTiDe	training_samples=setx1,setx2,setx3	CT2A	C5	8	4.9131976048407238e-307	3.76061673680951e-130
A1	RIPTiDe	training_samples=setx1,setx2,setx3	CT2A	C5	9	0	0
A1	RIPTiDe	training_samples=setx1,setx2,setx3	CT2A	C5	10	0	0
A1	RIPTiDe	training_samples=setx1,setx2,setx3	CT2A	C5	11	2.1721265158273389e-273	1.6625700789725972e-96
A1	RIPTiDe	training_samples=setx1,setx2,setx3	CT2A	C5	12	1.1136505292756873e-221	8.5240064743674917e-45
A1	RIPTiDe	training_samples=setx1,setx2,setx3	CT2A	C5	13	5.6683837188322961e-268	4.3386446868526277e-91
A1	RIPTiDe	training_samples=setx1,setx2,setx3	CT2A	C5	14	3.4330213223126066e-200	2.6276731531809066e-23
A1	RIPTiDe	training_samples=setx1,setx2,setx3	CT2A	C5	15	3.7075569871414614e-239	2.8378058404942203e-62
A1	RIPTiDe	training_samples=setx1,setx2,setx3	CT2A	C5	16	1.2873472319510852e-281	9.853500583389598e-105
A1	RIPTiDe	training_samples=setx1,setx2,setx3	CT2A	C5	17	1.3064871931110583e-177	1
A1	RIPTiDe	training_samples=setx1,setx2,setx3	CT2A	C5	18	0	0
A1	RIPTiDe	training_samples=setx1,setx2,setx3	CT2A	C5	19	2.725139138567712e-301	2.0858521636775515e-124
A1	RIPTiDe	training_samples=setx1,setx2,setx3	GL261	G1	0	3.0565821827942255e-184	2.3246693823500858e-07
A1	RIPTiDe	training_samples=setx1,setx2,setx3	GL261	G1	1	5.4177759386683613e-212	4.1204643264464199e-35
A1	RIPTiDe	training_samples=setx1,setx2,setx3	GL261	G1	2	7.1633521626813347e-198	5.4480542160176688e-21
A1	RIPTiDe	training_samples=setx1,setx2,setx3	GL261	G1	3	1.8602496647235363e-220	1.414804242284935e-43
A1	RIPTiDe	training_samples=setx1,setx2,setx3	GL261	G1	4	5.118816179444893e-182	3.8930918701343761e-05
A1	RIPTiDe	training_samples=setx1,setx2,setx3	GL261	G1	5	1.4484794573933405e-195	1.1016343236310923e-18
A1	RIPTiDe	training_samples=setx1,setx2,setx3	GL261	G1	6	5.389805902963391e-191	4.0991918457022103e-14
A1	RIPTiDe	training_samples=setx1,setx2,setx3	GL261	G1	7	1.7687190642902611e-186	1.3451910692535987e-09
A1	RIPTiDe	training_samples=setx1,setx2,setx3	GL261	G1	8	8.3072872388915191e-180	0.0063180687250439273
A1	RIPTiDe	training_samples=setx1,setx2,setx3	GL261	G1	9	9.9183144511529708e-189	7.5433279886614888e-12
A1	RIPTiDe	training_samples=setx1,setx2,setx3	GL261	G1	10	1.8602496647235363e-220	1.414804242284935e-43
A1	RIPTiDe	training_samples=setx1,setx2,setx3	GL261	G1	11	2.838341288446671e-193	2.1586872838080245e-16
A1	RIPTiDe	training_samples=setx1,setx2,setx3	GL261	G1	12	1.3064871931111324e-177	0.99364276653654093
A1	RIPTiDe	training_samples=setx1,setx2,setx3	GL261	G1	13	3.4330213223128004e-200	2.6109684214804715e-23
A1	RIPTiDe	training_samples=setx1,setx2,setx3	GL261	G1	14	3.1296409448819059e-207	2.3802338845230228e-30
A1	RIPTiDe	training_samples=setx1,setx2,setx3	GL261	G1	15	1.5943840303701311e-202	1.2126013689319786e-25
A1	RIPTiDe	training_samples=setx1,setx2,setx3	GL261	G1	16	7.1757220347171087e-205	5.457462064740671e-28
A1	RIPTiDe	training_samples=setx1,setx2,setx3	GL261	G1	17	8.2712759657499008e-217	6.2906805185160611e-40
A1	RIPTiDe	training_samples=setx1,setx2,setx3	GL261	G1	18	2.1503970585601967e-214	1.6354744950324513e-37
A1	RIPTiDe	training_samples=setx1,setx2,setx3	GL261	G1	19	1.322755753732211e-209	1.0060157447550278e-32
A1	RIPTiDe	training_samples=setx1,setx2,setx3	GL261	G2	0	8.0075844718524653e-12	7.4105733699705276e-05
A1	RIPTiDe	training_samples=setx1,setx2,setx3	GL261	G2	1	6.0114902014835914e-09	0.055632993142371738
A1	RIPTiDe	training_samples=setx1,setx2,setx3	GL261	G2	2	2.5259356055342497e-10	0.0023376126968663925
A1	RIPTiDe	training_samples=setx1,setx2,setx3	GL261	G2	3	3.3532695671070295e-08	0.31032641920525705
A1	RIPTiDe	training_samples=setx1,setx2,setx3	GL261	G2	4	4.3831386425378182e-12	4.0563506529910231e-05
A1	RIPTiDe	training_samples=setx1,setx2,setx3	GL261	G2	5	1.4491035939607889e-10	0.0013410646545761796
A1	RIPTiDe	training_samples=setx1,setx2,setx3	GL261	G2	6	4.6586170454176915e-11	0.00043112905694614055
A1	RIPTiDe	training_samples=setx1,setx2,setx3	GL261	G2	7	1.4515063369486251e-11	0.00013432882593677534
A1	RIPTiDe	training_samples=setx1,setx2,setx3	GL261	G2	8	2.3805098016104441e-12	2.2030292162109587e-05
A1	RIPTiDe	training_samples=setx1,setx2,setx3	GL261	G2	9	2.6105825482494695e-11	0.00024159487271311741
A1	RIPTiDe	training_samples=setx1,setx2,setx3	GL261	G2	10	3.3532695671070295e-08	0.31032641920525705
A1	RIPTiDe	training_samples=setx1,setx2,setx3	GL261	G2	11	8.248551287868518e-11	0.00076335747352501682
A1	RIPTiDe	training_samples=setx1,setx2,setx3	GL261	G2	12	1.2827907709977925e-12	1.187151401301552e-05
A1	RIPTiDe	training_samples=setx1,setx2,setx3	GL261	G2	13	4.3686394444371884e-10	0.0040429324528199048
A1	RIPTiDe	training_samples=setx1,setx2,setx3	GL261	G2	14	2.1563760864155403e-09	0.019956059480613231
A1	RIPTiDe	training_samples=setx1,setx2,setx3	GL261	G2	15	7.4967187396736358e-10	0.0069377955923744924
A1	RIPTiDe	training_samples=setx1,setx2,setx3	GL261	G2	16	1.2764309285292151e-09	0.011812657213689187
A1	RIPTiDe	training_samples=setx1,setx2,setx3	GL261	G2	17	1.6242172818172188e-08	0.1503122618061638
A1	RIPTiDe	training_samples=setx1,setx2,setx3	GL261	G2	18	9.9200210099802126e-09	0.091804268546293685
A1	RIPTiDe	training_samples=setx1,setx2,setx3	GL261	G2	19	3.6145378918999041e-09	0.03345053472819156
A1	RIPTiDe	training_samples=setx1,setx2,setx3	GL261	G3	0	5.3494011849724839e-103	0.0028369457709224583
A1	RIPTiDe	training_samples=setx1,setx2,setx3	GL261	G3	1	3.280561328271115e-113	1.7397787648896208e-13
A1	RIPTiDe	training_samples=setx1,setx2,setx3	GL261	G3	2	4.8252920184735133e-108	2.5589951682311036e-08
A1	RIPTiDe	training_samples=setx1,setx2,setx3	GL261	G3	3	2.7849811632566697e-116	1.4769579360386592e-16
A1	RIPTiDe	training_samples=setx1,setx2,setx3	GL261	G3	4	3.6071466951329646e-102	0.019129766506579604
A1	RIPTiDe	training_samples=setx1,setx2,setx3	GL261	G3	5	3.4107342434891438e-107	1.8088133144675908e-07
A1	RIPTiDe	training_samples=setx1,setx2,setx3	GL261	G3	6	1.6644226584489919e-105	8.826925965431533e-06
A1	RIPTiDe	training_samples=setx1,setx2,setx3	GL261	G3	7	7.8711029670879072e-104	0.00041742788590439422
A1	RIPTiDe	training_samples=setx1,setx2,setx3	GL261	G3	8	2.4133010319540889e-101	0.12798449620488078
A1	RIPTiDe	training_samples=setx1,setx2,setx3	GL261	G3	9	1.14909273001211e-104	6.0939788362916846e-05
A1	RIPTiDe	training_samples=setx1,setx2,setx3	GL261	G3	10	2.7849811632566697e-116	1.4769579360386592e-16
A1	RIPTiDe	training_samples=setx1,setx2,setx3	GL261	G3	11	2.3920002509969136e-106	1.2685485274827183e-06
A1	RIPTiDe	training_samples=setx1,setx2,setx3	GL261	G3	12	1.6019473995751002e-100	0.84956011772524898
A1	RIPTiDe	training_samples=setx1,setx2,setx3	GL261	G3	13	6.7731139173360233e-109	3.5919827695370944e-09
A1	RIPTiDe	training_samples=setx1,setx2,setx3	GL261	G3	14	1.7869692173128327e-111	9.4768266363449665e-12
A1	RIPTiDe	training_samples=setx1,setx2,setx3	GL261	G3	15	9.4328345713653669e-110	5.0025113502837394e-10
A1	RIPTiDe	training_samples=setx1,setx2,setx3	GL261	G3	16	1.3034222044059785e-110	6.91243371483081e-11
A1	RIPTiDe	training_samples=setx1,setx2,setx3	GL261	G3	17	5.836271505908974e-115	3.0951475116796417e-15
A1	RIPTiDe	training_samples=setx1,setx2,setx3	GL261	G3	18	4.392859312583135e-114	2.3296633058853608e-14
A1	RIPTiDe	training_samples=setx1,setx2,setx3	GL261	G3	19	2.4307376430309941e-112	1.2890921129622238e-12
A1	RIPTiDe	training_samples=setx1,setx2,setx3	GL261	G4	0	1.9302778928356919e-49	0.00040572092230212783
A1	RIPTiDe	training_samples=setx1,setx2,setx3	GL261	G4	1	4.2876348926226848e-64	9.0120867548978162e-19
A1	RIPTiDe	training_samples=setx1,setx2,setx3	GL261	G4	2	1.601424838944261e-56	3.3660001239485167e-11
A1	RIPTiDe	training_samples=setx1,setx2,setx3	GL261	G4	3	9.732441056701799e-69	2.0456406698909776e-23
A1	RIPTiDe	training_samples=setx1,setx2,setx3	GL261	G4	4	2.6184977827209324e-48	0.0055037636777309591
A1	RIPTiDe	training_samples=setx1,setx2,setx3	GL261	G4	5	2.6230194761633635e-55	5.5132677270734899e-10
A1	RIPTiDe	training_samples=setx1,setx2,setx3	GL261	G4	6	6.4041299299272779e-53	1.3460701753651212e-07
A1	RIPTiDe	training_samples=setx1,setx2,setx3	GL261	G4	7	1.3789346971320598e-50	2.8983529220911347e-05
A1	RIPTiDe	training_samples=setx1,setx2,setx3	GL261	G4	8	3.4422374136760683e-47	0.072351641359155588
A1	RIPTiDe	training_samples=setx1,setx2,setx3	GL261	G4	9	9.5460520669729567e-52	2.0064639725354196e-06
A1	RIPTiDe	training_samples=setx1,setx2,setx3	GL261	G4	10	9.732441056701799e-69	2.0456406698909776e-23
A1	RIPTiDe	training_samples=setx1,setx2,setx3	GL261	G4	11	4.1634437992765166e-54	8.7510521902834139e-09
A1	RIPTiDe	training_samples=setx1,setx2,setx3	GL261	G4	12	4.3851622545864745e-46	0.92170774010244894
A1	RIPTiDe	training_samples=setx1,setx2,setx3	GL261	G4	13	9.4747517970331241e-58	1.9914775234921254e-12
A1	RIPTiDe	training_samples=setx1,setx2,setx3	GL261	G4	14	1.6251337338282929e-61	3.415833335709454e-16
A1	RIPTiDe	training_samples=setx1,setx2,setx3	GL261	G4	15	5.432320187989112e-59	1.1418075941768137e-13
A1	RIPTiDe	training_samples=setx1,setx2,setx3	GL261	G4	16	3.0182771394715697e-60	6.3440512339436048e-15
A1	RIPTiDe	training_samples=setx1,setx2,setx3	GL261	G4	17	9.9763444074873204e-67	2.096906186012031e-21
A1	RIPTiDe	training_samples=setx1,setx2,setx3	GL261	G4	18	2.1009537732945814e-65	4.4159491531190155e-20
A1	RIPTiDe	training_samples=setx1,setx2,setx3	GL261	G4	19	8.4795993459658468e-63	1.7823085889170626e-17
A1	RIPTiDe	training_samples=setx1,setx2,setx3	GL261	G5	0	0.058333101210405101	0.11671357806874008
A1	RIPTiDe	training_samples=setx1,setx2,setx3	GL261	G5	1	0.0016242348542065	0.003249788842438307
A1	RIPTiDe	training_samples=setx1,setx2,setx3	GL261	G5	2	0.017133666112364301	0.03428124745496057
A1	RIPTiDe	training_samples=setx1,setx2,setx3	GL261	G5	3	0.0002437651627684	0.00048772830116794691
A1	RIPTiDe	training_samples=setx1,setx2,setx3	GL261	G5	4	0.064097800157359497	0.12824765780438308
A1	RIPTiDe	training_samples=setx1,setx2,setx3	GL261	G5	5	0.022731834019216302	0.04548212986101615
A1	RIPTiDe	training_samples=setx1,setx2,setx3	GL261	G5	6	0.036414535209735498	0.072858644746291099
A1	RIPTiDe	training_samples=setx1,setx2,setx3	GL261	G5	7	0.051445136103391298	0.10293205374428302
A1	RIPTiDe	training_samples=setx1,setx2,setx3	GL261	G5	8	0.068254061175755304	0.13656355537847042
A1	RIPTiDe	training_samples=setx1,setx2,setx3	GL261	G5	9	0.043967410574656897	0.087970529598214192
A1	RIPTiDe	training_samples=setx1,setx2,setx3	GL261	G5	10	0.0002437651627684	0.00048772830116794691
A1	RIPTiDe	training_samples=setx1,setx2,setx3	GL261	G5	11	0.029226443269621101	0.05847662300546555
A1	RIPTiDe	training_samples=setx1,setx2,setx3	GL261	G5	12	0.070432188581805596	0.14092157917241829
A1	RIPTiDe	training_samples=setx1,setx2,setx3	GL261	G5	13	0.0125147862482914	0.025039736470294366
A1	RIPTiDe	training_samples=setx1,setx2,setx3	GL261	G5	14	0.0040391197478083004	0.008081519895786456
A1	RIPTiDe	training_samples=setx1,setx2,setx3	GL261	G5	15	0.0088583714418569003	0.017723937273827706
A1	RIPTiDe	training_samples=setx1,setx2,setx3	GL261	G5	16	0.0060763341838685004	0.012157603306271485
A1	RIPTiDe	training_samples=setx1,setx2,setx3	GL261	G5	17	0.00057602346762919995	0.0011525147568628663
A1	RIPTiDe	training_samples=setx1,setx2,setx3	GL261	G5	18	0.00098257530456289993	0.0019659486147302965
A1	RIPTiDe	training_samples=setx1,setx2,setx3	GL261	G5	19	0.0026018911293028001	0.0052058954032102233
A1	RIPTiDe	training_samples=setx1,setx3	CT2A	C1	0	1.8899860970264239e-129	7.9007800366660883e-24
A1	RIPTiDe	training_samples=setx1,setx3	CT2A	C1	1	6.4925554162523294e-124	2.714107384196145e-18
A1	RIPTiDe	training_samples=setx1,setx3	CT2A	C1	2	4.3928593125821381e-114	1.8363635169241373e-08
A1	RIPTiDe	training_samples=setx1,setx3	CT2A	C1	3	2.392000250996371e-106	0.99993687046197244
A1	RIPTiDe	training_samples=setx1,setx3	CT2A	C1	4	1.3034222044056829e-110	5.448744913054113e-05
A1	RIPTiDe	training_samples=setx1,setx3	CT2A	C1	5	3.7098827897435558e-134	1.5508562697732472e-28
A1	RIPTiDe	training_samples=setx1,setx3	CT2A	C1	6	1.7869692173124265e-111	7.4701346959598578e-06
A1	RIPTiDe	training_samples=setx1,setx3	CT2A	C1	7	1.0201722083398664e-172	4.2646642905439768e-67
A1	RIPTiDe	training_samples=setx1,setx3	CT2A	C1	8	3.4357827884889087e-164	1.4362732143015651e-58
A1	RIPTiDe	training_samples=setx1,setx3	CT2A	C1	9	7.6933012571057301e-116	3.2160596886840097e-10
A1	RIPTiDe	training_samples=setx1,setx3	CT2A	C1	10	2.4307376430305112e-112	1.0161304082947305e-06
A1	RIPTiDe	training_samples=setx1,setx3	CT2A	C1	11	3.2805613282703705e-113	1.3713854028998688e-07
A1	RIPTiDe	training_samples=setx1,setx3	CT2A	C1	12	6.8574536758396771e-141	2.8666471774410689e-35
A1	RIPTiDe	training_samples=setx1,setx3	CT2A	C1	13	2.7216663550210609e-120	1.1377484330730248e-14
A1	RIPTiDe	training_samples=setx1,setx3	CT2A	C1	14	2.1971555637768338e-130	9.1848521230128045e-25
A1	RIPTiDe	training_samples=setx1,setx3	CT2A	C1	15	2.534265222346607e-131	1.0594084320427294e-25
A1	RIPTiDe	training_samples=setx1,setx3	CT2A	C1	16	6.4310373905082119e-140	2.6883907722877857e-34
A1	RIPTiDe	training_samples=setx1,setx3	CT2A	C1	17	5.6837620027218417e-176	2.3760044285467651e-70
A1	RIPTiDe	training_samples=setx1,setx3	CT2A	C1	18	8.460679188883213e-174	3.5368495745728308e-68
A1	RIPTiDe	training_samples=setx1,setx3	CT2A	C1	19	6.9618718778947411e-175	2.910297511565706e-69
A1	RIPTiDe	training_samples=setx1,setx3	CT2A	C2	0	1.5618099548984302e-09	3.4795399093561016e-08
A1	RIPTiDe	training_samples=setx1,setx3	CT2A	C2	1	4.9027180053417495e-07	1.0922713682545822e-05
A1	RIPTiDe	training_samples=setx1,setx3	CT2A	C2	2	0.00098226278559189993	0.021883728895585017
A1	RIPTiDe	training_samples=setx1,setx3	CT2A	C2	3	0.029224975291086999	0.65110013901721076
A1	RIPTiDe	training_samples=setx1,setx3	CT2A	C2	4	0.0060752754823726	0.13535042106081885
A1	RIPTiDe	training_samples=setx1,setx3	CT2A	C2	5	5.4670210962332304e-12	1.2179918580985342e-10
A1	RIPTiDe	training_samples=setx1,setx3	CT2A	C2	6	0.0040382857803161996	0.089968542548502783
A1	RIPTiDe	training_samples=setx1,setx3	CT2A	C2	7	8.435822213215698e-42	1.8794079245720809e-40
A1	RIPTiDe	training_samples=setx1,setx3	CT2A	C2	8	6.9105127182898145e-34	1.5395858325775676e-32
A1	RIPTiDe	training_samples=setx1,setx3	CT2A	C2	9	0.00032711161608010001	0.0072876851590992706
A1	RIPTiDe	training_samples=setx1,setx3	CT2A	C2	10	0.0026012635782901999	0.057953276626437185
A1	RIPTiDe	training_samples=setx1,setx3	CT2A	C2	11	0.0016237826889832	0.036176083093323923
A1	RIPTiDe	training_samples=setx1,setx3	CT2A	C2	12	5.3270192902978816e-16	1.1868010035642734e-14
A1	RIPTiDe	training_samples=setx1,setx3	CT2A	C2	13	1.2080941883619672e-05	0.00026915002875237836
A1	RIPTiDe	training_samples=setx1,setx3	CT2A	C2	14	5.367106663720279e-10	1.1957320271658974e-08
A1	RIPTiDe	training_samples=setx1,setx3	CT2A	C2	15	1.7873454641632927e-10	3.9820080893051004e-09
A1	RIPTiDe	training_samples=setx1,setx3	CT2A	C2	16	2.1900479756560571e-15	4.8791847630369139e-14
A1	RIPTiDe	training_samples=setx1,setx3	CT2A	C2	17	5.4136073152277104e-45	1.2060918582211228e-43
A1	RIPTiDe	training_samples=setx1,setx3	CT2A	C2	18	7.5085767764063183e-43	1.6728278926656769e-41
A1	RIPTiDe	training_samples=setx1,setx3	CT2A	C2	19	6.4765551771478871e-44	1.4429048901470539e-42
A1	RIPTiDe	training_samples=setx1,setx3	CT2A	C3	0	1.4470711102941859e-05	4.5142270558889009e-05
A1	RIPTiDe	training_samples=setx1,setx3	CT2A	C3	1	1.4029506943121348e-06	4.3765907129846757e-06
A1	RIPTiDe	training_samples=setx1,setx3	CT2A	C3	2	9.3326958676121656e-09	2.9113916994302011e-08
A1	RIPTiDe	training_samples=setx1,setx3	CT2A	C3	3	7.6153720383928662e-11	2.3756620011150675e-10
A1	RIPTiDe	training_samples=setx1,setx3	CT2A	C3	4	1.1912131646566626e-09	3.7160625065142331e-09
A1	RIPTiDe	training_samples=setx1,setx3	CT2A	C3	5	8.1506397671252985e-05	0.00025426420510931861
A1	RIPTiDe	training_samples=setx1,setx3	CT2A	C3	6	2.0165654083845169e-09	6.2907994373879611e-09
A1	RIPTiDe	training_samples=setx1,setx3	CT2A	C3	7	0.0674049788666813	0.21027396451839375
A1	RIPTiDe	training_samples=setx1,setx3	CT2A	C3	8	0.042068314815209999	0.13123468748945272
A1	RIPTiDe	training_samples=setx1,setx3	CT2A	C3	9	2.4919667407064507e-08	7.7738430428518378e-08
A1	RIPTiDe	training_samples=setx1,setx3	CT2A	C3	10	3.3870597729884531e-09	1.0566140639784443e-08
A1	RIPTiDe	training_samples=setx1,setx3	CT2A	C3	11	5.644443466973057e-09	1.7608187484901859e-08
A1	RIPTiDe	training_samples=setx1,setx3	CT2A	C3	12	0.00065895908841099996	0.0020556632804479631
A1	RIPTiDe	training_samples=setx1,setx3	CT2A	C3	13	2.5302599684763266e-07	7.8933011148334884e-07
A1	RIPTiDe	training_samples=setx1,setx3	CT2A	C3	14	2.077087539828264e-05	6.4796019373479554e-05
A1	RIPTiDe	training_samples=setx1,setx3	CT2A	C3	15	2.958063186774928e-05	9.2278594851179205e-05
A1	RIPTiDe	training_samples=setx1,setx3	CT2A	C3	16	0.00050052827535770005	0.0015614286449252581
A1	RIPTiDe	training_samples=setx1,setx3	CT2A	C3	17	0.070658703276160806	0.22042415731623938
A1	RIPTiDe	training_samples=setx1,setx3	CT2A	C3	18	0.069012668410058806	0.21528925062462317
A1	RIPTiDe	training_samples=setx1,setx3	CT2A	C3	19	0.070105708384287299	0.21869905584409663
A1	RIPTiDe	training_samples=setx1,setx3	CT2A	C4	0	9.2960527786072088e-90	2.2327779849668683e-36
A1	RIPTiDe	training_samples=setx1,setx3	CT2A	C4	1	1.0330320760537451e-80	2.4811942575082932e-27
A1	RIPTiDe	training_samples=setx1,setx3	CT2A	C4	2	2.1009537732944026e-65	5.0461883599026248e-12
A1	RIPTiDe	training_samples=setx1,setx3	CT2A	C4	3	4.1634437992762228e-54	0.9999992338752145
A1	RIPTiDe	training_samples=setx1,setx3	CT2A	C4	4	3.0182771394713121e-60	7.2494669619872994e-07
A1	RIPTiDe	training_samples=setx1,setx3	CT2A	C4	5	1.1347905969039052e-97	2.7256035681566675e-44
A1	RIPTiDe	training_samples=setx1,setx3	CT2A	C4	6	1.625133733828201e-61	3.9033371581849681e-08
A1	RIPTiDe	training_samples=setx1,setx3	CT2A	C4	7	5.8378272611825982e-169	1.4021620250268043e-115
A1	RIPTiDe	training_samples=setx1,setx3	CT2A	C4	8	2.5801369429642148e-152	6.1971173159726234e-99
A1	RIPTiDe	training_samples=setx1,setx3	CT2A	C4	9	4.5907390485311285e-68	1.1026293983481218e-14
A1	RIPTiDe	training_samples=setx1,setx3	CT2A	C4	10	8.4795993459651246e-63	2.0366776299485527e-09
A1	RIPTiDe	training_samples=setx1,setx3	CT2A	C4	11	4.2876348926223211e-64	1.0298281457538408e-10
A1	RIPTiDe	training_samples=setx1,setx3	CT2A	C4	12	2.5301231869891078e-109	6.0769914776773559e-56
A1	RIPTiDe	training_samples=setx1,setx3	CT2A	C4	13	5.9126479348178e-75	1.4201328731804977e-21
A1	RIPTiDe	training_samples=setx1,setx3	CT2A	C4	14	2.5876738521112287e-91	6.2152198861913242e-38
A1	RIPTiDe	training_samples=setx1,setx3	CT2A	C4	15	6.9803424691299164e-93	1.6765777221563572e-39
A1	RIPTiDe	training_samples=setx1,setx3	CT2A	C4	16	1.2841392159954734e-107	3.0843174403070551e-54
A1	RIPTiDe	training_samples=setx1,setx3	CT2A	C4	17	1.9911653358472123e-175	4.7824923461492201e-122
A1	RIPTiDe	training_samples=setx1,setx3	CT2A	C4	18	4.2090139459560168e-171	1.0109445267539839e-117
A1	RIPTiDe	training_samples=setx1,setx3	CT2A	C4	19	2.9408015976946788e-173	7.0633818695593228e-120
A1	RIPTiDe	training_samples=setx1,setx3	CT2A	C5	0	2.647782631314981e-257	9.3286266950568161e-65
A1	RIPTiDe	training_samples=setx1,setx3	CT2A	C5	1	1.041607392248826e-241	3.6697750072766472e-49
A1	RIPTiDe	training_samples=setx1,setx3	CT2A	C5	2	2.1503970585600751e-214	7.5762455604191925e-22
A1	RIPTiDe	training_samples=setx1,setx3	CT2A	C5	3	2.8383412884463498e-193	0.99999999999746081
A1	RIPTiDe	training_samples=setx1,setx3	CT2A	C5	4	7.1757220347167033e-205	2.5281392565114419e-12
A1	RIPTiDe	training_samples=setx1,setx3	CT2A	C5	5	1.1271820426902522e-270	3.9712702883041471e-78
A1	RIPTiDe	training_samples=setx1,setx3	CT2A	C5	6	3.1296409448815518e-207	1.102630243097618e-14
A1	RIPTiDe	training_samples=setx1,setx3	CT2A	C5	7	0	0
A1	RIPTiDe	training_samples=setx1,setx3	CT2A	C5	8	0	0
A1	RIPTiDe	training_samples=setx1,setx3	CT2A	C5	9	3.0830644332486801e-219	1.0862204787671811e-26
A1	RIPTiDe	training_samples=setx1,setx3	CT2A	C5	10	1.322755753732137e-209	4.660312553367491e-17
A1	RIPTiDe	training_samples=setx1,setx3	CT2A	C5	11	5.4177759386680553e-212	1.9087824148236517e-19
A1	RIPTiDe	training_samples=setx1,setx3	CT2A	C5	12	5.7505901751417524e-290	2.0260390103668282e-97
A1	RIPTiDe	training_samples=setx1,setx3	CT2A	C5	13	1.3847666603387105e-231	4.8787884176296059e-39
A1	RIPTiDe	training_samples=setx1,setx3	CT2A	C5	14	5.9702456732232319e-260	2.1034276947280229e-67
A1	RIPTiDe	training_samples=setx1,setx3	CT2A	C5	15	1.3045427410051918e-262	4.5961447494425849e-70
A1	RIPTiDe	training_samples=setx1,setx3	CT2A	C5	16	3.6031632837633867e-287	1.2694608990191364e-94
A1	RIPTiDe	training_samples=setx1,setx3	CT2A	C5	17	0	0
A1	RIPTiDe	training_samples=setx1,setx3	CT2A	C5	18	0	0
A1	RIPTiDe	training_samples=setx1,setx3	CT2A	C5	19	0	0
A1	RIPTiDe	training_samples=setx1,setx3	GL261	G1	0	3.2210703653092778e-317	3.3981216740457167e-66
A1	RIPTiDe	training_samples=setx1,setx3	GL261	G1	1	1.356709153746565e-305	1.4312828525494695e-54
A1	RIPTiDe	training_samples=setx1,setx3	GL261	G1	2	2.2260300098967641e-311	2.3483873265153245e-60
A1	RIPTiDe	training_samples=setx1,setx3	GL261	G1	3	4.7394865079570653e-252	0.49999999999968214
A1	RIPTiDe	training_samples=setx1,setx3	GL261	G1	4	6.0266359267107115e-264	6.3578996549402934e-13
A1	RIPTiDe	training_samples=setx1,setx3	GL261	G1	5	0	0
A1	RIPTiDe	training_samples=setx1,setx3	GL261	G1	6	0	0
A1	RIPTiDe	training_samples=setx1,setx3	GL261	G1	7	0	0
A1	RIPTiDe	training_samples=setx1,setx3	GL261	G1	8	0	0
A1	RIPTiDe	training_samples=setx1,setx3	GL261	G1	9	0	0
A1	RIPTiDe	training_samples=setx1,setx3	GL261	G1	10	2.1721265158273381e-273	2.291520940274016e-22
A1	RIPTiDe	training_samples=setx1,setx3	GL261	G1	11	4.7394865079570653e-252	0.49999999999968214
A1	RIPTiDe	training_samples=setx1,setx3	GL261	G1	12	0	0
A1	RIPTiDe	training_samples=setx1,setx3	GL261	G1	13	0	0
A1	RIPTiDe	training_samples=setx1,setx3	GL261	G1	14	0	0
A1	RIPTiDe	training_samples=setx1,setx3	GL261	G1	15	0	0
A1	RIPTiDe	training_samples=setx1,setx3	GL261	G1	16	0	0
A1	RIPTiDe	training_samples=setx1,setx3	GL261	G1	17	0	0
A1	RIPTiDe	training_samples=setx1,setx3	GL261	G1	18	0	0
A1	RIPTiDe	training_samples=setx1,setx3	GL261	G1	19	0	0
A1	RIPTiDe	training_samples=setx1,setx3	GL261	G2	0	0.0061233091760604002	0.011563472159222951
A1	RIPTiDe	training_samples=setx1,setx3	GL261	G2	1	0.0026296839551571	0.0049659875614150228
A1	RIPTiDe	training_samples=setx1,setx3	GL261	G2	2	0.0040760799974300004	0.0076974126593705805
A1	RIPTiDe	training_samples=setx1,setx3	GL261	G2	3	7.1055831713618781e-06	1.3418432879123286e-05
A1	RIPTiDe	training_samples=setx1,setx3	GL261	G2	4	3.6224178792156459e-05	6.840701178236306e-05
A1	RIPTiDe	training_samples=setx1,setx3	GL261	G2	5	0.010631867922301899	0.020077592880778112
A1	RIPTiDe	training_samples=setx1,setx3	GL261	G2	6	0.021315130134005999	0.040252240543138841
A1	RIPTiDe	training_samples=setx1,setx3	GL261	G2	7	0.0275963805976207	0.052113974578238687
A1	RIPTiDe	training_samples=setx1,setx3	GL261	G2	8	0.013644258312403601	0.025766296718375773
A1	RIPTiDe	training_samples=setx1,setx3	GL261	G2	9	0.018514310795227602	0.03496307491132692
A1	RIPTiDe	training_samples=setx1,setx3	GL261	G2	10	0.00011524254656420001	0.0002176280733893056
A1	RIPTiDe	training_samples=setx1,setx3	GL261	G2	11	7.1055831713618781e-06	1.3418432879123286e-05
A1	RIPTiDe	training_samples=setx1,setx3	GL261	G2	12	0.045896702848454499	0.086672946004939272
A1	RIPTiDe	training_samples=setx1,setx3	GL261	G2	13	0.067348548022676605	0.12718336403280592
A1	RIPTiDe	training_samples=setx1,setx3	GL261	G2	14	0.056695964197219902	0.10706665051276298
A1	RIPTiDe	training_samples=setx1,setx3	GL261	G2	15	0.059888652054108697	0.11309583442047076
A1	RIPTiDe	training_samples=setx1,setx3	GL261	G2	16	0.0514624661039777	0.097183528861295401
A1	RIPTiDe	training_samples=setx1,setx3	GL261	G2	17	0.070586511140977595	0.13329804733467926
A1	RIPTiDe	training_samples=setx1,setx3	GL261	G2	18	0.038335972310310398	0.072394996849109536
A1	RIPTiDe	training_samples=setx1,setx3	GL261	G2	19	0.034627457933968597	0.06539170802114011
A1	RIPTiDe	training_samples=setx1,setx3	GL261	G3	0	2.697241050725324e-150	9.8731270226102653e-24
A1	RIPTiDe	training_samples=setx1,setx3	GL261	G3	1	2.6825169669664847e-146	9.8192301900659593e-20
A1	RIPTiDe	training_samples=setx1,setx3	GL261	G3	2	2.732454890181763e-148	1.0002025665100426e-21
A1	RIPTiDe	training_samples=setx1,setx3	GL261	G3	3	1.3659078204491942e-127	0.49998428612248519
A1	RIPTiDe	training_samples=setx1,setx3	GL261	G3	4	8.5816063574136769e-132	3.1412576047662008e-05
A1	RIPTiDe	training_samples=setx1,setx3	GL261	G3	5	2.493950583930088e-153	9.1289916029690147e-27
A1	RIPTiDe	training_samples=setx1,setx3	GL261	G3	6	6.1415832231063925e-158	2.2480983397963477e-31
A1	RIPTiDe	training_samples=setx1,setx3	GL261	G3	7	5.2220283384879711e-160	1.9114994964094e-33
A1	RIPTiDe	training_samples=setx1,setx3	GL261	G3	8	7.3851608718661334e-155	2.7033042282497444e-28
A1	RIPTiDe	training_samples=setx1,setx3	GL261	G3	9	6.5824033098704703e-157	2.4094585085350462e-30
A1	RIPTiDe	training_samples=setx1,setx3	GL261	G3	10	4.1467483631565272e-135	1.5178981985772431e-08
A1	RIPTiDe	training_samples=setx1,setx3	GL261	G3	11	1.3659078204491942e-127	0.49998428612248519
A1	RIPTiDe	training_samples=setx1,setx3	GL261	G3	12	3.0342053265418775e-165	1.1106569282553651e-38
A1	RIPTiDe	training_samples=setx1,setx3	GL261	G3	13	1.0201722083402144e-172	3.734293527518124e-46
A1	RIPTiDe	training_samples=setx1,setx3	GL261	G3	14	1.9935958507335098e-168	7.2974660758435699e-42
A1	RIPTiDe	training_samples=setx1,setx3	GL261	G3	15	1.7061319826400615e-169	6.2452177855640354e-43
A1	RIPTiDe	training_samples=setx1,setx3	GL261	G3	16	7.846542876626718e-167	2.8721909926612103e-40
A1	RIPTiDe	training_samples=setx1,setx3	GL261	G3	17	5.6837620027241002e-176	2.0805149841572478e-49
A1	RIPTiDe	training_samples=setx1,setx3	GL261	G3	18	3.8600727714477357e-163	1.4129619145005297e-36
A1	RIPTiDe	training_samples=setx1,setx3	GL261	G3	19	4.3028315442269131e-162	1.5750317303535963e-35
A1	RIPTiDe	training_samples=setx1,setx3	GL261	G4	0	3.3165745080735517e-126	1.518848173343541e-40
A1	RIPTiDe	training_samples=setx1,setx3	GL261	G4	1	6.0141182194357873e-119	2.7542069233258361e-33
A1	RIPTiDe	training_samples=setx1,setx3	GL261	G4	2	1.5038980168006459e-122	6.8872047051927054e-37
A1	RIPTiDe	training_samples=setx1,setx3	GL261	G4	3	1.0918057493136721e-86	0.49999997405584323
A1	RIPTiDe	training_samples=setx1,setx3	GL261	G4	4	1.1330365393917532e-93	5.1888189877761872e-08
A1	RIPTiDe	training_samples=setx1,setx3	GL261	G4	5	8.5816063574130112e-132	3.9300058263672247e-46
A1	RIPTiDe	training_samples=setx1,setx3	GL261	G4	6	2.1020755759286379e-140	9.6266000988586213e-55
A1	RIPTiDe	training_samples=setx1,setx3	GL261	G4	7	2.5520441928425889e-144	1.1687262418363242e-58
A1	RIPTiDe	training_samples=setx1,setx3	GL261	G4	8	1.2415388184112612e-134	5.6857126589155549e-49
A1	RIPTiDe	training_samples=setx1,setx3	GL261	G4	9	1.8199637953265507e-138	8.3346497398267005e-53
A1	RIPTiDe	training_samples=setx1,setx3	GL261	G4	10	2.6996525134571806e-99	1.2363244904479632e-13
A1	RIPTiDe	training_samples=setx1,setx3	GL261	G4	11	1.0918057493136721e-86	0.49999997405584323
A1	RIPTiDe	training_samples=setx1,setx3	GL261	G4	12	2.391784184944745e-154	1.095334065763353e-68
A1	RIPTiDe	training_samples=setx1,setx3	GL261	G4	13	5.8378272611839232e-169	2.6734732629584844e-83
A1	RIPTiDe	training_samples=setx1,setx3	GL261	G4	14	1.5779640584792315e-160	7.2263952520550159e-75
A1	RIPTiDe	training_samples=setx1,setx3	GL261	G4	15	1.290034383031103e-162	5.9078014422635723e-77
A1	RIPTiDe	training_samples=setx1,setx3	GL261	G4	16	2.0126060896732839e-157	9.2168684150440991e-72
A1	RIPTiDe	training_samples=setx1,setx3	GL261	G4	17	1.9911653358476646e-175	9.1186790039397306e-90
A1	RIPTiDe	training_samples=setx1,setx3	GL261	G4	18	2.6972410507251145e-150	1.2352201444558051e-64
A1	RIPTiDe	training_samples=setx1,setx3	GL261	G4	19	2.7324548901815519e-148	1.2513465651361262e-62
A1	RIPTiDe	training_samples=setx1,setx3	GL261	G5	0	1.6402629141541074e-22	6.7767258492021342e-15
A1	RIPTiDe	training_samples=setx1,setx3	GL261	G5	1	1.2798614698169249e-19	5.2877317599898582e-12
A1	RIPTiDe	training_samples=setx1,setx3	GL261	G5	2	4.8789187744861928e-21	2.0157192295156536e-13
A1	RIPTiDe	training_samples=setx1,setx3	GL261	G5	3	1.2050325294377541e-08	0.49785769225792692
A1	RIPTiDe	training_samples=setx1,setx3	GL261	G5	4	1.0209765949967392e-10	0.0042181521163714691
A1	RIPTiDe	training_samples=setx1,setx3	GL261	G5	5	7.9887372070294766e-25	3.3005368509034734e-17
A1	RIPTiDe	training_samples=setx1,setx3	GL261	G5	6	1.5981031499370176e-28	6.6025433071835219e-21
A1	RIPTiDe	training_samples=setx1,setx3	GL261	G5	7	2.9579010757004402e-30	1.2220531541688383e-22
A1	RIPTiDe	training_samples=setx1,setx3	GL261	G5	8	5.0143703111388857e-26	2.0716808635822162e-18
A1	RIPTiDe	training_samples=setx1,setx3	GL261	G5	9	1.1206019120213622e-27	4.6297528757923392e-20
A1	RIPTiDe	training_samples=setx1,setx3	GL261	G5	10	1.6087029447754504e-12	6.6463362278537373e-05
A1	RIPTiDe	training_samples=setx1,setx3	GL261	G5	11	1.2050325294377541e-08	0.49785769225792692
A1	RIPTiDe	training_samples=setx1,setx3	GL261	G5	12	7.9557976621022606e-35	3.2869279188448992e-27
A1	RIPTiDe	training_samples=setx1,setx3	GL261	G5	13	8.4971057163277531e-42	3.5105686688610617e-34
A1	RIPTiDe	training_samples=setx1,setx3	GL261	G5	14	9.8807871490280323e-38	4.0822349335267301e-30
A1	RIPTiDe	training_samples=setx1,setx3	GL261	G5	15	9.9741396083539047e-39	4.1208033861047413e-31
A1	RIPTiDe	training_samples=setx1,setx3	GL261	G5	16	2.9045954899361452e-36	1.2000300176436762e-28
A1	RIPTiDe	training_samples=setx1,setx3	GL261	G5	17	5.4561012808735013e-45	2.2541814648676786e-37
A1	RIPTiDe	training_samples=setx1,setx3	GL261	G5	18	5.8848006380996803e-33	2.4312980716373443e-25
A1	RIPTiDe	training_samples=setx1,setx3	GL261	G5	19	4.8282721092373533e-32	1.9947946226976853e-24
A1	RIPTiDe	training_samples=setx2,setx3	CT2A	C1	0	1.6130412399557814e-128	1.403740495936476e-24
A1	RIPTiDe	training_samples=setx2,setx3	CT2A	C1	1	1.1475889856058406e-126	9.9868316561437727e-23
A1	RIPTiDe	training_samples=setx2,setx3	CT2A	C1	2	1.149092730011882e-104	0.99999179112624337
A1	RIPTiDe	training_samples=setx2,setx3	CT2A	C1	3	9.4328345713632243e-110	8.2088737419107356e-06
A1	RIPTiDe	training_samples=setx2,setx3	CT2A	C1	4	1.5779640584789062e-160	1.3732147667097686e-56
A1	RIPTiDe	training_samples=setx2,setx3	CT2A	C1	5	1.4486957513106733e-170	1.2607197150530741e-66
A1	RIPTiDe	training_samples=setx2,setx3	CT2A	C1	6	6.794699690170639e-168	5.913050997432043e-64
A1	RIPTiDe	training_samples=setx2,setx3	CT2A	C1	7	1.7061319826394808e-169	1.4847522159502143e-65
A1	RIPTiDe	training_samples=setx2,setx3	CT2A	C1	8	4.3028315442256911e-162	3.7445160955637201e-58
A1	RIPTiDe	training_samples=setx2,setx3	CT2A	C1	9	5.060225206401047e-137	4.4036338717405547e-33
A1	RIPTiDe	training_samples=setx2,setx3	CT2A	C1	10	1.220480395561787e-171	1.0621165245555746e-67
A1	RIPTiDe	training_samples=setx2,setx3	CT2A	C1	11	1.6810431025205556e-118	1.4629187524600953e-14
A1	RIPTiDe	training_samples=setx2,setx3	CT2A	C1	12	3.0342053265408442e-165	2.6405009272846e-61
A1	RIPTiDe	training_samples=setx2,setx3	CT2A	C1	13	6.794699690170639e-168	5.913050997432043e-64
A1	RIPTiDe	training_samples=setx2,setx3	CT2A	C1	14	3.8600727714464216e-163	3.3592076459803514e-59
A1	RIPTiDe	training_samples=setx2,setx3	CT2A	C1	15	5.6854553500297161e-159	4.9477370540719635e-55
A1	RIPTiDe	training_samples=setx2,setx3	CT2A	C1	16	2.6586017861590465e-166	2.3136339588582415e-62
A1	RIPTiDe	training_samples=setx2,setx3	CT2A	C1	17	1.5779640584789062e-160	1.3732147667097686e-56
A1	RIPTiDe	training_samples=setx2,setx3	CT2A	C1	18	2.9002295931982591e-132	2.5239092632234076e-28
A1	RIPTiDe	training_samples=setx2,setx3	CT2A	C1	19	3.422523912041135e-121	2.978433095594489e-17
A1	RIPTiDe	training_samples=setx2,setx3	CT2A	C2	0	4.4042542636516044e-09	8.3289132035651883e-08
A1	RIPTiDe	training_samples=setx2,setx3	CT2A	C2	1	3.1873480242105076e-08	6.0276140872016441e-07
A1	RIPTiDe	training_samples=setx2,setx3	CT2A	C2	2	0.043966619877255197	0.83145554023529022
A1	RIPTiDe	training_samples=setx2,setx3	CT2A	C2	3	0.0088570916411464997	0.16749702242206302
A1	RIPTiDe	training_samples=setx2,setx3	CT2A	C2	4	1.0642276230346842e-30	2.0125676154181154e-29
A1	RIPTiDe	training_samples=setx2,setx3	CT2A	C2	5	9.6902663105511151e-40	1.8325324149903934e-38
A1	RIPTiDe	training_samples=setx2,setx3	CT2A	C2	6	3.0538655343073797e-37	5.7751845029756991e-36
A1	RIPTiDe	training_samples=setx2,setx3	CT2A	C2	7	9.9077311757221336e-39	1.8736573337259592e-37
A1	RIPTiDe	training_samples=setx2,setx3	CT2A	C2	8	4.8019579012860623e-32	9.0810130779836946e-31
A1	RIPTiDe	training_samples=setx2,setx3	CT2A	C2	9	1.260373098968017e-13	2.3834995704152406e-12
A1	RIPTiDe	training_samples=setx2,setx3	CT2A	C2	10	9.1844561969441342e-41	1.7368783432333036e-39
A1	RIPTiDe	training_samples=setx2,setx3	CT2A	C2	11	4.9667254564719758e-05	0.00093926060478158443
A1	RIPTiDe	training_samples=setx2,setx3	CT2A	C2	12	7.9084356732000708e-35	1.4955692917567786e-33
A1	RIPTiDe	training_samples=setx2,setx3	CT2A	C2	13	3.0538655343073797e-37	5.7751845029756991e-36
A1	RIPTiDe	training_samples=setx2,setx3	CT2A	C2	14	5.851755758880426e-33	1.1066292472353332e-31
A1	RIPTiDe	training_samples=setx2,setx3	CT2A	C2	15	2.1976181754735386e-29	4.1559296857944311e-28
A1	RIPTiDe	training_samples=setx2,setx3	CT2A	C2	16	8.7705562601889408e-36	1.6586054633806107e-34
A1	RIPTiDe	training_samples=setx2,setx3	CT2A	C2	17	1.0642276230346842e-30	2.0125676154181154e-29
A1	RIPTiDe	training_samples=setx2,setx3	CT2A	C2	18	5.7681031094174521e-11	1.0908096415786946e-09
A1	RIPTiDe	training_samples=setx2,setx3	CT2A	C2	19	5.6839528961427661e-06	0.00010748959413136863
A1	RIPTiDe	training_samples=setx2,setx3	CT2A	C3	0	1.0002594543759651e-05	1.82078947426807e-05
A1	RIPTiDe	training_samples=setx2,setx3	CT2A	C3	1	4.6678985144215676e-06	8.4970558836785103e-06
A1	RIPTiDe	training_samples=setx2,setx3	CT2A	C3	2	2.3993069616374409e-11	4.3674996943798233e-11
A1	RIPTiDe	training_samples=setx2,setx3	CT2A	C3	3	6.9815905409443247e-10	1.2708709240375663e-09
A1	RIPTiDe	training_samples=setx2,setx3	CT2A	C3	4	0.029222043483197901	0.053193387933538817
A1	RIPTiDe	training_samples=setx2,setx3	CT2A	C3	5	0.062803152972999599	0.11432165862948611
A1	RIPTiDe	training_samples=setx2,setx3	CT2A	C3	6	0.055004624636244802	0.10012586348031345
A1	RIPTiDe	training_samples=setx2,setx3	CT2A	C3	7	0.059911164550541997	0.10905732240524012
A1	RIPTiDe	training_samples=setx2,setx3	CT2A	C3	8	0.0345659175432486	0.06292093371957172
A1	RIPTiDe	training_samples=setx2,setx3	CT2A	C3	9	0.00020924997862159999	0.00038090133204761722
A1	RIPTiDe	training_samples=setx2,setx3	CT2A	C3	10	0.065319500161066898	0.11890220865937352
A1	RIPTiDe	training_samples=setx2,setx3	CT2A	C3	11	1.0250683547429433e-07	1.865949541947251e-07
A1	RIPTiDe	training_samples=setx2,setx3	CT2A	C3	12	0.045865930281321202	0.08349054109750334
A1	RIPTiDe	training_samples=setx2,setx3	CT2A	C3	13	0.055004624636244802	0.10012586348031345
A1	RIPTiDe	training_samples=setx2,setx3	CT2A	C3	14	0.038283156868498397	0.069687488344114354
A1	RIPTiDe	training_samples=setx2,setx3	CT2A	C3	15	0.024271434414519601	0.044181709169563425
A1	RIPTiDe	training_samples=setx2,setx3	CT2A	C3	16	0.049615002414923899	0.090315041530137849
A1	RIPTiDe	training_samples=setx2,setx3	CT2A	C3	17	0.029222043483197901	0.053193387933538817
A1	RIPTiDe	training_samples=setx2,setx3	CT2A	C3	18	4.1797259913457313e-05	7.6084270506744729e-05
A1	RIPTiDe	training_samples=setx2,setx3	CT2A	C3	19	3.9287363219663461e-07	7.1515462422435074e-07
A1	RIPTiDe	training_samples=setx2,setx3	CT2A	C4	0	3.2362633920806499e-88	3.3901587642846047e-37
A1	RIPTiDe	training_samples=setx2,setx3	CT2A	C4	1	3.5694650147362656e-85	3.7392052615765154e-34
A1	RIPTiDe	training_samples=setx2,setx3	CT2A	C4	2	9.5460520669724181e-52	0.99999994309354445
A1	RIPTiDe	training_samples=setx2,setx3	CT2A	C4	3	5.4323201879886503e-59	5.6906455577058807e-08
A1	RIPTiDe	training_samples=setx2,setx3	CT2A	C4	4	2.6267624814228172e-145	2.7516740046193426e-94
A1	RIPTiDe	training_samples=setx2,setx3	CT2A	C4	5	1.0220254268678988e-164	1.070626224891517e-113
A1	RIPTiDe	training_samples=setx2,setx3	CT2A	C4	6	1.724759740798205e-159	1.8067779544337413e-108
A1	RIPTiDe	training_samples=setx2,setx3	CT2A	C4	7	1.2900343830308828e-162	1.3513799218452618e-111
A1	RIPTiDe	training_samples=setx2,setx3	CT2A	C4	8	2.7324548901810865e-148	2.8623924482253287e-97
A1	RIPTiDe	training_samples=setx2,setx3	CT2A	C4	9	1.3904675393608148e-102	1.4565890176159807e-51
A1	RIPTiDe	training_samples=setx2,setx3	CT2A	C4	10	7.8465428766243292e-167	8.2196727768256968e-116
A1	RIPTiDe	training_samples=setx2,setx3	CT2A	C4	11	3.7047042650761213e-72	3.8808755999478849e-21
A1	RIPTiDe	training_samples=setx2,setx3	CT2A	C4	12	2.3917841849443383e-154	2.5055216879777034e-103
A1	RIPTiDe	training_samples=setx2,setx3	CT2A	C4	13	1.724759740798205e-159	1.8067779544337413e-108
A1	RIPTiDe	training_samples=setx2,setx3	CT2A	C4	14	2.6972410507245034e-150	2.8255040704900742e-99
A1	RIPTiDe	training_samples=setx2,setx3	CT2A	C4	15	2.3528277848512064e-142	2.4647127780713318e-91
A1	RIPTiDe	training_samples=setx2,setx3	CT2A	C4	16	2.1486093393087752e-156	2.2507830482852964e-105
A1	RIPTiDe	training_samples=setx2,setx3	CT2A	C4	17	2.6267624814228172e-145	2.7516740046193426e-94
A1	RIPTiDe	training_samples=setx2,setx3	CT2A	C4	18	1.824736503097168e-94	1.9115089530792874e-43
A1	RIPTiDe	training_samples=setx2,setx3	CT2A	C4	19	2.2533601618305515e-76	2.3605151300148699e-25
A1	RIPTiDe	training_samples=setx2,setx3	CT2A	C5	0	1.1379644421244843e-254	1.1473365234879302e-66
A1	RIPTiDe	training_samples=setx2,setx3	CT2A	C5	1	1.9128905739823028e-249	1.9286448150069706e-61
A1	RIPTiDe	training_samples=setx2,setx3	CT2A	C5	2	9.9183144511518481e-189	0.9999999999999839
A1	RIPTiDe	training_samples=setx2,setx3	CT2A	C5	3	1.5943840303699503e-202	1.6075151057393258e-14
A1	RIPTiDe	training_samples=setx2,setx3	CT2A	C5	4	0	0
A1	RIPTiDe	training_samples=setx2,setx3	CT2A	C5	5	0	0
A1	RIPTiDe	training_samples=setx2,setx3	CT2A	C5	6	0	0
A1	RIPTiDe	training_samples=setx2,setx3	CT2A	C5	7	0	0
A1	RIPTiDe	training_samples=setx2,setx3	CT2A	C5	8	0	0
A1	RIPTiDe	training_samples=setx2,setx3	CT2A	C5	9	7.3406740143886412e-279	7.4011305555411438e-91
A1	RIPTiDe	training_samples=setx2,setx3	CT2A	C5	10	0	0
A1	RIPTiDe	training_samples=setx2,setx3	CT2A	C5	11	1.3223617861857869e-226	1.333252532674234e-38
A1	RIPTiDe	training_samples=setx2,setx3	CT2A	C5	12	0	0
A1	RIPTiDe	training_samples=setx2,setx3	CT2A	C5	13	0	0
A1	RIPTiDe	training_samples=setx2,setx3	CT2A	C5	14	0	0
A1	RIPTiDe	training_samples=setx2,setx3	CT2A	C5	15	0	0
A1	RIPTiDe	training_samples=setx2,setx3	CT2A	C5	16	0	0
A1	RIPTiDe	training_samples=setx2,setx3	CT2A	C5	17	0	0
A1	RIPTiDe	training_samples=setx2,setx3	CT2A	C5	18	2.7623624321457589e-265	2.7851127787392462e-77
A1	RIPTiDe	training_samples=setx2,setx3	CT2A	C5	19	4.2748817685759002e-234	4.3100889668600643e-46
A1	RIPTiDe	training_samples=setx2,setx3	GL261	G1	0	1.2788742802019386e-236	3.2694959882194042e-13
A1	RIPTiDe	training_samples=setx2,setx3	GL261	G1	1	4.2748817685763846e-234	1.0928915381944964e-10
A1	RIPTiDe	training_samples=setx2,setx3	GL261	G1	2	1.4451191334438537e-288	3.6945079609762093e-65
A1	RIPTiDe	training_samples=setx2,setx3	GL261	G1	3	1.3223617861859367e-226	0.0033806736298011069
A1	RIPTiDe	training_samples=setx2,setx3	GL261	G1	4	1.3847666603388676e-231	3.540214320271578e-08
A1	RIPTiDe	training_samples=setx2,setx3	GL261	G1	5	2.8358059420626191e-244	7.249857389796326e-21
A1	RIPTiDe	training_samples=setx2,setx3	GL261	G1	6	4.3469568224656309e-229	1.1113178294406054e-05
A1	RIPTiDe	training_samples=setx2,setx3	GL261	G1	7	1.4451191334438537e-288	3.6945079609762093e-65
A1	RIPTiDe	training_samples=setx2,setx3	GL261	G1	8	1.0416073922489438e-241	2.6629131909039971e-18
A1	RIPTiDe	training_samples=setx2,setx3	GL261	G1	9	1.4451191334438537e-288	3.6945079609762093e-65
A1	RIPTiDe	training_samples=setx2,setx3	GL261	G1	10	1.4451191334438537e-288	3.6945079609762093e-65
A1	RIPTiDe	training_samples=setx2,setx3	GL261	G1	11	1.4451191334438537e-288	3.6945079609762093e-65
A1	RIPTiDe	training_samples=setx2,setx3	GL261	G1	12	5.6683837188329395e-268	1.4491461838990223e-44
A1	RIPTiDe	training_samples=setx2,setx3	GL261	G1	13	1.4451191334438537e-288	3.6945079609762093e-65
A1	RIPTiDe	training_samples=setx2,setx3	GL261	G1	14	3.898266186795916e-224	0.9966081776801442
A1	RIPTiDe	training_samples=setx2,setx3	GL261	G1	15	1.4451191334438537e-288	3.6945079609762093e-65
A1	RIPTiDe	training_samples=setx2,setx3	GL261	G1	16	5.9702456732239085e-260	1.5263184645646011e-36
A1	RIPTiDe	training_samples=setx2,setx3	GL261	G1	17	4.0563218743315863e-276	1.0370157802344418e-52
A1	RIPTiDe	training_samples=setx2,setx3	GL261	G1	18	1.4451191334438537e-288	3.6945079609762093e-65
A1	RIPTiDe	training_samples=setx2,setx3	GL261	G1	19	3.7075569871418808e-239	9.478525671531309e-16
A1	RIPTiDe	training_samples=setx2,setx3	GL261	G2	0	6.3290063449401585e-07	0.0001284509178768462
A1	RIPTiDe	training_samples=setx2,setx3	GL261	G2	1	4.1152412669829392e-07	8.352124950091704e-05
A1	RIPTiDe	training_samples=setx2,setx3	GL261	G2	2	0.00058521063690450002	0.11877195149563015
A1	RIPTiDe	training_samples=setx2,setx3	GL261	G2	3	1.0793968221789241e-07	2.1906995348974435e-05
A1	RIPTiDe	training_samples=setx2,setx3	GL261	G2	4	2.6549488572865466e-07	5.3883753475327784e-05
A1	RIPTiDe	training_samples=setx2,setx3	GL261	G2	5	2.1966594789455973e-06	0.00044582500151705027
A1	RIPTiDe	training_samples=setx2,setx3	GL261	G2	6	1.6994880062798964e-07	3.4492111783371596e-05
A1	RIPTiDe	training_samples=setx2,setx3	GL261	G2	7	0.00058521063690450002	0.11877195149563015
A1	RIPTiDe	training_samples=setx2,setx3	GL261	G2	8	1.4622419848242664e-06	0.00029677063803056487
A1	RIPTiDe	training_samples=setx2,setx3	GL261	G2	9	0.00058521063690450002	0.11877195149563015
A1	RIPTiDe	training_samples=setx2,setx3	GL261	G2	10	0.00058521063690450002	0.11877195149563015
A1	RIPTiDe	training_samples=setx2,setx3	GL261	G2	11	0.00058521063690450002	0.11877195149563015
A1	RIPTiDe	training_samples=setx2,setx3	GL261	G2	12	6.0187048453167e-05	0.012215316586446898
A1	RIPTiDe	training_samples=setx2,setx3	GL261	G2	13	0.00058521063690450002	0.11877195149563015
A1	RIPTiDe	training_samples=setx2,setx3	GL261	G2	14	6.8021350942296344e-08	1.3805334498908069e-05
A1	RIPTiDe	training_samples=setx2,setx3	GL261	G2	15	0.00058521063690450002	0.11877195149563015
A1	RIPTiDe	training_samples=setx2,setx3	GL261	G2	16	2.1421333193505613e-05	0.0043475859572353857
A1	RIPTiDe	training_samples=setx2,setx3	GL261	G2	17	0.0001576047769791	0.031986819354235377
A1	RIPTiDe	training_samples=setx2,setx3	GL261	G2	18	0.00058521063690450002	0.11877195149563015
A1	RIPTiDe	training_samples=setx2,setx3	GL261	G2	19	9.6577697431116035e-07	0.00019601013500921812
A1	RIPTiDe	training_samples=setx2,setx3	GL261	G3	0	4.2701895820638089e-122	2.849901528569471e-05
A1	RIPTiDe	training_samples=setx2,setx3	GL261	G3	1	3.4225239120419115e-121	0.00022841740257770267
A1	RIPTiDe	training_samples=setx2,setx3	GL261	G3	2	2.1020755759288011e-140	1.4029139179606857e-23
A1	RIPTiDe	training_samples=setx2,setx3	GL261	G3	3	1.6810431025209373e-118	0.11219191128161009
A1	RIPTiDe	training_samples=setx2,setx3	GL261	G3	4	2.7216663550216783e-120	0.0018164254669188777
A1	RIPTiDe	training_samples=setx2,setx3	GL261	G3	5	7.9119495272413149e-125	5.2803925020939713e-08
A1	RIPTiDe	training_samples=setx2,setx3	GL261	G3	6	2.1473969764038632e-119	0.014331611765445456
A1	RIPTiDe	training_samples=setx2,setx3	GL261	G3	7	2.1020755759288011e-140	1.4029139179606857e-23
A1	RIPTiDe	training_samples=setx2,setx3	GL261	G3	8	6.4925554162538032e-124	4.3330965170312248e-07
A1	RIPTiDe	training_samples=setx2,setx3	GL261	G3	9	2.1020755759288011e-140	1.4029139179606857e-23
A1	RIPTiDe	training_samples=setx2,setx3	GL261	G3	10	2.1020755759288011e-140	1.4029139179606857e-23
A1	RIPTiDe	training_samples=setx2,setx3	GL261	G3	11	2.1020755759288011e-140	1.4029139179606857e-23
A1	RIPTiDe	training_samples=setx2,setx3	GL261	G3	12	3.2930760063340518e-133	2.1977811906915531e-16
A1	RIPTiDe	training_samples=setx2,setx3	GL261	G3	13	2.1020755759288011e-140	1.4029139179606857e-23
A1	RIPTiDe	training_samples=setx2,setx3	GL261	G3	14	1.3056729894450487e-117	0.87139912102752914
A1	RIPTiDe	training_samples=setx2,setx3	GL261	G3	15	2.1020755759288011e-140	1.4029139179606857e-23
A1	RIPTiDe	training_samples=setx2,setx3	GL261	G3	16	2.1971555637773331e-130	1.4663697897664844e-13
A1	RIPTiDe	training_samples=setx2,setx3	GL261	G3	17	4.5987969452868073e-136	3.0692123129622779e-19
A1	RIPTiDe	training_samples=setx2,setx3	GL261	G3	18	2.1020755759288011e-140	1.4029139179606857e-23
A1	RIPTiDe	training_samples=setx2,setx3	GL261	G3	19	5.2861183392153471e-123	3.5279269094764554e-06
A1	RIPTiDe	training_samples=setx2,setx3	GL261	G4	0	8.3221481047213432e-78	9.0138101775367493e-08
A1	RIPTiDe	training_samples=setx2,setx3	GL261	G4	1	2.2533601618307418e-76	2.4406391841119365e-06
A1	RIPTiDe	training_samples=setx2,setx3	GL261	G4	2	1.8095990445325839e-108	1.9599966354377621e-38
A1	RIPTiDe	training_samples=setx2,setx3	GL261	G4	3	3.704704265076437e-72	0.040126059509040579
A1	RIPTiDe	training_samples=setx2,setx3	GL261	G4	4	5.9126479348183036e-75	6.404054032734785e-05
A1	RIPTiDe	training_samples=setx2,setx3	GL261	G4	5	3.4720609838803476e-82	3.7606274533583133e-12
A1	RIPTiDe	training_samples=setx2,setx3	GL261	G4	6	1.5034523367324407e-73	0.0016284057678079555
A1	RIPTiDe	training_samples=setx2,setx3	GL261	G4	7	1.8095990445325839e-108	1.9599966354377621e-38
A1	RIPTiDe	training_samples=setx2,setx3	GL261	G4	8	1.033032076053833e-80	1.1188884076183769e-10
A1	RIPTiDe	training_samples=setx2,setx3	GL261	G4	9	1.8095990445325839e-108	1.9599966354377621e-38
A1	RIPTiDe	training_samples=setx2,setx3	GL261	G4	10	1.8095990445325839e-108	1.9599966354377621e-38
A1	RIPTiDe	training_samples=setx2,setx3	GL261	G4	11	1.8095990445325839e-108	1.9599966354377621e-38
A1	RIPTiDe	training_samples=setx2,setx3	GL261	G4	12	4.6225309327401833e-96	5.0067141131354645e-26
A1	RIPTiDe	training_samples=setx2,setx3	GL261	G4	13	1.8095990445325839e-108	1.9599966354377621e-38
A1	RIPTiDe	training_samples=setx2,setx3	GL261	G4	14	8.8465444239678555e-71	0.95817896006385084
A1	RIPTiDe	training_samples=setx2,setx3	GL261	G4	15	1.8095990445325839e-108	1.9599966354377621e-38
A1	RIPTiDe	training_samples=setx2,setx3	GL261	G4	16	2.5876738521115219e-91	2.8027380203767191e-21
A1	RIPTiDe	training_samples=setx2,setx3	GL261	G4	17	6.2238088067138475e-101	6.7410757966651898e-31
A1	RIPTiDe	training_samples=setx2,setx3	GL261	G4	18	1.8095990445325839e-108	1.9599966354377621e-38
A1	RIPTiDe	training_samples=setx2,setx3	GL261	G4	19	2.9784924622445862e-79	3.2260379570348563e-09
A1	RIPTiDe	training_samples=setx2,setx3	GL261	G5	0	2.5935709364273574e-06	0.013443538612455602
A1	RIPTiDe	training_samples=setx2,setx3	GL261	G5	1	5.6880746672946382e-06	0.029483616717898776
A1	RIPTiDe	training_samples=setx2,setx3	GL261	G5	2	1.0870677807067994e-15	5.6347167833470188e-12
A1	RIPTiDe	training_samples=setx2,setx3	GL261	G5	3	4.969476538416636e-05	0.25758828798383798
A1	RIPTiDe	training_samples=setx2,setx3	GL261	G5	4	1.2088982818355134e-05	0.062662140842671146
A1	RIPTiDe	training_samples=setx2,setx3	GL261	G5	5	2.0362942699990173e-07	0.001055494579329414
A1	RIPTiDe	training_samples=setx2,setx3	GL261	G5	6	2.4898406070658335e-05	0.1290586190253098
A1	RIPTiDe	training_samples=setx2,setx3	GL261	G5	7	1.0870677807067994e-15	5.6347167833470188e-12
A1	RIPTiDe	training_samples=setx2,setx3	GL261	G5	8	4.9072225692852712e-07	0.0025436141022221032
A1	RIPTiDe	training_samples=setx2,setx3	GL261	G5	9	1.0870677807067994e-15	5.6347167833470188e-12
A1	RIPTiDe	training_samples=setx2,setx3	GL261	G5	10	1.0870677807067994e-15	5.6347167833470188e-12
A1	RIPTiDe	training_samples=setx2,setx3	GL261	G5	11	1.0870677807067994e-15	5.6347167833470188e-12
A1	RIPTiDe	training_samples=setx2,setx3	GL261	G5	12	1.8070189341761239e-11	9.3665179825381249e-08
A1	RIPTiDe	training_samples=setx2,setx3	GL261	G5	13	1.0870677807067994e-15	5.6347167833470188e-12
A1	RIPTiDe	training_samples=setx2,setx3	GL261	G5	14	9.6118516051536075e-05	0.4982215692510521
A1	RIPTiDe	training_samples=setx2,setx3	GL261	G5	15	1.0870677807067994e-15	5.6347167833470188e-12
A1	RIPTiDe	training_samples=setx2,setx3	GL261	G5	16	5.3749301576756484e-10	2.7860460687263917e-06
A1	RIPTiDe	training_samples=setx2,setx3	GL261	G5	17	4.578976389040832e-13	2.3734706858023546e-09
A1	RIPTiDe	training_samples=setx2,setx3	GL261	G5	18	1.0870677807067994e-15	5.6347167833470188e-12
A1	RIPTiDe	training_samples=setx2,setx3	GL261	G5	19	1.1460096815652799e-06	0.0059402367554261424
A1	iMAT	training_samples=setx1,setx2	CT2A	C1	0	1.1620879886904752e-95	4.7136835580208569e-94
A1	iMAT	training_samples=setx1,setx2	CT2A	C1	1	2.8753178185255639e-97	1.1662919208502646e-95
A1	iMAT	training_samples=setx1,setx2	CT2A	C1	2	9.0685172491941981e-64	3.6783893361917146e-62
A1	iMAT	training_samples=setx1,setx2	CT2A	C1	3	5.0710867831668204e-41	2.0569439339999124e-39
A1	iMAT	training_samples=setx1,setx2	CT2A	C1	4	1.1986063155265558e-43	4.861809894794753e-42
A1	iMAT	training_samples=setx1,setx2	CT2A	C1	5	5.000673108438532e-48	2.0283826043883244e-46
A1	iMAT	training_samples=setx1,setx2	CT2A	C1	6	8.2440390612215268e-46	3.3439629144047546e-44
A1	iMAT	training_samples=setx1,setx2	CT2A	C1	7	4.0312009935869251e-34	1.6351434682635899e-32
A1	iMAT	training_samples=setx1,setx2	CT2A	C1	8	4.5772415052314883e-35	1.8566294664669349e-33
A1	iMAT	training_samples=setx1,setx2	CT2A	C1	9	1.8073968881982798e-16	7.3311978762629475e-15
A1	iMAT	training_samples=setx1,setx2	CT2A	C1	10	8.1703099615294285e-05	0.0033140567757690776
A1	iMAT	training_samples=setx1,setx2	CT2A	C1	11	4.0891816027840986e-10	1.658661674020516e-08
A1	iMAT	training_samples=setx1,setx2	CT2A	C1	12	0.021241475416306201	0.86160079436648795
A1	iMAT	training_samples=setx1,setx2	CT2A	C1	13	1.0034998611301488e-05	0.00040704153574598991
A1	iMAT	training_samples=setx1,setx2	CT2A	C1	14	1.0302408854318684e-07	4.1788828124223169e-06
A1	iMAT	training_samples=setx1,setx2	CT2A	C1	15	0.0002096773113316	0.0085049712632132984
A1	iMAT	training_samples=setx1,setx2	CT2A	C1	16	0.0011170737525587999	0.045310959512339995
A1	iMAT	training_samples=setx1,setx2	CT2A	C1	17	6.8832279826102183e-06	0.00027919881182405674
A1	iMAT	training_samples=setx1,setx2	CT2A	C1	18	0.0001543564367665	0.0062610353531046747
A1	iMAT	training_samples=setx1,setx2	CT2A	C1	19	0.0018321925935419999	0.074317746912078569
A1	iMAT	training_samples=setx1,setx2	CT2A	C2	0	0.0439666198772551	0.42978133871479096
A1	iMAT	training_samples=setx1,setx2	CT2A	C2	1	0.058333354357856998	0.57021866128520904
A1	iMAT	training_samples=setx1,setx2	CT2A	C2	2	1.3619751922124977e-18	1.331354384393414e-17
A1	iMAT	training_samples=setx1,setx2	CT2A	C2	3	2.6230194761631777e-55	2.5640470545327734e-54
A1	iMAT	training_samples=setx1,setx2	CT2A	C2	4	1.9302778928355825e-49	1.886880135863279e-48
A1	iMAT	training_samples=setx1,setx2	CT2A	C2	5	9.1844561969438712e-41	8.9779653080220611e-40
A1	iMAT	training_samples=setx1,setx2	CT2A	C2	6	5.4136073152278641e-45	5.2918950915725342e-44
A1	iMAT	training_samples=setx1,setx2	CT2A	C2	7	1.5034523367323992e-73	1.469650748178169e-72
A1	iMAT	training_samples=setx1,setx2	CT2A	C2	8	8.8465444239676062e-71	8.6476506862415563e-70
A1	iMAT	training_samples=setx1,setx2	CT2A	C2	9	2.6972410507248095e-150	2.6365999316146886e-149
A1	iMAT	training_samples=setx1,setx2	CT2A	C2	10	1.1271820426902526e-270	1.1018400064302004e-269
A1	iMAT	training_samples=setx1,setx2	CT2A	C2	11	3.4330213223126066e-200	3.3558379148978333e-199
A1	iMAT	training_samples=setx1,setx2	CT2A	C2	12	0	0
A1	iMAT	training_samples=setx1,setx2	CT2A	C2	13	1.1379644421244847e-254	1.1123799889813703e-253
A1	iMAT	training_samples=setx1,setx2	CT2A	C2	14	1.3223617861857869e-226	1.2926315926010438e-225
A1	iMAT	training_samples=setx1,setx2	CT2A	C2	15	7.3406740143886428e-279	7.1756362298956731e-278
A1	iMAT	training_samples=setx1,setx2	CT2A	C2	16	1.3330243316645569e-295	1.3030544158309544e-294
A1	iMAT	training_samples=setx1,setx2	CT2A	C2	17	4.7394865079565294e-252	4.6329303046195783e-251
A1	iMAT	training_samples=setx1,setx2	CT2A	C2	18	4.0563218743315895e-276	3.965125020470778e-275
A1	iMAT	training_samples=setx1,setx2	CT2A	C2	19	2.7251391385677128e-301	2.6638707965894792e-300
A1	iMAT	training_samples=setx1,setx2	CT2A	C3	0	2.3838477278740163e-14	0.20951615112740821
A1	iMAT	training_samples=setx1,setx2	CT2A	C3	1	8.9940232145163952e-14	0.7904838488725916
A1	iMAT	training_samples=setx1,setx2	CT2A	C3	2	1.7265901330886921e-30	1.5174984334335814e-17
A1	iMAT	training_samples=setx1,setx2	CT2A	C3	3	2.5610862763891678e-50	2.2509363037748614e-37
A1	iMAT	training_samples=setx1,setx2	CT2A	C3	4	1.7402733159010404e-47	1.529524569853682e-34
A1	iMAT	training_samples=setx1,setx2	CT2A	C3	5	3.9326749427376415e-43	3.4564242841652527e-30
A1	iMAT	training_samples=setx1,setx2	CT2A	C3	6	2.7858068650623167e-45	2.4484430164199398e-32
A1	iMAT	training_samples=setx1,setx2	CT2A	C3	7	1.0579124461140898e-58	9.2979824737916174e-46
A1	iMAT	training_samples=setx1,setx2	CT2A	C3	8	1.8327690369381168e-57	1.6108189715087985e-44
A1	iMAT	training_samples=setx1,setx2	CT2A	C3	9	3.516877618658574e-90	3.0909804096615127e-77
A1	iMAT	training_samples=setx1,setx2	CT2A	C3	10	3.292267912561553e-134	2.8935711516076224e-121
A1	iMAT	training_samples=setx1,setx2	CT2A	C3	11	6.1496224354102857e-109	5.4048973367229038e-96
A1	iMAT	training_samples=setx1,setx2	CT2A	C3	12	5.3342314005011795e-158	4.6882509280602664e-145
A1	iMAT	training_samples=setx1,setx2	CT2A	C3	13	1.4387843534024328e-128	1.2645462061289245e-115
A1	iMAT	training_samples=setx1,setx2	CT2A	C3	14	1.5130911164845549e-118	1.3298543498566568e-105
A1	iMAT	training_samples=setx1,setx2	CT2A	C3	15	4.4789798318005245e-137	3.9365711339836319e-124
A1	iMAT	training_samples=setx1,setx2	CT2A	C3	16	6.7052564784603066e-143	5.8932435711488024e-130
A1	iMAT	training_samples=setx1,setx2	CT2A	C3	17	1.2193717957832056e-127	1.0717047169521012e-114
A1	iMAT	training_samples=setx1,setx2	CT2A	C3	18	4.0740849030998432e-136	3.580709364456814e-123
A1	iMAT	training_samples=setx1,setx2	CT2A	C3	19	7.2032625084916449e-145	6.3309405994881919e-132
A1	iMAT	training_samples=setx1,setx2	CT2A	C4	0	9.6902663105511119e-40	4.7720498700727457e-39
A1	iMAT	training_samples=setx1,setx2	CT2A	C4	1	8.4358222132154571e-42	4.1542887477405282e-41
A1	iMAT	training_samples=setx1,setx2	CT2A	C4	2	3.1873480242104666e-08	1.5696352646416728e-07
A1	iMAT	training_samples=setx1,setx2	CT2A	C4	3	0.022730241206001499	0.11193690773566846
A1	iMAT	training_samples=setx1,setx2	CT2A	C4	4	0.058333354357856901	0.28726731254147214
A1	iMAT	training_samples=setx1,setx2	CT2A	C4	5	0.051444848942493598	0.25334431154346315
A1	iMAT	training_samples=setx1,setx2	CT2A	C4	6	0.070433542445789393	0.34685566557775738
A1	iMAT	training_samples=setx1,setx2	CT2A	C4	7	2.4883264530364856e-05	0.00012253964490100796
A1	iMAT	training_samples=setx1,setx2	CT2A	C4	8	9.6070309241474435e-05	0.00047310599321140139
A1	iMAT	training_samples=setx1,setx2	CT2A	C4	9	5.8517557588803426e-33	2.8817443622221995e-32
A1	iMAT	training_samples=setx1,setx2	CT2A	C4	10	1.134790596903808e-97	5.588367901322011e-97
A1	iMAT	training_samples=setx1,setx2	CT2A	C4	11	9.4747517970323204e-58	4.6659180081324467e-57
A1	iMAT	training_samples=setx1,setx2	CT2A	C4	12	2.1020755759282809e-140	1.035184086537364e-139
A1	iMAT	training_samples=setx1,setx2	CT2A	C4	13	3.2362633920806499e-88	1.5937240324225236e-87
A1	iMAT	training_samples=setx1,setx2	CT2A	C4	14	3.7047042650763329e-72	1.8244115218552759e-71
A1	iMAT	training_samples=setx1,setx2	CT2A	C4	15	1.3904675393608938e-102	6.8474696441754978e-102
A1	iMAT	training_samples=setx1,setx2	CT2A	C4	16	8.9385997594425709e-113	4.4018856090916112e-112
A1	iMAT	training_samples=setx1,setx2	CT2A	C4	17	1.0918057493136415e-86	5.3766855493783891e-86
A1	iMAT	training_samples=setx1,setx2	CT2A	C4	18	6.2238088067129656e-101	3.0649648890550541e-100
A1	iMAT	training_samples=setx1,setx2	CT2A	C4	19	2.7849811632561383e-116	1.3714864558263784e-115
A1	iMAT	training_samples=setx1,setx2	CT2A	C5	0	1.0220254268680149e-164	5.483475370648878e-163
A1	iMAT	training_samples=setx1,setx2	CT2A	C5	1	5.8378272611832607e-169	3.1321708015523769e-167
A1	iMAT	training_samples=setx1,setx2	CT2A	C5	2	3.5694650147365691e-85	1.9151258843610447e-83
A1	iMAT	training_samples=setx1,setx2	CT2A	C5	3	9.4258370487930842e-37	5.0572465171633542e-35
A1	iMAT	training_samples=setx1,setx2	CT2A	C5	4	8.4358222132160561e-42	4.5260736299975338e-40
A1	iMAT	training_samples=setx1,setx2	CT2A	C5	5	1.3789346971320209e-50	7.3984014983152512e-49
A1	iMAT	training_samples=setx1,setx2	CT2A	C5	6	4.3851622545864154e-46	2.3527721118458064e-44
A1	iMAT	training_samples=setx1,setx2	CT2A	C5	7	1.9707811636548908e-24	1.0573836704784761e-22
A1	iMAT	training_samples=setx1,setx2	CT2A	C5	8	4.9924999446182891e-26	2.6786271422008039e-24
A1	iMAT	training_samples=setx1,setx2	CT2A	C5	9	0.0060752754823726	0.32595689502154901
A1	iMAT	training_samples=setx1,setx2	CT2A	C5	10	5.4670210962331294e-12	2.9332220846872935e-10
A1	iMAT	training_samples=setx1,setx2	CT2A	C5	11	0.012513319605294299	0.67137742424827374
A1	iMAT	training_samples=setx1,setx2	CT2A	C5	12	1.5904108914359379e-28	8.5330352094331257e-27
A1	iMAT	training_samples=setx1,setx2	CT2A	C5	13	4.4042542636516044e-09	2.3630155518555127e-07
A1	iMAT	training_samples=setx1,setx2	CT2A	C5	14	4.9667254564720273e-05	0.0026647983501545802
A1	iMAT	training_samples=setx1,setx2	CT2A	C5	15	1.2603730989680478e-13	6.7622826833174389e-12
A1	iMAT	training_samples=setx1,setx2	CT2A	C5	16	2.868231891698628e-17	1.5388931157649344e-15
A1	iMAT	training_samples=setx1,setx2	CT2A	C5	17	1.2035740534105882e-08	6.4575386337049481e-07
A1	iMAT	training_samples=setx1,setx2	CT2A	C5	18	4.569760403416479e-13	2.45181459904488e-11
A1	iMAT	training_samples=setx1,setx2	CT2A	C5	19	1.3619751922124977e-18	7.3074086276098798e-17
A1	iMAT	training_samples=setx1,setx2	GL261	G1	0	5.4323201879891111e-59	3.008533053785792e-58
A1	iMAT	training_samples=setx1,setx2	GL261	G1	1	9.4258370487932128e-37	5.220226595551688e-36
A1	iMAT	training_samples=setx1,setx2	GL261	G1	2	1.7873454641632782e-10	9.8986947038919833e-10
A1	iMAT	training_samples=setx1,setx2	GL261	G1	3	0.070433542445789393	0.39007575623376844
A1	iMAT	training_samples=setx1,setx2	GL261	G1	4	8.4358222132161721e-42	4.6719355792825635e-41
A1	iMAT	training_samples=setx1,setx2	GL261	G1	5	9.9077311757218438e-39	5.4871096876962814e-38
A1	iMAT	training_samples=setx1,setx2	GL261	G1	6	1.8039054232093787e-11	9.9904072363558969e-11
A1	iMAT	training_samples=setx1,setx2	GL261	G1	7	1.2035740534105922e-08	6.6656459800929006e-08
A1	iMAT	training_samples=setx1,setx2	GL261	G1	8	1.5904108914359486e-28	8.8080296639458127e-28
A1	iMAT	training_samples=setx1,setx2	GL261	G1	9	2.8312682595737691e-19	1.5680158474265785e-18
A1	iMAT	training_samples=setx1,setx2	GL261	G1	10	5.4136073152279375e-45	2.9981694716910264e-44
A1	iMAT	training_samples=setx1,setx2	GL261	G1	11	0.00032711161608010001	0.0018116128563816561
A1	iMAT	training_samples=setx1,setx2	GL261	G1	12	3.8186226288084702e-31	2.1148334415386092e-30
A1	iMAT	training_samples=setx1,setx2	GL261	G1	13	1.1812258007506747e-23	6.5418766614684646e-23
A1	iMAT	training_samples=setx1,setx2	GL261	G1	14	1.6056244459874708e-12	8.8922855254376041e-12
A1	iMAT	training_samples=setx1,setx2	GL261	G1	15	4.5697604034165103e-13	2.5308293226083353e-12
A1	iMAT	training_samples=setx1,setx2	GL261	G1	16	1.1153795575733123e-27	6.177206332380144e-27
A1	iMAT	training_samples=setx1,setx2	GL261	G1	17	2.4883264530364931e-05	0.00013780874697190906
A1	iMAT	training_samples=setx1,setx2	GL261	G1	18	0.051444848942493501	0.28491238206597957
A1	iMAT	training_samples=setx1,setx2	GL261	G1	19	0.058333354357856901	0.32306237233924207
A1	iMAT	training_samples=setx1,setx2	GL261	G2	0	2.35669919049308e-39	0.99999999998319467
A1	iMAT	training_samples=setx1,setx2	GL261	G2	1	3.9604919067048083e-50	1.680524999802634e-11
A1	iMAT	training_samples=setx1,setx2	GL261	G2	2	5.9902579927041149e-73	2.5417999958450938e-34
A1	iMAT	training_samples=setx1,setx2	GL261	G2	3	2.3328645614159013e-99	9.8988643556524651e-61
A1	iMAT	training_samples=setx1,setx2	GL261	G2	4	4.0808662521926777e-172	1.7316025178717353e-133
A1	iMAT	training_samples=setx1,setx2	GL261	G2	5	6.6485262606318804e-169	2.8211178954617084e-130
A1	iMAT	training_samples=setx1,setx2	GL261	G2	6	9.5579468043614742e-133	4.0556498863994138e-94
A1	iMAT	training_samples=setx1,setx2	GL261	G2	7	3.7876927461278304e-127	1.6072024640835464e-88
A1	iMAT	training_samples=setx1,setx2	GL261	G2	8	2.1789311161804235e-157	9.2456904340342205e-119
A1	iMAT	training_samples=setx1,setx2	GL261	G2	9	2.7013251798980594e-145	1.1462324893859188e-106
A1	iMAT	training_samples=setx1,setx2	GL261	G2	10	2.3344743944731319e-175	9.9056952361640615e-137
A1	iMAT	training_samples=setx1,setx2	GL261	G2	11	1.9392370957397137e-115	8.2286152748301653e-77
A1	iMAT	training_samples=setx1,setx2	GL261	G2	12	1.7315483031646085e-160	7.3473454317826048e-122
A1	iMAT	training_samples=setx1,setx2	GL261	G2	13	2.7931266106702843e-151	1.1851858828189921e-112
A1	iMAT	training_samples=setx1,setx2	GL261	G2	14	1.2222778042154533e-134	5.1863971826594534e-96
A1	iMAT	training_samples=setx1,setx2	GL261	G2	15	1.36607396198384e-135	5.796556333840239e-97
A1	iMAT	training_samples=setx1,setx2	GL261	G2	16	2.3158760117959975e-156	9.82677815267777e-118
A1	iMAT	training_samples=setx1,setx2	GL261	G2	17	5.5713866232758096e-119	2.3640635366860326e-80
A1	iMAT	training_samples=setx1,setx2	GL261	G2	18	1.7997181050690268e-103	7.6366050970732343e-65
A1	iMAT	training_samples=setx1,setx2	GL261	G2	19	1.214896609923741e-102	5.1550771299290757e-64
A1	iMAT	training_samples=setx1,setx2	GL261	G3	0	4.8726137405034879e-52	1.7444700044920399e-51
A1	iMAT	training_samples=setx1,setx2	GL261	G3	1	5.0710867831671772e-41	1.815526379584743e-40
A1	iMAT	training_samples=setx1,setx2	GL261	G3	2	1.2533805015851811e-24	4.4872932796938801e-24
A1	iMAT	training_samples=setx1,setx2	GL261	G3	3	6.2749485379895082e-13	2.2465272412753934e-12
A1	iMAT	training_samples=setx1,setx2	GL261	G3	4	0.067389617174798994	0.24126510336419779
A1	iMAT	training_samples=setx1,setx2	GL261	G3	5	0.059900283241953102	0.21445214609883481
A1	iMAT	training_samples=setx1,setx2	GL261	G3	6	5.874609669053602e-05	0.00021031998228334805
A1	iMAT	training_samples=setx1,setx2	GL261	G3	7	6.8832279826102784e-06	2.4643005559687853e-05
A1	iMAT	training_samples=setx1,setx2	GL261	G3	8	0.021241475416306301	0.076047720357724266
A1	iMAT	training_samples=setx1,setx2	GL261	G3	9	0.0023189925304007001	0.0083023468006456491
A1	iMAT	training_samples=setx1,setx2	GL261	G3	10	0.070641292138082706	0.2529065954665865
A1	iMAT	training_samples=setx1,setx2	GL261	G3	11	2.5059328066569879e-08	8.9716214896072505e-08
A1	iMAT	training_samples=setx1,setx2	GL261	G3	12	0.030967763503279198	0.11086931452951934
A1	iMAT	training_samples=setx1,setx2	GL261	G3	13	0.0080842353891799994	0.028942795174690589
A1	iMAT	training_samples=setx1,setx2	GL261	G3	14	0.00011274235679489999	0.00040363482545226296
A1	iMAT	training_samples=setx1,setx2	GL261	G3	15	0.0001543564367665	0.00055261957602165243
A1	iMAT	training_samples=setx1,setx2	GL261	G3	16	0.018441139082569499	0.066022089357906322
A1	iMAT	training_samples=setx1,setx2	GL261	G3	17	1.6247006428397676e-07	5.8166759949661983e-07
A1	iMAT	training_samples=setx1,setx2	GL261	G3	18	1.3423850704447056e-11	4.8059432053950363e-11
A1	iMAT	training_samples=setx1,setx2	GL261	G3	19	7.3900198715951832e-12	2.6457397785168615e-11
A1	iMAT	training_samples=setx1,setx2	GL261	G4	0	0.0088570916411464997	0.2804001111459965
A1	iMAT	training_samples=setx1,setx2	GL261	G4	1	0.022730241206001499	0.719599888853934
A1	iMAT	training_samples=setx1,setx2	GL261	G4	2	2.1900479756560957e-15	6.9333108504401047e-14
A1	iMAT	training_samples=setx1,setx2	GL261	G4	3	5.4136073152279382e-45	1.7138538861207946e-43
A1	iMAT	training_samples=setx1,setx2	GL261	G4	4	5.837827261184255e-169	1.8481545401231757e-167
A1	iMAT	training_samples=setx1,setx2	GL261	G4	5	1.2900343830310294e-162	4.0840244071047494e-161
A1	iMAT	training_samples=setx1,setx2	GL261	G4	6	4.6225309327401833e-96	1.4634128671478597e-94
A1	iMAT	training_samples=setx1,setx2	GL261	G4	7	1.0918057493137653e-86	3.4564670420163946e-85
A1	iMAT	training_samples=setx1,setx2	GL261	G4	8	2.1020755759286379e-140	6.6548055389813863e-139
A1	iMAT	training_samples=setx1,setx2	GL261	G4	9	4.6895697759115903e-118	1.4846361985053395e-116
A1	iMAT	training_samples=setx1,setx2	GL261	G4	10	1.9911653358476646e-175	6.3036830158558553e-174
A1	iMAT	training_samples=setx1,setx2	GL261	G4	11	4.5907390485312578e-68	1.4533481097456551e-66
A1	iMAT	training_samples=setx1,setx2	GL261	G4	12	2.6825169669662771e-146	8.49238199358859e-145
A1	iMAT	training_samples=setx1,setx2	GL261	G4	13	5.5268592891503563e-129	1.7497074906243593e-127
A1	iMAT	training_samples=setx1,setx2	GL261	G4	14	2.6996525134571806e-99	8.5466301524116907e-98
A1	iMAT	training_samples=setx1,setx2	GL261	G4	15	6.2238088067138475e-101	1.9703495818499786e-99
A1	iMAT	training_samples=setx1,setx2	GL261	G4	16	1.8199637953266542e-138	5.7616887254564486e-137
A1	iMAT	training_samples=setx1,setx2	GL261	G4	17	1.5034523367324407e-73	4.7596685165144675e-72
A1	iMAT	training_samples=setx1,setx2	GL261	G4	18	1.3789346971320598e-50	4.3654673340249024e-49
A1	iMAT	training_samples=setx1,setx2	GL261	G4	19	1.9302778928356091e-49	6.1109239649201934e-48
A1	iMAT	training_samples=setx1,setx2	GL261	G5	0	6.9507086560472e-34	1
A1	iMAT	training_samples=setx1,setx2	GL261	G5	1	2.6485706868963927e-55	3.8105045369612843e-22
A1	iMAT	training_samples=setx1,setx2	GL261	G5	2	1.3090379299842553e-107	1.8833157808238396e-74
A1	iMAT	training_samples=setx1,setx2	GL261	G5	3	2.0549498967318403e-175	2.9564609860952945e-142
A1	iMAT	training_samples=setx1,setx2	GL261	G5	4	0	0
A1	iMAT	training_samples=setx1,setx2	GL261	G5	5	0	0
A1	iMAT	training_samples=setx1,setx2	GL261	G5	6	5.9492189481069292e-268	8.5591545301370641e-235
A1	iMAT	training_samples=setx1,setx2	GL261	G5	7	4.9599224233240794e-252	7.1358514199971356e-219
A1	iMAT	training_samples=setx1,setx2	GL261	G5	8	0	0
A1	iMAT	training_samples=setx1,setx2	GL261	G5	9	3.9269542445578576e-304	5.6497178041570768e-271
A1	iMAT	training_samples=setx1,setx2	GL261	G5	10	0	0
A1	iMAT	training_samples=setx1,setx2	GL261	G5	11	3.2072696537471304e-219	4.6143059829687539e-186
A1	iMAT	training_samples=setx1,setx2	GL261	G5	12	0	0
A1	iMAT	training_samples=setx1,setx2	GL261	G5	13	1.3092739614793033e-321	1.8836553598606371e-288
A1	iMAT	training_samples=setx1,setx2	GL261	G5	14	2.2819886752316598e-273	3.2831021815974147e-240
A1	iMAT	training_samples=setx1,setx2	GL261	G5	15	4.2635977222187735e-276	6.1340475240742424e-243
A1	iMAT	training_samples=setx1,setx2	GL261	G5	16	0	0
A1	iMAT	training_samples=setx1,setx2	GL261	G5	17	4.5301851757314436e-229	6.5175874862631857e-196
A1	iMAT	training_samples=setx1,setx2	GL261	G5	18	1.8290489190049506e-186	2.6314567470953573e-153
A1	iMAT	training_samples=setx1,setx2	GL261	G5	19	3.1595546890147868e-184	4.5456583571028206e-151
A1	iMAT	training_samples=setx1,setx2,setx3	CT2A	C1	0	7.7900413865599663e-62	6.7630823279945099e-60
A1	iMAT	training_samples=setx1,setx2,setx3	CT2A	C1	1	4.4362018033922004e-81	3.8513785140733427e-79
A1	iMAT	training_samples=setx1,setx2,setx3	CT2A	C1	2	2.896613713155864e-45	2.5147539072474457e-43
A1	iMAT	training_samples=setx1,setx2,setx3	CT2A	C1	3	1.762998739807232e-38	1.5305830906159202e-36
A1	iMAT	training_samples=setx1,setx2,setx3	CT2A	C1	4	2.6751111819289421e-50	2.3224519950738604e-48
A1	iMAT	training_samples=setx1,setx2,setx3	CT2A	C1	5	1.0097879480720679e-44	8.7666787475744176e-43
A1	iMAT	training_samples=setx1,setx2,setx3	CT2A	C1	6	1.9731867966119628e-17	1.7130621124840333e-15
A1	iMAT	training_samples=setx1,setx2,setx3	CT2A	C1	7	9.9410879571182564e-68	8.6305570083132679e-66
A1	iMAT	training_samples=setx1,setx2,setx3	CT2A	C1	8	4.0328776960619391e-63	3.5012245152196869e-61
A1	iMAT	training_samples=setx1,setx2,setx3	CT2A	C1	9	1.624700642839748e-07	1.4105167945356765e-05
A1	iMAT	training_samples=setx1,setx2,setx3	CT2A	C1	10	1.176211548631899e-12	1.0211518968640869e-10
A1	iMAT	training_samples=setx1,setx2,setx3	CT2A	C1	11	7.3900198715950556e-12	6.4157955416438851e-10
A1	iMAT	training_samples=setx1,setx2,setx3	CT2A	C1	12	4.6844224204419073e-06	0.00040668762740093896
A1	iMAT	training_samples=setx1,setx2,setx3	CT2A	C1	13	2.5059328066569568e-08	2.1755763594636568e-06
A1	iMAT	training_samples=setx1,setx2,setx3	CT2A	C1	14	0.011511483364207801	0.99939276117063114
A1	iMAT	training_samples=setx1,setx2,setx3	CT2A	C1	15	3.408713001339253e-09	2.9593432841494657e-07
A1	iMAT	training_samples=setx1,setx2,setx3	CT2A	C1	16	2.1190979022858583e-06	0.00018397377963826821
A1	iMAT	training_samples=setx1,setx2,setx3	CT2A	C1	17	2.143442325504452e-66	1.8608729008429675e-64
A1	iMAT	training_samples=setx1,setx2,setx3	CT2A	C1	18	1.182315419458527e-33	1.0264510960430733e-31
A1	iMAT	training_samples=setx1,setx2,setx3	CT2A	C1	19	5.3704575321020242e-37	4.6624715616104409e-35
A1	iMAT	training_samples=setx1,setx2,setx3	CT2A	C2	0	1.1134568099623354e-20	1.9589479865399515e-15
A1	iMAT	training_samples=setx1,setx2,setx3	CT2A	C2	1	5.6839528961428067e-06	0.99999999837115583
A1	iMAT	training_samples=setx1,setx2,setx3	CT2A	C2	2	4.3851622545864154e-46	7.7149869599016015e-41
A1	iMAT	training_samples=setx1,setx2,setx3	CT2A	C2	3	1.6251337338282014e-61	2.8591611522395716e-56
A1	iMAT	training_samples=setx1,setx2,setx3	CT2A	C2	4	9.4258370487926816e-37	1.6583242693365632e-31
A1	iMAT	training_samples=setx1,setx2,setx3	CT2A	C2	5	3.4422374136761184e-47	6.0560625166425825e-42
A1	iMAT	training_samples=setx1,setx2,setx3	CT2A	C2	6	2.5520441928424447e-144	4.4899108689261089e-139
A1	iMAT	training_samples=setx1,setx2,setx3	CT2A	C2	7	8.7252770211562013e-15	1.5350720117447057e-09
A1	iMAT	training_samples=setx1,setx2,setx3	CT2A	C2	8	2.8312682595737503e-19	4.9811606582513824e-14
A1	iMAT	training_samples=setx1,setx2,setx3	CT2A	C2	9	4.346956822465141e-229	7.6477706532974939e-224
A1	iMAT	training_samples=setx1,setx2,setx3	CT2A	C2	10	1.3064871931110589e-177	2.2985538670976524e-172
A1	iMAT	training_samples=setx1,setx2,setx3	CT2A	C2	11	3.0565821827940536e-184	5.3775642297978721e-179
A1	iMAT	training_samples=setx1,setx2,setx3	CT2A	C2	12	1.9128905739823028e-249	3.3654229825947549e-244
A1	iMAT	training_samples=setx1,setx2,setx3	CT2A	C2	13	3.0830644332486807e-219	5.4241554857343222e-214
A1	iMAT	training_samples=setx1,setx2,setx3	CT2A	C2	14	0	0
A1	iMAT	training_samples=setx1,setx2,setx3	CT2A	C2	15	1.322755753732137e-209	2.3271757802131166e-204
A1	iMAT	training_samples=setx1,setx2,setx3	CT2A	C2	16	2.8358059420622995e-244	4.9891439800066306e-239
A1	iMAT	training_samples=setx1,setx2,setx3	CT2A	C2	17	5.3270192902978057e-16	9.3720327718336583e-11
A1	iMAT	training_samples=setx1,setx2,setx3	CT2A	C2	18	5.9126479348178e-75	1.0402352083528712e-69
A1	iMAT	training_samples=setx1,setx2,setx3	CT2A	C2	19	2.1009537732945822e-65	3.6962899029268633e-60
A1	iMAT	training_samples=setx1,setx2,setx3	CT2A	C3	0	7.8734089807333954e-32	4.7648752355929749e-12
A1	iMAT	training_samples=setx1,setx2,setx3	CT2A	C3	1	1.6523850522547458e-20	0.99999995356766624
A1	iMAT	training_samples=setx1,setx2,setx3	CT2A	C3	2	7.9247585669730227e-46	4.7959512755179772e-26
A1	iMAT	training_samples=setx1,setx2,setx3	CT2A	C3	3	3.0968768186492273e-53	1.8741858446541842e-33
A1	iMAT	training_samples=setx1,setx2,setx3	CT2A	C3	4	4.8958556147875949e-41	2.96290224895281e-21
A1	iMAT	training_samples=setx1,setx2,setx3	CT2A	C3	5	2.2367054436885368e-46	1.353622351388987e-26
A1	iMAT	training_samples=setx1,setx2,setx3	CT2A	C3	6	7.2390869313012902e-88	4.3809925448645066e-68
A1	iMAT	training_samples=setx1,setx2,setx3	CT2A	C3	7	6.7159979351453041e-28	4.0644265173795886e-08
A1	iMAT	training_samples=setx1,setx2,setx3	CT2A	C3	8	6.2171696928953942e-31	3.7625427534182293e-11
A1	iMAT	training_samples=setx1,setx2,setx3	CT2A	C3	9	1.9312898254151888e-119	1.1687891591040311e-99
A1	iMAT	training_samples=setx1,setx2,setx3	CT2A	C3	10	1.4655423501081195e-100	8.8692540522548099e-81
A1	iMAT	training_samples=setx1,setx2,setx3	CT2A	C3	11	4.8829507900831101e-103	2.9550924324166013e-83
A1	iMAT	training_samples=setx1,setx2,setx3	CT2A	C3	12	1.025331509114544e-126	6.205160595630559e-107
A1	iMAT	training_samples=setx1,setx2,setx3	CT2A	C3	13	6.9413554199771877e-116	4.2008096649156307e-96
A1	iMAT	training_samples=setx1,setx2,setx3	CT2A	C3	14	6.739592612823246e-154	4.0787056810346888e-134
A1	iMAT	training_samples=setx1,setx2,setx3	CT2A	C3	15	2.2001111174545521e-112	1.3314759851501431e-92
A1	iMAT	training_samples=setx1,setx2,setx3	CT2A	C3	16	7.080823630435322e-125	4.285213844069872e-105
A1	iMAT	training_samples=setx1,setx2,setx3	CT2A	C3	17	9.4940732540442795e-29	5.7456782244896596e-09
A1	iMAT	training_samples=setx1,setx2,setx3	CT2A	C3	18	2.5118997266653432e-59	1.5201660209915291e-39
A1	iMAT	training_samples=setx1,setx2,setx3	CT2A	C3	19	5.0058334062385758e-55	3.0294592455768032e-35
A1	iMAT	training_samples=setx1,setx2,setx3	CT2A	C4	0	4.902718005341723e-07	2.9454211532621412e-06
A1	iMAT	training_samples=setx1,setx2,setx3	CT2A	C4	1	6.8609409667035722e-23	4.1218688557232179e-22
A1	iMAT	training_samples=setx1,setx2,setx3	CT2A	C4	2	0.070433542445789393	0.42314578483400883
A1	iMAT	training_samples=setx1,setx2,setx3	CT2A	C4	3	0.0040382857803161996	0.024260935153320111
A1	iMAT	training_samples=setx1,setx2,setx3	CT2A	C4	4	0.022730241206001599	0.13655717745536824
A1	iMAT	training_samples=setx1,setx2,setx3	CT2A	C4	5	0.068255203871184	0.41005891238974629
A1	iMAT	training_samples=setx1,setx2,setx3	CT2A	C4	6	2.9427364714801011e-30	1.7679169477277218e-29
A1	iMAT	training_samples=setx1,setx2,setx3	CT2A	C4	7	5.7681031094174082e-11	3.4653212553045836e-10
A1	iMAT	training_samples=setx1,setx2,setx3	CT2A	C4	8	8.1797944893340673e-08	4.9142005907684991e-07
A1	iMAT	training_samples=setx1,setx2,setx3	CT2A	C4	9	1.5034523367323131e-73	9.0323373906227647e-73
A1	iMAT	training_samples=setx1,setx2,setx3	CT2A	C4	10	4.3851622545862894e-46	2.6344875742542108e-45
A1	iMAT	training_samples=setx1,setx2,setx3	CT2A	C4	11	1.9302778928354997e-49	1.1596590566778215e-48
A1	iMAT	training_samples=setx1,setx2,setx3	CT2A	C4	12	3.5694650147362656e-85	2.1444386050305891e-84
A1	iMAT	training_samples=setx1,setx2,setx3	CT2A	C4	13	4.5907390485308665e-68	2.7579925845045333e-67
A1	iMAT	training_samples=setx1,setx2,setx3	CT2A	C4	14	9.7823553493682592e-133	5.8769760657992468e-132
A1	iMAT	training_samples=setx1,setx2,setx3	CT2A	C4	15	8.4795993459651246e-63	5.0943152874754516e-62
A1	iMAT	training_samples=setx1,setx2,setx3	CT2A	C4	16	3.4720609838798555e-82	2.0859208822929395e-81
A1	iMAT	training_samples=setx1,setx2,setx3	CT2A	C4	17	5.3671066637202976e-10	3.2244133727275436e-09
A1	iMAT	training_samples=setx1,setx2,setx3	CT2A	C4	18	1.2080941883619457e-05	7.2579050511519539e-05
A1	iMAT	training_samples=setx1,setx2,setx3	CT2A	C4	19	0.00098226278559189993	0.0059011707048872387
A1	iMAT	training_samples=setx1,setx2,setx3	CT2A	C5	0	1.0330320760538036e-80	7.7471107349458748e-80
A1	iMAT	training_samples=setx1,setx2,setx3	CT2A	C5	1	3.9630563637776604e-127	2.9720506468976679e-126
A1	iMAT	training_samples=setx1,setx2,setx3	CT2A	C5	2	5.4136073152278616e-45	4.0598754209834353e-44
A1	iMAT	training_samples=setx1,setx2,setx3	CT2A	C5	3	4.8019579012862654e-32	3.6011756525433801e-31
A1	iMAT	training_samples=setx1,setx2,setx3	CT2A	C5	4	2.6230194761632896e-55	1.9671046826912231e-54
A1	iMAT	training_samples=setx1,setx2,setx3	CT2A	C5	5	6.4765551771476093e-44	4.8570215099241773e-43
A1	iMAT	training_samples=setx1,setx2,setx3	CT2A	C5	6	0.0016237826889832	0.012177380153668956
A1	iMAT	training_samples=setx1,setx2,setx3	CT2A	C5	7	1.8247365030973239e-94	1.3684411238801266e-93
A1	iMAT	training_samples=setx1,setx2,setx3	CT2A	C5	8	1.1308815504347506e-83	8.4809221343761905e-83
A1	iMAT	training_samples=setx1,setx2,setx3	CT2A	C5	9	2.4883264530364924e-05	0.00018660931275249945
A1	iMAT	training_samples=setx1,setx2,setx3	CT2A	C5	10	0.070433542445789393	0.5282086252988929
A1	iMAT	training_samples=setx1,setx2,setx3	CT2A	C5	11	0.058333354357856901	0.43746459207489097
A1	iMAT	training_samples=setx1,setx2,setx3	CT2A	C5	12	3.1873480242104785e-08	2.3903166868444313e-07
A1	iMAT	training_samples=setx1,setx2,setx3	CT2A	C5	13	0.00032711161608010001	0.0024531376819780849
A1	iMAT	training_samples=setx1,setx2,setx3	CT2A	C5	14	3.1863987093598979e-25	2.3896047585858363e-24
A1	iMAT	training_samples=setx1,setx2,setx3	CT2A	C5	15	0.0026012635782901999	0.019507890857346555
A1	iMAT	training_samples=setx1,setx2,setx3	CT2A	C5	16	2.0342837743190054e-07	1.5255888012844392e-06
A1	iMAT	training_samples=setx1,setx2,setx3	CT2A	C5	17	2.5876738521113764e-91	1.9405976196606191e-90
A1	iMAT	training_samples=setx1,setx2,setx3	CT2A	C5	18	1.1812258007506665e-23	8.8584733170607836e-23
A1	iMAT	training_samples=setx1,setx2,setx3	CT2A	C5	19	2.1976181754734598e-29	1.6480796437182346e-28
A1	iMAT	training_samples=setx1,setx2,setx3	GL261	G1	0	2.6184977827209318e-48	2.126145253268392e-47
A1	iMAT	training_samples=setx1,setx2,setx3	GL261	G1	1	9.6902663105515197e-40	7.8682188906331009e-39
A1	iMAT	training_samples=setx1,setx2,setx3	GL261	G1	2	0.0026012635782901999	0.021121515725457823
A1	iMAT	training_samples=setx1,setx2,setx3	GL261	G1	3	0.012513319605294299	0.10160457364902127
A1	iMAT	training_samples=setx1,setx2,setx3	GL261	G1	4	0.0088570916411466003	0.071917049060927052
A1	iMAT	training_samples=setx1,setx2,setx3	GL261	G1	5	0.0088570916411466003	0.071917049060927052
A1	iMAT	training_samples=setx1,setx2,setx3	GL261	G1	6	0.043966619877255003	0.35699636933488321
A1	iMAT	training_samples=setx1,setx2,setx3	GL261	G1	7	0.0016237826889832	0.013184650677586453
A1	iMAT	training_samples=setx1,setx2,setx3	GL261	G1	8	0.0016237826889832	0.013184650677586453
A1	iMAT	training_samples=setx1,setx2,setx3	GL261	G1	9	0.0060752754823726	0.049329498059464169
A1	iMAT	training_samples=setx1,setx2,setx3	GL261	G1	10	4.9667254564720348e-05	0.00040328389136889872
A1	iMAT	training_samples=setx1,setx2,setx3	GL261	G1	11	1.2603730989680518e-13	1.023386882128092e-12
A1	iMAT	training_samples=setx1,setx2,setx3	GL261	G1	12	5.7036002553128316e-20	4.6311601596136142e-19
A1	iMAT	training_samples=setx1,setx2,setx3	GL261	G1	13	0.036413338420272098	0.29566588579451997
A1	iMAT	training_samples=setx1,setx2,setx3	GL261	G1	14	5.7681031094175898e-11	4.6835346309544256e-10
A1	iMAT	training_samples=setx1,setx2,setx3	GL261	G1	15	0.0005758159761973	0.004675460917426608
A1	iMAT	training_samples=setx1,setx2,setx3	GL261	G1	16	1.561809954898407e-09	1.2681449814572817e-08
A1	iMAT	training_samples=setx1,setx2,setx3	GL261	G1	17	2.1976181754734906e-29	1.784403058544532e-28
A1	iMAT	training_samples=setx1,setx2,setx3	GL261	G1	18	5.3270192902978392e-16	4.3253871944725593e-15
A1	iMAT	training_samples=setx1,setx2,setx3	GL261	G1	19	1.3619751922125066e-18	1.1058848738007672e-17
A1	iMAT	training_samples=setx1,setx2,setx3	GL261	G2	0	4.9204021398837809e-44	0.99995939435273207
A1	iMAT	training_samples=setx1,setx2,setx3	GL261	G2	1	1.9980422688862543e-48	4.0605647267965973e-05
A1	iMAT	training_samples=setx1,setx2,setx3	GL261	G2	2	2.6999279518293603e-88	5.4869871257536459e-45
A1	iMAT	training_samples=setx1,setx2,setx3	GL261	G2	3	2.1794209024798569e-91	4.4291753879590788e-48
A1	iMAT	training_samples=setx1,setx2,setx3	GL261	G2	4	1.308254530933364e-90	2.6587286388795931e-47
A1	iMAT	training_samples=setx1,setx2,setx3	GL261	G2	5	2.2630339678565891e-109	4.5990998531493715e-66
A1	iMAT	training_samples=setx1,setx2,setx3	GL261	G2	6	2.4865759823408185e-95	5.053397959403995e-52
A1	iMAT	training_samples=setx1,setx2,setx3	GL261	G2	7	1.5707521315579388e-87	3.1921950797867892e-44
A1	iMAT	training_samples=setx1,setx2,setx3	GL261	G2	8	8.0945559786313102e-113	1.6450336911156688e-69
A1	iMAT	training_samples=setx1,setx2,setx3	GL261	G2	9	3.1489439622585764e-110	6.3995096494798961e-67
A1	iMAT	training_samples=setx1,setx2,setx3	GL261	G2	10	4.3299070182594598e-118	8.7995474282202495e-75
A1	iMAT	training_samples=setx1,setx2,setx3	GL261	G2	11	1.5148847320915606e-136	3.0786573457840534e-93
A1	iMAT	training_samples=setx1,setx2,setx3	GL261	G2	12	2.770085086924768e-146	5.6295654848492786e-103
A1	iMAT	training_samples=setx1,setx2,setx3	GL261	G2	13	1.5521991328940347e-94	3.1544903459460248e-51
A1	iMAT	training_samples=setx1,setx2,setx3	GL261	G2	14	8.3534058303454051e-132	1.6976390135242221e-88
A1	iMAT	training_samples=setx1,setx2,setx3	GL261	G2	15	1.4606646884483626e-114	2.96846748637449e-71
A1	iMAT	training_samples=setx1,setx2,setx3	GL261	G2	16	5.3206784987651785e-129	1.0813064253517499e-85
A1	iMAT	training_samples=setx1,setx2,setx3	GL261	G2	17	2.0341022687389424e-158	4.1338484434277451e-115
A1	iMAT	training_samples=setx1,setx2,setx3	GL261	G2	18	2.1184194533361878e-140	4.3052038701721539e-97
A1	iMAT	training_samples=setx1,setx2,setx3	GL261	G2	19	2.6137359489384146e-144	5.3118215588780193e-101
A1	iMAT	training_samples=setx1,setx2,setx3	GL261	G3	0	6.5223805633437749e-47	2.1780301358342073e-45
A1	iMAT	training_samples=setx1,setx2,setx3	GL261	G3	1	1.3787298451670973e-42	4.6040170805496337e-41
A1	iMAT	training_samples=setx1,setx2,setx3	GL261	G3	2	4.1610945565690086e-17	1.3895217021217067e-15
A1	iMAT	training_samples=setx1,setx2,setx3	GL261	G3	3	7.6077408801770593e-16	2.5404664357929988e-14
A1	iMAT	training_samples=setx1,setx2,setx3	GL261	G3	4	3.7227175921918485e-16	1.2431337031394018e-14
A1	iMAT	training_samples=setx1,setx2,setx3	GL261	G3	5	7.0305826693888383e-10	2.347734968496272e-08
A1	iMAT	training_samples=setx1,setx2,setx3	GL261	G3	6	2.4102922332508526e-14	8.0487317003412853e-13
A1	iMAT	training_samples=setx1,setx2,setx3	GL261	G3	7	1.9731867966120318e-17	6.5890977456978093e-16
A1	iMAT	training_samples=setx1,setx2,setx3	GL261	G3	8	5.6793887204424145e-09	1.8965283712146492e-07
A1	iMAT	training_samples=setx1,setx2,setx3	GL261	G3	9	1.1993206167663314e-09	4.0049126549358925e-08
A1	iMAT	training_samples=setx1,setx2,setx3	GL261	G3	10	1.0302408854318809e-07	3.4403017024949463e-06
A1	iMAT	training_samples=setx1,setx2,setx3	GL261	G3	11	0.0002096773113316	0.0070017917299629619
A1	iMAT	training_samples=setx1,setx2,setx3	GL261	G3	12	0.0029121694084186002	0.097246590728500504
A1	iMAT	training_samples=setx1,setx2,setx3	GL261	G3	13	1.2266729407479802e-14	4.0962507566283065e-13
A1	iMAT	training_samples=setx1,setx2,setx3	GL261	G3	14	4.1909121546653698e-05	0.0013994787456583955
A1	iMAT	training_samples=setx1,setx2,setx3	GL261	G3	15	1.539894922295468e-08	5.1421984875077092e-07
A1	iMAT	training_samples=setx1,setx2,setx3	GL261	G3	16	1.4515484564989483e-05	0.00048471815638085822
A1	iMAT	training_samples=setx1,setx2,setx3	GL261	G3	17	0.0242756392081502	0.81064073536493531
A1	iMAT	training_samples=setx1,setx2,setx3	GL261	G3	18	0.00066000740507700004	0.022039744601999756
A1	iMAT	training_samples=setx1,setx2,setx3	GL261	G3	19	0.0018321925935419999	0.061182732970443195
A1	iMAT	training_samples=setx1,setx2,setx3	GL261	G4	0	0.064098555289252804	0.59314719279813466
A1	iMAT	training_samples=setx1,setx2,setx3	GL261	G4	1	0.043966619877255003	0.40685280720186529
A1	iMAT	training_samples=setx1,setx2,setx3	GL261	G4	2	3.8186226288084711e-31	3.5336292408027867e-30
A1	iMAT	training_samples=setx1,setx2,setx3	GL261	G4	3	7.9084356732004012e-35	7.3182092760364392e-34
A1	iMAT	training_samples=setx1,setx2,setx3	GL261	G4	4	6.9105127182895177e-34	6.394763815115958e-33
A1	iMAT	training_samples=setx1,setx2,setx3	GL261	G4	5	5.4323201879894188e-59	5.026892502250841e-58
A1	iMAT	training_samples=setx1,setx2,setx3	GL261	G4	6	9.6902663105515246e-40	8.9670574221720129e-39
A1	iMAT	training_samples=setx1,setx2,setx3	GL261	G4	7	2.9427364714802262e-30	2.7231126650616452e-29
A1	iMAT	training_samples=setx1,setx2,setx3	GL261	G4	8	4.2876348926226848e-64	3.9676379425807228e-63
A1	iMAT	training_samples=setx1,setx2,setx3	GL261	G4	9	3.0182771394715697e-60	2.7930155434634523e-59
A1	iMAT	training_samples=setx1,setx2,setx3	GL261	G4	10	3.7047042650766471e-72	3.4282128903861998e-71
A1	iMAT	training_samples=setx1,setx2,setx3	GL261	G4	11	1.3904675393610516e-102	1.2866934581085966e-101
A1	iMAT	training_samples=setx1,setx2,setx3	GL261	G4	12	7.652440800363567e-120	7.0813199428702319e-119
A1	iMAT	training_samples=setx1,setx2,setx3	GL261	G4	13	9.9077311757218478e-39	9.1682923388186113e-38
A1	iMAT	training_samples=setx1,setx2,setx3	GL261	G4	14	1.8247365030974788e-94	1.6885518394671624e-93
A1	iMAT	training_samples=setx1,setx2,setx3	GL261	G4	15	9.9763444074873217e-67	9.2317847929415553e-66
A1	iMAT	training_samples=setx1,setx2,setx3	GL261	G4	16	9.2960527786077285e-90	8.6022650352292354e-89
A1	iMAT	training_samples=setx1,setx2,setx3	GL261	G4	17	2.3528277848513401e-142	2.1772303438421133e-141
A1	iMAT	training_samples=setx1,setx2,setx3	GL261	G4	18	2.5301231869893942e-109	2.3412937452708122e-108
A1	iMAT	training_samples=setx1,setx2,setx3	GL261	G4	19	2.7849811632564544e-116	2.5771310313108087e-115
A1	iMAT	training_samples=setx1,setx2,setx3	GL261	G5	0	7.5645687653832692e-43	0.99999999872658918
A1	iMAT	training_samples=setx1,setx2,setx3	GL261	G5	1	9.63280340261278e-52	1.2734107771519748e-09
A1	iMAT	training_samples=setx1,setx2,setx3	GL261	G5	2	2.753826173089818e-146	3.6404271743619208e-104
A1	iMAT	training_samples=setx1,setx2,setx3	GL261	G5	3	2.4589607496748422e-154	3.2506291142413701e-112
A1	iMAT	training_samples=setx1,setx2,setx3	GL261	G5	4	2.6516234901280298e-152	3.5053200902683255e-110
A1	iMAT	training_samples=setx1,setx2,setx3	GL261	G5	5	1.6535838150888743e-202	2.1859591263817424e-160
A1	iMAT	training_samples=setx1,setx2,setx3	GL261	G5	6	1.0527130239145523e-164	1.3916365297535622e-122
A1	iMAT	training_samples=setx1,setx2,setx3	GL261	G5	7	2.6189429568191129e-144	3.4621179801667522e-102
A1	iMAT	training_samples=setx1,setx2,setx3	GL261	G5	8	5.6286197366308507e-212	7.4407674832976732e-170
A1	iMAT	training_samples=setx1,setx2,setx3	GL261	G5	9	7.4453336795668077e-205	9.8423768769965182e-163
A1	iMAT	training_samples=setx1,setx2,setx3	GL261	G5	10	1.3774786115967407e-226	1.8209611843919205e-184
A1	iMAT	training_samples=setx1,setx2,setx3	GL261	G5	11	7.7196262084496779e-279	1.0204978549399567e-236
A1	iMAT	training_samples=setx1,setx2,setx3	GL261	G5	12	5.1933671707152418e-307	6.8653843003816259e-265
A1	iMAT	training_samples=setx1,setx2,setx3	GL261	G5	13	1.3282618181085243e-162	1.7558989251250504e-120
A1	iMAT	training_samples=setx1,setx2,setx3	GL261	G5	14	2.8978049960189981e-265	3.8307603277925656e-223
A1	iMAT	training_samples=setx1,setx2,setx3	GL261	G5	15	8.6006968334317991e-217	1.1369711994473239e-174
A1	iMAT	training_samples=setx1,setx2,setx3	GL261	G5	16	2.7735797126287522e-257	3.6665404137631876e-215
A1	iMAT	training_samples=setx1,setx2,setx3	GL261	G5	17	0	0
A1	iMAT	training_samples=setx1,setx2,setx3	GL261	G5	18	6.0596788799568022e-290	8.010607161072347e-248
A1	iMAT	training_samples=setx1,setx2,setx3	GL261	G5	19	2.8775307117365757e-301	3.8039586886173317e-259
A1	iMAT	training_samples=setx1,setx3	CT2A	C1	0	1.1134227306626393e-58	1.4270488982635922e-57
A1	iMAT	training_samples=setx1,setx3	CT2A	C1	1	2.3279763202104643e-46	2.9837149462207834e-45
A1	iMAT	training_samples=setx1,setx3	CT2A	C1	2	9.36127559304836e-70	1.1998136604819521e-68
A1	iMAT	training_samples=setx1,setx3	CT2A	C1	3	1.7794380735765487e-62	2.2806657996953629e-61
A1	iMAT	training_samples=setx1,setx3	CT2A	C1	4	1.7443225861924458e-13	2.2356590684661109e-12
A1	iMAT	training_samples=setx1,setx3	CT2A	C1	5	0.00011274235679489999	0.0014449934568522048
A1	iMAT	training_samples=setx1,setx3	CT2A	C1	6	1.6800468961523253e-20	2.1532783606442959e-19
A1	iMAT	training_samples=setx1,setx3	CT2A	C1	7	4.6989375860822352e-14	6.0225227315390593e-13
A1	iMAT	training_samples=setx1,setx3	CT2A	C1	8	1.5398949222954472e-08	1.9736487245914234e-07
A1	iMAT	training_samples=setx1,setx3	CT2A	C1	9	9.3886210732322126e-09	1.2033184692391463e-07
A1	iMAT	training_samples=setx1,setx3	CT2A	C1	10	3.1630714825360409e-06	4.0540376534217869e-05
A1	iMAT	training_samples=setx1,setx3	CT2A	C1	11	6.4817648121560251e-08	8.3075323318449566e-07
A1	iMAT	training_samples=setx1,setx3	CT2A	C1	12	5.8746096690535728e-05	0.00075293552260804846
A1	iMAT	training_samples=setx1,setx3	CT2A	C1	13	7.03058266938874e-10	9.0109398489927573e-09
A1	iMAT	training_samples=setx1,setx3	CT2A	C1	14	4.190912154665346e-05	0.00053713979500628482
A1	iMAT	training_samples=setx1,setx3	CT2A	C1	15	0.018441139082569499	0.23635593639124469
A1	iMAT	training_samples=setx1,setx3	CT2A	C1	16	0.034567105415330403	0.44303882380550297
A1	iMAT	training_samples=setx1,setx3	CT2A	C1	17	0.0242756392081502	0.31113541364489794
A1	iMAT	training_samples=setx1,setx3	CT2A	C1	18	0.00050137869689810001	0.0064260581117780245
A1	iMAT	training_samples=setx1,setx3	CT2A	C1	19	2.0832184776415034e-05	0.00026700143184533418
A1	iMAT	training_samples=setx1,setx3	CT2A	C2	0	1.9707811636548912e-24	4.312656996625611e-12
A1	iMAT	training_samples=setx1,setx3	CT2A	C2	1	6.4765551771478871e-44	1.4172634442557399e-31
A1	iMAT	training_samples=setx1,setx3	CT2A	C2	2	4.569760403416481e-13	0.99999987518390199
A1	iMAT	training_samples=setx1,setx3	CT2A	C2	3	5.703600255312633e-20	1.2481178529945101e-07
A1	iMAT	training_samples=setx1,setx3	CT2A	C2	4	4.2090139459564948e-171	9.2105779056972452e-159
A1	iMAT	training_samples=setx1,setx3	CT2A	C2	5	2.1721265158273398e-273	4.7532606809911546e-261
A1	iMAT	training_samples=setx1,setx3	CT2A	C2	6	3.9630563637776604e-127	8.6723493559127012e-115
A1	iMAT	training_samples=setx1,setx3	CT2A	C2	7	7.8465428766252209e-167	1.7170576145270246e-154
A1	iMAT	training_samples=setx1,setx3	CT2A	C2	8	8.2712759657489669e-217	1.8100018826319073e-204
A1	iMAT	training_samples=setx1,setx3	CT2A	C2	9	2.1503970585600751e-214	4.7057101474033693e-202
A1	iMAT	training_samples=setx1,setx3	CT2A	C2	10	7.4817845773536958e-247	1.6372376192661978e-234
A1	iMAT	training_samples=setx1,setx3	CT2A	C2	11	3.8982661867954735e-224	8.5305691241813158e-212
A1	iMAT	training_samples=setx1,setx3	CT2A	C2	12	5.6683837188322971e-268	1.2404114244346196e-255
A1	iMAT	training_samples=setx1,setx3	CT2A	C2	13	1.5943840303699507e-202	3.4889878037657099e-190
A1	iMAT	training_samples=setx1,setx3	CT2A	C2	14	2.76236243214576e-265	6.0448729112651955e-253
A1	iMAT	training_samples=setx1,setx3	CT2A	C2	15	0	0
A1	iMAT	training_samples=setx1,setx3	CT2A	C2	16	0	0
A1	iMAT	training_samples=setx1,setx3	CT2A	C2	17	0	0
A1	iMAT	training_samples=setx1,setx3	CT2A	C2	18	3.603163283763389e-287	7.8847959541528301e-275
A1	iMAT	training_samples=setx1,setx3	CT2A	C2	19	5.9702456732232355e-260	1.3064678234720892e-247
A1	iMAT	training_samples=setx1,setx3	CT2A	C3	0	3.9162744410720541e-34	3.287453334177718e-08
A1	iMAT	training_samples=setx1,setx3	CT2A	C3	1	9.7163620153204443e-45	8.1562431805976791e-19
A1	iMAT	training_samples=setx1,setx3	CT2A	C3	2	1.1912568465475448e-26	0.99998132178211863
A1	iMAT	training_samples=setx1,setx3	CT2A	C3	3	2.2211807796655929e-31	1.8645343348113865e-05
A1	iMAT	training_samples=setx1,setx3	CT2A	C3	4	4.0983011597733627e-98	3.4402527235739929e-72
A1	iMAT	training_samples=setx1,setx3	CT2A	C3	5	3.6767894665688937e-135	3.0864215398634352e-109
A1	iMAT	training_samples=setx1,setx3	CT2A	C3	6	4.1304771565713188e-81	3.4672623444638345e-55
A1	iMAT	training_samples=setx1,setx3	CT2A	C3	7	1.6850500095428438e-96	1.4144880180081073e-70
A1	iMAT	training_samples=setx1,setx3	CT2A	C3	8	5.270026355498807e-115	4.4238385164974309e-89
A1	iMAT	training_samples=setx1,setx3	CT2A	C3	9	3.9698035062310616e-114	3.3323874434645598e-88
A1	iMAT	training_samples=setx1,setx3	CT2A	C3	10	8.5542153819880441e-126	7.1806979571872956e-100
A1	iMAT	training_samples=setx1,setx3	CT2A	C3	11	1.1761708979759159e-117	9.8731766588228879e-92
A1	iMAT	training_samples=setx1,setx3	CT2A	C3	12	2.9248883633619251e-133	2.4552503015083919e-107
A1	iMAT	training_samples=setx1,setx3	CT2A	C3	13	8.5578745289612435e-110	7.1837695690210158e-84
A1	iMAT	training_samples=setx1,setx3	CT2A	C3	14	2.5781675568960047e-132	2.1642011198445153e-106
A1	iMAT	training_samples=setx1,setx3	CT2A	C3	15	5.7224330672249842e-157	4.8036040245708306e-131
A1	iMAT	training_samples=setx1,setx3	CT2A	C3	16	3.7231759546009805e-162	3.1253599281292315e-136
A1	iMAT	training_samples=setx1,setx3	CT2A	C3	17	4.9334496533262336e-159	4.1413046393616718e-133
A1	iMAT	training_samples=setx1,setx3	CT2A	C3	18	5.6774395038145929e-140	4.7658349043838564e-114
A1	iMAT	training_samples=setx1,setx3	CT2A	C3	19	1.9564915867848722e-130	1.6423452664124068e-104
A1	iMAT	training_samples=setx1,setx3	CT2A	C4	0	2.4883264530364856e-05	0.00036442821675491943
A1	iMAT	training_samples=setx1,setx3	CT2A	C4	1	0.068255203871184	0.99963259244643554
A1	iMAT	training_samples=setx1,setx3	CT2A	C4	2	1.605624445987449e-12	2.3515196445196163e-11
A1	iMAT	training_samples=setx1,setx3	CT2A	C4	3	2.0342837743190242e-07	2.9793132944589514e-06
A1	iMAT	training_samples=setx1,setx3	CT2A	C4	4	7.5085767764059981e-43	1.0996697164288504e-41
A1	iMAT	training_samples=setx1,setx3	CT2A	C4	5	2.6996525134568744e-99	3.953780060234722e-98
A1	iMAT	training_samples=setx1,setx3	CT2A	C4	6	6.8609409667035722e-23	1.0048201186405561e-21
A1	iMAT	training_samples=setx1,setx3	CT2A	C4	7	9.1844561969436102e-41	1.3451108835142668e-39
A1	iMAT	training_samples=setx1,setx3	CT2A	C4	8	9.9763444074864744e-67	1.4610869878896475e-65
A1	iMAT	training_samples=setx1,setx3	CT2A	C4	9	2.1009537732945219e-65	3.0769549395415095e-64
A1	iMAT	training_samples=setx1,setx3	CT2A	C4	10	1.1308815504346864e-83	1.656234238409667e-82
A1	iMAT	training_samples=setx1,setx3	CT2A	C4	11	8.8465444239671043e-71	1.2956219650903804e-69
A1	iMAT	training_samples=setx1,setx3	CT2A	C4	12	4.6225309327396585e-96	6.7699344780789804e-95
A1	iMAT	training_samples=setx1,setx3	CT2A	C4	13	5.4323201879891155e-59	7.9559125231933316e-58
A1	iMAT	training_samples=setx1,setx3	CT2A	C4	14	1.8247365030972723e-94	2.672420530111191e-93
A1	iMAT	training_samples=setx1,setx3	CT2A	C4	15	1.8199637953263448e-138	2.6654306539238082e-137
A1	iMAT	training_samples=setx1,setx3	CT2A	C4	16	2.7324548901813977e-148	4.0018208293245395e-147
A1	iMAT	training_samples=setx1,setx3	CT2A	C4	17	2.3528277848510724e-142	3.4458373937164872e-141
A1	iMAT	training_samples=setx1,setx3	CT2A	C4	18	1.2841392159954733e-107	1.8806879779750057e-106
A1	iMAT	training_samples=setx1,setx3	CT2A	C4	19	2.5876738521112287e-91	3.7897815470211571e-90
A1	iMAT	training_samples=setx1,setx3	CT2A	C5	0	1.5034523367323986e-73	1.1926443211814326e-72
A1	iMAT	training_samples=setx1,setx3	CT2A	C5	1	3.4422374136759716e-47	2.7306252438314765e-46
A1	iMAT	training_samples=setx1,setx3	CT2A	C5	2	2.6996525134570271e-99	2.141554581195072e-98
A1	iMAT	training_samples=setx1,setx3	CT2A	C5	3	3.4720609838802505e-82	2.7542834009758489e-81
A1	iMAT	training_samples=setx1,setx3	CT2A	C5	4	0.064098555289252804	0.50847490202323786
A1	iMAT	training_samples=setx1,setx3	CT2A	C5	5	1.6056244459874605e-12	1.2736944369110857e-11
A1	iMAT	training_samples=setx1,setx3	CT2A	C5	6	5.6839528961428059e-06	4.5089119074973814e-05
A1	iMAT	training_samples=setx1,setx3	CT2A	C5	7	0.051444848942493598	0.40809678794774018
A1	iMAT	training_samples=setx1,setx3	CT2A	C5	8	0.0005758159761973	0.0045677780218149151
A1	iMAT	training_samples=setx1,setx3	CT2A	C5	9	0.00098226278559189993	0.0077920004813065756
A1	iMAT	training_samples=setx1,setx3	CT2A	C5	10	8.1797944893341083e-08	6.4887893069748235e-07
A1	iMAT	training_samples=setx1,setx3	CT2A	C5	11	9.6070309241474679e-05	0.00076209738048638057
A1	iMAT	training_samples=setx1,setx3	CT2A	C5	12	1.8039054232093729e-11	1.4309848781870502e-10
A1	iMAT	training_samples=setx1,setx3	CT2A	C5	13	0.0088570916411466003	0.070260691276421983
A1	iMAT	training_samples=setx1,setx3	CT2A	C5	14	5.7681031094175717e-11	4.5756657855793966e-10
A1	iMAT	training_samples=setx1,setx3	CT2A	C5	15	1.1153795575732971e-27	8.847976505812066e-27
A1	iMAT	training_samples=setx1,setx3	CT2A	C5	16	4.8019579012862654e-32	3.8092513354753165e-31
A1	iMAT	training_samples=setx1,setx3	CT2A	C5	17	2.1976181754734598e-29	1.7433055728257741e-28
A1	iMAT	training_samples=setx1,setx3	CT2A	C5	18	2.19004797565608e-15	1.737300356962377e-14
A1	iMAT	training_samples=setx1,setx3	CT2A	C5	19	5.3671066637203349e-10	4.257567152127426e-09
A1	iMAT	training_samples=setx1,setx3	GL261	G1	0	1.9302778928356908e-49	1.3977101967183896e-48
A1	iMAT	training_samples=setx1,setx3	GL261	G1	1	3.4422374136760673e-47	2.4925169326539662e-46
A1	iMAT	training_samples=setx1,setx3	GL261	G1	2	3.1873480242104884e-08	2.3079520572991561e-07
A1	iMAT	training_samples=setx1,setx3	GL261	G1	3	0.0171320831079208	0.12405305650467857
A1	iMAT	training_samples=setx1,setx3	GL261	G1	4	2.9427364714802248e-30	2.1308293420905483e-29
A1	iMAT	training_samples=setx1,setx3	GL261	G1	5	2.0342837743190089e-07	1.4730206386021545e-06
A1	iMAT	training_samples=setx1,setx3	GL261	G1	6	9.6070309241474719e-05	0.00069564310572627075
A1	iMAT	training_samples=setx1,setx3	GL261	G1	7	0.0001800795759938	0.0013039524543147403
A1	iMAT	training_samples=setx1,setx3	GL261	G1	8	1.2080941883619514e-05	8.7477848238168713e-05
A1	iMAT	training_samples=setx1,setx3	GL261	G1	9	3.1863987093599424e-25	2.3072646603956175e-24
A1	iMAT	training_samples=setx1,setx3	GL261	G1	10	1.970781163654918e-24	1.4270385306513419e-23
A1	iMAT	training_samples=setx1,setx3	GL261	G1	11	2.1064633545431805e-21	1.5252857221160987e-20
A1	iMAT	training_samples=setx1,setx3	GL261	G1	12	0.068255203871184	0.4942345078080792
A1	iMAT	training_samples=setx1,setx3	GL261	G1	13	4.9924999446183219e-26	3.6150587983255799e-25
A1	iMAT	training_samples=setx1,setx3	GL261	G1	14	0.00098226278559189993	0.0071125443459434242
A1	iMAT	training_samples=setx1,setx3	GL261	G1	15	1.2556573602853242e-16	9.0921887598113176e-16
A1	iMAT	training_samples=setx1,setx3	GL261	G1	16	4.404254263651602e-09	3.189111327490237e-08
A1	iMAT	training_samples=setx1,setx3	GL261	G1	17	5.3671066637203514e-10	3.8863107424065132e-09
A1	iMAT	training_samples=setx1,setx3	GL261	G1	18	0.051444848942493501	0.37251107833975039
A1	iMAT	training_samples=setx1,setx3	GL261	G1	19	7.580402329794494e-27	5.488953518509517e-26
A1	iMAT	training_samples=setx1,setx3	GL261	G2	0	1.6812410288370542e-43	0.92167172061462543
A1	iMAT	training_samples=setx1,setx3	GL261	G2	1	1.4288028380982066e-44	0.078328279385374608
A1	iMAT	training_samples=setx1,setx3	GL261	G2	2	3.158495297844253e-126	1.7315160323745941e-83
A1	iMAT	training_samples=setx1,setx3	GL261	G2	3	1.1416858385818168e-107	6.2588262670161115e-65
A1	iMAT	training_samples=setx1,setx3	GL261	G2	4	1.884096549800575e-159	1.032878973968389e-116
A1	iMAT	training_samples=setx1,setx3	GL261	G2	5	2.1453318470657093e-124	1.176090555047978e-81
A1	iMAT	training_samples=setx1,setx3	GL261	G2	6	3.3388347904781744e-117	1.8303797929060914e-74
A1	iMAT	training_samples=setx1,setx3	GL261	G2	7	2.5545380553434934e-116	1.4004211439406703e-73
A1	iMAT	training_samples=setx1,setx3	GL261	G2	8	7.1129394337189457e-120	3.8993785031751967e-77
A1	iMAT	training_samples=setx1,setx3	GL261	G2	9	2.6529999081089189e-153	1.4543988328601387e-110
A1	iMAT	training_samples=setx1,setx3	GL261	G2	10	2.7328348374805425e-152	1.4981650718806017e-109
A1	iMAT	training_samples=setx1,setx3	GL261	G2	11	2.8453051783848348e-148	1.5598223422192138e-105
A1	iMAT	training_samples=setx1,setx3	GL261	G2	12	1.5143623164035296e-98	8.301872829971641e-56
A1	iMAT	training_samples=setx1,setx3	GL261	G2	13	2.5554193046593851e-154	1.4009042528818257e-111
A1	iMAT	training_samples=setx1,setx3	GL261	G2	14	1.0916193797781698e-113	5.9843573572098962e-71
A1	iMAT	training_samples=setx1,setx3	GL261	G2	15	2.2590339853346419e-141	1.2384231079766789e-98
A1	iMAT	training_samples=setx1,setx3	GL261	G2	16	4.5068212824470638e-128	2.4706806785276149e-85
A1	iMAT	training_samples=setx1,setx3	GL261	G2	17	6.2325358504471075e-130	3.4167332003831714e-87
A1	iMAT	training_samples=setx1,setx3	GL261	G2	18	3.9523656781693175e-96	2.1667230412621366e-53
A1	iMAT	training_samples=setx1,setx3	GL261	G2	19	2.442239181200492e-155	1.3388578732500543e-112
A1	iMAT	training_samples=setx1,setx3	GL261	G3	0	1.8131042292226201e-47	2.1696028050840534e-46
A1	iMAT	training_samples=setx1,setx3	GL261	G3	1	2.3279763202106941e-46	2.7857107567742699e-45
A1	iMAT	training_samples=setx1,setx3	GL261	G3	2	4.6844224204419378e-06	5.6054891162804543e-05
A1	iMAT	training_samples=setx1,setx3	GL261	G3	3	2.3597746767726427e-10	2.8237614118231781e-09
A1	iMAT	training_samples=setx1,setx3	GL261	G3	4	0.0275261662401893	0.32938452475801883
A1	iMAT	training_samples=setx1,setx3	GL261	G3	5	2.1190979022858761e-06	2.5357619705175035e-05
A1	iMAT	training_samples=setx1,setx3	GL261	G3	6	6.4817648121561059e-08	7.7562309390114528e-07
A1	iMAT	training_samples=setx1,setx3	GL261	G3	7	4.0461018959705885e-08	4.8416598900756552e-07
A1	iMAT	training_samples=setx1,setx3	GL261	G3	8	2.542125474664833e-07	3.0419666292837542e-06
A1	iMAT	training_samples=setx1,setx3	GL261	G3	9	0.011511483364207801	0.1377490945921625
A1	iMAT	training_samples=setx1,setx3	GL261	G3	10	0.0096847985322980994	0.11589055788236167
A1	iMAT	training_samples=setx1,setx3	GL261	G3	11	0.0044855777005746002	0.05367546887120634
A1	iMAT	training_samples=setx1,setx3	GL261	G3	12	3.3214212262204239e-13	3.9744900999780014e-12
A1	iMAT	training_samples=setx1,setx3	GL261	G3	13	0.013575663006283401	0.16244954958787328
A1	iMAT	training_samples=setx1,setx3	GL261	G3	14	9.3886210732323416e-09	1.1234642933401423e-07
A1	iMAT	training_samples=setx1,setx3	GL261	G3	15	0.00086202686004759998	0.010315214445332553
A1	iMAT	training_samples=setx1,setx3	GL261	G3	16	1.0034998611301553e-05	0.0001200811336997945
A1	iMAT	training_samples=setx1,setx3	GL261	G3	17	2.0832184776415177e-05	0.00024928278142243607
A1	iMAT	training_samples=setx1,setx3	GL261	G3	18	4.69893758608235e-14	5.622858302001896e-13
A1	iMAT	training_samples=setx1,setx3	GL261	G3	19	0.015884731066482201	0.19008039650661485
A1	iMAT	training_samples=setx1,setx3	GL261	G4	0	0.058333354357856998	0.46081063860694638
A1	iMAT	training_samples=setx1,setx3	GL261	G4	1	0.068255203871184	0.53918936139305362
A1	iMAT	training_samples=setx1,setx3	GL261	G4	2	3.5694650147366696e-85	2.8197374744392893e-84
A1	iMAT	training_samples=setx1,setx3	GL261	G4	3	1.601424838944261e-56	1.2650628629854116e-55
A1	iMAT	training_samples=setx1,setx3	GL261	G4	4	2.5520441928425889e-144	2.0160148978275653e-143
A1	iMAT	training_samples=setx1,setx3	GL261	G4	5	3.4720609838802505e-82	2.7427921073231061e-81
A1	iMAT	training_samples=setx1,setx3	GL261	G4	6	8.8465444239678555e-71	6.9884233991839136e-70
A1	iMAT	training_samples=setx1,setx3	GL261	G4	7	2.0471516537727688e-69	1.6171695786824489e-68
A1	iMAT	training_samples=setx1,setx3	GL261	G4	8	5.9126479348179659e-75	4.6707601520510334e-74
A1	iMAT	training_samples=setx1,setx3	GL261	G4	9	9.7823553493699234e-133	7.7276773558557909e-132
A1	iMAT	training_samples=setx1,setx3	GL261	G4	10	7.4693498778963224e-131	5.9004936799910245e-130
A1	iMAT	training_samples=setx1,setx3	GL261	G4	11	1.854396679118885e-123	1.4649007027662498e-122
A1	iMAT	training_samples=setx1,setx3	GL261	G4	12	6.4765551771477009e-44	5.1162247739874315e-43
A1	iMAT	training_samples=setx1,setx3	GL261	G4	13	1.2415388184112612e-134	9.8076701068425373e-134
A1	iMAT	training_samples=setx1,setx3	GL261	G4	14	2.1009537732946408e-65	1.6596711446016419e-64
A1	iMAT	training_samples=setx1,setx3	GL261	G4	15	4.8308934725834734e-111	3.8162165208033833e-110
A1	iMAT	training_samples=setx1,setx3	GL261	G4	16	3.2362633920810165e-88	2.5565212507006634e-87
A1	iMAT	training_samples=setx1,setx3	GL261	G4	17	2.5876738521115219e-91	2.0441609323249857e-90
A1	iMAT	training_samples=setx1,setx3	GL261	G4	18	9.1844561969439996e-41	7.2553604570851103e-40
A1	iMAT	training_samples=setx1,setx3	GL261	G4	19	1.5269802064672455e-136	1.2062545208109789e-135
A1	iMAT	training_samples=setx1,setx3	GL261	G5	0	8.4971057163277531e-42	0.99237814273855207
A1	iMAT	training_samples=setx1,setx3	GL261	G5	1	6.5261137983715609e-44	0.0076218572614480092
A1	iMAT	training_samples=setx1,setx3	GL261	G5	2	2.0009119148567423e-249	2.3368677713793695e-208
A1	iMAT	training_samples=setx1,setx3	GL261	G5	3	7.4230476228981091e-198	8.6693875060496044e-157
A1	iMAT	training_samples=setx1,setx3	GL261	G5	4	0	0
A1	iMAT	training_samples=setx1,setx3	GL261	G5	5	2.9635078658175329e-244	3.4610849035571247e-203
A1	iMAT	training_samples=setx1,setx3	GL261	G5	6	4.0589255691659999e-224	4.7404247426308072e-183
A1	iMAT	training_samples=setx1,setx3	GL261	G5	7	1.159029859079841e-221	1.3536325630526174e-180
A1	iMAT	training_samples=setx1,setx3	GL261	G5	8	1.443791094377698e-231	1.6862056005585601e-190
A1	iMAT	training_samples=setx1,setx3	GL261	G5	9	0	0
A1	iMAT	training_samples=setx1,setx3	GL261	G5	10	0	0
A1	iMAT	training_samples=setx1,setx3	GL261	G5	11	8.2662273124978533e-313	9.6541382226989056e-272
A1	iMAT	training_samples=setx1,setx3	GL261	G5	12	3.0338098833066318e-173	3.543190726263961e-132
A1	iMAT	training_samples=setx1,setx3	GL261	G5	13	0	0
A1	iMAT	training_samples=setx1,setx3	GL261	G5	14	2.2350596462386859e-214	2.6103292282007876e-173
A1	iMAT	training_samples=setx1,setx3	GL261	G5	15	9.3768340295577915e-293	1.0951217331731364e-251
A1	iMAT	training_samples=setx1,setx3	GL261	G5	16	1.1914590244813184e-254	1.3915066298302493e-213
A1	iMAT	training_samples=setx1,setx3	GL261	G5	17	6.2569042157798155e-260	7.3074470204803625e-219
A1	iMAT	training_samples=setx1,setx3	GL261	G5	18	8.0852530502153318e-167	9.4427781334130855e-126
A1	iMAT	training_samples=setx1,setx3	GL261	G5	19	0	0
A1	iMAT	training_samples=setx2,setx3	CT2A	C1	0	5.0365069639139137e-36	1.2078364386903978e-28
A1	iMAT	training_samples=setx2,setx3	CT2A	C1	1	1.8391820377752105e-23	4.4106582171455299e-16
A1	iMAT	training_samples=setx2,setx3	CT2A	C1	2	2.419344311214536e-11	0.0005801981884985607
A1	iMAT	training_samples=setx2,setx3	CT2A	C1	3	6.2749485379893557e-13	1.5048349082795247e-05
A1	iMAT	training_samples=setx2,setx3	CT2A	C1	4	4.6342379544100943e-67	1.1113657753286957e-59
A1	iMAT	training_samples=setx2,setx3	CT2A	C1	5	8.4934811998162792e-85	2.0368751910744481e-77
A1	iMAT	training_samples=setx2,setx3	CT2A	C1	6	7.8225499059864174e-88	1.8759749341400963e-80
A1	iMAT	training_samples=setx2,setx3	CT2A	C1	7	2.1158192404149261e-68	5.0740793064831502e-61
A1	iMAT	training_samples=setx2,setx3	CT2A	C1	8	9.8363581612318854e-66	2.3589189682988039e-58
A1	iMAT	training_samples=setx2,setx3	CT2A	C1	9	3.3836521544020057e-61	8.1145492247350052e-54
A1	iMAT	training_samples=setx2,setx3	CT2A	C1	10	2.092035315957617e-54	5.0170415800977314e-47
A1	iMAT	training_samples=setx2,setx3	CT2A	C1	11	6.5223805633432207e-47	1.5641731398083696e-39
A1	iMAT	training_samples=setx2,setx3	CT2A	C1	12	1.7378986301847025e-39	4.167764101840901e-32
A1	iMAT	training_samples=setx2,setx3	CT2A	C1	13	3.6151025113160657e-29	8.6696048949280138e-22
A1	iMAT	training_samples=setx2,setx3	CT2A	C1	14	6.8742203409257633e-28	1.6485500516224012e-20
A1	iMAT	training_samples=setx2,setx3	CT2A	C1	15	5.919166927673364e-22	1.4195126807447376e-14
A1	iMAT	training_samples=setx2,setx3	CT2A	C1	16	9.2236168869777254e-19	2.2119736262519361e-11
A1	iMAT	training_samples=setx2,setx3	CT2A	C1	17	1.3423850704446823e-11	0.0003219258137542758
A1	iMAT	training_samples=setx2,setx3	CT2A	C1	18	1.1993206167663151e-09	0.028761662655923156
A1	iMAT	training_samples=setx2,setx3	CT2A	C1	19	4.0461018959705396e-08	0.97032116497060683
A1	iMAT	training_samples=setx2,setx3	CT2A	C2	0	4.5907390485311285e-68	2.5449498764796425e-65
A1	iMAT	training_samples=setx2,setx3	CT2A	C2	1	8.9385997594433326e-113	4.9552562481143215e-110
A1	iMAT	training_samples=setx2,setx3	CT2A	C2	2	9.9183144511518481e-189	5.4983768126444815e-186
A1	iMAT	training_samples=setx2,setx3	CT2A	C2	3	1.9911653358474396e-175	1.1038344636767969e-172
A1	iMAT	training_samples=setx2,setx3	CT2A	C2	4	2.1900479756560804e-15	1.214088247275517e-12
A1	iMAT	training_samples=setx2,setx3	CT2A	C2	5	0.0001800795759938	0.099830003369188486
A1	iMAT	training_samples=setx2,setx3	CT2A	C2	6	0.0016237826889832	0.90016999661085295
A1	iMAT	training_samples=setx2,setx3	CT2A	C2	7	3.3686900712609814e-14	1.8674874110949372e-11
A1	iMAT	training_samples=setx2,setx3	CT2A	C2	8	1.2556573602852892e-16	6.9609381194979327e-14
A1	iMAT	training_samples=setx2,setx3	CT2A	C2	9	2.1064633545432275e-21	1.1677517709635351e-18
A1	iMAT	training_samples=setx2,setx3	CT2A	C2	10	2.9427364714801852e-30	1.6313531961704258e-27
A1	iMAT	training_samples=setx2,setx3	CT2A	C2	11	7.5085767764063183e-43	4.1625000544884702e-40
A1	iMAT	training_samples=setx2,setx3	CT2A	C2	12	5.4323201879892685e-59	3.0114938891690336e-56
A1	iMAT	training_samples=setx2,setx3	CT2A	C2	13	9.2960527786074704e-90	5.1534160666864791e-87
A1	iMAT	training_samples=setx2,setx3	CT2A	C2	14	1.8247365030973761e-94	1.0115719689298025e-91
A1	iMAT	training_samples=setx2,setx3	CT2A	C2	15	7.652440800363135e-120	4.2422533852982255e-117
A1	iMAT	training_samples=setx2,setx3	CT2A	C2	16	1.5269802064671592e-136	8.4650598667307485e-134
A1	iMAT	training_samples=setx2,setx3	CT2A	C2	17	1.7687190642901608e-186	9.8051780260363266e-184
A1	iMAT	training_samples=setx2,setx3	CT2A	C2	18	7.175722034716705e-205	3.9779766858557694e-202
A1	iMAT	training_samples=setx2,setx3	CT2A	C2	19	1.1136505292756878e-221	6.1737004585971554e-219
A1	iMAT	training_samples=setx2,setx3	CT2A	C3	0	3.0769229972159493e-56	1.510549537356912e-39
A1	iMAT	training_samples=setx2,setx3	CT2A	C3	1	2.4523345778370682e-75	1.203921211336104e-58
A1	iMAT	training_samples=setx2,setx3	CT2A	C3	2	1.0473140397619437e-104	5.1415642824381372e-88
A1	iMAT	training_samples=setx2,setx3	CT2A	C3	3	9.659303660758322e-100	4.7420285425246123e-83
A1	iMAT	training_samples=setx2,setx3	CT2A	C3	4	2.5350568708677701e-28	1.2445319518647723e-11
A1	iMAT	training_samples=setx2,setx3	CT2A	C3	5	9.0860386778248197e-19	0.044605963599393991
A1	iMAT	training_samples=setx2,setx3	CT2A	C3	6	1.9460956486322279e-17	0.95539403629976327
A1	iMAT	training_samples=setx2,setx3	CT2A	C3	7	1.765310564351789e-27	8.6664146573886888e-11
A1	iMAT	training_samples=setx2,setx3	CT2A	C3	8	3.5278098537797845e-29	1.7319027961804419e-12
A1	iMAT	training_samples=setx2,setx3	CT2A	C3	9	2.7690413093302256e-32	1.3594016075526078e-15
A1	iMAT	training_samples=setx2,setx3	CT2A	C3	10	1.6786174944880721e-37	8.2408135724958355e-21
A1	iMAT	training_samples=setx2,setx3	CT2A	C3	11	3.3623590650633025e-44	1.6506782700622544e-27
A1	iMAT	training_samples=setx2,setx3	CT2A	C3	12	4.6575860291775859e-52	2.2865422462440784e-35
A1	iMAT	training_samples=setx2,setx3	CT2A	C3	13	9.286510700077779e-66	4.5590138116407293e-49
A1	iMAT	training_samples=setx2,setx3	CT2A	C3	14	9.3684590518206064e-68	4.599244602246894e-51
A1	iMAT	training_samples=setx2,setx3	CT2A	C3	15	3.3891299501177906e-78	1.663820863513661e-61
A1	iMAT	training_samples=setx2,setx3	CT2A	C3	16	7.8815912067480359e-85	3.869298634305075e-68
A1	iMAT	training_samples=setx2,setx3	CT2A	C3	17	7.1793607604038614e-104	3.5245536157255011e-87
A1	iMAT	training_samples=setx2,setx3	CT2A	C3	18	1.181601669942467e-110	5.800820681852376e-94
A1	iMAT	training_samples=setx2,setx3	CT2A	C3	19	9.0711739761976608e-117	4.4532988525964559e-100
A1	iMAT	training_samples=setx2,setx3	CT2A	C4	0	0.00032711161608010001	0.0043668629698441104
A1	iMAT	training_samples=setx2,setx3	CT2A	C4	1	2.868231891698607e-17	3.8290219671433257e-16
A1	iMAT	training_samples=setx2,setx3	CT2A	C4	2	9.5460520669724181e-52	1.2743754495486314e-50
A1	iMAT	training_samples=setx2,setx3	CT2A	C4	3	5.4136073152276332e-45	7.2270381594629406e-44
A1	iMAT	training_samples=setx2,setx3	CT2A	C4	4	1.7873454641632666e-10	2.3860640644024589e-09
A1	iMAT	training_samples=setx2,setx3	CT2A	C4	5	7.5804023297942802e-27	1.0119658429492401e-25
A1	iMAT	training_samples=setx2,setx3	CT2A	C4	6	2.9427364714801011e-30	3.9284838249735085e-29
A1	iMAT	training_samples=setx2,setx3	CT2A	C4	7	1.8039054232093603e-11	2.4081712193873842e-10
A1	iMAT	training_samples=setx2,setx3	CT2A	C4	8	1.561809954898419e-09	2.0849794757241935e-08
A1	iMAT	training_samples=setx2,setx3	CT2A	C4	9	1.1450343880344671e-06	1.5285939179492243e-05
A1	iMAT	training_samples=setx2,setx3	CT2A	C4	10	0.0016237826889832	0.021677116149425565
A1	iMAT	training_samples=setx2,setx3	CT2A	C4	11	0.064098555289252804	0.85570060417726579
A1	iMAT	training_samples=setx2,setx3	CT2A	C4	12	0.0088570916411466003	0.11824008566778581
A1	iMAT	training_samples=setx2,setx3	CT2A	C4	13	1.5618099548983963e-09	2.084979475724163e-08
A1	iMAT	training_samples=setx2,setx3	CT2A	C4	14	5.7681031094175316e-11	7.7002816887402003e-10
A1	iMAT	training_samples=setx2,setx3	CT2A	C4	15	5.7036002553127124e-20	7.6141718989335866e-19
A1	iMAT	training_samples=setx2,setx3	CT2A	C4	16	7.5804023297942802e-27	1.0119658429492401e-25
A1	iMAT	training_samples=setx2,setx3	CT2A	C4	17	1.3789346971319819e-50	1.8408453172339615e-49
A1	iMAT	training_samples=setx2,setx3	CT2A	C4	18	3.0182771394713121e-60	4.0293288361416015e-59
A1	iMAT	training_samples=setx2,setx3	CT2A	C4	19	2.0471516537725948e-69	2.7328992035322958e-68
A1	iMAT	training_samples=setx2,setx3	CT2A	C5	0	1.1153795575732971e-27	6.4742008659016062e-27
A1	iMAT	training_samples=setx2,setx3	CT2A	C5	1	4.4042542636516044e-09	2.5564415784543601e-08
A1	iMAT	training_samples=setx2,setx3	CT2A	C5	2	0.043966619877255003	0.25520346553543988
A1	iMAT	training_samples=setx2,setx3	CT2A	C5	3	0.070433542445789393	0.40883024831758324
A1	iMAT	training_samples=setx2,setx3	CT2A	C5	4	6.9803424691305091e-93	4.051727409838663e-92
A1	iMAT	training_samples=setx2,setx3	CT2A	C5	5	1.5269802064671587e-136	8.8633295345962402e-136
A1	iMAT	training_samples=setx2,setx3	CT2A	C5	6	2.5520441928424441e-144	1.481329526880265e-143
A1	iMAT	training_samples=setx2,setx3	CT2A	C5	7	4.6225309327400502e-96	2.6831398840153052e-95
A1	iMAT	training_samples=setx2,setx3	CT2A	C5	8	9.2960527786077303e-90	5.3958773531470403e-89
A1	iMAT	training_samples=setx2,setx3	CT2A	C5	9	2.9784924622445017e-79	1.7288606687484098e-78
A1	iMAT	training_samples=setx2,setx3	CT2A	C5	10	4.287634892622564e-64	2.4887500713103897e-63
A1	iMAT	training_samples=setx2,setx3	CT2A	C5	11	2.6184977827208583e-48	1.5199023953008724e-47
A1	iMAT	training_samples=setx2,setx3	CT2A	C5	12	6.9105127182895185e-34	4.0111948547733689e-33
A1	iMAT	training_samples=setx2,setx3	CT2A	C5	13	1.2556573602853156e-16	7.2884408845736739e-16
A1	iMAT	training_samples=setx2,setx3	CT2A	C5	14	8.7252770211559504e-15	5.0645715767376391e-14
A1	iMAT	training_samples=setx2,setx3	CT2A	C5	15	2.0342837743190054e-07	1.1807964099539454e-06
A1	iMAT	training_samples=setx2,setx3	CT2A	C5	16	0.0001800795759938	0.0010452687059881306
A1	iMAT	training_samples=setx2,setx3	CT2A	C5	17	0.051444848942493598	0.29861071355324892
A1	iMAT	training_samples=setx2,setx3	CT2A	C5	18	0.0060752754823726	0.035263828820874497
A1	iMAT	training_samples=setx2,setx3	CT2A	C5	19	0.0001800795759938	0.0010452687059881306
A1	iMAT	training_samples=setx2,setx3	GL261	G1	0	2.6996525134571806e-99	1.1091484808251096e-98
A1	iMAT	training_samples=setx2,setx3	GL261	G1	1	1.503452336732441e-73	6.1769130173878487e-73
A1	iMAT	training_samples=setx2,setx3	GL261	G1	2	9.4747517970331241e-58	3.8926885995474061e-57
A1	iMAT	training_samples=setx2,setx3	GL261	G1	3	1.3789346971320593e-50	5.665334026720528e-50
A1	iMAT	training_samples=setx2,setx3	GL261	G1	4	1.5904108914359486e-28	6.5341810300797067e-28
A1	iMAT	training_samples=setx2,setx3	GL261	G1	5	6.8609409667037626e-23	2.8188080548578117e-22
A1	iMAT	training_samples=setx2,setx3	GL261	G1	6	2.0342837743190089e-07	8.3578265965927867e-07
A1	iMAT	training_samples=setx2,setx3	GL261	G1	7	3.0182771394715691e-60	1.240054965321057e-59
A1	iMAT	training_samples=setx2,setx3	GL261	G1	8	9.5460520669729567e-52	3.9219822162969608e-51
A1	iMAT	training_samples=setx2,setx3	GL261	G1	9	8.4358222132161721e-42	3.4658458248455751e-41
A1	iMAT	training_samples=setx2,setx3	GL261	G1	10	2.5915308417774365e-06	1.0647268423771727e-05
A1	iMAT	training_samples=setx2,setx3	GL261	G1	11	0.022730241206001499	0.093386879891958166
A1	iMAT	training_samples=setx2,setx3	GL261	G1	12	0.0026012635782901999	0.01068725523638406
A1	iMAT	training_samples=setx2,setx3	GL261	G1	13	0.012513319605294299	0.051410799579230261
A1	iMAT	training_samples=setx2,setx3	GL261	G1	14	5.6839528961428135e-06	2.335244142871159e-05
A1	iMAT	training_samples=setx2,setx3	GL261	G1	15	0.068255203871184	0.28042555589935425
A1	iMAT	training_samples=setx2,setx3	GL261	G1	16	0.029224975291086999	0.12007040456014098
A1	iMAT	training_samples=setx2,setx3	GL261	G1	17	9.6902663105515197e-40	3.98123243771663e-39
A1	iMAT	training_samples=setx2,setx3	GL261	G1	18	0.043966619877255003	0.180636246334619
A1	iMAT	training_samples=setx2,setx3	GL261	G1	19	0.064098555289252804	0.26334802300580112
A1	iMAT	training_samples=setx2,setx3	GL261	G2	0	1.4880292764658283e-26	0.9999999648285679
A1	iMAT	training_samples=setx2,setx3	GL261	G2	1	5.2335298409777395e-34	3.517087828632641e-08
A1	iMAT	training_samples=setx2,setx3	GL261	G2	2	7.3428740244857766e-40	4.9346299043700341e-14
A1	iMAT	training_samples=setx2,setx3	GL261	G2	3	5.6998109052751951e-43	3.83044258265007e-17
A1	iMAT	training_samples=setx2,setx3	GL261	G2	4	2.0213484699302868e-55	1.3584063370294753e-29
A1	iMAT	training_samples=setx2,setx3	GL261	G2	5	9.9820121541897121e-60	6.7082092812152279e-34
A1	iMAT	training_samples=setx2,setx3	GL261	G2	6	6.7395023039169652e-78	4.5291461488484943e-52
A1	iMAT	training_samples=setx2,setx3	GL261	G2	7	7.5048724333073378e-39	5.0434976569646624e-13
A1	iMAT	training_samples=setx2,setx3	GL261	G2	8	1.917308522178757e-42	1.2884883954017421e-16
A1	iMAT	training_samples=setx2,setx3	GL261	G2	9	2.6232950084081583e-47	1.7629323277655004e-21
A1	iMAT	training_samples=setx2,setx3	GL261	G2	10	4.5365139984817266e-80	3.0486724358680391e-54
A1	iMAT	training_samples=setx2,setx3	GL261	G2	11	8.014492280689287e-107	5.3859773631894424e-81
A1	iMAT	training_samples=setx2,setx3	GL261	G2	12	5.9554682158821371e-112	4.0022519049923779e-86
A1	iMAT	training_samples=setx2,setx3	GL261	G2	13	1.613683283387674e-108	1.0844431975590766e-82
A1	iMAT	training_samples=setx2,setx3	GL261	G2	14	9.0102327779820666e-121	6.0551446154871335e-95
A1	iMAT	training_samples=setx2,setx3	GL261	G2	15	5.4076957542357998e-101	3.6341325063731566e-75
A1	iMAT	training_samples=setx2,setx3	GL261	G2	16	5.5822142686382645e-106	3.7514141425778503e-80
A1	iMAT	training_samples=setx2,setx3	GL261	G2	17	5.6946446112269661e-170	3.8269706792754311e-144
A1	iMAT	training_samples=setx2,setx3	GL261	G2	18	2.645274453936991e-104	1.7777031693768879e-78
A1	iMAT	training_samples=setx2,setx3	GL261	G2	19	8.1372047039279893e-102	5.4684437641289327e-76
A1	iMAT	training_samples=setx2,setx3	GL261	G3	0	9.3612755930494243e-70	1.4908630526454681e-68
A1	iMAT	training_samples=setx2,setx3	GL261	G3	1	1.1134227306627654e-58	1.7732207481993519e-57
A1	iMAT	training_samples=setx2,setx3	GL261	G3	2	1.8665209842935903e-51	2.9725940068860805e-50
A1	iMAT	training_samples=setx2,setx3	GL261	G3	3	5.0006731084389568e-48	7.9639988179226797e-47
A1	iMAT	training_samples=setx2,setx3	GL261	G3	4	1.6511093363510158e-36	2.6295325684796467e-35
A1	iMAT	training_samples=setx2,setx3	GL261	G3	5	3.440498032994828e-33	5.4792868227272545e-32
A1	iMAT	training_samples=setx2,setx3	GL261	G3	6	5.9191669276736123e-22	9.4267786341657661e-21
A1	iMAT	training_samples=setx2,setx3	GL261	G3	7	1.2620604390320164e-52	2.0099389875407311e-51
A1	iMAT	training_samples=setx2,setx3	GL261	G3	8	1.3684319953916058e-48	2.1793447716698231e-47
A1	iMAT	training_samples=setx2,setx3	GL261	G3	9	1.1986063155266571e-43	1.9088828789668287e-42
A1	iMAT	training_samples=setx2,setx3	GL261	G3	10	7.3649976352027934e-21	1.1729387462214754e-19
A1	iMAT	training_samples=setx2,setx3	GL261	G3	11	1.3511194114467155e-10	2.1517730038132886e-09
A1	iMAT	training_samples=setx2,setx3	GL261	G3	12	3.4087130013392993e-09	5.4286664464212966e-08
A1	iMAT	training_samples=setx2,setx3	GL261	G3	13	4.0891816027841694e-10	6.5123707838224174e-09
A1	iMAT	training_samples=setx2,setx3	GL261	G3	14	3.9464778739822769e-07	6.2851029135084138e-06
A1	iMAT	training_samples=setx2,setx3	GL261	G3	15	2.1875086000096728e-12	3.4837941866812173e-11
A1	iMAT	training_samples=setx2,setx3	GL261	G3	16	7.6754878722604631e-11	1.2223869670366072e-09
A1	iMAT	training_samples=setx2,setx3	GL261	G3	17	0.062790583847255999	0.99999365023946751
A1	iMAT	training_samples=setx2,setx3	GL261	G3	18	2.4193443112145783e-11	3.8530123479068161e-10
A1	iMAT	training_samples=setx2,setx3	GL261	G3	19	4.0364832819494849e-12	6.4284442091927569e-11
A1	iMAT	training_samples=setx2,setx3	GL261	G4	0	1.6056244459874712e-12	9.2842968040193107e-12
A1	iMAT	training_samples=setx2,setx3	GL261	G4	1	2.4883264530364938e-05	0.00014388396609815751
A1	iMAT	training_samples=setx2,setx3	GL261	G4	2	0.012513319605294299	0.072356504978133951
A1	iMAT	training_samples=setx2,setx3	GL261	G4	3	0.051444848942493598	0.29747258010032596
A1	iMAT	training_samples=setx2,setx3	GL261	G4	4	0.0005758159761973	0.0033295746342626169
A1	iMAT	training_samples=setx2,setx3	GL261	G4	5	5.6839528961428143e-06	3.2866655611611692e-05
A1	iMAT	training_samples=setx2,setx3	GL261	G4	6	5.7036002553128328e-20	3.2980263693754111e-19
A1	iMAT	training_samples=setx2,setx3	GL261	G4	7	0.0060752754823726	0.035129423250553155
A1	iMAT	training_samples=setx2,setx3	GL261	G4	8	0.043966619877255003	0.25423077571473129
A1	iMAT	training_samples=setx2,setx3	GL261	G4	9	0.058333354357856901	0.33730439069099893
A1	iMAT	training_samples=setx2,setx3	GL261	G4	10	3.8618079937152552e-22	2.233035981943846e-21
A1	iMAT	training_samples=setx2,setx3	GL261	G4	11	2.6230194761632143e-55	1.5167240010751906e-54
A1	iMAT	training_samples=setx2,setx3	GL261	G4	12	8.4795993459658478e-63	4.9032086739746406e-62
A1	iMAT	training_samples=setx2,setx3	GL261	G4	13	9.4747517970331241e-58	5.4786415371230123e-57
A1	iMAT	training_samples=setx2,setx3	GL261	G4	14	2.2533601618307418e-76	1.302973718485153e-75
A1	iMAT	training_samples=setx2,setx3	GL261	G4	15	3.4422374136762147e-47	1.990425214210967e-46
A1	iMAT	training_samples=setx2,setx3	GL261	G4	16	4.1634437992765166e-54	2.4074526304041215e-53
A1	iMAT	training_samples=setx2,setx3	GL261	G4	17	1.0220254268680723e-164	5.9097178222532847e-164
A1	iMAT	training_samples=setx2,setx3	GL261	G4	18	9.5460520669729582e-52	5.5198699121631674e-51
A1	iMAT	training_samples=setx2,setx3	GL261	G4	19	2.6184977827209327e-48	1.5141093956436501e-47
A1	iMAT	training_samples=setx2,setx3	GL261	G5	0	4.5789763890407845e-13	0.99999999999567857
A1	iMAT	training_samples=setx2,setx3	GL261	G5	1	1.9788400999151446e-24	4.3215774264368406e-12
A1	iMAT	training_samples=setx2,setx3	GL261	G5	2	7.9557976621024841e-35	1.7374620408852346e-22
A1	iMAT	training_samples=setx2,setx3	GL261	G5	3	9.2494345068317982e-41	2.0199786417176575e-28
A1	iMAT	training_samples=setx2,setx3	GL261	G5	4	1.0094460692520216e-66	2.204523420700845e-54
A1	iMAT	training_samples=setx2,setx3	GL261	G5	5	2.2840409997630566e-76	4.9881039029154131e-64
A1	iMAT	training_samples=setx2,setx3	GL261	G5	6	7.8181732658792284e-120	1.7074063287500839e-107
A1	iMAT	training_samples=setx2,setx3	GL261	G5	7	5.8848006380996803e-33	1.2851782009967979e-20
A1	iMAT	training_samples=setx2,setx3	GL261	G5	8	9.7570078709867359e-40	2.1308272945666998e-27
A1	iMAT	training_samples=setx2,setx3	GL261	G5	9	1.9470032850888358e-49	4.2520491910382729e-37
A1	iMAT	training_samples=setx2,setx3	GL261	G5	10	2.8162645644752764e-125	6.1504238615501225e-113
A1	iMAT	training_samples=setx2,setx3	GL261	G5	11	1.5003626154387325e-195	3.2766332209599982e-183
A1	iMAT	training_samples=setx2,setx3	GL261	G5	12	1.3736371081999299e-209	2.999878120100433e-197
A1	iMAT	training_samples=setx2,setx3	GL261	G5	13	3.5589802092409245e-200	7.7724362539704835e-188
A1	iMAT	training_samples=setx2,setx3	GL261	G5	14	4.4591294107342955e-234	9.7382668785700708e-222
A1	iMAT	training_samples=setx2,setx3	GL261	G5	15	8.5802300051140264e-180	1.8738314584046929e-167
A1	iMAT	training_samples=setx2,setx3	GL261	G5	16	2.9387831120157972e-193	6.41799140750477e-181
A1	iMAT	training_samples=setx2,setx3	GL261	G5	17	0	0
A1	iMAT	training_samples=setx2,setx3	GL261	G5	18	1.026082023120195e-188	2.2408545839449219e-176
A1	iMAT	training_samples=setx2,setx3	GL261	G5	19	5.2891239721941444e-182	1.1550887191360396e-169
A2	CORDA	training_samples=setx1,setx2	CT2A	C1	0	2.2478333160837237e-24	5.2183301935146737e-05
A2	CORDA	training_samples=setx1,setx2	CT2A	C1	1	1.8893801617521679e-24	4.3861835637690797e-05
A2	CORDA	training_samples=setx1,setx2	CT2A	C1	2	7.3493451486970012e-24	0.00017061456211007464
A2	CORDA	training_samples=setx1,setx2	CT2A	C1	3	2.4477802641098125e-22	0.0056825057124555035
A2	CORDA	training_samples=setx1,setx2	CT2A	C1	4	4.2391149736270452e-22	0.0098410774065750325
A2	CORDA	training_samples=setx1,setx2	CT2A	C1	5	2.1277955009829998e-22	0.0049396631987594858
A2	CORDA	training_samples=setx1,setx2	CT2A	C1	6	1.6024503419746146e-22	0.0037200778826887832
A2	CORDA	training_samples=setx1,setx2	CT2A	C1	7	1.2014129603263117e-22	0.0027890722505498834
A2	CORDA	training_samples=setx1,setx2	CT2A	C1	8	4.9287154068188229e-23	0.001144198025654926
A2	CORDA	training_samples=setx1,setx2	CT2A	C1	9	5.7338151509925856e-23	0.0013311013993949567
A2	CORDA	training_samples=setx1,setx2	CT2A	C1	10	5.5412294931292842e-22	0.012863927661491043
A2	CORDA	training_samples=setx1,setx2	CT2A	C1	11	4.8493556530816841e-22	0.011257747112519744
A2	CORDA	training_samples=setx1,setx2	CT2A	C1	12	2.5159708019457784e-21	0.058408095955572038
A2	CORDA	training_samples=setx1,setx2	CT2A	C1	13	1.3659415353676248e-21	0.031710242505895742
A2	CORDA	training_samples=setx1,setx2	CT2A	C1	14	5.0462800458192988e-21	0.1171490578932617
A2	CORDA	training_samples=setx1,setx2	CT2A	C1	15	1.5468930527213244e-21	0.035911020027132264
A2	CORDA	training_samples=setx1,setx2	CT2A	C1	16	4.0194169453958392e-21	0.093310498854188156
A2	CORDA	training_samples=setx1,setx2	CT2A	C1	17	4.506201147690658e-21	0.10461116195222721
A2	CORDA	training_samples=setx1,setx2	CT2A	C1	18	1.4716630077456248e-20	0.3416455950291456
A2	CORDA	training_samples=setx1,setx2	CT2A	C1	19	7.039360864585841e-21	0.16341829743280509
A2	CORDA	training_samples=setx1,setx2	CT2A	C2	0	2.7323249730061261e-06	0.40680466162700646
A2	CORDA	training_samples=setx1,setx2	CT2A	C2	1	3.4537980893000263e-06	0.51422183558930146
A2	CORDA	training_samples=setx1,setx2	CT2A	C2	2	4.9052115648675784e-07	0.073031683660212995
A2	CORDA	training_samples=setx1,setx2	CT2A	C2	3	6.7124700743585513e-10	9.9939214561163222e-05
A2	CORDA	training_samples=setx1,setx2	CT2A	C2	4	1.8373167005071772e-10	2.7355054981953436e-05
A2	CORDA	training_samples=setx1,setx2	CT2A	C2	5	9.2164542419492249e-10	0.00013722000810071784
A2	CORDA	training_samples=setx1,setx2	CT2A	C2	6	1.7231980603395767e-09	0.00025655989341615687
A2	CORDA	training_samples=setx1,setx2	CT2A	C2	7	3.1865269871564382e-09	0.00047442893710747229
A2	CORDA	training_samples=setx1,setx2	CT2A	C2	8	1.8859548009717668e-08	0.002807920771624217
A2	CORDA	training_samples=setx1,setx2	CT2A	C2	9	1.4119589693571624e-08	0.0021022078136211119
A2	CORDA	training_samples=setx1,setx2	CT2A	C2	10	9.4547809090686429e-11	1.4076835612417931e-05
A2	CORDA	training_samples=setx1,setx2	CT2A	C2	11	1.3198250331331099e-10	1.9650333738298106e-05
A2	CORDA	training_samples=setx1,setx2	CT2A	C2	12	1.392800097877648e-12	2.0736829554641256e-07
A2	CORDA	training_samples=setx1,setx2	CT2A	C2	13	8.4737329479550017e-12	1.2616193529929435e-06
A2	CORDA	training_samples=setx1,setx2	CT2A	C2	14	1.4566559950519901e-13	2.1687553824248074e-08
A2	CORDA	training_samples=setx1,setx2	CT2A	C2	15	5.9378884842127929e-12	8.8406786874310343e-07
A2	CORDA	training_samples=setx1,setx2	CT2A	C2	16	3.1260063217988522e-13	4.6541826340084256e-08
A2	CORDA	training_samples=setx1,setx2	CT2A	C2	17	2.1368401809637038e-13	3.1814537266097808e-08
A2	CORDA	training_samples=setx1,setx2	CT2A	C2	18	2.712432335055177e-15	4.0384292833010618e-10
A2	CORDA	training_samples=setx1,setx2	CT2A	C2	19	4.5386688261605656e-14	6.7574379120501194e-09
A2	CORDA	training_samples=setx1,setx2	CT2A	C3	0	3.7983454188862618e-05	0.35352437341547682
A2	CORDA	training_samples=setx1,setx2	CT2A	C3	1	4.2990944870505791e-05	0.40013071934730138
A2	CORDA	training_samples=setx1,setx2	CT2A	C3	2	1.5631116069544218e-05	0.14548388587287883
A2	CORDA	training_samples=setx1,setx2	CT2A	C3	3	6.5245338414219088e-07	0.0060725960483948892
A2	CORDA	training_samples=setx1,setx2	CT2A	C3	4	3.6061620272056192e-07	0.0033563723951055622
A2	CORDA	training_samples=setx1,setx2	CT2A	C3	5	7.5528466008956594e-07	0.0070296802097260924
A2	CORDA	training_samples=setx1,setx2	CT2A	C3	6	1.0098460062864975e-06	0.0093989655296604271
A2	CORDA	training_samples=setx1,setx2	CT2A	C3	7	1.3461573331208181e-06	0.012529124532589987
A2	CORDA	training_samples=setx1,setx2	CT2A	C3	8	3.1318064523090208e-06	0.029148742191955113
A2	CORDA	training_samples=setx1,setx2	CT2A	C3	9	2.7257955982170329e-06	0.02536986699858633
A2	CORDA	training_samples=setx1,setx2	CT2A	C3	10	2.6689312169969005e-07	0.0024840611690721236
A2	CORDA	training_samples=setx1,setx2	CT2A	C3	11	3.1035181248946866e-07	0.0028885453519619025
A2	CORDA	training_samples=setx1,setx2	CT2A	C3	12	4.1182248525392274e-08	0.00038329659365336679
A2	CORDA	training_samples=setx1,setx2	CT2A	C3	13	9.0905951289326339e-08	0.00084609128252269891
A2	CORDA	training_samples=setx1,setx2	CT2A	C3	14	1.5534412583296885e-08	0.00014458383504515015
A2	CORDA	training_samples=setx1,setx2	CT2A	C3	15	7.77083653239354e-08	0.00072325705354992225
A2	CORDA	training_samples=setx1,setx2	CT2A	C3	16	2.1564384213485681e-08	0.0002007067440274685
A2	CORDA	training_samples=setx1,setx2	CT2A	C3	17	1.8309602911887205e-08	0.00017041343487947112
A2	CORDA	training_samples=setx1,setx2	CT2A	C3	18	2.8808883204732887e-09	2.6813365454106473e-05
A2	CORDA	training_samples=setx1,setx2	CT2A	C3	19	9.4446710544582584e-09	8.7904628158375187e-05
A2	CORDA	training_samples=setx1,setx2	CT2A	C4	0	0.00075246258993560001	0.095886491655055708
A2	CORDA	training_samples=setx1,setx2	CT2A	C4	1	0.00075578094306519999	0.096309350205003211
A2	CORDA	training_samples=setx1,setx2	CT2A	C4	2	0.00071187872006489995	0.090714879203173143
A2	CORDA	training_samples=setx1,setx2	CT2A	C4	3	0.0004379544703442	0.055808645144136068
A2	CORDA	training_samples=setx1,setx2	CT2A	C4	4	0.00038379405600150001	0.048906970313563919
A2	CORDA	training_samples=setx1,setx2	CT2A	C4	5	0.00045165428151320002	0.05755441542813728
A2	CORDA	training_samples=setx1,setx2	CT2A	C4	6	0.00047908641135359999	0.061050098435111805
A2	CORDA	training_samples=setx1,setx2	CT2A	C4	7	0.00050639890156739997	0.064530535735241853
A2	CORDA	training_samples=setx1,setx2	CT2A	C4	8	0.00058553997018709998	0.074615501442871948
A2	CORDA	training_samples=setx1,setx2	CT2A	C4	9	0.00057279791225810001	0.072991777888214093
A2	CORDA	training_samples=setx1,setx2	CT2A	C4	10	0.00035738774468790002	0.045542007612057379
A2	CORDA	training_samples=setx1,setx2	CT2A	C4	11	0.0003705186325004	0.04721527985375714
A2	CORDA	training_samples=setx1,setx2	CT2A	C4	12	0.0002164127891593	0.027577534590186793
A2	CORDA	training_samples=setx1,setx2	CT2A	C4	13	0.00027086016907710002	0.034515777514096943
A2	CORDA	training_samples=setx1,setx2	CT2A	C4	14	0.0001605888901206	0.020463881498429634
A2	CORDA	training_samples=setx1,setx2	CT2A	C4	15	0.00025942815690229999	0.033058993409928683
A2	CORDA	training_samples=setx1,setx2	CT2A	C4	16	0.0001780055149013	0.022683286248952522
A2	CORDA	training_samples=setx1,setx2	CT2A	C4	17	0.00016914749852719999	0.021554507058470534
A2	CORDA	training_samples=setx1,setx2	CT2A	C4	18	9.1031857239494684e-05	0.011600211806258811
A2	CORDA	training_samples=setx1,setx2	CT2A	C4	19	0.000136701103057	0.01741985495735247
A2	CORDA	training_samples=setx1,setx2	CT2A	C5	0	5.2601045840944378e-15	0.0019963386167017451
A2	CORDA	training_samples=setx1,setx2	CT2A	C5	1	4.6921049191814217e-15	0.0017807688219930496
A2	CORDA	training_samples=setx1,setx2	CT2A	C5	2	1.1216406534720556e-14	0.0042569011980478208
A2	CORDA	training_samples=setx1,setx2	CT2A	C5	3	7.9819497881993726e-14	0.030293455850555075
A2	CORDA	training_samples=setx1,setx2	CT2A	C5	4	1.0341799111606546e-13	0.039249662440364291
A2	CORDA	training_samples=setx1,setx2	CT2A	C5	5	7.4530321187896253e-14	0.028286083655539401
A2	CORDA	training_samples=setx1,setx2	CT2A	C5	6	6.4683860077225754e-14	0.024549110323769129
A2	CORDA	training_samples=setx1,setx2	CT2A	C5	7	5.5797161955164957e-14	0.021176390570309123
A2	CORDA	training_samples=setx1,setx2	CT2A	C5	8	3.4528691394488123e-14	0.013104484694739352
A2	CORDA	training_samples=setx1,setx2	CT2A	C5	9	3.7546806674500796e-14	0.014249933418585244
A2	CORDA	training_samples=setx1,setx2	CT2A	C5	10	1.1664591044220249e-13	0.044269982045650025
A2	CORDA	training_samples=setx1,setx2	CT2A	C5	11	1.0991669254070843e-13	0.041716078916504161
A2	CORDA	training_samples=setx1,setx2	CT2A	C5	12	2.1131395186598006e-13	0.08019882411340587
A2	CORDA	training_samples=setx1,setx2	CT2A	C5	13	1.694272600400809e-13	0.064301797907733271
A2	CORDA	training_samples=setx1,setx2	CT2A	C5	14	2.6195476397965924e-13	0.099418253534898943
A2	CORDA	training_samples=setx1,setx2	CT2A	C5	15	1.7762154450628869e-13	0.067411729707491611
A2	CORDA	training_samples=setx1,setx2	CT2A	C5	16	2.4534300492085804e-13	0.093113683811949413
A2	CORDA	training_samples=setx1,setx2	CT2A	C5	17	2.5370605658830297e-13	0.096287666901121477
A2	CORDA	training_samples=setx1,setx2	CT2A	C5	18	3.3173254007124357e-13	0.12590062983981398
A2	CORDA	training_samples=setx1,setx2	CT2A	C5	19	2.8572126614168939e-13	0.10843822363082709
A2	CORDA	training_samples=setx1,setx2	GL261	G1	0	0.015366343312544099	0.065864944427491773
A2	CORDA	training_samples=setx1,setx2	GL261	G1	1	0.023441583195809201	0.10047794345607212
A2	CORDA	training_samples=setx1,setx2	GL261	G1	2	0.0126349254675776	0.054157234863296683
A2	CORDA	training_samples=setx1,setx2	GL261	G1	3	0.035668508935175897	0.15288636411689646
A2	CORDA	training_samples=setx1,setx2	GL261	G1	4	0.036286151231668798	0.15553377181221745
A2	CORDA	training_samples=setx1,setx2	GL261	G1	5	0.019474336191568499	0.083473084320122945
A2	CORDA	training_samples=setx1,setx2	GL261	G1	6	0.0254988798290561	0.10929615906297298
A2	CORDA	training_samples=setx1,setx2	GL261	G1	7	0.00079714492351359997	0.0034168119909841928
A2	CORDA	training_samples=setx1,setx2	GL261	G1	8	0.0014600225931853	0.0062581126171071437
A2	CORDA	training_samples=setx1,setx2	GL261	G1	9	0.0013503147040170001	0.0057878703560593422
A2	CORDA	training_samples=setx1,setx2	GL261	G1	10	0.0050994770984850004	0.021857950773935476
A2	CORDA	training_samples=setx1,setx2	GL261	G1	11	0.0039791210031796002	0.017055754802168231
A2	CORDA	training_samples=setx1,setx2	GL261	G1	12	0.0031316745438588998	0.013423334725827286
A2	CORDA	training_samples=setx1,setx2	GL261	G1	13	0.0107150832510686	0.045928191796382252
A2	CORDA	training_samples=setx1,setx2	GL261	G1	14	0.0039928071664075996	0.017114417970242959
A2	CORDA	training_samples=setx1,setx2	GL261	G1	15	0.023003048388216901	0.098598246371079334
A2	CORDA	training_samples=setx1,setx2	GL261	G1	16	0.0047365819333096996	0.020302468809155701
A2	CORDA	training_samples=setx1,setx2	GL261	G1	17	0.00097699043169079992	0.0041876859823231326
A2	CORDA	training_samples=setx1,setx2	GL261	G1	18	0.0035559092059708002	0.015241736923141583
A2	CORDA	training_samples=setx1,setx2	GL261	G1	19	0.0021318827115728001	0.0091379148225229374
A2	CORDA	training_samples=setx1,setx2	GL261	G2	0	3.4184756663567056e-79	0.90096801236591839
A2	CORDA	training_samples=setx1,setx2	GL261	G2	1	2.543292815489095e-85	6.7030621144594923e-07
A2	CORDA	training_samples=setx1,setx2	GL261	G2	2	2.786849005140985e-99	7.3449749361586088e-21
A2	CORDA	training_samples=setx1,setx2	GL261	G2	3	2.7823568819931607e-84	7.3331355678002802e-06
A2	CORDA	training_samples=setx1,setx2	GL261	G2	4	3.7571931045382473e-80	0.099023984192302128
A2	CORDA	training_samples=setx1,setx2	GL261	G2	5	1.4077453700617927e-97	3.7102313187843869e-19
A2	CORDA	training_samples=setx1,setx2	GL261	G2	6	9.0487833771324322e-95	2.3848829622688526e-16
A2	CORDA	training_samples=setx1,setx2	GL261	G2	7	7.9977059283801885e-126	2.1078626607453328e-47
A2	CORDA	training_samples=setx1,setx2	GL261	G2	8	9.4925494400652319e-122	2.5018412403724167e-43
A2	CORDA	training_samples=setx1,setx2	GL261	G2	9	5.0538277858197565e-122	1.3319788172962095e-43
A2	CORDA	training_samples=setx1,setx2	GL261	G2	10	1.7810586755094323e-111	4.6941299321607231e-33
A2	CORDA	training_samples=setx1,setx2	GL261	G2	11	4.3183695160728637e-113	1.1381426048599986e-34
A2	CORDA	training_samples=setx1,setx2	GL261	G2	12	1.302659834046219e-116	3.4332695505783142e-38
A2	CORDA	training_samples=setx1,setx2	GL261	G2	13	5.735079947213877e-105	1.5115285539849598e-26
A2	CORDA	training_samples=setx1,setx2	GL261	G2	14	5.2551334470775657e-115	1.3850346173671085e-36
A2	CORDA	training_samples=setx1,setx2	GL261	G2	15	5.4937423188164328e-96	1.4479219922924825e-17
A2	CORDA	training_samples=setx1,setx2	GL261	G2	16	1.3727911126381682e-110	3.6181064335771346e-32
A2	CORDA	training_samples=setx1,setx2	GL261	G2	17	2.0276755912919942e-124	5.3441095549942956e-46
A2	CORDA	training_samples=setx1,setx2	GL261	G2	18	3.0188921235394066e-116	7.9565440902822889e-38
A2	CORDA	training_samples=setx1,setx2	GL261	G2	19	5.4027840082956535e-119	1.423949164565612e-40
A2	CORDA	training_samples=setx1,setx2	GL261	G3	0	0.00018512756170030001	0.0016472287280575716
A2	CORDA	training_samples=setx1,setx2	GL261	G3	1	0.00057639751687830001	0.0051286720349077346
A2	CORDA	training_samples=setx1,setx2	GL261	G3	2	0.0033080329323424001	0.02943422810449137
A2	CORDA	training_samples=setx1,setx2	GL261	G3	3	0.00046297778072790002	0.0041194854718712591
A2	CORDA	training_samples=setx1,setx2	GL261	G3	4	0.0002387439542894	0.0021242968715388536
A2	CORDA	training_samples=setx1,setx2	GL261	G3	5	0.0022675705103134998	0.020176397577857323
A2	CORDA	training_samples=setx1,setx2	GL261	G3	6	0.0016100936068783999	0.014326297066481791
A2	CORDA	training_samples=setx1,setx2	GL261	G3	7	0.013357649453541001	0.11885374450518463
A2	CORDA	training_samples=setx1,setx2	GL261	G3	8	0.0105493184384025	0.093865766034857676
A2	CORDA	training_samples=setx1,setx2	GL261	G3	9	0.011717000886834	0.10425557540002825
A2	CORDA	training_samples=setx1,setx2	GL261	G3	10	0.0068013403822682001	0.060516992521660214
A2	CORDA	training_samples=setx1,setx2	GL261	G3	11	0.0082322202865225992	0.07324868121804029
A2	CORDA	training_samples=setx1,setx2	GL261	G3	12	0.0067631125415746002	0.060176848694216266
A2	CORDA	training_samples=setx1,setx2	GL261	G3	13	0.0040522298945096999	0.036055946686836655
A2	CORDA	training_samples=setx1,setx2	GL261	G3	14	0.0055640140690784001	0.049507505709710832
A2	CORDA	training_samples=setx1,setx2	GL261	G3	15	0.0018537387253295999	0.016494203535284788
A2	CORDA	training_samples=setx1,setx2	GL261	G3	16	0.0080203895926812992	0.071363853258470222
A2	CORDA	training_samples=setx1,setx2	GL261	G3	17	0.0125989143135722	0.11210266806867493
A2	CORDA	training_samples=setx1,setx2	GL261	G3	18	0.005059178195258	0.045015575136686581
A2	CORDA	training_samples=setx1,setx2	GL261	G3	19	0.0091692326452744999	0.081586033375142766
A2	CORDA	training_samples=setx1,setx2	GL261	G4	0	0.00050732559322320004	0.95187533519007061
A2	CORDA	training_samples=setx1,setx2	GL261	G4	1	5.7472090759566617e-06	0.010783265497857188
A2	CORDA	training_samples=setx1,setx2	GL261	G4	2	6.8101016148878303e-10	1.2777529546982365e-06
A2	CORDA	training_samples=setx1,setx2	GL261	G4	3	1.5669346420403523e-06	0.0029399786991564023
A2	CORDA	training_samples=setx1,setx2	GL261	G4	4	1.833311940814161e-05	0.034397720940577137
A2	CORDA	training_samples=setx1,setx2	GL261	G4	5	1.9516407891728262e-10	3.6617879231398974e-07
A2	CORDA	training_samples=setx1,setx2	GL261	G4	6	7.2299697851232888e-10	1.3565311911241456e-06
A2	CORDA	training_samples=setx1,setx2	GL261	G4	7	1.2748180651940793e-19	2.3918916950422828e-16
A2	CORDA	training_samples=setx1,setx2	GL261	G4	8	1.7321716230737556e-18	3.2500064383597109e-15
A2	CORDA	training_samples=setx1,setx2	GL261	G4	9	2.8423104414727202e-18	5.3329168493196355e-15
A2	CORDA	training_samples=setx1,setx2	GL261	G4	10	9.0881334672545406e-15	1.70517123637188e-11
A2	CORDA	training_samples=setx1,setx2	GL261	G4	11	5.919213209302152e-15	1.1105990182496317e-11
A2	CORDA	training_samples=setx1,setx2	GL261	G4	12	1.9538803790143963e-17	3.6659899787026543e-14
A2	CORDA	training_samples=setx1,setx2	GL261	G4	13	6.0882780482999654e-13	1.1423199983144198e-09
A2	CORDA	training_samples=setx1,setx2	GL261	G4	14	2.9406796843072381e-17	5.5174832446410423e-14
A2	CORDA	training_samples=setx1,setx2	GL261	G4	15	3.7190986870157004e-10	6.9780006303575763e-07
A2	CORDA	training_samples=setx1,setx2	GL261	G4	16	1.2723566146733121e-13	2.3872733708914682e-10
A2	CORDA	training_samples=setx1,setx2	GL261	G4	17	3.6562490873356623e-19	6.860078363944974e-16
A2	CORDA	training_samples=setx1,setx2	GL261	G4	18	3.8080178333810973e-18	7.1448361761727059e-15
A2	CORDA	training_samples=setx1,setx2	GL261	G4	19	1.2768231630324101e-17	2.3956537823535575e-14
A2	CORDA	training_samples=setx1,setx2	GL261	G5	0	2.3534778333815155e-26	0.71820885959338188
A2	CORDA	training_samples=setx1,setx2	GL261	G5	1	3.4222872552657531e-29	0.0010443765358409203
A2	CORDA	training_samples=setx1,setx2	GL261	G5	2	5.3487296735882667e-36	1.6322673554233453e-10
A2	CORDA	training_samples=setx1,setx2	GL261	G5	3	1.0104918869738359e-28	0.0030837096295446391
A2	CORDA	training_samples=setx1,setx2	GL261	G5	4	9.0986593404592969e-27	0.27766302516436819
A2	CORDA	training_samples=setx1,setx2	GL261	G5	5	3.1019422364904635e-35	9.4661711472054102e-10
A2	CORDA	training_samples=setx1,setx2	GL261	G5	6	7.317177684216911e-34	2.2329769864340402e-08
A2	CORDA	training_samples=setx1,setx2	GL261	G5	7	1.0053131716089311e-49	3.0679057872325025e-24
A2	CORDA	training_samples=setx1,setx2	GL261	G5	8	1.2602453586241747e-47	3.8458802075260291e-22
A2	CORDA	training_samples=setx1,setx2	GL261	G5	9	9.9045520419187353e-48	3.0225638524875804e-22
A2	CORDA	training_samples=setx1,setx2	GL261	G5	10	2.8476300439266451e-42	8.6900887587874192e-17
A2	CORDA	training_samples=setx1,setx2	GL261	G5	11	4.595774141083919e-43	1.402488546099497e-17
A2	CORDA	training_samples=setx1,setx2	GL261	G5	12	4.8536707309067048e-45	1.4811906324512146e-19
A2	CORDA	training_samples=setx1,setx2	GL261	G5	13	5.6014119072009285e-39	1.7093781810569598e-13
A2	CORDA	training_samples=setx1,setx2	GL261	G5	14	2.9600371401813044e-44	9.0331205531224689e-19
A2	CORDA	training_samples=setx1,setx2	GL261	G5	15	1.8471981978056571e-34	5.6370792716698936e-09
A2	CORDA	training_samples=setx1,setx2	GL261	G5	16	9.9868539912316504e-42	3.0476798694391448e-16
A2	CORDA	training_samples=setx1,setx2	GL261	G5	17	5.4280426493842793e-49	1.6564712298297451e-23
A2	CORDA	training_samples=setx1,setx2	GL261	G5	18	5.8109627805207051e-45	1.7733266455885126e-19
A2	CORDA	training_samples=setx1,setx2	GL261	G5	19	3.3666629972507862e-46	1.0274017276026558e-20
A2	CORDA	training_samples=setx1,setx2,setx3	CT2A	C1	0	1.4214475740550759e-11	6.2012921428327163e-07
A2	CORDA	training_samples=setx1,setx2,setx3	CT2A	C1	1	1.2246003559905979e-11	5.3425147042534527e-07
A2	CORDA	training_samples=setx1,setx2,setx3	CT2A	C1	2	3.3204220131540082e-11	1.4485871527656438e-06
A2	CORDA	training_samples=setx1,setx2,setx3	CT2A	C1	3	3.8649027538460076e-12	1.6861255749210715e-07
A2	CORDA	training_samples=setx1,setx2,setx3	CT2A	C1	4	7.4202997460735583e-12	3.2372243164422623e-07
A2	CORDA	training_samples=setx1,setx2,setx3	CT2A	C1	5	1.6723387585137559e-09	7.2958450192719856e-05
A2	CORDA	training_samples=setx1,setx2,setx3	CT2A	C1	6	3.5775491237405364e-08	0.00156076296281263
A2	CORDA	training_samples=setx1,setx2,setx3	CT2A	C1	7	3.3787950437209187e-08	0.0014740533199613316
A2	CORDA	training_samples=setx1,setx2,setx3	CT2A	C1	8	4.3723218858916122e-08	0.0019074952781807349
A2	CORDA	training_samples=setx1,setx2,setx3	CT2A	C1	9	2.0542303305994679e-08	0.00089619080163286756
A2	CORDA	training_samples=setx1,setx2,setx3	CT2A	C1	10	5.8580268193566641e-08	0.002555657792129888
A2	CORDA	training_samples=setx1,setx2,setx3	CT2A	C1	11	1.305481431787739e-07	0.0056953713195796217
A2	CORDA	training_samples=setx1,setx2,setx3	CT2A	C1	12	1.633498602340859e-07	0.0071263986325760193
A2	CORDA	training_samples=setx1,setx2,setx3	CT2A	C1	13	1.2594908252161334e-07	0.0054947299506102462
A2	CORDA	training_samples=setx1,setx2,setx3	CT2A	C1	14	2.1197953052454361e-06	0.092479456933688239
A2	CORDA	training_samples=setx1,setx2,setx3	CT2A	C1	15	6.8648830565672057e-07	0.029949149118957359
A2	CORDA	training_samples=setx1,setx2,setx3	CT2A	C1	16	4.7081798946227913e-06	0.20540187004066046
A2	CORDA	training_samples=setx1,setx2,setx3	CT2A	C1	17	3.9751658885097271e-06	0.17342296290638196
A2	CORDA	training_samples=setx1,setx2,setx3	CT2A	C1	18	3.6424157100020482e-06	0.15890620474259545
A2	CORDA	training_samples=setx1,setx2,setx3	CT2A	C1	19	7.1757519297007135e-06	0.3130536424472139
A2	CORDA	training_samples=setx1,setx2,setx3	CT2A	C2	0	1.3751548267291666e-12	0.074473147659281425
A2	CORDA	training_samples=setx1,setx2,setx3	CT2A	C2	1	1.8469505256759158e-12	0.10002380571590702
A2	CORDA	training_samples=setx1,setx2,setx3	CT2A	C2	2	2.0923925203211907e-13	0.011331600929452712
A2	CORDA	training_samples=setx1,setx2,setx3	CT2A	C2	3	1.1113537632300149e-11	0.60186686838446857
A2	CORDA	training_samples=setx1,setx2,setx3	CT2A	C2	4	3.9201184649753707e-12	0.21229868492581311
A2	CORDA	training_samples=setx1,setx2,setx3	CT2A	C2	5	1.0880274909860752e-16	5.8923424779951639e-06
A2	CORDA	training_samples=setx1,setx2,setx3	CT2A	C2	6	4.8821506740729982e-22	2.6439868513562421e-11
A2	CORDA	training_samples=setx1,setx2,setx3	CT2A	C2	7	2.1888555404159818e-22	1.1854007904983362e-11
A2	CORDA	training_samples=setx1,setx2,setx3	CT2A	C2	8	1.5097446695323917e-23	8.1762020913186052e-13
A2	CORDA	training_samples=setx1,setx2,setx3	CT2A	C2	9	6.4364552393257969e-23	3.4857390027913645e-12
A2	CORDA	training_samples=setx1,setx2,setx3	CT2A	C2	10	2.141372004491464e-26	1.1596855160175532e-15
A2	CORDA	training_samples=setx1,setx2,setx3	CT2A	C2	11	2.9020173227124617e-27	1.5716220485384118e-16
A2	CORDA	training_samples=setx1,setx2,setx3	CT2A	C2	12	9.5089851145074283e-29	5.1497041551823176e-18
A2	CORDA	training_samples=setx1,setx2,setx3	CT2A	C2	13	1.8352704693468159e-30	9.9391258352687752e-20
A2	CORDA	training_samples=setx1,setx2,setx3	CT2A	C2	14	1.2808194892367316e-32	6.9364305089697878e-22
A2	CORDA	training_samples=setx1,setx2,setx3	CT2A	C2	15	1.2202732650944434e-26	6.6085352201545287e-16
A2	CORDA	training_samples=setx1,setx2,setx3	CT2A	C2	16	2.3653649010816508e-34	1.2809915372607635e-23
A2	CORDA	training_samples=setx1,setx2,setx3	CT2A	C2	17	4.1538010910792863e-35	2.2495404589388616e-24
A2	CORDA	training_samples=setx1,setx2,setx3	CT2A	C2	18	1.8214653283235094e-31	9.8643624496555862e-21
A2	CORDA	training_samples=setx1,setx2,setx3	CT2A	C2	19	8.9269601281691899e-37	4.8345015910313672e-26
A2	CORDA	training_samples=setx1,setx2,setx3	CT2A	C3	0	2.7278770229233527e-10	0.14032334392801021
A2	CORDA	training_samples=setx1,setx2,setx3	CT2A	C3	1	3.1389061134687624e-10	0.16146688374023047
A2	CORDA	training_samples=setx1,setx2,setx3	CT2A	C3	2	1.1395658186167603e-10	0.058619829614972065
A2	CORDA	training_samples=setx1,setx2,setx3	CT2A	C3	3	7.7894990294809089e-10	0.40069568464980748
A2	CORDA	training_samples=setx1,setx2,setx3	CT2A	C3	4	4.6131025843695776e-10	0.23730027969808282
A2	CORDA	training_samples=setx1,setx2,setx3	CT2A	C3	5	3.0525280063213786e-12	0.0015702355116503125
A2	CORDA	training_samples=setx1,setx2,setx3	CT2A	C3	6	1.7633088707877318e-14	9.0705480873068879e-06
A2	CORDA	training_samples=setx1,setx2,setx3	CT2A	C3	7	1.3347476972877076e-14	6.8660082038047679e-06
A2	CORDA	training_samples=setx1,setx2,setx3	CT2A	C3	8	4.7735466758435789e-15	2.4555360315802239e-06
A2	CORDA	training_samples=setx1,setx2,setx3	CT2A	C3	9	9.5647863044142815e-15	4.9201734055954869e-06
A2	CORDA	training_samples=setx1,setx2,setx3	CT2A	C3	10	4.1357534892922837e-16	2.1274520603480146e-07
A2	CORDA	training_samples=setx1,setx2,setx3	CT2A	C3	11	1.6740914242428318e-16	8.6116091274236275e-08
A2	CORDA	training_samples=setx1,setx2,setx3	CT2A	C3	12	4.6040178901174891e-17	2.3683295853026472e-08
A2	CORDA	training_samples=setx1,setx2,setx3	CT2A	C3	13	1.1640935996639453e-17	5.9881550809421882e-09
A2	CORDA	training_samples=setx1,setx2,setx3	CT2A	C3	14	1.0222769258217561e-18	5.2586430930096171e-10
A2	CORDA	training_samples=setx1,setx2,setx3	CT2A	C3	15	1.946686765391624e-16	1.0013853051462501e-07
A2	CORDA	training_samples=setx1,setx2,setx3	CT2A	C3	16	2.0086240639057116e-19	1.033246157993825e-10
A2	CORDA	training_samples=setx1,setx2,setx3	CT2A	C3	17	1.1093496597520904e-19	5.7065495450741075e-11
A2	CORDA	training_samples=setx1,setx2,setx3	CT2A	C3	18	2.3747382198329217e-18	1.2215770914903477e-09
A2	CORDA	training_samples=setx1,setx2,setx3	CT2A	C3	19	2.4121396568620968e-20	1.240816575776272e-11
A2	CORDA	training_samples=setx1,setx2,setx3	CT2A	C4	0	0.077027049122625896	0.17371986300126582
A2	CORDA	training_samples=setx1,setx2,setx3	CT2A	C4	1	0.078879253162689095	0.17789715702661432
A2	CORDA	training_samples=setx1,setx2,setx3	CT2A	C4	2	0.064425186879322499	0.14529875889039268
A2	CORDA	training_samples=setx1,setx2,setx3	CT2A	C4	3	0.085456170361523406	0.19273014320181178
A2	CORDA	training_samples=setx1,setx2,setx3	CT2A	C4	4	0.081203649551956705	0.18313939111066149
A2	CORDA	training_samples=setx1,setx2,setx3	CT2A	C4	5	0.035946276238118399	0.081069991056652121
A2	CORDA	training_samples=setx1,setx2,setx3	CT2A	C4	6	0.0058295709814933996	0.013147488886001145
A2	CORDA	training_samples=setx1,setx2,setx3	CT2A	C4	7	0.0048416276079929002	0.01091937045939116
A2	CORDA	training_samples=setx1,setx2,setx3	CT2A	C4	8	0.0029318020841240999	0.006612122133746119
A2	CORDA	training_samples=setx1,setx2,setx3	CT2A	C4	9	0.0032756120002775998	0.0073875200259538136
A2	CORDA	training_samples=setx1,setx2,setx3	CT2A	C4	10	0.0007838079433781	0.0017677297792646582
A2	CORDA	training_samples=setx1,setx2,setx3	CT2A	C4	11	0.00063178525449400003	0.0014248715108142259
A2	CORDA	training_samples=setx1,setx2,setx3	CT2A	C4	12	0.00032366358541479999	0.00072996167394710071
A2	CORDA	training_samples=setx1,setx2,setx3	CT2A	C4	13	0.00013051441815129999	0.00029435045349898801
A2	CORDA	training_samples=setx1,setx2,setx3	CT2A	C4	14	9.4991022019973626e-05	0.00021423418811474115
A2	CORDA	training_samples=setx1,setx2,setx3	CT2A	C4	15	0.0013243528750812	0.0029868260908992679
A2	CORDA	training_samples=setx1,setx2,setx3	CT2A	C4	16	5.0053847838624445e-05	0.00011288693631985282
A2	CORDA	training_samples=setx1,setx2,setx3	CT2A	C4	17	3.306884376236176e-05	7.4580489236479122e-05
A2	CORDA	training_samples=setx1,setx2,setx3	CT2A	C4	18	0.00019257194253159999	0.00043430939982160824
A2	CORDA	training_samples=setx1,setx2,setx3	CT2A	C4	19	1.7045855364155404e-05	3.8443685592658204e-05
A2	CORDA	training_samples=setx1,setx2,setx3	CT2A	C5	0	0.00014522153068140001	0.0049079985417433015
A2	CORDA	training_samples=setx1,setx2,setx3	CT2A	C5	1	0.00013395579326830001	0.0045272545671018079
A2	CORDA	training_samples=setx1,setx2,setx3	CT2A	C5	2	0.00022147199810330001	0.0074850074822079577
A2	CORDA	training_samples=setx1,setx2,setx3	CT2A	C5	3	6.5558563056702999e-05	0.0022156585898202201
A2	CORDA	training_samples=setx1,setx2,setx3	CT2A	C5	4	9.7721901014506178e-05	0.0033026710669219602
A2	CORDA	training_samples=setx1,setx2,setx3	CT2A	C5	5	0.0019183680656462	0.064834378377230439
A2	CORDA	training_samples=setx1,setx2,setx3	CT2A	C5	6	0.0031862094850446999	0.10768314748448639
A2	CORDA	training_samples=setx1,setx2,setx3	CT2A	C5	7	0.0026097150234235	0.088199576669030624
A2	CORDA	training_samples=setx1,setx2,setx3	CT2A	C5	8	0.0020142157136951002	0.068073706007549778
A2	CORDA	training_samples=setx1,setx2,setx3	CT2A	C5	9	0.0013267931862434	0.044841140240863747
A2	CORDA	training_samples=setx1,setx2,setx3	CT2A	C5	10	0.00078436928049649998	0.026509039443406254
A2	CORDA	training_samples=setx1,setx2,setx3	CT2A	C5	11	0.0011220635589601999	0.037921968493789662
A2	CORDA	training_samples=setx1,setx2,setx3	CT2A	C5	12	0.00073239366265809996	0.024752438646264627
A2	CORDA	training_samples=setx1,setx2,setx3	CT2A	C5	13	0.00027961290990370001	0.0094499744467693471
A2	CORDA	training_samples=setx1,setx2,setx3	CT2A	C5	14	0.001447169821699	0.048909465016838037
A2	CORDA	training_samples=setx1,setx2,setx3	CT2A	C5	15	0.0065801868018283997	0.22238814779211469
A2	CORDA	training_samples=setx1,setx2,setx3	CT2A	C5	16	0.0014296376817732001	0.048316937746358805
A2	CORDA	training_samples=setx1,setx2,setx3	CT2A	C5	17	0.00089010399777869999	0.03008251670809084
A2	CORDA	training_samples=setx1,setx2,setx3	CT2A	C5	18	0.0038546542866211	0.13027433004522121
A2	CORDA	training_samples=setx1,setx2,setx3	CT2A	C5	19	0.00074932446210349999	0.02532464263419033
A2	CORDA	training_samples=setx1,setx2,setx3	GL261	G1	0	3.3109259302729873e-05	0.0026866702326563325
A2	CORDA	training_samples=setx1,setx2,setx3	GL261	G1	1	4.7890836533087142e-05	0.0038861299721026071
A2	CORDA	training_samples=setx1,setx2,setx3	GL261	G1	2	4.8220843587160083e-05	0.0039129085877351007
A2	CORDA	training_samples=setx1,setx2,setx3	GL261	G1	3	6.624756305183281e-05	0.005375697293920065
A2	CORDA	training_samples=setx1,setx2,setx3	GL261	G1	4	0.00026454063917159999	0.021466305062632952
A2	CORDA	training_samples=setx1,setx2,setx3	GL261	G1	5	0.0010581822808693	0.085866820780902381
A2	CORDA	training_samples=setx1,setx2,setx3	GL261	G1	6	0.00078492277093150003	0.063693017844766844
A2	CORDA	training_samples=setx1,setx2,setx3	GL261	G1	7	0.00069306071087000003	0.056238817192885419
A2	CORDA	training_samples=setx1,setx2,setx3	GL261	G1	8	0.0009239712709727	0.074976189797979431
A2	CORDA	training_samples=setx1,setx2,setx3	GL261	G1	9	0.0011550102487841	0.093723982933238623
A2	CORDA	training_samples=setx1,setx2,setx3	GL261	G1	10	0.0011699782857926	0.094938573060560486
A2	CORDA	training_samples=setx1,setx2,setx3	GL261	G1	11	0.0016764090095717	0.13603319067309422
A2	CORDA	training_samples=setx1,setx2,setx3	GL261	G1	12	1.9799021015916602e-05	0.0016066031533002146
A2	CORDA	training_samples=setx1,setx2,setx3	GL261	G1	13	2.6440916216122628e-05	0.0021455636283642162
A2	CORDA	training_samples=setx1,setx2,setx3	GL261	G1	14	0.00037355712509699998	0.030312511645708678
A2	CORDA	training_samples=setx1,setx2,setx3	GL261	G1	15	0.00055537906484370001	0.045066559409048877
A2	CORDA	training_samples=setx1,setx2,setx3	GL261	G1	16	0.00061405436284289999	0.049827800821468288
A2	CORDA	training_samples=setx1,setx2,setx3	GL261	G1	17	0.00086265006976079996	0.070000245020104032
A2	CORDA	training_samples=setx1,setx2,setx3	GL261	G1	18	0.0007950947612636	0.064518429956292631
A2	CORDA	training_samples=setx1,setx2,setx3	GL261	G1	19	0.0011550102487841	0.093723982933238623
A2	CORDA	training_samples=setx1,setx2,setx3	GL261	G2	0	8.404613149883372e-87	3.7207929980281009e-21
A2	CORDA	training_samples=setx1,setx2,setx3	GL261	G2	1	1.051385702811475e-84	4.6545730201777045e-19
A2	CORDA	training_samples=setx1,setx2,setx3	GL261	G2	2	5.2986527537731027e-82	2.3457581822781285e-16
A2	CORDA	training_samples=setx1,setx2,setx3	GL261	G2	3	2.3483841479552018e-84	1.0396494328252519e-18
A2	CORDA	training_samples=setx1,setx2,setx3	GL261	G2	4	3.2705522690694965e-79	1.4479010235715093e-13
A2	CORDA	training_samples=setx1,setx2,setx3	GL261	G2	5	1.3942305775973977e-69	0.00061723761442048755
A2	CORDA	training_samples=setx1,setx2,setx3	GL261	G2	6	1.4083929712161532e-67	0.062350742530556259
A2	CORDA	training_samples=setx1,setx2,setx3	GL261	G2	7	2.1155437371337665e-66	0.93656902272280673
A2	CORDA	training_samples=setx1,setx2,setx3	GL261	G2	8	1.0458285967733618e-69	0.00046299712439065412
A2	CORDA	training_samples=setx1,setx2,setx3	GL261	G2	9	1.7331817669384428e-77	7.6729415949668285e-12
A2	CORDA	training_samples=setx1,setx2,setx3	GL261	G2	10	1.5453775408722746e-80	6.8415164753504876e-15
A2	CORDA	training_samples=setx1,setx2,setx3	GL261	G2	11	2.4110672503262904e-89	1.0673997699600744e-23
A2	CORDA	training_samples=setx1,setx2,setx3	GL261	G2	12	1.158725159118898e-83	5.1297738299215116e-18
A2	CORDA	training_samples=setx1,setx2,setx3	GL261	G2	13	2.4920939295411035e-81	1.1032709629941201e-15
A2	CORDA	training_samples=setx1,setx2,setx3	GL261	G2	14	7.8082227908733476e-95	3.4567659652161558e-29
A2	CORDA	training_samples=setx1,setx2,setx3	GL261	G2	15	5.5042163109043805e-100	2.4367628996141576e-34
A2	CORDA	training_samples=setx1,setx2,setx3	GL261	G2	16	6.4565929441166266e-110	2.8583880529849439e-44
A2	CORDA	training_samples=setx1,setx2,setx3	GL261	G2	17	2.3969256500896681e-96	1.0611391644803247e-30
A2	CORDA	training_samples=setx1,setx2,setx3	GL261	G2	18	3.1173751827450486e-106	1.380088237891747e-40
A2	CORDA	training_samples=setx1,setx2,setx3	GL261	G2	19	9.5110780963781786e-99	4.2106343449244237e-33
A2	CORDA	training_samples=setx1,setx2,setx3	GL261	G3	0	3.1515615070029805e-05	0.001198313353603676
A2	CORDA	training_samples=setx1,setx2,setx3	GL261	G3	1	2.5691505937734679e-05	0.00097686415356216237
A2	CORDA	training_samples=setx1,setx2,setx3	GL261	G3	2	1.3898531337274571e-05	0.00052846170572673902
A2	CORDA	training_samples=setx1,setx2,setx3	GL261	G3	3	2.9956752025954881e-05	0.0011390409453703788
A2	CORDA	training_samples=setx1,setx2,setx3	GL261	G3	4	2.4129966557848189e-05	0.00091748998342656388
A2	CORDA	training_samples=setx1,setx2,setx3	GL261	G3	5	5.9589885982068619e-06	0.00022657770109630227
A2	CORDA	training_samples=setx1,setx2,setx3	GL261	G3	6	2.9706905391155004e-06	0.00011295410654483669
A2	CORDA	training_samples=setx1,setx2,setx3	GL261	G3	7	2.0234594528645632e-06	7.6937685571271979e-05
A2	CORDA	training_samples=setx1,setx2,setx3	GL261	G3	8	5.6403437084923978e-06	0.00021446191577674094
A2	CORDA	training_samples=setx1,setx2,setx3	GL261	G3	9	4.1132856248392249e-05	0.0015639882263056913
A2	CORDA	training_samples=setx1,setx2,setx3	GL261	G3	10	8.1757231793013491e-05	0.0031086425695180447
A2	CORDA	training_samples=setx1,setx2,setx3	GL261	G3	11	0.00059580410279780002	0.022654167178016171
A2	CORDA	training_samples=setx1,setx2,setx3	GL261	G3	12	1.0507322870284e-05	0.00039951831110097112
A2	CORDA	training_samples=setx1,setx2,setx3	GL261	G3	13	7.5826341658411268e-06	0.0002883133251954108
A2	CORDA	training_samples=setx1,setx2,setx3	GL261	G3	14	0.00079591032822199997	0.030262775213500067
A2	CORDA	training_samples=setx1,setx2,setx3	GL261	G3	15	0.0024262500142378002	0.09225292873966795
A2	CORDA	training_samples=setx1,setx2,setx3	GL261	G3	16	0.010782264927801301	0.40997239039652522
A2	CORDA	training_samples=setx1,setx2,setx3	GL261	G3	17	0.0015819816838867	0.060151444696397889
A2	CORDA	training_samples=setx1,setx2,setx3	GL261	G3	18	0.0071704024884018999	0.2726391039321987
A2	CORDA	training_samples=setx1,setx2,setx3	GL261	G3	19	0.0026645987509100002	0.10131562586089514
A2	CORDA	training_samples=setx1,setx2,setx3	GL261	G4	0	0.0022414473629628002	0.0051089339034728117
A2	CORDA	training_samples=setx1,setx2,setx3	GL261	G4	1	0.0042149495938559002	0.0096071401172746398
A2	CORDA	training_samples=setx1,setx2,setx3	GL261	G4	2	0.0073671474184556001	0.016791948738104127
A2	CORDA	training_samples=setx1,setx2,setx3	GL261	G4	3	0.0051111076886222002	0.011649754433754191
A2	CORDA	training_samples=setx1,setx2,setx3	GL261	G4	4	0.020168704898471199	0.045970555431083651
A2	CORDA	training_samples=setx1,setx2,setx3	GL261	G4	5	0.080117608930173195	0.18261217073038671
A2	CORDA	training_samples=setx1,setx2,setx3	GL261	G4	6	0.095233481696036404	0.21706579927869252
A2	CORDA	training_samples=setx1,setx2,setx3	GL261	G4	7	0.1001018423700103	0.22816226012474264
A2	CORDA	training_samples=setx1,setx2,setx3	GL261	G4	8	0.080651967661357904	0.18383013528466369
A2	CORDA	training_samples=setx1,setx2,setx3	GL261	G4	9	0.022808004281352101	0.051986313963459638
A2	CORDA	training_samples=setx1,setx2,setx3	GL261	G4	10	0.010796951701501099	0.024609506122438844
A2	CORDA	training_samples=setx1,setx2,setx3	GL261	G4	11	0.0003626551825049	0.00082660043139284422
A2	CORDA	training_samples=setx1,setx2,setx3	GL261	G4	12	0.0033511302361520002	0.0076382355264409327
A2	CORDA	training_samples=setx1,setx2,setx3	GL261	G4	13	0.0060351730357608002	0.013755977787034477
A2	CORDA	training_samples=setx1,setx2,setx3	GL261	G4	14	0.00012985368345470001	0.00029597567038809543
A2	CORDA	training_samples=setx1,setx2,setx3	GL261	G4	15	6.5644259318720208e-06	1.4962304604756257e-05
A2	CORDA	training_samples=setx1,setx2,setx3	GL261	G4	16	5.6579513076439615e-09	1.2896175809193115e-08
A2	CORDA	training_samples=setx1,setx2,setx3	GL261	G4	17	2.7684049082244943e-05	6.3100289250037539e-05
A2	CORDA	training_samples=setx1,setx2,setx3	GL261	G4	18	5.8149827206548967e-08	1.3254097714073968e-07
A2	CORDA	training_samples=setx1,setx2,setx3	GL261	G4	19	4.5998419038627535e-06	1.0484425662441652e-05
A2	CORDA	training_samples=setx1,setx2,setx3	GL261	G5	0	3.5573783194067646e-31	9.4836184437229952e-11
A2	CORDA	training_samples=setx1,setx2,setx3	GL261	G5	1	3.9566964896737454e-30	1.0548161155921561e-09
A2	CORDA	training_samples=setx1,setx2,setx3	GL261	G5	2	6.3414757191891122e-29	1.690574650518264e-08
A2	CORDA	training_samples=setx1,setx2,setx3	GL261	G5	3	7.0463062126046195e-30	1.8784754827291146e-09
A2	CORDA	training_samples=setx1,setx2,setx3	GL261	G5	4	3.3896064082993238e-27	9.0363551369677797e-07
A2	CORDA	training_samples=setx1,setx2,setx3	GL261	G5	5	1.3998692916359693e-22	0.037319129541370302
A2	CORDA	training_samples=setx1,setx2,setx3	GL261	G5	6	8.7430184663299061e-22	0.23308021732960965
A2	CORDA	training_samples=setx1,setx2,setx3	GL261	G5	7	2.6228642061925891e-21	0.69922963283188244
A2	CORDA	training_samples=setx1,setx2,setx3	GL261	G5	8	1.138709570950794e-22	0.030356869917939244
A2	CORDA	training_samples=setx1,setx2,setx3	GL261	G5	9	4.7465005014035509e-26	1.2653700466066195e-05
A2	CORDA	training_samples=setx1,setx2,setx3	GL261	G5	10	2.0606806622737294e-27	5.4935706525083439e-07
A2	CORDA	training_samples=setx1,setx2,setx3	GL261	G5	11	2.4042432678050782e-31	6.4094745485364653e-11
A2	CORDA	training_samples=setx1,setx2,setx3	GL261	G5	12	6.2219550371519279e-30	1.6587116198591236e-09
A2	CORDA	training_samples=setx1,setx2,setx3	GL261	G5	13	8.2633788035791924e-29	2.2029349873072223e-08
A2	CORDA	training_samples=setx1,setx2,setx3	GL261	G5	14	3.486864597616262e-34	9.2956358417995989e-14
A2	CORDA	training_samples=setx1,setx2,setx3	GL261	G5	15	1.6687620179111211e-36	4.4487543438690182e-16
A2	CORDA	training_samples=setx1,setx2,setx3	GL261	G5	16	3.0359280698422729e-41	8.0934836983472351e-21
A2	CORDA	training_samples=setx1,setx2,setx3	GL261	G5	17	1.0182091804863608e-34	2.7144448795198234e-14
A2	CORDA	training_samples=setx1,setx2,setx3	GL261	G5	18	1.9949174604847253e-39	5.318252466640364e-19
A2	CORDA	training_samples=setx1,setx2,setx3	GL261	G5	19	8.4555940858147229e-36	2.2541776787530475e-15
A2	CORDA	training_samples=setx1,setx3	CT2A	C1	0	8.5705310142941324e-07	8.4297549682016162e-06
A2	CORDA	training_samples=setx1,setx3	CT2A	C1	1	2.446789958823088e-06	2.4065999851274668e-05
A2	CORDA	training_samples=setx1,setx3	CT2A	C1	2	9.2442298097240645e-06	9.0923878620532514e-05
A2	CORDA	training_samples=setx1,setx3	CT2A	C1	3	4.4243246683687525e-05	0.00043516525162694541
A2	CORDA	training_samples=setx1,setx3	CT2A	C1	4	0.00017998897155620001	0.0017703254613592198
A2	CORDA	training_samples=setx1,setx3	CT2A	C1	5	2.4073929491458761e-05	0.0002367850094659202
A2	CORDA	training_samples=setx1,setx3	CT2A	C1	6	6.4186660698761758e-05	0.0006313235679507326
A2	CORDA	training_samples=setx1,setx3	CT2A	C1	7	0.00019511524337069999	0.0019191035998035986
A2	CORDA	training_samples=setx1,setx3	CT2A	C1	8	0.00029871190351190001	0.0029380538364433984
A2	CORDA	training_samples=setx1,setx3	CT2A	C1	9	0.0050500817500452001	0.04967131167399897
A2	CORDA	training_samples=setx1,setx3	CT2A	C1	10	0.0058356322056336996	0.057397784916702221
A2	CORDA	training_samples=setx1,setx3	CT2A	C1	11	0.0037566346378826001	0.036949296898399077
A2	CORDA	training_samples=setx1,setx3	CT2A	C1	12	0.0074173768632243	0.07295542056788
A2	CORDA	training_samples=setx1,setx3	CT2A	C1	13	0.0090448919996949009	0.08896324293571764
A2	CORDA	training_samples=setx1,setx3	CT2A	C1	14	0.0100949445765578	0.099291291351760791
A2	CORDA	training_samples=setx1,setx3	CT2A	C1	15	0.0123652795887025	0.12162172550594499
A2	CORDA	training_samples=setx1,setx3	CT2A	C1	16	0.0112039404175312	0.11019909062880523
A2	CORDA	training_samples=setx1,setx3	CT2A	C1	17	0.0109924931787048	0.10811934970139181
A2	CORDA	training_samples=setx1,setx3	CT2A	C1	18	0.0099266528407264999	0.097636016907429277
A2	CORDA	training_samples=setx1,setx3	CT2A	C1	19	0.0151631936888967	0.14914129255188016
A2	CORDA	training_samples=setx1,setx3	CT2A	C2	0	5.6083885307195322e-27	0.069181286152771249
A2	CORDA	training_samples=setx1,setx3	CT2A	C2	1	7.4036494976512155e-26	0.91326410726775653
A2	CORDA	training_samples=setx1,setx3	CT2A	C2	2	1.3448464103160425e-27	0.016589115364242596
A2	CORDA	training_samples=setx1,setx3	CT2A	C2	3	6.0049472410786748e-30	7.4072966083193266e-05
A2	CORDA	training_samples=setx1,setx3	CT2A	C2	4	4.7871455823596348e-33	5.9050988813306689e-08
A2	CORDA	training_samples=setx1,setx3	CT2A	C2	5	7.1190978781647468e-29	0.00087816374482834782
A2	CORDA	training_samples=setx1,setx3	CT2A	C2	6	1.0632819354486997e-30	1.3115926515153829e-05
A2	CORDA	training_samples=setx1,setx3	CT2A	C2	7	5.8381766525452413e-33	7.201579694378677e-08
A2	CORDA	training_samples=setx1,setx3	CT2A	C2	8	6.0890313944966329e-34	7.5110171306522354e-09
A2	CORDA	training_samples=setx1,setx3	CT2A	C2	9	1.0305410852995269e-44	1.2712057540911361e-19
A2	CORDA	training_samples=setx1,setx3	CT2A	C2	10	2.0207011057220922e-45	2.492600158823987e-20
A2	CORDA	training_samples=setx1,setx3	CT2A	C2	11	5.1090918873785646e-43	6.3022300595888289e-18
A2	CORDA	training_samples=setx1,setx3	CT2A	C2	12	3.5510938549351861e-47	4.3803891044278332e-22
A2	CORDA	training_samples=setx1,setx3	CT2A	C2	13	5.6353992987279885e-49	6.9514472710828669e-24
A2	CORDA	training_samples=setx1,setx3	CT2A	C2	14	1.0144889386134613e-49	1.2514049120636581e-24
A2	CORDA	training_samples=setx1,setx3	CT2A	C2	15	3.1545259432730893e-51	3.891209761280888e-26
A2	CORDA	training_samples=setx1,setx3	CT2A	C2	16	2.6077883067341433e-47	3.2167912063481758e-22
A2	CORDA	training_samples=setx1,setx3	CT2A	C2	17	1.2840563782512518e-47	1.5839250660598238e-22
A2	CORDA	training_samples=setx1,setx3	CT2A	C2	18	3.7523795548461438e-47	4.6286815243935076e-22
A2	CORDA	training_samples=setx1,setx3	CT2A	C2	19	3.79171794436876e-50	4.6772066999844379e-25
A2	CORDA	training_samples=setx1,setx3	CT2A	C3	0	1.397089012228256e-16	0.28387648177937297
A2	CORDA	training_samples=setx1,setx3	CT2A	C3	1	2.8204455674844523e-16	0.57309030257901861
A2	CORDA	training_samples=setx1,setx3	CT2A	C3	2	4.8925957895524814e-17	0.09941334212424649
A2	CORDA	training_samples=setx1,setx3	CT2A	C3	3	4.8374985128220772e-18	0.00982938128074347
A2	CORDA	training_samples=setx1,setx3	CT2A	C3	4	2.6535536544920505e-19	0.00053917929999934056
A2	CORDA	training_samples=setx1,setx3	CT2A	C3	5	1.3597545933904732e-17	0.02762904486947353
A2	CORDA	training_samples=setx1,setx3	CT2A	C3	6	2.3747382198329386e-18	0.0048252639960140661
A2	CORDA	training_samples=setx1,setx3	CT2A	C3	7	2.8008936269693841e-19	0.00056911751628065327
A2	CORDA	training_samples=setx1,setx3	CT2A	C3	8	1.1210676511156064e-19	0.00022779131311596716
A2	CORDA	training_samples=setx1,setx3	CT2A	C3	9	7.3341654281796679e-24	1.4902393908451961e-08
A2	CORDA	training_samples=setx1,setx3	CT2A	C3	10	3.9308122857463896e-24	7.9870727809468366e-09
A2	CORDA	training_samples=setx1,setx3	CT2A	C3	11	3.2317464962143279e-23	6.5666311689398055e-08
A2	CORDA	training_samples=setx1,setx3	CT2A	C3	12	8.5920734757434754e-25	1.7458354966186143e-09
A2	CORDA	training_samples=setx1,setx3	CT2A	C3	13	1.8266415578641815e-25	3.7115786780932595e-10
A2	CORDA	training_samples=setx1,setx3	CT2A	C3	14	9.5648979316454429e-26	1.943505066354851e-10
A2	CORDA	training_samples=setx1,setx3	CT2A	C3	15	2.5932538455325274e-26	5.2692689698881496e-11
A2	CORDA	training_samples=setx1,setx3	CT2A	C3	16	7.0054863372464043e-25	1.4234546239821571e-09
A2	CORDA	training_samples=setx1,setx3	CT2A	C3	17	5.4399078105343199e-25	1.1053425207286031e-09
A2	CORDA	training_samples=setx1,setx3	CT2A	C3	18	8.2137351932023584e-25	1.6689604087536505e-09
A2	CORDA	training_samples=setx1,setx3	CT2A	C3	19	6.1106210883094329e-26	1.2416256951799122e-10
A2	CORDA	training_samples=setx1,setx3	CT2A	C4	0	0.0011895281763381999	0.13618299819914262
A2	CORDA	training_samples=setx1,setx3	CT2A	C4	1	0.0027109307414299	0.31036059811094757
A2	CORDA	training_samples=setx1,setx3	CT2A	C4	2	0.0016358100410142999	0.18727552680202611
A2	CORDA	training_samples=setx1,setx3	CT2A	C4	3	0.00077899420491040004	0.089183063095677223
A2	CORDA	training_samples=setx1,setx3	CT2A	C4	4	0.0002463827816549	0.028207104781408181
A2	CORDA	training_samples=setx1,setx3	CT2A	C4	5	0.0011243813326553	0.12872466919742104
A2	CORDA	training_samples=setx1,setx3	CT2A	C4	6	0.00059403926190240003	0.068008517446730976
A2	CORDA	training_samples=setx1,setx3	CT2A	C4	7	0.00026249987405910002	0.030052268275234117
A2	CORDA	training_samples=setx1,setx3	CT2A	C4	8	0.00018138571662549999	0.020765923171825417
A2	CORDA	training_samples=setx1,setx3	CT2A	C4	9	1.9389783221174258e-06	0.0002219837130398659
A2	CORDA	training_samples=setx1,setx3	CT2A	C4	10	1.4237019188441352e-06	0.00016299235251989756
A2	CORDA	training_samples=setx1,setx3	CT2A	C4	11	4.1185112706359524e-06	0.00047150729516868607
A2	CORDA	training_samples=setx1,setx3	CT2A	C4	12	6.4141856442311817e-07	7.3432731515974786e-05
A2	CORDA	training_samples=setx1,setx3	CT2A	C4	13	2.7971928090370909e-07	3.2023630112604321e-05
A2	CORDA	training_samples=setx1,setx3	CT2A	C4	14	1.9985737141136638e-07	2.2880648472559804e-05
A2	CORDA	training_samples=setx1,setx3	CT2A	C4	15	1.0068914087303833e-07	1.1527384859766141e-05
A2	CORDA	training_samples=setx1,setx3	CT2A	C4	16	6.6909433928578244e-07	7.6601189458588921e-05
A2	CORDA	training_samples=setx1,setx3	CT2A	C4	17	5.7258122955034305e-07	6.5551897049429445e-05
A2	CORDA	training_samples=setx1,setx3	CT2A	C4	18	7.0042559065601915e-07	8.0188144214099252e-05
A2	CORDA	training_samples=setx1,setx3	CT2A	C4	19	1.8030269160575658e-07	2.0641933175415773e-05
A2	CORDA	training_samples=setx1,setx3	CT2A	C5	0	0.0069724016885442004	0.012201409759262207
A2	CORDA	training_samples=setx1,setx3	CT2A	C5	1	0.029021721548148902	0.05078679232006636
A2	CORDA	training_samples=setx1,setx3	CT2A	C5	2	0.046259396386183503	0.080951998427074012
A2	CORDA	training_samples=setx1,setx3	CT2A	C5	3	0.070548498563714701	0.12345690585941167
A2	CORDA	training_samples=setx1,setx3	CT2A	C5	4	0.0676021467330023	0.11830091405237905
A2	CORDA	training_samples=setx1,setx3	CT2A	C5	5	0.064091638922414595	0.11215767300382518
A2	CORDA	training_samples=setx1,setx3	CT2A	C5	6	0.071850209981394297	0.12573484610222851
A2	CORDA	training_samples=setx1,setx3	CT2A	C5	7	0.075440070426769604	0.13201695092481183
A2	CORDA	training_samples=setx1,setx3	CT2A	C5	8	0.073175939665222997	0.12805481730081683
A2	CORDA	training_samples=setx1,setx3	CT2A	C5	9	0.0098383910677040994	0.017216770655390495
A2	CORDA	training_samples=setx1,setx3	CT2A	C5	10	0.0083076199028586997	0.014537985487199531
A2	CORDA	training_samples=setx1,setx3	CT2A	C5	11	0.0154448602673128	0.027027855997691183
A2	CORDA	training_samples=setx1,setx3	CT2A	C5	12	0.0049037946228695003	0.0085814343810977859
A2	CORDA	training_samples=setx1,setx3	CT2A	C5	13	0.0027359328898555	0.0047877675088365971
A2	CORDA	training_samples=setx1,setx3	CT2A	C5	14	0.0022036652456876001	0.0038563215138704473
A2	CORDA	training_samples=setx1,setx3	CT2A	C5	15	0.0013973353747033001	0.0024452781465359023
A2	CORDA	training_samples=setx1,setx3	CT2A	C5	16	0.0067323014755835998	0.011781244483008584
A2	CORDA	training_samples=setx1,setx3	CT2A	C5	17	0.0058073732043149003	0.010162658902344517
A2	CORDA	training_samples=setx1,setx3	CT2A	C5	18	0.0064511370400345998	0.01128921854401233
A2	CORDA	training_samples=setx1,setx3	CT2A	C5	19	0.0026578676547627999	0.0046511566301369158
A2	CORDA	training_samples=setx1,setx3	GL261	G1	0	6.1427624443704704e-05	0.010896333124142961
A2	CORDA	training_samples=setx1,setx3	GL261	G1	1	0.00051718664997740002	0.09174110307127159
A2	CORDA	training_samples=setx1,setx3	GL261	G1	2	0.00023358058936260001	0.041433669885135381
A2	CORDA	training_samples=setx1,setx3	GL261	G1	3	0.00065264264688159998	0.11576895176797149
A2	CORDA	training_samples=setx1,setx3	GL261	G1	4	0.0011304878483536999	0.20053147586305417
A2	CORDA	training_samples=setx1,setx3	GL261	G1	5	0.0014942563528536001	0.26505851627847471
A2	CORDA	training_samples=setx1,setx3	GL261	G1	6	0.0006454001779609	0.11448424713034511
A2	CORDA	training_samples=setx1,setx3	GL261	G1	7	0.00026476781785589998	0.046965813345984875
A2	CORDA	training_samples=setx1,setx3	GL261	G1	8	4.7767666978487406e-05	0.0084732629118309324
A2	CORDA	training_samples=setx1,setx3	GL261	G1	9	4.9351497851055007e-05	0.0087542105954844761
A2	CORDA	training_samples=setx1,setx3	GL261	G1	10	5.3178211567450616e-05	0.0094330118319344864
A2	CORDA	training_samples=setx1,setx3	GL261	G1	11	8.3240381621676503e-05	0.01476558691215233
A2	CORDA	training_samples=setx1,setx3	GL261	G1	12	7.7051709871880209e-05	0.013667809982107561
A2	CORDA	training_samples=setx1,setx3	GL261	G1	13	7.8453266338640015e-05	0.013916424938202884
A2	CORDA	training_samples=setx1,setx3	GL261	G1	14	8.112414549823975e-05	0.014390198575404188
A2	CORDA	training_samples=setx1,setx3	GL261	G1	15	5.9609544774666578e-05	0.010573833240752123
A2	CORDA	training_samples=setx1,setx3	GL261	G1	16	2.5548452347059031e-05	0.0045319097083914173
A2	CORDA	training_samples=setx1,setx3	GL261	G1	17	4.5020570867527606e-05	0.0079859695382040897
A2	CORDA	training_samples=setx1,setx3	GL261	G1	18	3.7672635246928494e-06	0.0006682556700382563
A2	CORDA	training_samples=setx1,setx3	GL261	G1	19	3.3595957557339965e-05	0.0059594156291170207
A2	CORDA	training_samples=setx1,setx3	GL261	G2	0	2.7660375616856804e-91	1.1948475937904649e-10
A2	CORDA	training_samples=setx1,setx3	GL261	G2	1	8.0004001073024844e-88	3.4559396264111975e-07
A2	CORDA	training_samples=setx1,setx3	GL261	G2	2	6.1705651088070226e-100	2.6655042486452283e-19
A2	CORDA	training_samples=setx1,setx3	GL261	G2	3	5.0893455805869272e-98	2.1984489311224479e-17
A2	CORDA	training_samples=setx1,setx3	GL261	G2	4	1.0880220211561522e-94	4.699937961714473e-14
A2	CORDA	training_samples=setx1,setx3	GL261	G2	5	2.3149702262585557e-81	0.99999965396562562
A2	CORDA	training_samples=setx1,setx3	GL261	G2	6	2.6586503705208416e-93	1.1484594576550218e-12
A2	CORDA	training_samples=setx1,setx3	GL261	G2	7	7.8702337443158529e-100	3.3997115520851751e-19
A2	CORDA	training_samples=setx1,setx3	GL261	G2	8	7.4013627571608013e-91	3.197172953708746e-10
A2	CORDA	training_samples=setx1,setx3	GL261	G2	9	1.8629289782558359e-97	8.0473101229868886e-17
A2	CORDA	training_samples=setx1,setx3	GL261	G2	10	2.8753769031195504e-95	1.2420790019349286e-14
A2	CORDA	training_samples=setx1,setx3	GL261	G2	11	3.1719530727923805e-96	1.3701912617312914e-15
A2	CORDA	training_samples=setx1,setx3	GL261	G2	12	5.2102830118955938e-97	2.2506903759965e-16
A2	CORDA	training_samples=setx1,setx3	GL261	G2	13	1.4600022911366602e-100	6.3067842919316036e-20
A2	CORDA	training_samples=setx1,setx3	GL261	G2	14	1.2698457703740743e-105	5.4853635548311385e-25
A2	CORDA	training_samples=setx1,setx3	GL261	G2	15	9.3869942640233841e-114	4.0549078814598448e-33
A2	CORDA	training_samples=setx1,setx3	GL261	G2	16	2.7361662570663898e-134	1.1819440609743775e-53
A2	CORDA	training_samples=setx1,setx3	GL261	G2	17	2.9115556535510725e-129	1.2577071674733265e-48
A2	CORDA	training_samples=setx1,setx3	GL261	G2	18	2.7774945380307295e-150	1.1997966735888079e-69
A2	CORDA	training_samples=setx1,setx3	GL261	G2	19	5.5069274565512301e-132	2.3788321285951486e-51
A2	CORDA	training_samples=setx1,setx3	GL261	G3	0	0.0001289732838409	0.00049749102660531916
A2	CORDA	training_samples=setx1,setx3	GL261	G3	1	0.0002400934314414	0.0009261168214986375
A2	CORDA	training_samples=setx1,setx3	GL261	G3	2	0.0015797540483425999	0.00609361442842196
A2	CORDA	training_samples=setx1,setx3	GL261	G3	3	0.0018668455653676999	0.0072010178322980938
A2	CORDA	training_samples=setx1,setx3	GL261	G3	4	0.0013311734269199	0.0051347598124666044
A2	CORDA	training_samples=setx1,setx3	GL261	G3	5	0.000111864010838	0.00043149511227950156
A2	CORDA	training_samples=setx1,setx3	GL261	G3	6	0.00079422980259800002	0.0030635972667210471
A2	CORDA	training_samples=setx1,setx3	GL261	G3	7	0.0016549490121430001	0.0063836653492216344
A2	CORDA	training_samples=setx1,setx3	GL261	G3	8	9.9166871467629633e-05	0.00038251820239397364
A2	CORDA	training_samples=setx1,setx3	GL261	G3	9	0.00039399356550419998	0.0015197586472278097
A2	CORDA	training_samples=setx1,setx3	GL261	G3	10	0.00026685683226999998	0.0010293517811519447
A2	CORDA	training_samples=setx1,setx3	GL261	G3	11	0.00043148077518450001	0.0016643587525599123
A2	CORDA	training_samples=setx1,setx3	GL261	G3	12	0.0004795782715081	0.0018498861122624901
A2	CORDA	training_samples=setx1,setx3	GL261	G3	13	0.00095726621277029999	0.003692480618801302
A2	CORDA	training_samples=setx1,setx3	GL261	G3	14	0.0024245411749915001	0.0093522273937083553
A2	CORDA	training_samples=setx1,setx3	GL261	G3	15	0.0077046729184271998	0.02971937695697429
A2	CORDA	training_samples=setx1,setx3	GL261	G3	16	0.057508901930567499	0.22183014813886434
A2	CORDA	training_samples=setx1,setx3	GL261	G3	17	0.044000744100048401	0.16972488178818682
A2	CORDA	training_samples=setx1,setx3	GL261	G3	18	0.0859305629271781	0.33146154532399397
A2	CORDA	training_samples=setx1,setx3	GL261	G3	19	0.051341809468053001	0.19804170863436196
A2	CORDA	training_samples=setx1,setx3	GL261	G4	0	0.00077376752242719999	0.067145977225417014
A2	CORDA	training_samples=setx1,setx3	GL261	G4	1	0.0017295615443617999	0.15008784512353435
A2	CORDA	training_samples=setx1,setx3	GL261	G4	2	1.6157851000387984e-05	0.0014021455590180955
A2	CORDA	training_samples=setx1,setx3	GL261	G4	3	1.599753677782516e-05	0.0013882338157294302
A2	CORDA	training_samples=setx1,setx3	GL261	G4	4	4.634161500094593e-05	0.0040214314186795283
A2	CORDA	training_samples=setx1,setx3	GL261	G4	5	0.0073671474184556001	0.63930612029849176
A2	CORDA	training_samples=setx1,setx3	GL261	G4	6	0.0001677271253049	0.014555019963204886
A2	CORDA	training_samples=setx1,setx3	GL261	G4	7	1.5423206891665964e-05	0.0013383946323336836
A2	CORDA	training_samples=setx1,setx3	GL261	G4	8	0.0008464178864281	0.073450428556380773
A2	CORDA	training_samples=setx1,setx3	GL261	G4	9	8.7724720540009794e-05	0.0076125734367970517
A2	CORDA	training_samples=setx1,setx3	GL261	G4	10	0.0001993723768214	0.017301130747170258
A2	CORDA	training_samples=setx1,setx3	GL261	G4	11	0.00013468917919559999	0.011688053965367561
A2	CORDA	training_samples=setx1,setx3	GL261	G4	12	9.9866138037251845e-05	0.0086661810374324185
A2	CORDA	training_samples=setx1,setx3	GL261	G4	13	2.171973668916028e-05	0.0018847947255496544
A2	CORDA	training_samples=setx1,setx3	GL261	G4	14	1.7312337065281832e-06	0.0001502329519669813
A2	CORDA	training_samples=setx1,setx3	GL261	G4	15	1.655418235263073e-08	1.4365383904307294e-06
A2	CORDA	training_samples=setx1,setx3	GL261	G4	16	8.0301591081146111e-16	6.968409308503494e-14
A2	CORDA	training_samples=setx1,setx3	GL261	G4	17	4.6321936485414095e-14	4.0197237569886041e-12
A2	CORDA	training_samples=setx1,setx3	GL261	G4	18	2.1718354193403438e-22	1.8846747553700947e-20
A2	CORDA	training_samples=setx1,setx3	GL261	G4	19	5.1479846080962803e-15	4.4673166969805486e-13
A2	CORDA	training_samples=setx1,setx3	GL261	G5	0	5.1481691492132765e-33	5.1701260150070726e-06
A2	CORDA	training_samples=setx1,setx3	GL261	G5	1	6.7507338698710724e-31	0.0006779525650656489
A2	CORDA	training_samples=setx1,setx3	GL261	G5	2	1.1860050913651423e-36	1.1910633856571709e-09
A2	CORDA	training_samples=setx1,setx3	GL261	G5	3	1.4939080974230743e-35	1.5002795935127854e-08
A2	CORDA	training_samples=setx1,setx3	GL261	G5	4	6.7585480044848595e-34	6.7873731124396125e-07
A2	CORDA	training_samples=setx1,setx3	GL261	G5	5	9.9506292216130833e-28	0.99930685090665983
A2	CORDA	training_samples=setx1,setx3	GL261	G5	6	2.3267559012506335e-33	2.3366794809889742e-06
A2	CORDA	training_samples=setx1,setx3	GL261	G5	7	1.412423678982945e-36	1.4184476452250307e-09
A2	CORDA	training_samples=setx1,setx3	GL261	G5	8	6.8338878687654543e-33	6.8630343001346068e-06
A2	CORDA	training_samples=setx1,setx3	GL261	G5	9	6.9697624603466463e-36	6.9994883948528683e-09
A2	CORDA	training_samples=setx1,setx3	GL261	G5	10	7.2942085360458284e-35	7.3253182282987315e-08
A2	CORDA	training_samples=setx1,setx3	GL261	G5	11	3.4943709301858663e-35	3.5092743708701253e-08
A2	CORDA	training_samples=setx1,setx3	GL261	G5	12	1.4587364056423957e-35	1.464957894983341e-08
A2	CORDA	training_samples=setx1,setx3	GL261	G5	13	3.4087130168504856e-37	3.4232511277927007e-10
A2	CORDA	training_samples=setx1,setx3	GL261	G5	14	1.534996101776135e-39	1.5415428376008211e-12
A2	CORDA	training_samples=setx1,setx3	GL261	G5	15	1.8983129132735506e-43	1.9064091899620791e-16
A2	CORDA	training_samples=setx1,setx3	GL261	G5	16	1.0920132481333267e-53	1.0966706685947298e-26
A2	CORDA	training_samples=setx1,setx3	GL261	G5	17	4.330016162438843e-51	4.3484836177628712e-24
A2	CORDA	training_samples=setx1,setx3	GL261	G5	18	3.8737296480640942e-62	3.8902510481072511e-35
A2	CORDA	training_samples=setx1,setx3	GL261	G5	19	1.7089857597028242e-52	1.716274558862626e-25
A2	CORDA	training_samples=setx2,setx3	CT2A	C1	0	3.1709791637802473e-24	7.0656744175086198e-15
A2	CORDA	training_samples=setx2,setx3	CT2A	C1	1	2.6712966298137936e-24	5.9522662508924453e-15
A2	CORDA	training_samples=setx2,setx3	CT2A	C1	2	3.1094491709880002e-23	6.9285713734560096e-14
A2	CORDA	training_samples=setx2,setx3	CT2A	C1	3	1.2007177004517183e-23	2.6754765328125084e-14
A2	CORDA	training_samples=setx2,setx3	CT2A	C1	4	5.1262187732776363e-12	0.011422400140189101
A2	CORDA	training_samples=setx2,setx3	CT2A	C1	5	1.440693944389398e-11	0.032101990648832922
A2	CORDA	training_samples=setx2,setx3	CT2A	C1	6	4.9930598102041393e-11	0.11125691196277672
A2	CORDA	training_samples=setx2,setx3	CT2A	C1	7	3.6522980663191269e-11	0.081381641693107118
A2	CORDA	training_samples=setx2,setx3	CT2A	C1	8	1.6583098220811326e-10	0.36950975332848124
A2	CORDA	training_samples=setx2,setx3	CT2A	C1	9	1.769687620172043e-10	0.39432730078001421
A2	CORDA	training_samples=setx2,setx3	CT2A	C1	10	7.2109106969586831e-22	1.6067575536415953e-12
A2	CORDA	training_samples=setx2,setx3	CT2A	C1	11	9.3417262326232196e-22	2.0815524999706157e-12
A2	CORDA	training_samples=setx2,setx3	CT2A	C1	12	1.0614890893671769e-21	2.3652430103845206e-12
A2	CORDA	training_samples=setx2,setx3	CT2A	C1	13	3.5812018819050127e-21	7.979745439495276e-12
A2	CORDA	training_samples=setx2,setx3	CT2A	C1	14	6.3071429748025359e-21	1.4053772182944512e-11
A2	CORDA	training_samples=setx2,setx3	CT2A	C1	15	1.0801101306119643e-20	2.4067349937609795e-11
A2	CORDA	training_samples=setx2,setx3	CT2A	C1	16	1.9850344320053703e-20	4.4231154730684597e-11
A2	CORDA	training_samples=setx2,setx3	CT2A	C1	17	2.4219907735056368e-19	5.3967551863064348e-10
A2	CORDA	training_samples=setx2,setx3	CT2A	C1	18	2.7428411863050055e-19	6.1116840573183057e-10
A2	CORDA	training_samples=setx2,setx3	CT2A	C1	19	8.9425282680142749e-20	1.9926019676468275e-10
A2	CORDA	training_samples=setx2,setx3	CT2A	C2	0	1.695943865051584e-06	0.41150712712330018
A2	CORDA	training_samples=setx2,setx3	CT2A	C2	1	2.1556116775415044e-06	0.5230418216652245
A2	CORDA	training_samples=setx2,setx3	CT2A	C2	2	4.4205418646032875e-08	0.010726088996912913
A2	CORDA	training_samples=setx2,setx3	CT2A	C2	3	2.2544403018635571e-07	0.054702179182247901
A2	CORDA	training_samples=setx2,setx3	CT2A	C2	4	3.058781434530584e-12	7.4218869301047433e-07
A2	CORDA	training_samples=setx2,setx3	CT2A	C2	5	7.3347115836179146e-13	1.7797087240035477e-07
A2	CORDA	training_samples=setx2,setx3	CT2A	C2	6	4.0466325882907964e-14	9.8188282362778586e-09
A2	CORDA	training_samples=setx2,setx3	CT2A	C2	7	7.0426662414828254e-14	1.7088462725932844e-08
A2	CORDA	training_samples=setx2,setx3	CT2A	C2	8	1.0374673220665114e-15	2.5173309446472057e-10
A2	CORDA	training_samples=setx2,setx3	CT2A	C2	9	6.2817185395860319e-16	1.5242084380803464e-10
A2	CORDA	training_samples=setx2,setx3	CT2A	C2	10	4.812048485181701e-11	1.1676048296886999e-05
A2	CORDA	training_samples=setx2,setx3	CT2A	C2	11	2.4222535297982023e-11	5.8774032074535287e-06
A2	CORDA	training_samples=setx2,setx3	CT2A	C2	12	1.7114670926706299e-11	4.1527371334872362e-06
A2	CORDA	training_samples=setx2,setx3	CT2A	C2	13	4.5604787024259838e-13	1.1065634469483052e-07
A2	CORDA	training_samples=setx2,setx3	CT2A	C2	14	6.7132872012354055e-14	1.6289250998587594e-08
A2	CORDA	training_samples=setx2,setx3	CT2A	C2	15	9.2242116566181278e-15	2.2381807069284859e-09
A2	CORDA	training_samples=setx2,setx3	CT2A	C2	16	7.7806072182863079e-16	1.8879017104581022e-10
A2	CORDA	training_samples=setx2,setx3	CT2A	C2	17	4.5272762273884833e-22	1.0985071336483073e-16
A2	CORDA	training_samples=setx2,setx3	CT2A	C2	18	1.6370386572025489e-22	3.9721425260423696e-17
A2	CORDA	training_samples=setx2,setx3	CT2A	C2	19	4.1133302995932859e-19	9.9806648638301037e-14
A2	CORDA	training_samples=setx2,setx3	CT2A	C3	0	2.958363428367982e-05	0.37485290234088037
A2	CORDA	training_samples=setx2,setx3	CT2A	C3	1	3.353404696345785e-05	0.42490840411795322
A2	CORDA	training_samples=setx2,setx3	CT2A	C3	2	4.7287251496826702e-06	0.05991746415377798
A2	CORDA	training_samples=setx2,setx3	CT2A	C3	3	1.0564321482326876e-05	0.13386004339219948
A2	CORDA	training_samples=setx2,setx3	CT2A	C3	4	4.5786090767081416e-10	5.8015350130094276e-06
A2	CORDA	training_samples=setx2,setx3	CT2A	C3	5	2.1648645302284648e-10	2.7430901306762157e-06
A2	CORDA	training_samples=setx2,setx3	CT2A	C3	6	5.7301351266265112e-11	7.2606285029906663e-07
A2	CORDA	training_samples=setx2,setx3	CT2A	C3	7	7.5133657034918487e-11	9.5201519640744605e-07
A2	CORDA	training_samples=setx2,setx3	CT2A	C3	8	1.1593303405230511e-11	1.4689822715819854e-07
A2	CORDA	training_samples=setx2,setx3	CT2A	C3	9	9.5237296248228945e-12	1.2067475066591529e-07
A2	CORDA	training_samples=setx2,setx3	CT2A	C3	10	1.969362699063088e-07	0.0024953706377884655
A2	CORDA	training_samples=setx2,setx3	CT2A	C3	11	1.448805931408036e-07	0.0018357754936707915
A2	CORDA	training_samples=setx2,setx3	CT2A	C3	12	1.2412622195366274e-07	0.0015727977877825214
A2	CORDA	training_samples=setx2,setx3	CT2A	C3	13	2.5378692386134292e-08	0.00032157227226835207
A2	CORDA	training_samples=setx2,setx3	CT2A	C3	14	1.1157034885037593e-08	0.00014137028831788867
A2	CORDA	training_samples=setx2,setx3	CT2A	C3	15	4.8137049980750196e-09	6.0994239998993632e-05
A2	CORDA	training_samples=setx2,setx3	CT2A	C3	16	1.7125362828368303e-09	2.1699470383853003e-05
A2	CORDA	training_samples=setx2,setx3	CT2A	C3	17	5.3419481369580214e-12	6.7687585105047299e-08
A2	CORDA	training_samples=setx2,setx3	CT2A	C3	18	3.5914481825535651e-12	4.550707874251162e-08
A2	CORDA	training_samples=setx2,setx3	CT2A	C3	19	7.9104861185930761e-11	1.0023341459834391e-06
A2	CORDA	training_samples=setx2,setx3	CT2A	C4	0	0.0007439028982196	0.0024352842314393952
A2	CORDA	training_samples=setx2,setx3	CT2A	C4	1	0.0007484997924902	0.0024503328945882806
A2	CORDA	training_samples=setx2,setx3	CT2A	C4	2	0.00062219809513369998	0.0020368642379767054
A2	CORDA	training_samples=setx2,setx3	CT2A	C4	3	0.0006860462732593	0.0022458813849290048
A2	CORDA	training_samples=setx2,setx3	CT2A	C4	4	0.069919889454243905	0.22889385786697225
A2	CORDA	training_samples=setx2,setx3	CT2A	C4	5	0.067620277821466804	0.22136571412517506
A2	CORDA	training_samples=setx2,setx3	CT2A	C4	6	0.050532078644493897	0.16542478137847516
A2	CORDA	training_samples=setx2,setx3	CT2A	C4	7	0.052388692547664699	0.17150270172679499
A2	CORDA	training_samples=setx2,setx3	CT2A	C4	8	0.031723480290434203	0.10385184881329362
A2	CORDA	training_samples=setx2,setx3	CT2A	C4	9	0.0289998624023153	0.094935653283908517
A2	CORDA	training_samples=setx2,setx3	CT2A	C4	10	0.0003316288067327	0.0010856395447041269
A2	CORDA	training_samples=setx2,setx3	CT2A	C4	11	0.00030664509442289998	0.0010038513963093701
A2	CORDA	training_samples=setx2,setx3	CT2A	C4	12	0.00029447918386829998	0.000964024356778233
A2	CORDA	training_samples=setx2,setx3	CT2A	C4	13	0.00018716262645639999	0.00061270656965433984
A2	CORDA	training_samples=setx2,setx3	CT2A	C4	14	0.00014436726078879999	0.00047260914640404929
A2	CORDA	training_samples=setx2,setx3	CT2A	C4	15	0.000108933932443	0.00035661252104546867
A2	CORDA	training_samples=setx2,setx3	CT2A	C4	16	7.5471639048690196e-05	0.00024706839150115092
A2	CORDA	training_samples=setx2,setx3	CT2A	C4	17	6.84114978266461e-06	2.23955898417808e-05
A2	CORDA	training_samples=setx2,setx3	CT2A	C4	18	5.691782510318507e-06	1.8632953614423748e-05
A2	CORDA	training_samples=setx2,setx3	CT2A	C4	19	2.2464035571258267e-05	7.3539586594041775e-05
A2	CORDA	training_samples=setx2,setx3	CT2A	C5	0	6.5805567880876359e-15	4.9253197053187266e-12
A2	CORDA	training_samples=setx2,setx3	CT2A	C5	1	5.8878854839763736e-15	4.4068791335993436e-12
A2	CORDA	training_samples=setx2,setx3	CT2A	C5	2	2.6609169777373406e-14	1.9916045475652752e-11
A2	CORDA	training_samples=setx2,setx3	CT2A	C5	3	1.5165898173599164e-14	1.1351151510234559e-11
A2	CORDA	training_samples=setx2,setx3	CT2A	C5	4	6.6768203684001518e-05	0.049973696737767227
A2	CORDA	training_samples=setx2,setx3	CT2A	C5	5	0.00013092909550899999	0.097995910509791243
A2	CORDA	training_samples=setx2,setx3	CT2A	C5	6	0.000236828047012	0.17725762185228927
A2	CORDA	training_samples=setx2,setx3	CT2A	C5	7	0.0001975568803145	0.14786450856190711
A2	CORDA	training_samples=setx2,setx3	CT2A	C5	8	0.00035789103054970002	0.2678690879644437
A2	CORDA	training_samples=setx2,setx3	CT2A	C5	9	0.00034609367253599999	0.25903917253832631
A2	CORDA	training_samples=setx2,setx3	CT2A	C5	10	1.3076640416215181e-13	9.7874141650054825e-11
A2	CORDA	training_samples=setx2,setx3	CT2A	C5	11	1.4570554864390241e-13	1.0905557584567899e-10
A2	CORDA	training_samples=setx2,setx3	CT2A	C5	12	1.5345233870783917e-13	1.1485378091913802e-10
A2	CORDA	training_samples=setx2,setx3	CT2A	C5	13	2.3689442287391762e-13	1.7730730189475196e-10
A2	CORDA	training_samples=setx2,setx3	CT2A	C5	14	2.7799191581172174e-13	2.0806735736181956e-10
A2	CORDA	training_samples=setx2,setx3	CT2A	C5	15	3.1402720603825482e-13	2.3503852876192255e-10
A2	CORDA	training_samples=setx2,setx3	CT2A	C5	16	3.4566361957096548e-13	2.5871729273222092e-10
A2	CORDA	training_samples=setx2,setx3	CT2A	C5	17	2.3689442287391762e-13	1.7730730189475196e-10
A2	CORDA	training_samples=setx2,setx3	CT2A	C5	18	2.198528411326905e-13	1.6455226595131806e-10
A2	CORDA	training_samples=setx2,setx3	CT2A	C5	19	3.368254996548535e-13	2.5210226491883026e-10
A2	CORDA	training_samples=setx2,setx3	GL261	G1	0	0.0015019722068927001	0.014228872771678893
A2	CORDA	training_samples=setx2,setx3	GL261	G1	1	0.0013537965081574	0.01282513630073511
A2	CORDA	training_samples=setx2,setx3	GL261	G1	2	0.0011275803676153999	0.010682086870192417
A2	CORDA	training_samples=setx2,setx3	GL261	G1	3	0.0011851402969517001	0.011227378525733385
A2	CORDA	training_samples=setx2,setx3	GL261	G1	4	0.0013284702797084001	0.012585209302929458
A2	CORDA	training_samples=setx2,setx3	GL261	G1	5	0.0023753948052891	0.022503206325561624
A2	CORDA	training_samples=setx2,setx3	GL261	G1	6	0.0029795752810861001	0.028226885553310533
A2	CORDA	training_samples=setx2,setx3	GL261	G1	7	0.0020023919220961001	0.018969578643194158
A2	CORDA	training_samples=setx2,setx3	GL261	G1	8	0.0013537965081574	0.01282513630073511
A2	CORDA	training_samples=setx2,setx3	GL261	G1	9	0.0010259820727100001	0.0097195995449314634
A2	CORDA	training_samples=setx2,setx3	GL261	G1	10	0.00094401393974259998	0.0089430777624558214
A2	CORDA	training_samples=setx2,setx3	GL261	G1	11	0.0013171155197436999	0.012477640445031002
A2	CORDA	training_samples=setx2,setx3	GL261	G1	12	0.0011112453250462001	0.010527337507074736
A2	CORDA	training_samples=setx2,setx3	GL261	G1	13	0.0012704757177215999	0.012035800172605665
A2	CORDA	training_samples=setx2,setx3	GL261	G1	14	0.0010682213614386	0.010119751733185901
A2	CORDA	training_samples=setx2,setx3	GL261	G1	15	0.0057015026525791997	0.054012954087062373
A2	CORDA	training_samples=setx2,setx3	GL261	G1	16	0.013826632822634201	0.13098604514193665
A2	CORDA	training_samples=setx2,setx3	GL261	G1	17	0.020751509034827899	0.19658857901756446
A2	CORDA	training_samples=setx2,setx3	GL261	G1	18	0.023908992949473799	0.2265008747937064
A2	CORDA	training_samples=setx2,setx3	GL261	G1	19	0.019424250507364901	0.18401484920037481
A2	CORDA	training_samples=setx2,setx3	GL261	G2	0	6.7168625079094222e-73	5.0636566490976543e-16
A2	CORDA	training_samples=setx2,setx3	GL261	G2	1	5.4565682593996426e-74	4.1135557137619487e-17
A2	CORDA	training_samples=setx2,setx3	GL261	G2	2	8.0950815692344414e-74	6.1026578353767644e-17
A2	CORDA	training_samples=setx2,setx3	GL261	G2	3	1.9135341774742944e-72	1.442560429014812e-15
A2	CORDA	training_samples=setx2,setx3	GL261	G2	4	2.1013921670173921e-79	1.5841813653844169e-22
A2	CORDA	training_samples=setx2,setx3	GL261	G2	5	4.9220549911324584e-82	3.7106009619407069e-25
A2	CORDA	training_samples=setx2,setx3	GL261	G2	6	7.2217965370804181e-82	5.4443124316384788e-25
A2	CORDA	training_samples=setx2,setx3	GL261	G2	7	2.0859563165686172e-79	1.572544705162866e-22
A2	CORDA	training_samples=setx2,setx3	GL261	G2	8	2.9257179738162915e-85	2.205617764849916e-28
A2	CORDA	training_samples=setx2,setx3	GL261	G2	9	1.115725436089445e-81	8.4111451088495093e-25
A2	CORDA	training_samples=setx2,setx3	GL261	G2	10	4.8453935640598168e-80	3.6528080348905273e-23
A2	CORDA	training_samples=setx2,setx3	GL261	G2	11	9.5842525915208341e-88	7.2253026326708241e-31
A2	CORDA	training_samples=setx2,setx3	GL261	G2	12	3.682463838088386e-92	2.7761075169903384e-35
A2	CORDA	training_samples=setx2,setx3	GL261	G2	13	7.7572972785066153e-89	5.8480116121303316e-32
A2	CORDA	training_samples=setx2,setx3	GL261	G2	14	2.9030230950214589e-88	2.1885087241669192e-31
A2	CORDA	training_samples=setx2,setx3	GL261	G2	15	1.3262994253340502e-57	0.99986041040423912
A2	CORDA	training_samples=setx2,setx3	GL261	G2	16	1.851630296483489e-61	0.00013958928073067709
A2	CORDA	training_samples=setx2,setx3	GL261	G2	17	4.178342753009877e-67	3.1499368996422487e-10
A2	CORDA	training_samples=setx2,setx3	GL261	G2	18	4.5567281270038637e-71	3.4351911552846347e-14
A2	CORDA	training_samples=setx2,setx3	GL261	G2	19	1.0012352120215831e-82	7.5480350129152258e-26
A2	CORDA	training_samples=setx2,setx3	GL261	G3	0	1.6528814625351118e-05	0.0047492415816802027
A2	CORDA	training_samples=setx2,setx3	GL261	G3	1	2.0119263465532372e-05	0.0057808889995495313
A2	CORDA	training_samples=setx2,setx3	GL261	G3	2	1.7315572297358537e-05	0.0049753014858715588
A2	CORDA	training_samples=setx2,setx3	GL261	G3	3	1.2862054404783562e-05	0.0036956675351263123
A2	CORDA	training_samples=setx2,setx3	GL261	G3	4	6.845693615819519e-05	0.019669803015291618
A2	CORDA	training_samples=setx2,setx3	GL261	G3	5	0.0001636527692846	0.047022521243082101
A2	CORDA	training_samples=setx2,setx3	GL261	G3	6	0.00017609458653140001	0.050597441596386829
A2	CORDA	training_samples=setx2,setx3	GL261	G3	7	8.5648807251581611e-05	0.024609561304937404
A2	CORDA	training_samples=setx2,setx3	GL261	G3	8	0.0002402626515325	0.069034918779522003
A2	CORDA	training_samples=setx2,setx3	GL261	G3	9	9.7298235328179079e-05	0.02795680364978851
A2	CORDA	training_samples=setx2,setx3	GL261	G3	10	6.4796339647089202e-05	0.018617999993819426
A2	CORDA	training_samples=setx2,setx3	GL261	G3	11	0.00039012637416949999	0.11209541883748728
A2	CORDA	training_samples=setx2,setx3	GL261	G3	12	0.00083614814260579999	0.24025131972969763
A2	CORDA	training_samples=setx2,setx3	GL261	G3	13	0.0004745365770895	0.13634909066528247
A2	CORDA	training_samples=setx2,setx3	GL261	G3	14	0.000389028450581	0.11177995130528964
A2	CORDA	training_samples=setx2,setx3	GL261	G3	15	6.8130976581816225e-07	0.00019576144709528329
A2	CORDA	training_samples=setx2,setx3	GL261	G3	16	2.933253836541408e-06	0.00084281489059470367
A2	CORDA	training_samples=setx2,setx3	GL261	G3	17	1.4145509192094919e-05	0.0040644439405895768
A2	CORDA	training_samples=setx2,setx3	GL261	G3	18	3.7007591365216886e-05	0.010633429906095501
A2	CORDA	training_samples=setx2,setx3	GL261	G3	19	0.00037266289840150001	0.10707762009281242
A2	CORDA	training_samples=setx2,setx3	GL261	G4	0	0.048341142117270801	0.15160900100223546
A2	CORDA	training_samples=setx2,setx3	GL261	G4	1	0.042182630336203397	0.13229448384575004
A2	CORDA	training_samples=setx2,setx3	GL261	G4	2	0.046143230076586099	0.1447158405557854
A2	CORDA	training_samples=setx2,setx3	GL261	G4	3	0.055953935574007303	0.17548448180929374
A2	CORDA	training_samples=setx2,setx3	GL261	G4	4	0.0135350150725508	0.042448937361091003
A2	CORDA	training_samples=setx2,setx3	GL261	G4	5	0.0040501439440796998	0.012702188040728979
A2	CORDA	training_samples=setx2,setx3	GL261	G4	6	0.0033622871452442002	0.010544910046529752
A2	CORDA	training_samples=setx2,setx3	GL261	G4	7	0.010306049974565299	0.032322156086683144
A2	CORDA	training_samples=setx2,setx3	GL261	G4	8	0.0022639093142244001	0.0071001431587317037
A2	CORDA	training_samples=setx2,setx3	GL261	G4	9	0.0084708326916161005	0.02656649027690576
A2	CORDA	training_samples=setx2,setx3	GL261	G4	10	0.013625289277901	0.042732058145788489
A2	CORDA	training_samples=setx2,setx3	GL261	G4	11	0.00091670307008850005	0.0028749928236003822
A2	CORDA	training_samples=setx2,setx3	GL261	G4	12	0.00016386977081929999	0.0005139334976428558
A2	CORDA	training_samples=setx2,setx3	GL261	G4	13	0.00061111427736800005	0.0019165956994810923
A2	CORDA	training_samples=setx2,setx3	GL261	G4	14	0.0009045960983353	0.0028370225603365946
A2	CORDA	training_samples=setx2,setx3	GL261	G4	15	0.041487397036123697	0.13011407143776696
A2	CORDA	training_samples=setx2,setx3	GL261	G4	16	0.0181940632731767	0.057060789964916786
A2	CORDA	training_samples=setx2,setx3	GL261	G4	17	0.0061363086471983999	0.019244882993998479
A2	CORDA	training_samples=setx2,setx3	GL261	G4	18	0.0021538061751225999	0.0067548342521705088
A2	CORDA	training_samples=setx2,setx3	GL261	G4	19	5.1713801429431341e-05	0.00016218644056287143
A2	CORDA	training_samples=setx2,setx3	GL261	G5	0	5.9659133086805436e-24	1.1186441756116051e-07
A2	CORDA	training_samples=setx2,setx3	GL261	G5	1	1.856397702732217e-24	3.4808559399590777e-08
A2	CORDA	training_samples=setx2,setx3	GL261	G5	2	1.9939405284604918e-24	3.7387569065625051e-08
A2	CORDA	training_samples=setx2,setx3	GL261	G5	3	8.2839300851632249e-24	1.5532860873888699e-07
A2	CORDA	training_samples=setx2,setx3	GL261	G5	4	7.1130815879806875e-27	1.3337450407579861e-10
A2	CORDA	training_samples=setx2,setx3	GL261	G5	5	6.1788742078056017e-28	1.158575608925031e-11
A2	CORDA	training_samples=setx2,setx3	GL261	G5	6	8.137207200979902e-28	1.5257746752498774e-11
A2	CORDA	training_samples=setx2,setx3	GL261	G5	7	8.7444461150890412e-27	1.6396355779023733e-10
A2	CORDA	training_samples=setx2,setx3	GL261	G5	8	1.6222156815911073e-29	3.0417507427694217e-13
A2	CORDA	training_samples=setx2,setx3	GL261	G5	9	5.8913555640780659e-28	1.1046641557167559e-11
A2	CORDA	training_samples=setx2,setx3	GL261	G5	10	3.0652202602713403e-27	5.7474700246316126e-11
A2	CORDA	training_samples=setx2,setx3	GL261	G5	11	1.1739043249718749e-30	2.2011403248926721e-14
A2	CORDA	training_samples=setx2,setx3	GL261	G5	12	1.0058197227289864e-32	1.8859717135160752e-16
A2	CORDA	training_samples=setx2,setx3	GL261	G5	13	3.6431505077976792e-31	6.8311235607372116e-15
A2	CORDA	training_samples=setx2,setx3	GL261	G5	14	6.1533613965973793e-31	1.1537918053085703e-14
A2	CORDA	training_samples=setx2,setx3	GL261	G5	15	5.1618514605320277e-17	0.96787780393903888
A2	CORDA	training_samples=setx2,setx3	GL261	G5	16	1.7061857867639181e-18	0.031991996767664753
A2	CORDA	training_samples=setx2,setx3	GL261	G5	17	6.8023376724668556e-21	0.000127547871116005
A2	CORDA	training_samples=setx2,setx3	GL261	G5	18	1.2328299297180925e-22	2.3116293332526115e-06
A2	CORDA	training_samples=setx2,setx3	GL261	G5	19	5.6770119554657774e-28	1.0644734561628698e-11
A2	GIMME	training_samples=setx1,setx2	CT2A	C1	0	4.8408898620796481e-18	1.6036671616741084e-11
A2	GIMME	training_samples=setx1,setx2	CT2A	C1	1	7.1021591218976427e-18	2.3527697768935682e-11
A2	GIMME	training_samples=setx1,setx2	CT2A	C1	2	2.722752251104643e-15	9.0198052400947825e-09
A2	GIMME	training_samples=setx1,setx2	CT2A	C1	3	2.2822044704180996e-14	7.5603793304709935e-08
A2	GIMME	training_samples=setx1,setx2	CT2A	C1	4	1.9410137062548599e-13	6.4300986590573627e-07
A2	GIMME	training_samples=setx1,setx2	CT2A	C1	5	2.6048931393451467e-14	8.6293671334290264e-08
A2	GIMME	training_samples=setx1,setx2	CT2A	C1	6	4.6341965220765508e-14	1.5351947668575673e-07
A2	GIMME	training_samples=setx1,setx2	CT2A	C1	7	2.124316533014664e-12	7.0373356181532509e-06
A2	GIMME	training_samples=setx1,setx2	CT2A	C1	8	1.1578635018461011e-11	3.8357155988132451e-05
A2	GIMME	training_samples=setx1,setx2	CT2A	C1	9	3.5236318138851126e-11	0.00011672921282555624
A2	GIMME	training_samples=setx1,setx2	CT2A	C1	10	1.5034324605365019e-09	0.0049805001465609141
A2	GIMME	training_samples=setx1,setx2	CT2A	C1	11	2.844822903442639e-07	0.94241951397536072
A2	GIMME	training_samples=setx1,setx2	CT2A	C1	12	4.1827489085110045e-11	0.00013856413306675955
A2	GIMME	training_samples=setx1,setx2	CT2A	C1	13	2.4247705489145471e-10	0.00080326655112501354
A2	GIMME	training_samples=setx1,setx2	CT2A	C1	14	2.0129808047851812e-14	6.6685078687733231e-08
A2	GIMME	training_samples=setx1,setx2	CT2A	C1	15	2.0540024615564155e-14	6.8044024785573869e-08
A2	GIMME	training_samples=setx1,setx2	CT2A	C1	16	3.2051837636712724e-12	1.0617981601263861e-05
A2	GIMME	training_samples=setx1,setx2	CT2A	C1	17	7.0199793057596125e-11	0.0002325545635000706
A2	GIMME	training_samples=setx1,setx2	CT2A	C1	18	2.584728002322672e-10	0.00085625650185804374
A2	GIMME	training_samples=setx1,setx2	CT2A	C1	19	1.5212574777030596e-08	0.050395500227215034
A2	GIMME	training_samples=setx1,setx2	CT2A	C2	0	1.0789350770701134e-12	0.50624776240007652
A2	GIMME	training_samples=setx1,setx2	CT2A	C2	1	7.3752628369858443e-13	0.34605514156380446
A2	GIMME	training_samples=setx1,setx2	CT2A	C2	2	1.0946971538141324e-13	0.051364349570416613
A2	GIMME	training_samples=setx1,setx2	CT2A	C2	3	2.7358169893314405e-14	0.012836742994269644
A2	GIMME	training_samples=setx1,setx2	CT2A	C2	4	1.8870067211810657e-15	0.00088540353403464408
A2	GIMME	training_samples=setx1,setx2	CT2A	C2	5	7.3399916340277711e-14	0.034440017937431185
A2	GIMME	training_samples=setx1,setx2	CT2A	C2	6	8.0612316670998784e-14	0.037824152540670009
A2	GIMME	training_samples=setx1,setx2	CT2A	C2	7	1.248824453812884e-16	5.859616568311704e-05
A2	GIMME	training_samples=setx1,setx2	CT2A	C2	8	7.8806837372381012e-17	3.6977002536550243e-05
A2	GIMME	training_samples=setx1,setx2	CT2A	C2	9	1.185950433942688e-17	5.5646050097031948e-06
A2	GIMME	training_samples=setx1,setx2	CT2A	C2	10	8.1574742713805728e-19	3.8275733030544942e-07
A2	GIMME	training_samples=setx1,setx2	CT2A	C2	11	2.8540642973701412e-23	1.339157188413189e-11
A2	GIMME	training_samples=setx1,setx2	CT2A	C2	12	1.3159784393213803e-16	6.1747101788766913e-05
A2	GIMME	training_samples=setx1,setx2	CT2A	C2	13	4.9868193306123372e-17	2.3398684325580481e-05
A2	GIMME	training_samples=setx1,setx2	CT2A	C2	14	2.0090799752385811e-14	0.0094268159740369447
A2	GIMME	training_samples=setx1,setx2	CT2A	C2	15	1.4969458278043721e-15	0.00070238283272613185
A2	GIMME	training_samples=setx1,setx2	CT2A	C2	16	4.7193156293954832e-17	2.2143528635003459e-05
A2	GIMME	training_samples=setx1,setx2	CT2A	C2	17	2.3642134828152788e-18	1.1093139994683376e-06
A2	GIMME	training_samples=setx1,setx2	CT2A	C2	18	1.5538000402584724e-17	7.2905943120698411e-06
A2	GIMME	training_samples=setx1,setx2	CT2A	C2	19	4.451204262365416e-20	2.0885521712088514e-08
A2	GIMME	training_samples=setx1,setx2	CT2A	C3	0	6.9397155172217009e-09	0.47197621855611316
A2	GIMME	training_samples=setx1,setx2	CT2A	C3	1	5.5489032457847806e-09	0.37738584018033838
A2	GIMME	training_samples=setx1,setx2	CT2A	C3	2	7.3576134363403007e-10	0.050039782735529184
A2	GIMME	training_samples=setx1,setx2	CT2A	C3	3	2.7670558690155391e-10	0.018818992829756537
A2	GIMME	training_samples=setx1,setx2	CT2A	C3	4	6.500178179043815e-11	0.0044208289363917609
A2	GIMME	training_samples=setx1,setx2	CT2A	C3	5	3.8440241571322407e-10	0.026143549850411896
A2	GIMME	training_samples=setx1,setx2	CT2A	C3	6	3.4971624759102543e-10	0.023784512736298172
A2	GIMME	training_samples=setx1,setx2	CT2A	C3	7	1.4218929263300955e-11	0.00096704201331532051
A2	GIMME	training_samples=setx1,setx2	CT2A	C3	8	8.2394418072337475e-12	0.00056037175840144694
A2	GIMME	training_samples=setx1,setx2	CT2A	C3	9	3.2317087800865201e-12	0.00021979138564320739
A2	GIMME	training_samples=setx1,setx2	CT2A	C3	10	5.291213883478501e-13	3.5986015768202388e-05
A2	GIMME	training_samples=setx1,setx2	CT2A	C3	11	3.9598473172488795e-15	2.6931273453741327e-07
A2	GIMME	training_samples=setx1,setx2	CT2A	C3	12	7.4510907752652321e-12	0.00050675530423413377
A2	GIMME	training_samples=setx1,setx2	CT2A	C3	13	3.5389362783155739e-12	0.00024068620078235241
A2	GIMME	training_samples=setx1,setx2	CT2A	C3	14	2.5439642036890994e-10	0.01730172659123624
A2	GIMME	training_samples=setx1,setx2	CT2A	C3	15	9.8663405616309675e-11	0.0067101858825614688
A2	GIMME	training_samples=setx1,setx2	CT2A	C3	16	9.1112030899093024e-12	0.00061966101783287079
A2	GIMME	training_samples=setx1,setx2	CT2A	C3	17	1.5430030691147624e-12	0.00010494100975378598
A2	GIMME	training_samples=setx1,setx2	CT2A	C3	18	2.2847628253689202e-12	0.00015538874986145259
A2	GIMME	training_samples=setx1,setx2	CT2A	C3	19	1.0981966558502277e-13	7.4689330358410557e-06
A2	GIMME	training_samples=setx1,setx2	CT2A	C4	0	0.0014835703234479	0.0092659043036140976
A2	GIMME	training_samples=setx1,setx2	CT2A	C4	1	0.0015125740415217	0.009447052222167936
A2	GIMME	training_samples=setx1,setx2	CT2A	C4	2	0.0047823407339137999	0.029868966025645264
A2	GIMME	training_samples=setx1,setx2	CT2A	C4	3	0.0062109114857052004	0.038791360648825407
A2	GIMME	training_samples=setx1,setx2	CT2A	C4	4	0.0061564916109077003	0.038451471569003158
A2	GIMME	training_samples=setx1,setx2	CT2A	C4	5	0.0079324669840495996	0.049543644008030838
A2	GIMME	training_samples=setx1,setx2	CT2A	C4	6	0.0094092715754825994	0.05876729171995991
A2	GIMME	training_samples=setx1,setx2	CT2A	C4	7	0.0064618155305455997	0.040358426821649453
A2	GIMME	training_samples=setx1,setx2	CT2A	C4	8	0.0091318977596248005	0.057034903848993644
A2	GIMME	training_samples=setx1,setx2	CT2A	C4	9	0.0081662191669928004	0.051003585153846474
A2	GIMME	training_samples=setx1,setx2	CT2A	C4	10	0.0123388612501071	0.077064569000917779
A2	GIMME	training_samples=setx1,setx2	CT2A	C4	11	0.0054812834241078001	0.034234337844351391
A2	GIMME	training_samples=setx1,setx2	CT2A	C4	12	0.0142546535697622	0.089029993233904217
A2	GIMME	training_samples=setx1,setx2	CT2A	C4	13	0.018366721821055601	0.11471265235980475
A2	GIMME	training_samples=setx1,setx2	CT2A	C4	14	0.005627926317125	0.035150222310376983
A2	GIMME	training_samples=setx1,setx2	CT2A	C4	15	0.0032554949044710001	0.020332776794581751
A2	GIMME	training_samples=setx1,setx2	CT2A	C4	16	0.0058501286112722997	0.036538026556034435
A2	GIMME	training_samples=setx1,setx2	CT2A	C4	17	0.0069392597492867998	0.043340390245458209
A2	GIMME	training_samples=setx1,setx2	CT2A	C4	18	0.0145717525284985	0.091010491603268781
A2	GIMME	training_samples=setx1,setx2	CT2A	C4	19	0.012177047740353599	0.076053933729565565
A2	GIMME	training_samples=setx1,setx2	CT2A	C5	0	1.9095913381953926e-10	1.1119771141472276e-08
A2	GIMME	training_samples=setx1,setx2	CT2A	C5	1	2.5198100764956422e-10	1.4673145405595816e-08
A2	GIMME	training_samples=setx1,setx2	CT2A	C5	2	3.8925531574377436e-08	2.2666787076876698e-06
A2	GIMME	training_samples=setx1,setx2	CT2A	C5	3	2.0706525417575698e-07	1.2057649151054154e-05
A2	GIMME	training_samples=setx1,setx2	CT2A	C5	4	8.804640849784278e-07	5.1270441624951109e-05
A2	GIMME	training_samples=setx1,setx2	CT2A	C5	5	2.7997652816871441e-07	1.6303356932704702e-05
A2	GIMME	training_samples=setx1,setx2	CT2A	C5	6	4.8013070402351031e-07	2.795856600282247e-05
A2	GIMME	training_samples=setx1,setx2	CT2A	C5	7	4.669398563468962e-06	0.00027190447691893257
A2	GIMME	training_samples=setx1,setx2	CT2A	C5	8	1.9945752580375602e-05	0.0011614642332207345
A2	GIMME	training_samples=setx1,setx2	CT2A	C5	9	3.8579953795946166e-05	0.0022465553141066872
A2	GIMME	training_samples=setx1,setx2	CT2A	C5	10	0.00070717310276629999	0.041179507378774537
A2	GIMME	training_samples=setx1,setx2	CT2A	C5	11	0.012364524236041801	0.72000054162323535
A2	GIMME	training_samples=setx1,setx2	CT2A	C5	12	7.0211042990928237e-05	0.0040884702085054571
A2	GIMME	training_samples=setx1,setx2	CT2A	C5	13	0.0002887039229747	0.016811563222515091
A2	GIMME	training_samples=setx1,setx2	CT2A	C5	14	1.7458144253541096e-07	1.0166079242778936e-05
A2	GIMME	training_samples=setx1,setx2	CT2A	C5	15	1.1019656127753597e-07	6.4168731679596927e-06
A2	GIMME	training_samples=setx1,setx2	CT2A	C5	16	5.6662460640125084e-06	0.0003299520593899978
A2	GIMME	training_samples=setx1,setx2	CT2A	C5	17	5.3533397620394689e-05	0.0031173116365660614
A2	GIMME	training_samples=setx1,setx2	CT2A	C5	18	0.00024677362048500001	0.014369913230434633
A2	GIMME	training_samples=setx1,setx2	CT2A	C5	19	0.0033709849524866998	0.1962963511785861
A2	GIMME	training_samples=setx1,setx2	GL261	G1	0	0.00038760316995490002	0.00063079598324300651
A2	GIMME	training_samples=setx1,setx2	GL261	G1	1	0.00083210314516310002	0.0013541873810625174
A2	GIMME	training_samples=setx1,setx2	GL261	G1	2	0.00068950035518520005	0.0011221117065323737
A2	GIMME	training_samples=setx1,setx2	GL261	G1	3	0.00095133524231070003	0.0015482289518863508
A2	GIMME	training_samples=setx1,setx2	GL261	G1	4	0.0028154623403564998	0.0045819602958238987
A2	GIMME	training_samples=setx1,setx2	GL261	G1	5	0.0043320564396234999	0.0070501069473050586
A2	GIMME	training_samples=setx1,setx2	GL261	G1	6	0.0066256563481637996	0.010782774070853329
A2	GIMME	training_samples=setx1,setx2	GL261	G1	7	0.0072630368457651997	0.011820064497892855
A2	GIMME	training_samples=setx1,setx2	GL261	G1	8	0.0068571051584182001	0.011159440184940674
A2	GIMME	training_samples=setx1,setx2	GL261	G1	9	0.010309074038751099	0.016777268605299607
A2	GIMME	training_samples=setx1,setx2	GL261	G1	10	0.0239295251957834	0.038943562758191178
A2	GIMME	training_samples=setx1,setx2	GL261	G1	11	0.047430068320169397	0.077188988378979084
A2	GIMME	training_samples=setx1,setx2	GL261	G1	12	0.036536192507588702	0.059459997397497626
A2	GIMME	training_samples=setx1,setx2	GL261	G1	13	0.046502832422083702	0.075679979357976407
A2	GIMME	training_samples=setx1,setx2	GL261	G1	14	0.096131596728542407	0.15644718562584733
A2	GIMME	training_samples=setx1,setx2	GL261	G1	15	0.1239407839026337	0.20170461623125452
A2	GIMME	training_samples=setx1,setx2	GL261	G1	16	0.016472789001416199	0.026808266650946037
A2	GIMME	training_samples=setx1,setx2	GL261	G1	17	0.071613778240494697	0.11654621829902917
A2	GIMME	training_samples=setx1,setx2	GL261	G1	18	0.065835846587968705	0.10714305454706577
A2	GIMME	training_samples=setx1,setx2	GL261	G1	19	0.0450104233796223	0.073251192128373166
A2	GIMME	training_samples=setx1,setx2	GL261	G2	0	1.3273997138797229e-51	4.3604237415751677e-14
A2	GIMME	training_samples=setx1,setx2	GL261	G2	1	4.2335749995738111e-52	1.3907024950250533e-14
A2	GIMME	training_samples=setx1,setx2	GL261	G2	2	1.4061227819610502e-52	4.6190240196090988e-15
A2	GIMME	training_samples=setx1,setx2	GL261	G2	3	5.6024688243010768e-52	1.8403754210188629e-14
A2	GIMME	training_samples=setx1,setx2	GL261	G2	4	2.6723614355761824e-38	0.87785375632619278
A2	GIMME	training_samples=setx1,setx2	GL261	G2	5	3.6777665812030043e-39	0.12081229601728249
A2	GIMME	training_samples=setx1,setx2	GL261	G2	6	1.9241130615070526e-41	0.00063205891843596217
A2	GIMME	training_samples=setx1,setx2	GL261	G2	7	2.1254761417001628e-41	0.00069820541118941024
A2	GIMME	training_samples=setx1,setx2	GL261	G2	8	1.1038263578801414e-43	3.6259994688481157e-06
A2	GIMME	training_samples=setx1,setx2	GL261	G2	9	1.7451475376512582e-45	5.7326988066651809e-08
A2	GIMME	training_samples=setx1,setx2	GL261	G2	10	1.057636670551376e-50	3.4742692800147827e-13
A2	GIMME	training_samples=setx1,setx2	GL261	G2	11	3.6431908020936116e-54	1.196765036366182e-16
A2	GIMME	training_samples=setx1,setx2	GL261	G2	12	4.3282561735137253e-52	1.4218046592345913e-14
A2	GIMME	training_samples=setx1,setx2	GL261	G2	13	5.3900923685227166e-56	1.7706111043443557e-18
A2	GIMME	training_samples=setx1,setx2	GL261	G2	14	1.0525647188894632e-67	3.4576082409837544e-30
A2	GIMME	training_samples=setx1,setx2	GL261	G2	15	1.8604683981609906e-71	6.1115205080770276e-34
A2	GIMME	training_samples=setx1,setx2	GL261	G2	16	1.5010231633632922e-104	4.9307657442938239e-67
A2	GIMME	training_samples=setx1,setx2	GL261	G2	17	2.9421215926888929e-89	9.6646825437872842e-52
A2	GIMME	training_samples=setx1,setx2	GL261	G2	18	7.9970836332124176e-91	2.6269911747759568e-53
A2	GIMME	training_samples=setx1,setx2	GL261	G2	19	4.0511947241848491e-95	1.3307917330680031e-57
A2	GIMME	training_samples=setx1,setx2	GL261	G3	0	2.1699827559072361e-08	1.9125373431639412e-05
A2	GIMME	training_samples=setx1,setx2	GL261	G3	1	4.2979727563047332e-08	3.7880639253731705e-05
A2	GIMME	training_samples=setx1,setx2	GL261	G3	2	4.3620374008821606e-08	3.8445279801207528e-05
A2	GIMME	training_samples=setx1,setx2	GL261	G3	3	4.5343878948347947e-08	3.9964309180126954e-05
A2	GIMME	training_samples=setx1,setx2	GL261	G3	4	9.1743376399121905e-10	8.0858998936103454e-07
A2	GIMME	training_samples=setx1,setx2	GL261	G3	5	1.5474515568663875e-09	1.3638628607473886e-06
A2	GIMME	training_samples=setx1,setx2	GL261	G3	6	4.3134833468552244e-09	3.8017343490489284e-06
A2	GIMME	training_samples=setx1,setx2	GL261	G3	7	4.3963248376763666e-09	3.8747475766091481e-06
A2	GIMME	training_samples=setx1,setx2	GL261	G3	8	9.7672662946826576e-09	8.6084838593093591e-06
A2	GIMME	training_samples=setx1,setx2	GL261	G3	9	2.1426365890971372e-08	1.8884355086796213e-05
A2	GIMME	training_samples=setx1,setx2	GL261	G3	10	1.5636437097403365e-07	0.00013781339866138703
A2	GIMME	training_samples=setx1,setx2	GL261	G3	11	5.0965697971973064e-07	0.00044919159070027238
A2	GIMME	training_samples=setx1,setx2	GL261	G3	12	2.6207540295870998e-07	0.00023098293915875586
A2	GIMME	training_samples=setx1,setx2	GL261	G3	13	8.811094592777686e-07	0.00077657517770420405
A2	GIMME	training_samples=setx1,setx2	GL261	G3	14	1.7061260863747011e-05	0.015037123421626185
A2	GIMME	training_samples=setx1,setx2	GL261	G3	15	3.1184298765605536e-05	0.027484612837241993
A2	GIMME	training_samples=setx1,setx2	GL261	G3	16	0.00040783311971289999	0.35944805050022949
A2	GIMME	training_samples=setx1,setx2	GL261	G3	17	0.0002511675016425	0.2213691445117672
A2	GIMME	training_samples=setx1,setx2	GL261	G3	18	0.00019794286172219999	0.17445904296975312
A2	GIMME	training_samples=setx1,setx2	GL261	G3	19	0.00022741509110539999	0.20043470527776877
A2	GIMME	training_samples=setx1,setx2	GL261	G4	0	0.023422607292693499	0.18700864875819642
A2	GIMME	training_samples=setx1,setx2	GL261	G4	1	0.031590004508826999	0.25221803805351339
A2	GIMME	training_samples=setx1,setx2	GL261	G4	2	0.0338737329812775	0.27045157501320155
A2	GIMME	training_samples=setx1,setx2	GL261	G4	3	0.031172792758640998	0.24888697398052848
A2	GIMME	training_samples=setx1,setx2	GL261	G4	4	8.5139392752321984e-05	0.00067976218854473125
A2	GIMME	training_samples=setx1,setx2	GL261	G4	5	9.1598300109797595e-05	0.00073133080865102806
A2	GIMME	training_samples=setx1,setx2	GL261	G4	6	0.000213785555314	0.0017068871677562204
A2	GIMME	training_samples=setx1,setx2	GL261	G4	7	0.0001792557855507	0.0014311977235934143
A2	GIMME	training_samples=setx1,setx2	GL261	G4	8	0.00070735293802649997	0.005647582930562136
A2	GIMME	training_samples=setx1,setx2	GL261	G4	9	0.00090760776774919999	0.0072464393108860672
A2	GIMME	training_samples=setx1,setx2	GL261	G4	10	0.0012696706717575	0.010137188986955734
A2	GIMME	training_samples=setx1,setx2	GL261	G4	11	0.00043395286366440002	0.0034647269471125152
A2	GIMME	training_samples=setx1,setx2	GL261	G4	12	0.00059705999488529995	0.0047669920549752651
A2	GIMME	training_samples=setx1,setx2	GL261	G4	13	0.00068422859919460002	0.0054629556896943236
A2	GIMME	training_samples=setx1,setx2	GL261	G4	14	1.9270313302225441e-05	0.00015385628110327533
A2	GIMME	training_samples=setx1,setx2	GL261	G4	15	7.3196578238167125e-07	5.8440945617156926e-06
A2	GIMME	training_samples=setx1,setx2	GL261	G4	16	2.9069308172354907e-19	2.3209252384739731e-18
A2	GIMME	training_samples=setx1,setx2	GL261	G4	17	1.235829843585062e-12	9.8670001275216245e-12
A2	GIMME	training_samples=setx1,setx2	GL261	G4	18	3.6706428814263522e-14	2.930681271950305e-13
A2	GIMME	training_samples=setx1,setx2	GL261	G4	19	4.5185563841306795e-16	3.6076646513968335e-15
A2	GIMME	training_samples=setx1,setx2	GL261	G5	0	3.4553072371882448e-15	7.5972365999205077e-07
A2	GIMME	training_samples=setx1,setx2	GL261	G5	1	3.5479982960238665e-15	7.8010378414113826e-07
A2	GIMME	training_samples=setx1,setx2	GL261	G5	2	1.9870324268084209e-15	4.368918432406066e-07
A2	GIMME	training_samples=setx1,setx2	GL261	G5	3	4.3386895098845648e-15	9.5395426448413438e-07
A2	GIMME	training_samples=setx1,setx2	GL261	G5	4	2.590103536052587e-09	0.56949000569034502
A2	GIMME	training_samples=setx1,setx2	GL261	G5	5	1.4544150168578262e-09	0.31978444286007501
A2	GIMME	training_samples=setx1,setx2	GL261	G5	6	2.2499283519401783e-10	0.049469517033363344
A2	GIMME	training_samples=setx1,setx2	GL261	G5	7	2.4166283552619708e-10	0.053134775372224614
A2	GIMME	training_samples=setx1,setx2	GL261	G5	8	3.008964032559097e-11	0.0066158550041427108
A2	GIMME	training_samples=setx1,setx2	GL261	G5	9	6.742975689342111e-12	0.0014825883252318499
A2	GIMME	training_samples=setx1,setx2	GL261	G5	10	6.7541353888201665e-14	1.4850420253371924e-05
A2	GIMME	training_samples=setx1,setx2	GL261	G5	11	2.795843176692327e-15	6.1472629354052942e-07
A2	GIMME	training_samples=setx1,setx2	GL261	G5	12	1.9618795521091567e-14	4.3136144240672979e-06
A2	GIMME	training_samples=setx1,setx2	GL261	G5	13	4.8336970044199409e-16	1.0627923155333768e-07
A2	GIMME	training_samples=setx1,setx2	GL261	G5	14	3.8603626504995225e-21	8.4878381006740321e-13
A2	GIMME	training_samples=setx1,setx2	GL261	G5	15	6.479366744698078e-23	1.4246282254536964e-14
A2	GIMME	training_samples=setx1,setx2	GL261	G5	16	1.0880522481658914e-39	2.3923170343365211e-31
A2	GIMME	training_samples=setx1,setx2	GL261	G5	17	1.1889547231286355e-31	2.6141728414147152e-23
A2	GIMME	training_samples=setx1,setx2	GL261	G5	18	1.3637431254540238e-32	2.9984827612667792e-24
A2	GIMME	training_samples=setx1,setx2	GL261	G5	19	7.549599754876335e-35	1.6599419859164502e-26
A2	GIMME	training_samples=setx1,setx2,setx3	CT2A	C1	0	2.7131402500624765e-32	1.8513684276828356e-21
A2	GIMME	training_samples=setx1,setx2,setx3	CT2A	C1	1	4.6099946920490036e-32	3.1457270314162514e-21
A2	GIMME	training_samples=setx1,setx2,setx3	CT2A	C1	2	1.0124932681949719e-31	6.9089611933419795e-21
A2	GIMME	training_samples=setx1,setx2,setx3	CT2A	C1	3	1.7011903951631438e-31	1.160843117863076e-20
A2	GIMME	training_samples=setx1,setx2,setx3	CT2A	C1	4	7.797971525998992e-32	5.3211102090545559e-21
A2	GIMME	training_samples=setx1,setx2,setx3	CT2A	C1	5	1.3131547331376639e-31	8.9605880622550477e-21
A2	GIMME	training_samples=setx1,setx2,setx3	CT2A	C1	6	2.845553388839954e-31	1.9417233234672914e-20
A2	GIMME	training_samples=setx1,setx2,setx3	CT2A	C1	7	2.201421483278022e-31	1.5021863429543665e-20
A2	GIMME	training_samples=setx1,setx2,setx3	CT2A	C1	8	3.6740370875711305e-31	2.5070566351696547e-20
A2	GIMME	training_samples=setx1,setx2,setx3	CT2A	C1	9	4.7384204425467397e-31	3.2333610487758434e-20
A2	GIMME	training_samples=setx1,setx2,setx3	CT2A	C1	10	1.0096789988970078e-30	6.8897574336943609e-20
A2	GIMME	training_samples=setx1,setx2,setx3	CT2A	C1	11	6.1043146328252689e-31	4.1654077350386889e-20
A2	GIMME	training_samples=setx1,setx2,setx3	CT2A	C1	12	3.483625006556664e-30	2.3771249388515404e-19
A2	GIMME	training_samples=setx1,setx2,setx3	CT2A	C1	13	2.7254314605773945e-30	1.8597555942087082e-19
A2	GIMME	training_samples=setx1,setx2,setx3	CT2A	C1	14	1.6625808529272221e-30	1.1344970830419028e-19
A2	GIMME	training_samples=setx1,setx2,setx3	CT2A	C1	15	6.8257639317845005e-13	0.046577038683610558
A2	GIMME	training_samples=setx1,setx2,setx3	CT2A	C1	16	1.0104396584089896e-12	0.068949479541794978
A2	GIMME	training_samples=setx1,setx2,setx3	CT2A	C1	17	1.5661229598559429e-12	0.10686770069036122
A2	GIMME	training_samples=setx1,setx2,setx3	CT2A	C1	18	6.559640093551065e-12	0.44761086589177507
A2	GIMME	training_samples=setx1,setx2,setx3	CT2A	C1	19	4.8360038625331496e-12	0.32999491519245816
A2	GIMME	training_samples=setx1,setx2,setx3	CT2A	C2	0	0.064389963018603905	0.082303054456221866
A2	GIMME	training_samples=setx1,setx2,setx3	CT2A	C2	1	0.0631593369462915	0.080730071961799404
A2	GIMME	training_samples=setx1,setx2,setx3	CT2A	C2	2	0.060101790857553301	0.076821925871218152
A2	GIMME	training_samples=setx1,setx2,setx3	CT2A	C2	3	0.057350141559394399	0.07330477612591757
A2	GIMME	training_samples=setx1,setx2,setx3	CT2A	C2	4	0.061272842271295397	0.078318760218652153
A2	GIMME	training_samples=setx1,setx2,setx3	CT2A	C2	5	0.058790826924547901	0.075146255768144599
A2	GIMME	training_samples=setx1,setx2,setx3	CT2A	C2	6	0.054124344979999003	0.069181572771041186
A2	GIMME	training_samples=setx1,setx2,setx3	CT2A	C2	7	0.0557907486395572	0.071311564849139433
A2	GIMME	training_samples=setx1,setx2,setx3	CT2A	C2	8	0.052363164823413799	0.066930437663341724
A2	GIMME	training_samples=setx1,setx2,setx3	CT2A	C2	9	0.050519831194033998	0.064574294237137272
A2	GIMME	training_samples=setx1,setx2,setx3	CT2A	C2	10	0.044625851690875101	0.057040627602289444
A2	GIMME	training_samples=setx1,setx2,setx3	CT2A	C2	11	0.048607206623155701	0.062129583340722827
A2	GIMME	training_samples=setx1,setx2,setx3	CT2A	C2	12	0.034343900660597899	0.043898269136939623
A2	GIMME	training_samples=setx1,setx2,setx3	CT2A	C2	13	0.036390788014430797	0.046514594313265427
A2	GIMME	training_samples=setx1,setx2,setx3	CT2A	C2	14	0.040521307464905197	0.051794211684169283
A2	GIMME	training_samples=setx1,setx2,setx3	CT2A	C2	15	9.4691694760302802e-27	1.210346356024063e-26
A2	GIMME	training_samples=setx1,setx2,setx3	CT2A	C2	16	2.4850925542154892e-26	3.1764377277131652e-26
A2	GIMME	training_samples=setx1,setx2,setx3	CT2A	C2	17	1.3786301201559748e-27	1.7621608172286389e-27
A2	GIMME	training_samples=setx1,setx2,setx3	CT2A	C2	18	4.5515686502639674e-28	5.8178011746283152e-28
A2	GIMME	training_samples=setx1,setx2,setx3	CT2A	C2	19	1.5650217089071864e-27	2.0004059778096505e-27
A2	GIMME	training_samples=setx1,setx2,setx3	CT2A	C3	0	0.085964816116827297	0.11637669482313677
A2	GIMME	training_samples=setx1,setx2,setx3	CT2A	C3	1	0.075837899435021602	0.10266716637400722
A2	GIMME	training_samples=setx1,setx2,setx3	CT2A	C3	2	0.062487042488375999	0.084593160348151314
A2	GIMME	training_samples=setx1,setx2,setx3	CT2A	C3	3	0.054713686710097499	0.074069814937501338
A2	GIMME	training_samples=setx1,setx2,setx3	CT2A	C3	4	0.066703409507489902	0.090301156712372085
A2	GIMME	training_samples=setx1,setx2,setx3	CT2A	C3	5	0.058493276903617698	0.079186515401445223
A2	GIMME	training_samples=setx1,setx2,setx3	CT2A	C3	6	0.0477637228499002	0.064661153816295405
A2	GIMME	training_samples=setx1,setx2,setx3	CT2A	C3	7	0.051139920891449003	0.069231753590624306
A2	GIMME	training_samples=setx1,setx2,setx3	CT2A	C3	8	0.0445769481962189	0.060346989974688812
A2	GIMME	training_samples=setx1,setx2,setx3	CT2A	C3	9	0.0415715809649497	0.05627841028239295
A2	GIMME	training_samples=setx1,setx2,setx3	CT2A	C3	10	0.033565988187959403	0.045440669104421211
A2	GIMME	training_samples=setx1,setx2,setx3	CT2A	C3	11	0.038739748288339801	0.052444756677549068
A2	GIMME	training_samples=setx1,setx2,setx3	CT2A	C3	12	0.0231500448319811	0.03133986465918856
A2	GIMME	training_samples=setx1,setx2,setx3	CT2A	C3	13	0.024973146570369999	0.03380792734138726
A2	GIMME	training_samples=setx1,setx2,setx3	CT2A	C3	14	0.028996011361747901	0.039253965956821298
A2	GIMME	training_samples=setx1,setx2,setx3	CT2A	C3	15	3.883323915104137e-15	5.2571321917711812e-15
A2	GIMME	training_samples=setx1,setx2,setx3	CT2A	C3	16	5.0499581572788323e-15	6.8364880643792725e-15
A2	GIMME	training_samples=setx1,setx2,setx3	CT2A	C3	17	1.6028872253340522e-15	2.1699426100684832e-15
A2	GIMME	training_samples=setx1,setx2,setx3	CT2A	C3	18	7.7863603467250843e-16	1.0540950621267284e-15
A2	GIMME	training_samples=setx1,setx2,setx3	CT2A	C3	19	1.3049424718951957e-15	1.7665935748307839e-15
A2	GIMME	training_samples=setx1,setx2,setx3	CT2A	C4	0	5.4257150736062154e-05	0.031463934293049188
A2	GIMME	training_samples=setx1,setx2,setx3	CT2A	C4	1	6.2077514094698e-05	0.035998993645149364
A2	GIMME	training_samples=setx1,setx2,setx3	CT2A	C4	2	7.5471639048690196e-05	0.043766299184568251
A2	GIMME	training_samples=setx1,setx2,setx3	CT2A	C4	3	8.5593161441318815e-05	0.049635809676493614
A2	GIMME	training_samples=setx1,setx2,setx3	CT2A	C4	4	7.0775481356245715e-05	0.041042978939027565
A2	GIMME	training_samples=setx1,setx2,setx3	CT2A	C4	5	8.040860490430516e-05	0.046629265027425384
A2	GIMME	training_samples=setx1,setx2,setx3	CT2A	C4	6	9.6730968088812474e-05	0.056094667389648585
A2	GIMME	training_samples=setx1,setx2,setx3	CT2A	C4	7	9.1031857239494684e-05	0.052789730678835363
A2	GIMME	training_samples=setx1,setx2,setx3	CT2A	C4	8	0.0001026964568896	0.059554077718196229
A2	GIMME	training_samples=setx1,setx2,setx3	CT2A	C4	9	0.000108933932443	0.063171214230236417
A2	GIMME	training_samples=setx1,setx2,setx3	CT2A	C4	10	0.00012932816538290001	0.074997909817324376
A2	GIMME	training_samples=setx1,setx2,setx3	CT2A	C4	11	0.0001154486072866	0.066949099696739026
A2	GIMME	training_samples=setx1,setx2,setx3	CT2A	C4	12	0.00016914749852719999	0.098089297121091615
A2	GIMME	training_samples=setx1,setx2,setx3	CT2A	C4	13	0.0001605888901206	0.093126126573209927
A2	GIMME	training_samples=setx1,setx2,setx3	CT2A	C4	14	0.00014436726078879999	0.083719140166850059
A2	GIMME	training_samples=setx1,setx2,setx3	CT2A	C4	15	3.3685679399519797e-05	0.019534457465322758
A2	GIMME	training_samples=setx1,setx2,setx3	CT2A	C4	16	4.5837084842136695e-05	0.026581105091081348
A2	GIMME	training_samples=setx1,setx2,setx3	CT2A	C4	17	2.7780653694137288e-05	0.016110109922696781
A2	GIMME	training_samples=setx1,setx2,setx3	CT2A	C4	18	3.1924993567779531e-05	0.018513428853074644
A2	GIMME	training_samples=setx1,setx2,setx3	CT2A	C4	19	3.8337996724459521e-05	0.022232354509979509
A2	GIMME	training_samples=setx1,setx2,setx3	CT2A	C5	0	2.2400311095820642e-21	7.6331344383146352e-15
A2	GIMME	training_samples=setx1,setx2,setx3	CT2A	C5	1	3.6087987408643493e-21	1.2297349725190941e-14
A2	GIMME	training_samples=setx1,setx2,setx3	CT2A	C5	2	7.2956319261763763e-21	2.4860609777582405e-14
A2	GIMME	training_samples=setx1,setx2,setx3	CT2A	C5	3	1.1575896611347576e-20	3.9446048182309747e-14
A2	GIMME	training_samples=setx1,setx2,setx3	CT2A	C5	4	5.7786251023719226e-21	1.9691254325148293e-14
A2	GIMME	training_samples=setx1,setx2,setx3	CT2A	C5	5	9.1968609784677668e-21	3.133924165554653e-14
A2	GIMME	training_samples=setx1,setx2,setx3	CT2A	C5	6	1.8255746982369596e-20	6.2208319514938751e-14
A2	GIMME	training_samples=setx1,setx2,setx3	CT2A	C5	7	1.4548156626419209e-20	4.957432728683603e-14
A2	GIMME	training_samples=setx1,setx2,setx3	CT2A	C5	8	2.2873338600788408e-20	7.7943233844410646e-14
A2	GIMME	training_samples=setx1,setx2,setx3	CT2A	C5	9	2.8615268230747281e-20	9.7509444605204814e-14
A2	GIMME	training_samples=setx1,setx2,setx3	CT2A	C5	10	5.5517828968035774e-20	1.8918266376909467e-13
A2	GIMME	training_samples=setx1,setx2,setx3	CT2A	C5	11	3.5744102312265524e-20	1.2180167371751415e-13
A2	GIMME	training_samples=setx1,setx2,setx3	CT2A	C5	12	1.625261021558873e-19	5.538242670757411e-13
A2	GIMME	training_samples=setx1,setx2,setx3	CT2A	C5	13	1.3150684798420688e-19	4.4812299522471528e-13
A2	GIMME	training_samples=setx1,setx2,setx3	CT2A	C5	14	8.57065077231292e-20	2.9205366518822874e-13
A2	GIMME	training_samples=setx1,setx2,setx3	CT2A	C5	15	2.2802463161150616e-08	0.077701718556156069
A2	GIMME	training_samples=setx1,setx2,setx3	CT2A	C5	16	3.8866269989713287e-08	0.13244077846877172
A2	GIMME	training_samples=setx1,setx2,setx3	CT2A	C5	17	3.3937711606242299e-08	0.11564621317582105
A2	GIMME	training_samples=setx1,setx2,setx3	CT2A	C5	18	1.0133865950496152e-07	0.34532181651007732
A2	GIMME	training_samples=setx1,setx2,setx3	CT2A	C5	19	9.6516399354801952e-08	0.32888947328714635
A2	GIMME	training_samples=setx1,setx2,setx3	GL261	G1	0	7.3021866956509726e-06	0.0061448925139708467
A2	GIMME	training_samples=setx1,setx2,setx3	GL261	G1	1	9.7267403560805679e-06	0.0081851884223961592
A2	GIMME	training_samples=setx1,setx2,setx3	GL261	G1	2	1.1400788126060364e-05	0.0095939230985316055
A2	GIMME	training_samples=setx1,setx2,setx3	GL261	G1	3	1.2746723337876747e-05	0.010726546455355127
A2	GIMME	training_samples=setx1,setx2,setx3	GL261	G1	4	1.4635884366361665e-05	0.012316301955380389
A2	GIMME	training_samples=setx1,setx2,setx3	GL261	G1	5	1.9328821903576199e-05	0.016265474709089553
A2	GIMME	training_samples=setx1,setx2,setx3	GL261	G1	6	1.6906315232470963e-05	0.014226901370888709
A2	GIMME	training_samples=setx1,setx2,setx3	GL261	G1	7	2.832046019386399e-05	0.023832064433675804
A2	GIMME	training_samples=setx1,setx2,setx3	GL261	G1	8	3.2350718491708919e-05	0.027223583313704714
A2	GIMME	training_samples=setx1,setx2,setx3	GL261	G1	9	3.6419165994542633e-05	0.030647238945316523
A2	GIMME	training_samples=setx1,setx2,setx3	GL261	G1	10	4.156624785920554e-05	0.034978580519724543
A2	GIMME	training_samples=setx1,setx2,setx3	GL261	G1	11	5.2995932370546922e-05	0.044596820331727731
A2	GIMME	training_samples=setx1,setx2,setx3	GL261	G1	12	5.9763248766178247e-05	0.050291611986938892
A2	GIMME	training_samples=setx1,setx2,setx3	GL261	G1	13	6.7279113993910439e-05	0.056616317982392507
A2	GIMME	training_samples=setx1,setx2,setx3	GL261	G1	14	8.4973049502844194e-05	0.071506012861912049
A2	GIMME	training_samples=setx1,setx2,setx3	GL261	G1	15	9.5249626673795371e-05	0.080153896675212999
A2	GIMME	training_samples=setx1,setx2,setx3	GL261	G1	16	0.00013335212241539999	0.1122176812105548
A2	GIMME	training_samples=setx1,setx2,setx3	GL261	G1	17	0.00011794780925499999	0.099254735648154874
A2	GIMME	training_samples=setx1,setx2,setx3	GL261	G1	18	0.000145929696023	0.12280188579564018
A2	GIMME	training_samples=setx1,setx2,setx3	GL261	G1	19	0.0002001396730943	0.16842034176943205
A2	GIMME	training_samples=setx1,setx2,setx3	GL261	G2	0	4.4720602245282077e-20	0.775712465499521
A2	GIMME	training_samples=setx1,setx2,setx3	GL261	G2	1	8.0253688310700713e-21	0.13920605559709645
A2	GIMME	training_samples=setx1,setx2,setx3	GL261	G2	2	1.1167522002909608e-21	0.019370906453548633
A2	GIMME	training_samples=setx1,setx2,setx3	GL261	G2	3	2.4219004669980528e-21	0.042009684309376655
A2	GIMME	training_samples=setx1,setx2,setx3	GL261	G2	4	1.0035274821763445e-21	0.017406938599036047
A2	GIMME	training_samples=setx1,setx2,setx3	GL261	G2	5	9.6233249038952067e-23	0.0016692380497382558
A2	GIMME	training_samples=setx1,setx2,setx3	GL261	G2	6	2.3656850136924361e-22	0.0041034585010764823
A2	GIMME	training_samples=setx1,setx2,setx3	GL261	G2	7	1.93602941890959e-23	0.00033581885717569912
A2	GIMME	training_samples=setx1,setx2,setx3	GL261	G2	8	4.3503805866917901e-24	7.5460621756719704e-05
A2	GIMME	training_samples=setx1,setx2,setx3	GL261	G2	9	5.3874387425988111e-24	9.3449175098929909e-05
A2	GIMME	training_samples=setx1,setx2,setx3	GL261	G2	10	6.6872061991499819e-25	1.1599461875747809e-05
A2	GIMME	training_samples=setx1,setx2,setx3	GL261	G2	11	1.793517459540554e-25	3.1109908646264142e-06
A2	GIMME	training_samples=setx1,setx2,setx3	GL261	G2	12	6.8779440846939272e-26	1.1930311077303604e-06
A2	GIMME	training_samples=setx1,setx2,setx3	GL261	G2	13	2.6182419269780601e-26	4.5415374536120741e-07
A2	GIMME	training_samples=setx1,setx2,setx3	GL261	G2	14	6.7431095977940587e-27	1.1696430523339254e-07
A2	GIMME	training_samples=setx1,setx2,setx3	GL261	G2	15	2.520035166769235e-27	4.3711904451516846e-08
A2	GIMME	training_samples=setx1,setx2,setx3	GL261	G2	16	2.3120173093221721e-28	4.0103678332754939e-09
A2	GIMME	training_samples=setx1,setx2,setx3	GL261	G2	17	1.016200159303932e-28	1.7626755710737789e-09
A2	GIMME	training_samples=setx1,setx2,setx3	GL261	G2	18	1.3281738541732518e-29	2.3038173980347652e-10
A2	GIMME	training_samples=setx1,setx2,setx3	GL261	G2	19	1.1153639654845198e-30	1.9346826477199248e-11
A2	GIMME	training_samples=setx1,setx2,setx3	GL261	G3	0	8.451755100761067e-15	0.00032381746694023963
A2	GIMME	training_samples=setx1,setx2,setx3	GL261	G3	1	1.4997549717314719e-14	0.00057461065800804402
A2	GIMME	training_samples=setx1,setx2,setx3	GL261	G3	2	2.5350154716864434e-14	0.00097125659571217554
A2	GIMME	training_samples=setx1,setx2,setx3	GL261	G3	3	2.3459677949103975e-14	0.00089882555731277385
A2	GIMME	training_samples=setx1,setx2,setx3	GL261	G3	4	3.1118798962652326e-14	0.0011922743304998548
A2	GIMME	training_samples=setx1,setx2,setx3	GL261	G3	5	6.137539224004753e-14	0.0023515144263759101
A2	GIMME	training_samples=setx1,setx2,setx3	GL261	G3	6	4.6432646164911884e-14	0.0017790034951557291
A2	GIMME	training_samples=setx1,setx2,setx3	GL261	G3	7	1.1131489554409129e-13	0.0042648783688205962
A2	GIMME	training_samples=setx1,setx2,setx3	GL261	G3	8	1.6457962175724086e-13	0.0063056436908132223
A2	GIMME	training_samples=setx1,setx2,setx3	GL261	G3	9	1.7144440038630053e-13	0.0065686583191674466
A2	GIMME	training_samples=setx1,setx2,setx3	GL261	G3	10	2.8352934358525684e-13	0.010863040013397839
A2	GIMME	training_samples=setx1,setx2,setx3	GL261	G3	11	4.3361886115403277e-13	0.016613515129392045
A2	GIMME	training_samples=setx1,setx2,setx3	GL261	G3	12	5.6673915569814218e-13	0.021713837614331346
A2	GIMME	training_samples=setx1,setx2,setx3	GL261	G3	13	7.3968412705470421e-13	0.028339988263170104
A2	GIMME	training_samples=setx1,setx2,setx3	GL261	G3	14	1.1225109713387502e-12	0.043007476555823355
A2	GIMME	training_samples=setx1,setx2,setx3	GL261	G3	15	1.4599021223359829e-12	0.055934158242818492
A2	GIMME	training_samples=setx1,setx2,setx3	GL261	G3	16	2.8551133176877123e-12	0.10938977186853482
A2	GIMME	training_samples=setx1,setx2,setx3	GL261	G3	17	3.0570608784011421e-12	0.11712711716372617
A2	GIMME	training_samples=setx1,setx2,setx3	GL261	G3	18	5.1057860517662272e-12	0.19562122734399465
A2	GIMME	training_samples=setx1,setx2,setx3	GL261	G3	19	9.8178984291192616e-12	0.3761593848960052
A2	GIMME	training_samples=setx1,setx2,setx3	GL261	G4	0	3.7380245287085391e-12	2.5863099923437102e-06
A2	GIMME	training_samples=setx1,setx2,setx3	GL261	G4	1	1.1344075519360526e-11	7.8488772998395251e-06
A2	GIMME	training_samples=setx1,setx2,setx3	GL261	G4	2	3.5708738181089075e-11	2.4706597204605193e-05
A2	GIMME	training_samples=setx1,setx2,setx3	GL261	G4	3	2.4773660129448423e-11	1.7140702060041316e-05
A2	GIMME	training_samples=setx1,setx2,setx3	GL261	G4	4	4.2305096777528528e-11	2.9270566226217761e-05
A2	GIMME	training_samples=setx1,setx2,setx3	GL261	G4	5	1.6201835856135508e-10	0.00011209923757111634
A2	GIMME	training_samples=setx1,setx2,setx3	GL261	G4	6	9.6467090407921202e-11	6.6744826829835972e-05
A2	GIMME	training_samples=setx1,setx2,setx3	GL261	G4	7	4.1779187429000223e-10	0.0002890669365322647
A2	GIMME	training_samples=setx1,setx2,setx3	GL261	G4	8	9.1239113146253159e-10	0.0006312763017214865
A2	GIMME	training_samples=setx1,setx2,setx3	GL261	G4	9	8.4805533281959344e-10	0.00058676286484654681
A2	GIMME	training_samples=setx1,setx2,setx3	GL261	G4	10	2.4081374610384394e-09	0.0016661715113390984
A2	GIMME	training_samples=setx1,setx2,setx3	GL261	G4	11	4.7283600037825696e-09	0.0032715153769753984
A2	GIMME	training_samples=setx1,setx2,setx3	GL261	G4	12	7.5300815723741509e-09	0.0052100046600076812
A2	GIMME	training_samples=setx1,setx2,setx3	GL261	G4	13	1.1912470520081666e-08	0.0082421453639394647
A2	GIMME	training_samples=setx1,setx2,setx3	GL261	G4	14	2.2550317836224236e-08	0.015602388882799335
A2	GIMME	training_samples=setx1,setx2,setx3	GL261	G4	15	3.5086282511706968e-08	0.024275924985857036
A2	GIMME	training_samples=setx1,setx2,setx3	GL261	G4	16	9.8970884676698734e-08	0.068477182539751422
A2	GIMME	training_samples=setx1,setx2,setx3	GL261	G4	17	1.3662380001376122e-07	0.094528940742301601
A2	GIMME	training_samples=setx1,setx2,setx3	GL261	G4	18	3.1153930546737321e-07	0.21555161357286848
A2	GIMME	training_samples=setx1,setx2,setx3	GL261	G4	19	8.1140763550048872e-07	0.56140660914387619
A2	GIMME	training_samples=setx1,setx2,setx3	GL261	G5	0	0.0003150083291968	0.2361400018838492
A2	GIMME	training_samples=setx1,setx2,setx3	GL261	G5	1	0.00021402757878090001	0.16044170319363996
A2	GIMME	training_samples=setx1,setx2,setx3	GL261	G5	2	0.0001211406734097	0.090810801479810244
A2	GIMME	training_samples=setx1,setx2,setx3	GL261	G5	3	0.00017090214349910001	0.12811354096805039
A2	GIMME	training_samples=setx1,setx2,setx3	GL261	G5	4	0.00013865110042140001	0.10393716000522744
A2	GIMME	training_samples=setx1,setx2,setx3	GL261	G5	5	7.4233583681305402e-05	0.055647793933083112
A2	GIMME	training_samples=setx1,setx2,setx3	GL261	G5	6	9.2719905937266059e-05	0.069505713764849708
A2	GIMME	training_samples=setx1,setx2,setx3	GL261	G5	7	5.4750488682135606e-05	0.041042662375012855
A2	GIMME	training_samples=setx1,setx2,setx3	GL261	G5	8	3.5374630228107145e-05	0.026517918653150799
A2	GIMME	training_samples=setx1,setx2,setx3	GL261	G5	9	4.1245156805394477e-05	0.030918647232469582
A2	GIMME	training_samples=setx1,setx2,setx3	GL261	G5	10	2.1505687582977677e-05	0.016121329614700898
A2	GIMME	training_samples=setx1,setx2,setx3	GL261	G5	11	1.5777622428042773e-05	0.01182739453074287
A2	GIMME	training_samples=setx1,setx2,setx3	GL261	G5	12	1.2108050703258456e-05	0.0090765698899692403
A2	GIMME	training_samples=setx1,setx2,setx3	GL261	G5	13	9.2428851469301686e-06	0.0069287530319387626
A2	GIMME	training_samples=setx1,setx2,setx3	GL261	G5	14	6.5864193269952427e-06	0.0049373839614024941
A2	GIMME	training_samples=setx1,setx2,setx3	GL261	G5	15	4.961743802966942e-06	0.003719476859444557
A2	GIMME	training_samples=setx1,setx2,setx3	GL261	G5	16	2.5734477962933008e-06	0.0019291361882848299
A2	GIMME	training_samples=setx1,setx2,setx3	GL261	G5	17	1.7624308407107827e-06	0.001321172754722912
A2	GIMME	training_samples=setx1,setx2,setx3	GL261	G5	18	9.5364751890786216e-07	0.00071488372223561607
A2	GIMME	training_samples=setx1,setx2,setx3	GL261	G5	19	4.6416966166171293e-07	0.00034795595741452537
A2	GIMME	training_samples=setx1,setx3	CT2A	C1	0	0.00017209818169980001	0.00026423366030821143
A2	GIMME	training_samples=setx1,setx3	CT2A	C1	1	0.000273707553504	0.00042024121348663605
A2	GIMME	training_samples=setx1,setx3	CT2A	C1	2	0.00040836929877370001	0.00062699625008645718
A2	GIMME	training_samples=setx1,setx3	CT2A	C1	3	0.00046143207672699998	0.00070846702395657181
A2	GIMME	training_samples=setx1,setx3	CT2A	C1	4	0.0022010191246536999	0.0033793694620789737
A2	GIMME	training_samples=setx1,setx3	CT2A	C1	5	0.0059746085983434999	0.0091732096368281977
A2	GIMME	training_samples=setx1,setx3	CT2A	C1	6	0.051965883666233399	0.079786639909022961
A2	GIMME	training_samples=setx1,setx3	CT2A	C1	7	0.049576426854639602	0.076117949669301785
A2	GIMME	training_samples=setx1,setx3	CT2A	C1	8	0.030790063014723701	0.047274009354105695
A2	GIMME	training_samples=setx1,setx3	CT2A	C1	9	0.0477763305942875	0.073354143456580423
A2	GIMME	training_samples=setx1,setx3	CT2A	C1	10	0.019143999459750299	0.029393041810354712
A2	GIMME	training_samples=setx1,setx3	CT2A	C1	11	0.026259923064616102	0.040318587461192219
A2	GIMME	training_samples=setx1,setx3	CT2A	C1	12	0.040338059272858703	0.061933676149987071
A2	GIMME	training_samples=setx1,setx3	CT2A	C1	13	0.043826196841007199	0.067289243234932808
A2	GIMME	training_samples=setx1,setx3	CT2A	C1	14	0.033005664352083797	0.050675767846683109
A2	GIMME	training_samples=setx1,setx3	CT2A	C1	15	0.049966899844375801	0.076717468538765862
A2	GIMME	training_samples=setx1,setx3	CT2A	C1	16	0.058455590570825902	0.089750713862570969
A2	GIMME	training_samples=setx1,setx3	CT2A	C1	17	0.067775975554728196	0.10406091409509938
A2	GIMME	training_samples=setx1,setx3	CT2A	C1	18	0.058784083863401899	0.090255071225482916
A2	GIMME	training_samples=setx1,setx3	CT2A	C1	19	0.064154260130005802	0.098500256139175027
A2	GIMME	training_samples=setx1,setx3	CT2A	C2	0	3.0398077969769116e-34	0.73504382935076795
A2	GIMME	training_samples=setx1,setx3	CT2A	C2	1	6.7477388448480492e-35	0.1631643883836551
A2	GIMME	training_samples=setx1,setx3	CT2A	C2	2	2.4806391332540123e-35	0.059983347945805947
A2	GIMME	training_samples=setx1,setx3	CT2A	C2	3	1.7287269152279233e-35	0.041801657753972939
A2	GIMME	training_samples=setx1,setx3	CT2A	C2	4	2.8008806142017227e-39	6.7726979786834282e-06
A2	GIMME	training_samples=setx1,setx3	CT2A	C2	5	1.599547512952475e-42	3.8678022022259274e-09
A2	GIMME	training_samples=setx1,setx3	CT2A	C2	6	1.9314342889198275e-55	4.670324410901531e-22
A2	GIMME	training_samples=setx1,setx3	CT2A	C2	7	1.2197054538321952e-56	2.9493212312845534e-23
A2	GIMME	training_samples=setx1,setx3	CT2A	C2	8	1.0884365734184752e-51	2.6319051741580258e-18
A2	GIMME	training_samples=setx1,setx3	CT2A	C2	9	7.8959623505872106e-58	1.9092912414913439e-24
A2	GIMME	training_samples=setx1,setx3	CT2A	C2	10	6.9056923668220494e-48	1.6698379965586362e-14
A2	GIMME	training_samples=setx1,setx3	CT2A	C2	11	1.4637906676291086e-49	3.5395339757074435e-16
A2	GIMME	training_samples=setx1,setx3	CT2A	C2	12	7.344539177797762e-57	1.7759537979454073e-23
A2	GIMME	training_samples=setx1,setx3	CT2A	C2	13	1.2702842097116395e-55	3.0716237085740636e-22
A2	GIMME	training_samples=setx1,setx3	CT2A	C2	14	8.9195484833278931e-55	2.1568005318577601e-21
A2	GIMME	training_samples=setx1,setx3	CT2A	C2	15	1.7537870921034606e-55	4.2407627920676292e-22
A2	GIMME	training_samples=setx1,setx3	CT2A	C2	16	6.6922358520454354e-58	1.6182229259685455e-24
A2	GIMME	training_samples=setx1,setx3	CT2A	C2	17	6.8275419243736465e-59	1.6509407489958598e-25
A2	GIMME	training_samples=setx1,setx3	CT2A	C2	18	1.8545305986671768e-56	4.484366657155619e-23
A2	GIMME	training_samples=setx1,setx3	CT2A	C2	19	4.3411625528680207e-58	1.0497192453640194e-24
A2	GIMME	training_samples=setx1,setx3	CT2A	C3	0	9.8529800644774145e-20	0.46590658097592813
A2	GIMME	training_samples=setx1,setx3	CT2A	C3	1	5.1438795558492336e-20	0.24323273985481283
A2	GIMME	training_samples=setx1,setx3	CT2A	C3	2	3.27144841827095e-20	0.15469323366347101
A2	GIMME	training_samples=setx1,setx3	CT2A	C3	3	2.7923099566981597e-20	0.13203676212038312
A2	GIMME	training_samples=setx1,setx3	CT2A	C3	4	8.2897163161591167e-22	0.0039198631894592252
A2	GIMME	training_samples=setx1,setx3	CT2A	C3	5	4.409431019203742e-23	0.00020850371326874075
A2	GIMME	training_samples=setx1,setx3	CT2A	C3	6	5.5626619468055501e-28	2.630352230290981e-09
A2	GIMME	training_samples=setx1,setx3	CT2A	C3	7	2.0623885506179312e-28	9.7521804771180529e-10
A2	GIMME	training_samples=setx1,setx3	CT2A	C3	8	1.4376216269040325e-26	6.7979166967231048e-08
A2	GIMME	training_samples=setx1,setx3	CT2A	C3	9	7.6982480902272933e-29	3.6401823851782016e-10
A2	GIMME	training_samples=setx1,setx3	CT2A	C3	10	3.8372719701300982e-25	1.8144868376661028e-06
A2	GIMME	training_samples=setx1,setx3	CT2A	C3	11	8.8267978747985722e-26	4.1738267934180678e-07
A2	GIMME	training_samples=setx1,setx3	CT2A	C3	12	1.7963659527697684e-28	8.4942698935717185e-10
A2	GIMME	training_samples=setx1,setx3	CT2A	C3	13	4.962923100505464e-28	2.3467605925026211e-09
A2	GIMME	training_samples=setx1,setx3	CT2A	C3	14	1.0727365392361494e-27	5.0725263830113329e-09
A2	GIMME	training_samples=setx1,setx3	CT2A	C3	15	5.4184397876223145e-28	2.5621555500517914e-09
A2	GIMME	training_samples=setx1,setx3	CT2A	C3	16	6.930398988309869e-29	3.2770983766460496e-10
A2	GIMME	training_samples=setx1,setx3	CT2A	C3	17	2.9279400859168653e-29	1.3845014866618873e-10
A2	GIMME	training_samples=setx1,setx3	CT2A	C3	18	2.311615569639065e-28	1.0930671731125454e-09
A2	GIMME	training_samples=setx1,setx3	CT2A	C3	19	5.8010547236716886e-29	2.7430782917183169e-10
A2	GIMME	training_samples=setx1,setx3	CT2A	C4	0	0.00013542881954909999	0.28773267457921498
A2	GIMME	training_samples=setx1,setx3	CT2A	C4	1	0.0001110025125455	0.2358364336783576
A2	GIMME	training_samples=setx1,setx3	CT2A	C4	2	9.9614284361999197e-05	0.21164095324172069
A2	GIMME	training_samples=setx1,setx3	CT2A	C4	3	9.5242146510769683e-05	0.2023518896454217
A2	GIMME	training_samples=setx1,setx3	CT2A	C4	4	2.2372786639863835e-05	0.047533322368982653
A2	GIMME	training_samples=setx1,setx3	CT2A	C4	5	5.9288852405938852e-06	0.012596536049188714
A2	GIMME	training_samples=setx1,setx3	CT2A	C4	6	1.8600800391490649e-08	3.9519343547237478e-05
A2	GIMME	training_samples=setx1,setx3	CT2A	C4	7	1.0206291350381084e-08	2.1684332164729212e-05
A2	GIMME	training_samples=setx1,setx3	CT2A	C4	8	1.019373882791108e-07	0.00021657663019453968
A2	GIMME	training_samples=setx1,setx3	CT2A	C4	9	5.6447424854895564e-09	1.1992845083257831e-05
A2	GIMME	training_samples=setx1,setx3	CT2A	C4	10	5.8018991930405627e-07	0.0012326740925680945
A2	GIMME	training_samples=setx1,setx3	CT2A	C4	11	2.7751250645431294e-07	0.00058960431005109339
A2	GIMME	training_samples=setx1,setx3	CT2A	C4	12	8.6804507862968337e-09	1.8442524490800201e-05
A2	GIMME	training_samples=setx1,setx3	CT2A	C4	13	1.6271833935235039e-08	3.4571211017582299e-05
A2	GIMME	training_samples=setx1,setx3	CT2A	C4	14	2.2874402529447644e-08	4.8599057727246289e-05
A2	GIMME	training_samples=setx1,setx3	CT2A	C4	15	1.8036591297534021e-08	3.8320622387542226e-05
A2	GIMME	training_samples=setx1,setx3	CT2A	C4	16	5.7449761491223698e-09	1.2205801972463282e-05
A2	GIMME	training_samples=setx1,setx3	CT2A	C4	17	3.6739072982371509e-09	7.8055998464537911e-06
A2	GIMME	training_samples=setx1,setx3	CT2A	C4	18	1.1667104574779643e-08	2.4787982462474702e-05
A2	GIMME	training_samples=setx1,setx3	CT2A	C4	19	5.3685680289870817e-09	1.1406083600107575e-05
A2	GIMME	training_samples=setx1,setx3	CT2A	C5	0	0.039061822148300902	0.13357678589862326
A2	GIMME	training_samples=setx1,setx3	CT2A	C5	1	0.045076610378747897	0.1541451064606717
A2	GIMME	training_samples=setx1,setx3	CT2A	C5	2	0.053872713064202597	0.18422447963216609
A2	GIMME	training_samples=setx1,setx3	CT2A	C5	3	0.056306408183056302	0.19254680444843908
A2	GIMME	training_samples=setx1,setx3	CT2A	C5	4	0.0464713220920746	0.15891449758671897
A2	GIMME	training_samples=setx1,setx3	CT2A	C5	5	0.029021721548148902	0.099243406283727881
A2	GIMME	training_samples=setx1,setx3	CT2A	C5	6	0.00085945255671570004	0.0029390055006287279
A2	GIMME	training_samples=setx1,setx3	CT2A	C5	7	0.00049509728082870004	0.0016930470685459938
A2	GIMME	training_samples=setx1,setx3	CT2A	C5	8	0.0026256681803619002	0.0089788007082072362
A2	GIMME	training_samples=setx1,setx3	CT2A	C5	9	0.00028914412606030002	0.00098876449936120651
A2	GIMME	training_samples=setx1,setx3	CT2A	C5	10	0.0085646652905004995	0.029287944055941033
A2	GIMME	training_samples=setx1,setx3	CT2A	C5	11	0.0056073916763732003	0.019175177096473612
A2	GIMME	training_samples=setx1,setx3	CT2A	C5	12	0.00037405872667240002	0.0012791405955547364
A2	GIMME	training_samples=setx1,setx3	CT2A	C5	13	0.00068178148245239998	0.0023314370426816234
A2	GIMME	training_samples=setx1,setx3	CT2A	C5	14	0.00075505459504609997	0.0025820036147144163
A2	GIMME	training_samples=setx1,setx3	CT2A	C5	15	0.00081482209660479999	0.0027863860608044119
A2	GIMME	training_samples=setx1,setx3	CT2A	C5	16	0.00033673112393010001	0.0011514941897960141
A2	GIMME	training_samples=setx1,setx3	CT2A	C5	17	0.00025286327270179998	0.00086469758402662556
A2	GIMME	training_samples=setx1,setx3	CT2A	C5	18	0.00062411877527189996	0.0021342522041929847
A2	GIMME	training_samples=setx1,setx3	CT2A	C5	19	0.00033827377227199998	0.0011567694687243883
A2	GIMME	training_samples=setx1,setx3	GL261	G1	0	0.00020981525095400001	0.015662097472161619
A2	GIMME	training_samples=setx1,setx3	GL261	G1	1	0.0002521248972525	0.018820389356697078
A2	GIMME	training_samples=setx1,setx3	GL261	G1	2	0.00024804620121369997	0.018515926575137835
A2	GIMME	training_samples=setx1,setx3	GL261	G1	3	0.0004531442558753	0.033825899081211613
A2	GIMME	training_samples=setx1,setx3	GL261	G1	4	0.00048996048816019998	0.036574123607226956
A2	GIMME	training_samples=setx1,setx3	GL261	G1	5	0.0005544264101189	0.041386316947601844
A2	GIMME	training_samples=setx1,setx3	GL261	G1	6	0.00063332631586299995	0.047275965143763622
A2	GIMME	training_samples=setx1,setx3	GL261	G1	7	0.00072035598804529998	0.053772476729512436
A2	GIMME	training_samples=setx1,setx3	GL261	G1	8	0.00051763079263569996	0.038639631256500197
A2	GIMME	training_samples=setx1,setx3	GL261	G1	9	0.000480794523276	0.035889911021201815
A2	GIMME	training_samples=setx1,setx3	GL261	G1	10	0.00052795201024520002	0.039410080094210383
A2	GIMME	training_samples=setx1,setx3	GL261	G1	11	0.0005539506957234	0.041350806253325073
A2	GIMME	training_samples=setx1,setx3	GL261	G1	12	0.00052388898783580005	0.039106787303442039
A2	GIMME	training_samples=setx1,setx3	GL261	G1	13	0.00015377450227329999	0.011478818781698515
A2	GIMME	training_samples=setx1,setx3	GL261	G1	14	0.00035571940935159998	0.026553418003088702
A2	GIMME	training_samples=setx1,setx3	GL261	G1	15	0.00039228932142080001	0.029283255442321195
A2	GIMME	training_samples=setx1,setx3	GL261	G1	16	0.000472610711452	0.035279013300952594
A2	GIMME	training_samples=setx1,setx3	GL261	G1	17	0.0014575181822166	0.10879948780429209
A2	GIMME	training_samples=setx1,setx3	GL261	G1	18	0.0021428910608426001	0.15996057729139432
A2	GIMME	training_samples=setx1,setx3	GL261	G1	19	0.0022561498829256998	0.16841501853426005
A2	GIMME	training_samples=setx1,setx3	GL261	G2	0	2.0103048347908376e-44	1.0079493883009368e-13
A2	GIMME	training_samples=setx1,setx3	GL261	G2	1	5.9421167554454897e-44	2.9793257446387185e-13
A2	GIMME	training_samples=setx1,setx3	GL261	G2	2	4.9466056698764025e-46	2.4801851305484357e-15
A2	GIMME	training_samples=setx1,setx3	GL261	G2	3	4.0854318137754688e-43	2.0484000368375071e-12
A2	GIMME	training_samples=setx1,setx3	GL261	G2	4	1.6596347648450025e-44	8.3212646016569862e-14
A2	GIMME	training_samples=setx1,setx3	GL261	G2	5	3.0212983349170529e-48	1.5148527506133825e-17
A2	GIMME	training_samples=setx1,setx3	GL261	G2	6	5.0551368967496003e-49	2.5346017453051585e-18
A2	GIMME	training_samples=setx1,setx3	GL261	G2	7	8.3036202905596373e-50	4.1633631117559599e-19
A2	GIMME	training_samples=setx1,setx3	GL261	G2	8	4.8094273074947712e-45	2.4114050907963671e-14
A2	GIMME	training_samples=setx1,setx3	GL261	G2	9	1.2059340485014281e-43	6.0464486056153547e-13
A2	GIMME	training_samples=setx1,setx3	GL261	G2	10	8.4304615132611817e-47	4.2269601994318034e-16
A2	GIMME	training_samples=setx1,setx3	GL261	G2	11	2.3720541142519867e-47	1.1893273358842481e-16
A2	GIMME	training_samples=setx1,setx3	GL261	G2	12	6.4265032603365452e-46	3.2221929321699898e-15
A2	GIMME	training_samples=setx1,setx3	GL261	G2	13	1.994219768181933e-31	0.99988447557295634
A2	GIMME	training_samples=setx1,setx3	GL261	G2	14	2.2731781370201389e-35	0.00011397517794593103
A2	GIMME	training_samples=setx1,setx3	GL261	G2	15	3.0897683066976408e-37	1.549182999926247e-06
A2	GIMME	training_samples=setx1,setx3	GL261	G2	16	1.2546436763767148e-41	6.2906744502314513e-11
A2	GIMME	training_samples=setx1,setx3	GL261	G2	17	4.9169870468398483e-45	2.465334610142103e-14
A2	GIMME	training_samples=setx1,setx3	GL261	G2	18	1.7109358502769131e-46	8.5784837894407548e-16
A2	GIMME	training_samples=setx1,setx3	GL261	G2	19	6.1998165246200442e-48	3.108534171246224e-17
A2	GIMME	training_samples=setx1,setx3	GL261	G3	0	1.4554463274003047e-09	0.01198921283447083
A2	GIMME	training_samples=setx1,setx3	GL261	G3	1	1.4290273242062376e-09	0.011771586772825537
A2	GIMME	training_samples=setx1,setx3	GL261	G3	2	2.7731559048377326e-09	0.022843821678849598
A2	GIMME	training_samples=setx1,setx3	GL261	G3	3	1.648754109143075e-09	0.013581582195155661
A2	GIMME	training_samples=setx1,setx3	GL261	G3	4	2.7595125726007135e-09	0.022731434975965685
A2	GIMME	training_samples=setx1,setx3	GL261	G3	5	9.9759126562468305e-09	0.082176400326261487
A2	GIMME	training_samples=setx1,setx3	GL261	G3	6	1.3941081175341504e-08	0.11483940438556157
A2	GIMME	training_samples=setx1,setx3	GL261	G3	7	1.9413790513749504e-08	0.1599207487155633
A2	GIMME	training_samples=setx1,setx3	GL261	G3	8	3.4186325279763056e-09	0.028160923703701806
A2	GIMME	training_samples=setx1,setx3	GL261	G3	9	2.0497734773045392e-09	0.016884971997389465
A2	GIMME	training_samples=setx1,setx3	GL261	G3	10	6.1049162345639095e-09	0.050289137218504913
A2	GIMME	training_samples=setx1,setx3	GL261	G3	11	7.5205890318844622e-09	0.061950716317311909
A2	GIMME	training_samples=setx1,setx3	GL261	G3	12	4.5764743484196977e-09	0.037698624787287693
A2	GIMME	training_samples=setx1,setx3	GL261	G3	13	1.109058062190736e-11	9.1358457560856502e-05
A2	GIMME	training_samples=setx1,setx3	GL261	G3	14	9.0339469947222865e-11	0.00074416975202730472
A2	GIMME	training_samples=setx1,setx3	GL261	G3	15	1.9253405608861464e-10	0.00158599580958334
A2	GIMME	training_samples=setx1,setx3	GL261	G3	16	1.027634376501514e-09	0.0084651196158515244
A2	GIMME	training_samples=setx1,setx3	GL261	G3	17	6.752053087755938e-09	0.05561991535843628
A2	GIMME	training_samples=setx1,setx3	GL261	G3	18	1.3746011923535752e-08	0.11323252494704765
A2	GIMME	training_samples=setx1,setx3	GL261	G3	19	2.2509591102491999e-08	0.18542235015064354
A2	GIMME	training_samples=setx1,setx3	GL261	G4	0	0.0021753898581177	0.020847867181872096
A2	GIMME	training_samples=setx1,setx3	GL261	G4	1	0.001995291066581	0.019121888883517062
A2	GIMME	training_samples=setx1,setx3	GL261	G4	2	0.0041592824129123998	0.039860518330872272
A2	GIMME	training_samples=setx1,setx3	GL261	G4	3	0.0017643997349356001	0.016909139845625556
A2	GIMME	training_samples=setx1,setx3	GL261	G4	4	0.0031148306573148998	0.029851006060087521
A2	GIMME	training_samples=setx1,setx3	GL261	G4	5	0.011161847833861699	0.10696966351859546
A2	GIMME	training_samples=setx1,setx3	GL261	G4	6	0.0143218176554287	0.13725326114268097
A2	GIMME	training_samples=setx1,setx3	GL261	G4	7	0.0180735187056025	0.17320772002196919
A2	GIMME	training_samples=setx1,setx3	GL261	G4	8	0.0038531689330863002	0.03692687719699423
A2	GIMME	training_samples=setx1,setx3	GL261	G4	9	0.0022192082736557	0.021267801339350769
A2	GIMME	training_samples=setx1,setx3	GL261	G4	10	0.0070790899956418999	0.067842519099248641
A2	GIMME	training_samples=setx1,setx3	GL261	G4	11	0.0085273304262540994	0.081721743566602389
A2	GIMME	training_samples=setx1,setx3	GL261	G4	12	0.0052663106834532998	0.050469733164108639
A2	GIMME	training_samples=setx1,setx3	GL261	G4	13	1.4419942700043397e-06	1.3819364334116771e-05
A2	GIMME	training_samples=setx1,setx3	GL261	G4	14	2.843004595782342e-05	0.00027245958690644674
A2	GIMME	training_samples=setx1,setx3	GL261	G4	15	9.2209231365472324e-05	0.00088368795196703165
A2	GIMME	training_samples=setx1,setx3	GL261	G4	16	0.00093516802518620002	0.0089621907121903432
A2	GIMME	training_samples=setx1,setx3	GL261	G4	17	0.0039307824959234003	0.03767068743565178
A2	GIMME	training_samples=setx1,setx3	GL261	G4	18	0.0060351730357607004	0.05783813204775333
A2	GIMME	training_samples=setx1,setx3	GL261	G4	19	0.0096112278308581999	0.092109283549672211
A2	GIMME	training_samples=setx1,setx3	GL261	G5	0	2.0111798328362719e-12	9.1684489357894079e-06
A2	GIMME	training_samples=setx1,setx3	GL261	G5	1	3.5438961521497613e-12	1.6155706403889146e-05
A2	GIMME	training_samples=setx1,setx3	GL261	G5	2	5.0104004080172633e-13	2.2841120191614622e-06
A2	GIMME	training_samples=setx1,setx3	GL261	G5	3	1.1449492835464683e-11	5.219527796010396e-05
A2	GIMME	training_samples=setx1,setx3	GL261	G5	4	3.3081826672271628e-12	1.5081149561827898e-05
A2	GIMME	training_samples=setx1,setx3	GL261	G5	5	1.0705646834837485e-13	4.8804276339317103e-07
A2	GIMME	training_samples=setx1,setx3	GL261	G5	6	5.5968408698286638e-14	2.5514550652786268e-07
A2	GIMME	training_samples=setx1,setx3	GL261	G5	7	2.887517596168212e-14	1.316344625151025e-07
A2	GIMME	training_samples=setx1,setx3	GL261	G5	8	2.0760938637211105e-12	9.464375221279538e-06
A2	GIMME	training_samples=setx1,setx3	GL261	G5	9	7.2810182394638784e-12	3.3192279894201969e-05
A2	GIMME	training_samples=setx1,setx3	GL261	G5	10	4.0541384113357934e-13	1.848176895774422e-06
A2	GIMME	training_samples=setx1,setx3	GL261	G5	11	2.4909137411512252e-13	1.135543180491924e-06
A2	GIMME	training_samples=setx1,setx3	GL261	G5	12	9.2352139582442406e-13	4.2100952985314169e-06
A2	GIMME	training_samples=setx1,setx3	GL261	G5	13	2.05933525616517e-07	0.93879770617997427
A2	GIMME	training_samples=setx1,setx3	GL261	G5	14	1.1108039825885412e-08	0.050638681960489033
A2	GIMME	training_samples=setx1,setx3	GL261	G5	15	2.2332401192615156e-09	0.010180764375471107
A2	GIMME	training_samples=setx1,setx3	GL261	G5	16	4.6447614520925086e-11	0.00021174266715064086
A2	GIMME	training_samples=setx1,setx3	GL261	G5	17	3.9816823629331924e-12	1.8151460564122606e-05
A2	GIMME	training_samples=setx1,setx3	GL261	G5	18	1.272205967036706e-12	5.7996581181570497e-06
A2	GIMME	training_samples=setx1,setx3	GL261	G5	19	3.3862638067666612e-13	1.5437101291766717e-06
A2	GIMME	training_samples=setx2,setx3	CT2A	C1	0	1.0379875669110205e-12	4.9389216661718247e-05
A2	GIMME	training_samples=setx2,setx3	CT2A	C1	1	1.4422561910242474e-13	6.8625006474964141e-06
A2	GIMME	training_samples=setx2,setx3	CT2A	C1	2	4.523947529965145e-13	2.1525713009127703e-05
A2	GIMME	training_samples=setx2,setx3	CT2A	C1	3	4.2369299021636635e-12	0.00020160034242145425
A2	GIMME	training_samples=setx2,setx3	CT2A	C1	4	2.7290640268559723e-11	0.0012985351540115817
A2	GIMME	training_samples=setx2,setx3	CT2A	C1	5	1.1488152233921606e-11	0.00054662585353741069
A2	GIMME	training_samples=setx2,setx3	CT2A	C1	6	1.9237593275918927e-11	0.00091535745960993973
A2	GIMME	training_samples=setx2,setx3	CT2A	C1	7	8.4459399258605631e-11	0.004018722094635092
A2	GIMME	training_samples=setx2,setx3	CT2A	C1	8	7.5281709458157906e-27	3.5820319795913435e-19
A2	GIMME	training_samples=setx2,setx3	CT2A	C1	9	2.5512305283396686e-26	1.2139189459959996e-18
A2	GIMME	training_samples=setx2,setx3	CT2A	C1	10	1.3928678661574607e-26	6.6275025844016801e-19
A2	GIMME	training_samples=setx2,setx3	CT2A	C1	11	1.7061213624839007e-26	8.1180160831470425e-19
A2	GIMME	training_samples=setx2,setx3	CT2A	C1	12	3.7978912422589256e-26	1.8071013507394724e-18
A2	GIMME	training_samples=setx2,setx3	CT2A	C1	13	2.5959851747783952e-25	1.2352139691739637e-17
A2	GIMME	training_samples=setx2,setx3	CT2A	C1	14	1.2196612287452496e-25	5.8033558975721748e-18
A2	GIMME	training_samples=setx2,setx3	CT2A	C1	15	1.475655824430791e-25	7.0214217929246567e-18
A2	GIMME	training_samples=setx2,setx3	CT2A	C1	16	2.1528638785674707e-25	1.0243693077960605e-17
A2	GIMME	training_samples=setx2,setx3	CT2A	C1	17	6.903205244821568e-09	0.32846626526696054
A2	GIMME	training_samples=setx2,setx3	CT2A	C1	18	8.6183747284934225e-09	0.41007695111817005
A2	GIMME	training_samples=setx2,setx3	CT2A	C1	19	5.346554378754474e-09	0.25439816528033554
A2	GIMME	training_samples=setx2,setx3	CT2A	C2	0	6.5367772006436058e-33	2.2975790737482793e-30
A2	GIMME	training_samples=setx2,setx3	CT2A	C2	1	1.9636254688498915e-32	6.9018487970868238e-30
A2	GIMME	training_samples=setx2,setx3	CT2A	C2	2	3.267636789709585e-31	1.1485252867280763e-28
A2	GIMME	training_samples=setx2,setx3	CT2A	C2	3	5.6828289716761145e-30	1.9974290884088777e-27
A2	GIMME	training_samples=setx2,setx3	CT2A	C2	4	7.6270347781698104e-29	2.6807882482743844e-26
A2	GIMME	training_samples=setx2,setx3	CT2A	C2	5	6.6084520044077543e-29	2.3227716914846322e-26
A2	GIMME	training_samples=setx2,setx3	CT2A	C2	6	1.6652693354291568e-29	5.853171769201528e-27
A2	GIMME	training_samples=setx2,setx3	CT2A	C2	7	3.5361868830211448e-22	1.2429166137852439e-19
A2	GIMME	training_samples=setx2,setx3	CT2A	C2	8	0.00093041109600229999	0.32702553545003954
A2	GIMME	training_samples=setx2,setx3	CT2A	C2	9	0.00035354684982470002	0.12426641123195659
A2	GIMME	training_samples=setx2,setx3	CT2A	C2	10	0.00058069550436950005	0.20410575396813313
A2	GIMME	training_samples=setx2,setx3	CT2A	C2	11	0.00049352807566009995	0.17346771109657191
A2	GIMME	training_samples=setx2,setx3	CT2A	C2	12	0.00025049159500949999	0.088044035948936797
A2	GIMME	training_samples=setx2,setx3	CT2A	C2	13	3.7904455162493113e-05	0.013322847071275344
A2	GIMME	training_samples=setx2,setx3	CT2A	C2	14	8.3386968298501131e-05	0.029309267779095139
A2	GIMME	training_samples=setx2,setx3	CT2A	C2	15	6.8753062630425135e-05	0.024165669581061512
A2	GIMME	training_samples=setx2,setx3	CT2A	C2	16	4.6354092785759643e-05	0.016292767872929999
A2	GIMME	training_samples=setx2,setx3	CT2A	C2	17	1.4894402353331043e-31	5.2351588730347348e-29
A2	GIMME	training_samples=setx2,setx3	CT2A	C2	18	6.8454827061934794e-32	2.4060844255036425e-29
A2	GIMME	training_samples=setx2,setx3	CT2A	C2	19	5.7817657579767856e-31	2.0322038838242618e-28
A2	GIMME	training_samples=setx2,setx3	CT2A	C3	0	2.0515577062132456e-17	4.4574741406962063e-15
A2	GIMME	training_samples=setx2,setx3	CT2A	C3	1	4.7514602678489281e-17	1.0323624439292568e-14
A2	GIMME	training_samples=setx2,setx3	CT2A	C3	2	1.0216471939278484e-16	2.2197601042643409e-14
A2	GIMME	training_samples=setx2,setx3	CT2A	C3	3	1.7485761366548431e-16	3.7991780043876966e-14
A2	GIMME	training_samples=setx2,setx3	CT2A	C3	4	2.9614525688658083e-16	6.4344269745077195e-14
A2	GIMME	training_samples=setx2,setx3	CT2A	C3	5	3.4102347397569871e-16	7.4095079656465588e-14
A2	GIMME	training_samples=setx2,setx3	CT2A	C3	6	1.8428983432424031e-16	4.004114378092484e-14
A2	GIMME	training_samples=setx2,setx3	CT2A	C3	7	6.0516255218759235e-14	1.3148528160452945e-11
A2	GIMME	training_samples=setx2,setx3	CT2A	C3	8	0.0011253306577246	0.24450359311602343
A2	GIMME	training_samples=setx2,setx3	CT2A	C3	9	0.00060313114262660001	0.1310439118317045
A2	GIMME	training_samples=setx2,setx3	CT2A	C3	10	0.00082663301874479999	0.17960476050667759
A2	GIMME	training_samples=setx2,setx3	CT2A	C3	11	0.00074474061388339998	0.16181177930592497
A2	GIMME	training_samples=setx2,setx3	CT2A	C3	12	0.00048698395248100002	0.10580830207914493
A2	GIMME	training_samples=setx2,setx3	CT2A	C3	13	0.00015976139615759999	0.034711784606267511
A2	GIMME	training_samples=setx2,setx3	CT2A	C3	14	0.00025176793937940002	0.054702291621691067
A2	GIMME	training_samples=setx2,setx3	CT2A	C3	15	0.00022496098916569999	0.048877874058070349
A2	GIMME	training_samples=setx2,setx3	CT2A	C3	16	0.0001792020295131	0.038935702861087003
A2	GIMME	training_samples=setx2,setx3	CT2A	C3	17	8.9449472615533777e-18	1.94349254654215e-15
A2	GIMME	training_samples=setx2,setx3	CT2A	C3	18	6.4195677272010401e-18	1.3947966002508443e-15
A2	GIMME	training_samples=setx2,setx3	CT2A	C3	19	1.5494467700054272e-17	3.3665243189442885e-15
A2	GIMME	training_samples=setx2,setx3	CT2A	C4	0	1.8360151324390359e-06	0.00024642541859907352
A2	GIMME	training_samples=setx2,setx3	CT2A	C4	1	1.3841670826136987e-06	0.00018577948880574654
A2	GIMME	training_samples=setx2,setx3	CT2A	C4	2	3.3965452793144348e-06	0.00045587592251152578
A2	GIMME	training_samples=setx2,setx3	CT2A	C4	3	1.12022977441419e-05	0.0015035447486777657
A2	GIMME	training_samples=setx2,setx3	CT2A	C4	4	3.1701015907305245e-05	0.0042548320963977544
A2	GIMME	training_samples=setx2,setx3	CT2A	C4	5	2.4517115878244608e-05	0.0032906267690247537
A2	GIMME	training_samples=setx2,setx3	CT2A	C4	6	2.0925339674565229e-05	0.0028085474338015886
A2	GIMME	training_samples=setx2,setx3	CT2A	C4	7	0.0011174759705457999	0.14998486611073639
A2	GIMME	training_samples=setx2,setx3	CT2A	C4	8	0.00058553997018709998	0.078589729305859252
A2	GIMME	training_samples=setx2,setx3	CT2A	C4	9	0.00065593524151099996	0.088038008841737972
A2	GIMME	training_samples=setx2,setx3	CT2A	C4	10	0.00062219809513369998	0.083509892340148939
A2	GIMME	training_samples=setx2,setx3	CT2A	C4	11	0.000633804003136	0.085067608661304639
A2	GIMME	training_samples=setx2,setx3	CT2A	C4	12	0.0006764537875158	0.090791957433414464
A2	GIMME	training_samples=setx2,setx3	CT2A	C4	13	0.0007484997924902	0.10046179436478135
A2	GIMME	training_samples=setx2,setx3	CT2A	C4	14	0.0007264349342335	0.097500303559957022
A2	GIMME	training_samples=setx2,setx3	CT2A	C4	15	0.00073285620476680002	0.098362150639073567
A2	GIMME	training_samples=setx2,setx3	CT2A	C4	16	0.0007439028982196	0.099844810563899794
A2	GIMME	training_samples=setx2,setx3	CT2A	C4	17	3.5763106589336651e-05	0.0048000358798639692
A2	GIMME	training_samples=setx2,setx3	CT2A	C4	18	3.2122271761440739e-05	0.0043113720172069832
A2	GIMME	training_samples=setx2,setx3	CT2A	C4	19	4.4642740362488598e-05	0.0059918384041975185
A2	GIMME	training_samples=setx2,setx3	CT2A	C5	0	2.4431261728714695e-09	4.6939232669864887e-05
A2	GIMME	training_samples=setx2,setx3	CT2A	C5	1	5.001816957745703e-10	9.6098782190915896e-06
A2	GIMME	training_samples=setx2,setx3	CT2A	C5	2	2.3661944438430724e-09	4.5461160694435681e-05
A2	GIMME	training_samples=setx2,setx3	CT2A	C5	3	3.0411718159974021e-08	0.0005842934885854032
A2	GIMME	training_samples=setx2,setx3	CT2A	C5	4	2.6543764388151449e-07	0.0050997936430156798
A2	GIMME	training_samples=setx2,setx3	CT2A	C5	5	1.1801685608358469e-07	0.002267431264166959
A2	GIMME	training_samples=setx2,setx3	CT2A	C5	6	1.46076542593093e-07	0.0028065356986159001
A2	GIMME	training_samples=setx2,setx3	CT2A	C5	7	1.2494300528543182e-05	0.24005018081698476
A2	GIMME	training_samples=setx2,setx3	CT2A	C5	8	8.7975105060091697e-17	1.6902458708131157e-12
A2	GIMME	training_samples=setx2,setx3	CT2A	C5	9	2.2249912578414527e-16	4.2748255697938421e-12
A2	GIMME	training_samples=setx2,setx3	CT2A	C5	10	1.4087101747388878e-16	2.7065231174187655e-12
A2	GIMME	training_samples=setx2,setx3	CT2A	C5	11	1.6430554720002086e-16	3.1567654567372139e-12
A2	GIMME	training_samples=setx2,setx3	CT2A	C5	12	2.9947297458262234e-16	5.7537067828750941e-12
A2	GIMME	training_samples=setx2,setx3	CT2A	C5	13	1.2072659221123866e-15	2.3194928138250332e-11
A2	GIMME	training_samples=setx2,setx3	CT2A	C5	14	7.0398772379463438e-16	1.3525557513506023e-11
A2	GIMME	training_samples=setx2,setx3	CT2A	C5	15	8.0745268533373869e-16	1.5513406506648524e-11
A2	GIMME	training_samples=setx2,setx3	CT2A	C5	16	1.0573919777095225e-15	2.0315433814300597e-11
A2	GIMME	training_samples=setx2,setx3	CT2A	C5	17	1.2666806832573892e-05	0.24336450556690095
A2	GIMME	training_samples=setx2,setx3	CT2A	C5	18	1.3421817344662743e-05	0.25787035241535877
A2	GIMME	training_samples=setx2,setx3	CT2A	C5	19	1.2900525868629832e-05	0.24785489674465674
A2	GIMME	training_samples=setx2,setx3	GL261	G1	0	3.4603421318584909e-06	0.00037790642554716653
A2	GIMME	training_samples=setx2,setx3	GL261	G1	1	4.0315960336336586e-06	0.00044029347049054618
A2	GIMME	training_samples=setx2,setx3	GL261	G1	2	4.6890987923754096e-06	0.00051209981445169794
A2	GIMME	training_samples=setx2,setx3	GL261	G1	3	5.4444769204413739e-06	0.00059459519711508842
A2	GIMME	training_samples=setx2,setx3	GL261	G1	4	6.3106972290416888e-06	0.00068919573315621519
A2	GIMME	training_samples=setx2,setx3	GL261	G1	5	2.1928384025278216e-05	0.002394814416968572
A2	GIMME	training_samples=setx2,setx3	GL261	G1	6	7.2807755112424448e-05	0.0079513867236798881
A2	GIMME	training_samples=setx2,setx3	GL261	G1	7	0.00026842932378940001	0.029315357383696863
A2	GIMME	training_samples=setx2,setx3	GL261	G1	8	0.00044011012670800001	0.048064739986274987
A2	GIMME	training_samples=setx2,setx3	GL261	G1	9	0.0066827756640581003	0.72983068370219373
A2	GIMME	training_samples=setx2,setx3	GL261	G1	10	9.073413834819458e-06	0.00099091397878198401
A2	GIMME	training_samples=setx2,setx3	GL261	G1	11	2.5135147780473601e-05	0.002745027367631121
A2	GIMME	training_samples=setx2,setx3	GL261	G1	12	4.6793646358818143e-05	0.0051103674029716762
A2	GIMME	training_samples=setx2,setx3	GL261	G1	13	0.0001012352850634	0.011055977490009208
A2	GIMME	training_samples=setx2,setx3	GL261	G1	14	0.00017580885762989999	0.019200210393867264
A2	GIMME	training_samples=setx2,setx3	GL261	G1	15	0.00021107978144910001	0.023052173072222844
A2	GIMME	training_samples=setx2,setx3	GL261	G1	16	0.00020571345984260001	0.022466113272534841
A2	GIMME	training_samples=setx2,setx3	GL261	G1	17	0.00026958389588879999	0.029441449023914646
A2	GIMME	training_samples=setx2,setx3	GL261	G1	18	0.0002942519150887	0.032135460946994716
A2	GIMME	training_samples=setx2,setx3	GL261	G1	19	0.00030794812888269998	0.033631234197497098
A2	GIMME	training_samples=setx2,setx3	GL261	G2	0	2.8812504082882962e-18	0.56993772553981914
A2	GIMME	training_samples=setx2,setx3	GL261	G2	1	1.2710719406491357e-18	0.25142967399401617
A2	GIMME	training_samples=setx2,setx3	GL261	G2	2	5.566181444626607e-19	0.11010416808503257
A2	GIMME	training_samples=setx2,setx3	GL261	G2	3	2.419595048377734e-19	0.047861806618157379
A2	GIMME	training_samples=setx2,setx3	GL261	G2	4	1.0440615812675644e-19	0.02065249452943773
A2	GIMME	training_samples=setx2,setx3	GL261	G2	5	9.8210315426193042e-27	1.9426900083913834e-09
A2	GIMME	training_samples=setx2,setx3	GL261	G2	6	7.5110623784704135e-29	1.4857569463795087e-11
A2	GIMME	training_samples=setx2,setx3	GL261	G2	7	4.7184745306716094e-32	9.3335748753131595e-15
A2	GIMME	training_samples=setx2,setx3	GL261	G2	8	5.7372717926421006e-40	1.1348849190254123e-22
A2	GIMME	training_samples=setx2,setx3	GL261	G2	9	1.3724085228851307e-32	2.7147497829225433e-15
A2	GIMME	training_samples=setx2,setx3	GL261	G2	10	7.1391779742888434e-23	1.4121948044451351e-05
A2	GIMME	training_samples=setx2,setx3	GL261	G2	11	2.3701952663905651e-26	4.6884633675918858e-09
A2	GIMME	training_samples=setx2,setx3	GL261	G2	12	1.333631809557156e-26	2.638045891672824e-09
A2	GIMME	training_samples=setx2,setx3	GL261	G2	13	6.6908031019553146e-30	1.3235021471905394e-12
A2	GIMME	training_samples=setx2,setx3	GL261	G2	14	4.759892975944302e-31	9.4155043543553426e-14
A2	GIMME	training_samples=setx2,setx3	GL261	G2	15	3.0317098163503208e-32	5.996999747946077e-15
A2	GIMME	training_samples=setx2,setx3	GL261	G2	16	1.0004959176373083e-34	1.9790725792862978e-17
A2	GIMME	training_samples=setx2,setx3	GL261	G2	17	3.1953212829231727e-34	6.3206382170722734e-17
A2	GIMME	training_samples=setx2,setx3	GL261	G2	18	1.0652007629064031e-34	2.1070646907598096e-17
A2	GIMME	training_samples=setx2,setx3	GL261	G2	19	9.1116682922258397e-36	1.802371459074121e-18
A2	GIMME	training_samples=setx2,setx3	GL261	G3	0	1.965865699202287e-15	2.0402270829360135e-06
A2	GIMME	training_samples=setx2,setx3	GL261	G3	1	2.6391033920374759e-15	2.7389308523405431e-06
A2	GIMME	training_samples=setx2,setx3	GL261	G3	2	3.5379117100157658e-15	3.6717377442109201e-06
A2	GIMME	training_samples=setx2,setx3	GL261	G3	3	4.7361516791760923e-15	4.9153026723386757e-06
A2	GIMME	training_samples=setx2,setx3	GL261	G3	4	6.3312904950172629e-15	6.570779653519147e-06
A2	GIMME	training_samples=setx2,setx3	GL261	G3	5	3.9068082008062723e-13	0.0004054588216456431
A2	GIMME	training_samples=setx2,setx3	GL261	G3	6	2.3030179309481031e-12	0.0023901325289485552
A2	GIMME	training_samples=setx2,setx3	GL261	G3	7	2.0748022631888264e-11	0.021532843117474814
A2	GIMME	training_samples=setx2,setx3	GL261	G3	8	5.5163538435877237e-10	0.57250169812275409
A2	GIMME	training_samples=setx2,setx3	GL261	G3	9	9.9494197868473595e-11	0.1032576931214703
A2	GIMME	training_samples=setx2,setx3	GL261	G3	10	3.6929860262124847e-14	3.8326779447041245e-05
A2	GIMME	training_samples=setx2,setx3	GL261	G3	11	3.6900915829551969e-13	0.00038296740154296387
A2	GIMME	training_samples=setx2,setx3	GL261	G3	12	6.5020556309011882e-13	0.00067480041990173494
A2	GIMME	training_samples=setx2,setx3	GL261	G3	13	4.4786696869538332e-12	0.0046480810945303142
A2	GIMME	training_samples=setx2,setx3	GL261	G3	14	1.0453250947658422e-11	0.010848658530841337
A2	GIMME	training_samples=setx2,setx3	GL261	G3	15	1.906594232033245e-11	0.019787135967336233
A2	GIMME	training_samples=setx2,setx3	GL261	G3	16	4.8665474824298919e-11	0.050506308635816233
A2	GIMME	training_samples=setx2,setx3	GL261	G3	17	4.849433744787792e-11	0.050328697769306673
A2	GIMME	training_samples=setx2,setx3	GL261	G3	18	6.1707589118858109e-11	0.064041757579914482
A2	GIMME	training_samples=setx2,setx3	GL261	G3	19	9.5040475616997843e-11	0.098635503131064159
A2	GIMME	training_samples=setx2,setx3	GL261	G4	0	2.0739699284542417e-13	4.0867878464783664e-10
A2	GIMME	training_samples=setx2,setx3	GL261	G4	1	3.7475235353414556e-13	7.3845495195004251e-10
A2	GIMME	training_samples=setx2,setx3	GL261	G4	2	6.7266571873142817e-13	1.3254975621093671e-09
A2	GIMME	training_samples=setx2,setx3	GL261	G4	3	1.1994088072362781e-12	2.3634524633757162e-09
A2	GIMME	training_samples=setx2,setx3	GL261	G4	4	2.1244581686666882e-12	4.1862756566242398e-09
A2	GIMME	training_samples=setx2,setx3	GL261	G4	5	1.0926246585609753e-08	2.1530327485016317e-05
A2	GIMME	training_samples=setx2,setx3	GL261	G4	6	1.3571860051842461e-07	0.00026743547219758426
A2	GIMME	training_samples=setx2,setx3	GL261	G4	7	2.528797209077621e-06	0.0049830316044984302
A2	GIMME	training_samples=setx2,setx3	GL261	G4	8	0.00041698519131720002	0.8216753717864661
A2	GIMME	training_samples=setx2,setx3	GL261	G4	9	4.4572697362654586e-08	8.7831147099717505e-05
A2	GIMME	training_samples=setx2,setx3	GL261	G4	10	1.2377736187915796e-10	2.4390508813882165e-07
A2	GIMME	training_samples=setx2,setx3	GL261	G4	11	8.3473378548998254e-09	1.6448550399802028e-05
A2	GIMME	training_samples=setx2,setx3	GL261	G4	12	1.4397297907268645e-08	2.8370084494622932e-05
A2	GIMME	training_samples=setx2,setx3	GL261	G4	13	3.7278765139319354e-07	0.00073458347786479518
A2	GIMME	training_samples=setx2,setx3	GL261	G4	14	1.0907118892371049e-06	0.0021492636087862183
A2	GIMME	training_samples=setx2,setx3	GL261	G4	15	2.8883762111876021e-06	0.0056915872472348434
A2	GIMME	training_samples=setx2,setx3	GL261	G4	16	1.6815335072527925e-05	0.033134861825160129
A2	GIMME	training_samples=setx2,setx3	GL261	G4	17	1.267676806049986e-05	0.024979755459081619
A2	GIMME	training_samples=setx2,setx3	GL261	G4	18	1.7792825603281245e-05	0.035061021103712321
A2	GIMME	training_samples=setx2,setx3	GL261	G4	19	3.6116788208086952e-05	0.071168655378071211
A2	GIMME	training_samples=setx2,setx3	GL261	G5	0	0.00075459551434659997	0.26722191821764613
A2	GIMME	training_samples=setx2,setx3	GL261	G5	1	0.00064037515785889999	0.22677351615342828
A2	GIMME	training_samples=setx2,setx3	GL261	G5	2	0.00054057428939889996	0.19143143022443795
A2	GIMME	training_samples=setx2,setx3	GL261	G5	3	0.00045391752420199997	0.1607440134797162
A2	GIMME	training_samples=setx2,setx3	GL261	G5	4	0.0003791396167344	0.13426320953391449
A2	GIMME	training_samples=setx2,setx3	GL261	G5	5	2.9925866877460163e-06	0.0010597528608747762
A2	GIMME	training_samples=setx2,setx3	GL261	G5	6	1.1477968082316003e-06	0.00040646473373927224
A2	GIMME	training_samples=setx2,setx3	GL261	G5	7	1.7064762642250768e-07	6.0430767483949653e-05
A2	GIMME	training_samples=setx2,setx3	GL261	G5	8	2.0292307300751826e-10	7.1860343440607424e-08
A2	GIMME	training_samples=setx2,setx3	GL261	G5	9	3.826049654522786e-07	0.00013549037973845302
A2	GIMME	training_samples=setx2,setx3	GL261	G5	10	3.9221948647835602e-05	0.013889513195667549
A2	GIMME	training_samples=setx2,setx3	GL261	G5	11	4.5587396574310833e-06	0.001614368403671757
A2	GIMME	training_samples=setx2,setx3	GL261	G5	12	5.69399847438513e-06	0.0020163931082615252
A2	GIMME	training_samples=setx2,setx3	GL261	G5	13	5.8283906570842606e-07	0.00020639848791792392
A2	GIMME	training_samples=setx2,setx3	GL261	G5	14	3.1122615422519492e-07	0.00011021328427001176
A2	GIMME	training_samples=setx2,setx3	GL261	G5	15	1.2420510848465845e-07	4.3984262708532775e-05
A2	GIMME	training_samples=setx2,setx3	GL261	G5	16	1.3801002579011632e-08	4.8872943350100984e-06
A2	GIMME	training_samples=setx2,setx3	GL261	G5	17	2.5708921463057944e-08	9.1041984454596714e-06
A2	GIMME	training_samples=setx2,setx3	GL261	G5	18	1.7841400615163064e-08	6.3181044750863846e-06
A2	GIMME	training_samples=setx2,setx3	GL261	G5	19	7.1202020422780499e-09	2.52144892417265e-06
A2	RIPTiDe	training_samples=setx1,setx2	CT2A	C1	0	5.2733739757983398e-27	5.9139795282588412e-08
A2	RIPTiDe	training_samples=setx1,setx2	CT2A	C1	1	7.9605222027513404e-30	8.9275605252696262e-11
A2	RIPTiDe	training_samples=setx1,setx2	CT2A	C1	2	4.1789373679869842e-30	4.6865915744975051e-11
A2	RIPTiDe	training_samples=setx1,setx2	CT2A	C1	3	1.133174736495732e-25	1.2708319615358419e-06
A2	RIPTiDe	training_samples=setx1,setx2	CT2A	C1	4	1.1362491896628549e-30	1.2742798969893868e-11
A2	RIPTiDe	training_samples=setx1,setx2	CT2A	C1	5	2.1839525834916607e-30	2.4492575206563744e-11
A2	RIPTiDe	training_samples=setx1,setx2	CT2A	C1	6	5.3389859076851947e-25	5.9875619488816136e-06
A2	RIPTiDe	training_samples=setx1,setx2	CT2A	C1	7	3.6781178552121264e-24	4.1249328794199038e-05
A2	RIPTiDe	training_samples=setx1,setx2	CT2A	C1	8	8.4587430422675465e-20	0.94863048621919299
A2	RIPTiDe	training_samples=setx1,setx2	CT2A	C1	9	2.0754130782551869e-29	2.3275327169686798e-10
A2	RIPTiDe	training_samples=setx1,setx2	CT2A	C1	10	5.3565711411898153e-29	6.0072834234865383e-10
A2	RIPTiDe	training_samples=setx1,setx2	CT2A	C1	11	4.5691349538996178e-21	0.051241900732298055
A2	RIPTiDe	training_samples=setx1,setx2	CT2A	C1	12	2.3022480796455022e-26	2.5819234657893722e-07
A2	RIPTiDe	training_samples=setx1,setx2	CT2A	C1	13	2.1309982598342831e-24	2.3898703451061874e-05
A2	RIPTiDe	training_samples=setx1,setx2	CT2A	C1	14	1.2811114752504547e-26	1.4367399453974181e-07
A2	RIPTiDe	training_samples=setx1,setx2	CT2A	C1	15	5.4998312452239117e-26	6.1679466585163677e-07
A2	RIPTiDe	training_samples=setx1,setx2	CT2A	C1	16	7.7062332022888697e-28	8.6423806859678283e-09
A2	RIPTiDe	training_samples=setx1,setx2	CT2A	C1	17	4.8241055703973774e-24	5.4101343307764177e-05
A2	RIPTiDe	training_samples=setx1,setx2	CT2A	C1	18	1.5895581029367411e-27	1.7826564402390372e-08
A2	RIPTiDe	training_samples=setx1,setx2	CT2A	C1	19	2.175362232377709e-31	2.4396236200717348e-12
A2	RIPTiDe	training_samples=setx1,setx2	CT2A	C2	0	0.0010457010015807	0.061855664353300775
A2	RIPTiDe	training_samples=setx1,setx2	CT2A	C2	1	0.0001301071782662	0.0076961444395901319
A2	RIPTiDe	training_samples=setx1,setx2	CT2A	C2	2	0.00010013003307039999	0.005922926063879827
A2	RIPTiDe	training_samples=setx1,setx2	CT2A	C2	3	3.3637713390575677e-10	1.9897495612558301e-08
A2	RIPTiDe	training_samples=setx1,setx2	CT2A	C2	4	5.7375145050888447e-05	0.0033938742615001846
A2	RIPTiDe	training_samples=setx1,setx2	CT2A	C2	5	7.6214663952418651e-05	0.0045082759461014072
A2	RIPTiDe	training_samples=setx1,setx2	CT2A	C2	6	0.0022627265196754	0.13384557527704788
A2	RIPTiDe	training_samples=setx1,setx2	CT2A	C2	7	0.0025404798133275	0.15027533338113078
A2	RIPTiDe	training_samples=setx1,setx2	CT2A	C2	8	2.936632812404145e-09	1.7370871147524877e-07
A2	RIPTiDe	training_samples=setx1,setx2	CT2A	C2	9	0.00018876756643930001	0.011166043843133534
A2	RIPTiDe	training_samples=setx1,setx2	CT2A	C2	10	0.00026716429785720002	0.015803394192469754
A2	RIPTiDe	training_samples=setx1,setx2	CT2A	C2	11	1.7177576070373209e-07	1.01609387215481e-05
A2	RIPTiDe	training_samples=setx1,setx2	CT2A	C2	12	0.0014357837465294001	0.084929972692957587
A2	RIPTiDe	training_samples=setx1,setx2	CT2A	C2	13	0.0024919259619522001	0.14740325930910567
A2	RIPTiDe	training_samples=setx1,setx2	CT2A	C2	14	0.0012752875524546	0.075436246765884438
A2	RIPTiDe	training_samples=setx1,setx2	CT2A	C2	15	0.0016800846803944	0.099380945335719437
A2	RIPTiDe	training_samples=setx1,setx2	CT2A	C2	16	4.5178325539553718e-10	2.6724038098792315e-08
A2	RIPTiDe	training_samples=setx1,setx2	CT2A	C2	17	0.0025545253063795001	0.15110615720418138
A2	RIPTiDe	training_samples=setx1,setx2	CT2A	C2	18	0.00077216865448840005	0.045675585128038466
A2	RIPTiDe	training_samples=setx1,setx2	CT2A	C2	19	2.6883475032597344e-05	0.001590220536991952
A2	RIPTiDe	training_samples=setx1,setx2	CT2A	C3	0	0.0012711800052104	0.048328308722331847
A2	RIPTiDe	training_samples=setx1,setx2	CT2A	C3	1	0.0025432511036970001	0.096690495440522717
A2	RIPTiDe	training_samples=setx1,setx2	CT2A	C3	2	0.0026703998833177002	0.1015244964867867
A2	RIPTiDe	training_samples=setx1,setx2	CT2A	C3	3	2.8181073191100365e-06	0.00010714010602146824
A2	RIPTiDe	training_samples=setx1,setx2	CT2A	C3	4	0.0029176887497468001	0.11092603885796563
A2	RIPTiDe	training_samples=setx1,setx2	CT2A	C3	5	0.0027955002799005002	0.10628062116036432
A2	RIPTiDe	training_samples=setx1,setx2	CT2A	C3	6	0.0006001396264133	0.022816385581054113
A2	RIPTiDe	training_samples=setx1,setx2	CT2A	C3	7	0.00040682510326679999	0.015466864728900622
A2	RIPTiDe	training_samples=setx1,setx2	CT2A	C3	8	3.0239047197575814e-07	1.1496420667753683e-05
A2	RIPTiDe	training_samples=setx1,setx2	CT2A	C3	9	0.0023505202278429	0.089363163960776315
A2	RIPTiDe	training_samples=setx1,setx2	CT2A	C3	10	0.0021577700039636001	0.082035096898869092
A2	RIPTiDe	training_samples=setx1,setx2	CT2A	C3	11	2.5408309588166962e-06	9.6598485254358138e-05
A2	RIPTiDe	training_samples=setx1,setx2	CT2A	C3	12	0.0010263841799915	0.039021547943665538
A2	RIPTiDe	training_samples=setx1,setx2	CT2A	C3	13	0.00045632978877049998	0.017348956733509179
A2	RIPTiDe	training_samples=setx1,setx2	CT2A	C3	14	0.0011205897745395	0.042603099760107933
A2	RIPTiDe	training_samples=setx1,setx2	CT2A	C3	15	0.00089466455214150004	0.034013770277691459
A2	RIPTiDe	training_samples=setx1,setx2	CT2A	C3	16	9.5562148500934569e-06	0.00036331259113520103
A2	RIPTiDe	training_samples=setx1,setx2	CT2A	C3	17	0.00038369246706369998	0.014587397478469974
A2	RIPTiDe	training_samples=setx1,setx2	CT2A	C3	18	0.0014881871509082999	0.056578586644618942
A2	RIPTiDe	training_samples=setx1,setx2	CT2A	C3	19	0.0032046699238807998	0.12183662172128688
A2	RIPTiDe	training_samples=setx1,setx2	CT2A	C4	0	0.00054687478421789996	0.023914195885932625
A2	RIPTiDe	training_samples=setx1,setx2	CT2A	C4	1	6.4096898664565266e-05	0.0028028825511443567
A2	RIPTiDe	training_samples=setx1,setx2	CT2A	C4	2	5.1212360472654646e-05	0.0022394567375702565
A2	RIPTiDe	training_samples=setx1,setx2	CT2A	C4	3	5.06743674416999e-05	0.0022159309303858609
A2	RIPTiDe	training_samples=setx1,setx2	CT2A	C4	4	3.2349225727183776e-05	0.0014145938761913807
A2	RIPTiDe	training_samples=setx1,setx2	CT2A	C4	5	4.0774040658164952e-05	0.0017830011978972906
A2	RIPTiDe	training_samples=setx1,setx2	CT2A	C4	6	0.0021583773771091	0.094383322986393847
A2	RIPTiDe	training_samples=setx1,setx2	CT2A	C4	7	0.0036661874578444	0.16031809758210946
A2	RIPTiDe	training_samples=setx1,setx2	CT2A	C4	8	0.0027687984139553	0.12107632231513546
A2	RIPTiDe	training_samples=setx1,setx2	CT2A	C4	9	8.9158717966686282e-05	0.0038988066517698619
A2	RIPTiDe	training_samples=setx1,setx2	CT2A	C4	10	0.00012304126011559999	0.0053804506650722578
A2	RIPTiDe	training_samples=setx1,setx2	CT2A	C4	11	0.0030663879091386999	0.13408956353010443
A2	RIPTiDe	training_samples=setx1,setx2	CT2A	C4	12	0.0008604455023084	0.037626277321965544
A2	RIPTiDe	training_samples=setx1,setx2	CT2A	C4	13	0.003165092934653	0.13840581906646215
A2	RIPTiDe	training_samples=setx1,setx2	CT2A	C4	14	0.00071967397060020003	0.031470502578671976
A2	RIPTiDe	training_samples=setx1,setx2	CT2A	C4	15	0.0011174759705457999	0.048865919637660703
A2	RIPTiDe	training_samples=setx1,setx2	CT2A	C4	16	1.4612783833682948e-05	0.00063899997791495443
A2	RIPTiDe	training_samples=setx1,setx2	CT2A	C4	17	0.0039405374617216002	0.17231510297230787
A2	RIPTiDe	training_samples=setx1,setx2	CT2A	C4	18	0.00037457590445830001	0.016379767017740243
A2	RIPTiDe	training_samples=setx1,setx2	CT2A	C4	19	1.7859761428320324e-05	0.00078098651756943903
A2	RIPTiDe	training_samples=setx1,setx2	CT2A	C5	0	6.5101880489508019e-17	2.6937099310416463e-06
A2	RIPTiDe	training_samples=setx1,setx2	CT2A	C5	1	1.2305016264320046e-19	5.0914265860829933e-09
A2	RIPTiDe	training_samples=setx1,setx2	CT2A	C5	2	6.5385479930443164e-20	2.7054443790290279e-09
A2	RIPTiDe	training_samples=setx1,setx2	CT2A	C5	3	6.6810118812082328e-17	2.7643914305544896e-06
A2	RIPTiDe	training_samples=setx1,setx2	CT2A	C5	4	1.8127557734666568e-20	7.5006101096068595e-10
A2	RIPTiDe	training_samples=setx1,setx2	CT2A	C5	5	3.4532950341337428e-20	1.4288642752434817e-09
A2	RIPTiDe	training_samples=setx1,setx2	CT2A	C5	6	4.9293526778939211e-15	0.00020396102481539752
A2	RIPTiDe	training_samples=setx1,setx2	CT2A	C5	7	2.8951585012957373e-14	0.0011979250289301301
A2	RIPTiDe	training_samples=setx1,setx2	CT2A	C5	8	2.0932924277797423e-11	0.8661382065904103
A2	RIPTiDe	training_samples=setx1,setx2	CT2A	C5	9	3.1406593977317785e-19	1.2995055359503488e-08
A2	RIPTiDe	training_samples=setx1,setx2	CT2A	C5	10	7.9068643525053861e-19	3.2716104157967449e-08
A2	RIPTiDe	training_samples=setx1,setx2	CT2A	C5	11	3.1454947344952637e-12	0.1301506245386358
A2	RIPTiDe	training_samples=setx1,setx2	CT2A	C5	12	2.6244532378908348e-16	1.0859157519421096e-05
A2	RIPTiDe	training_samples=setx1,setx2	CT2A	C5	13	1.759138721854109e-14	0.00072787597063375274
A2	RIPTiDe	training_samples=setx1,setx2	CT2A	C5	14	1.5095440245204331e-16	6.246015782678652e-06
A2	RIPTiDe	training_samples=setx1,setx2	CT2A	C5	15	5.9479287292849872e-16	2.4610648059213948e-05
A2	RIPTiDe	training_samples=setx1,setx2	CT2A	C5	16	7.6578846835118006e-19	3.1685905027078184e-08
A2	RIPTiDe	training_samples=setx1,setx2	CT2A	C5	17	3.7056631612263754e-14	0.0015332862251343706
A2	RIPTiDe	training_samples=setx1,setx2	CT2A	C5	18	2.0764758745669179e-17	8.591800486916418e-07
A2	RIPTiDe	training_samples=setx1,setx2	CT2A	C5	19	3.5239016105611428e-21	1.4580790436479044e-10
A2	RIPTiDe	training_samples=setx1,setx2	GL261	G1	0	1.5208765426166103e-10	0.0018292577112831462
A2	RIPTiDe	training_samples=setx1,setx2	GL261	G1	1	3.4642309521501745e-10	0.0041666571909801074
A2	RIPTiDe	training_samples=setx1,setx2	GL261	G1	2	2.373569238645768e-08	0.28548469986835456
A2	RIPTiDe	training_samples=setx1,setx2	GL261	G1	3	2.0948235987747827e-10	0.0025195813824861286
A2	RIPTiDe	training_samples=setx1,setx2	GL261	G1	4	6.6407464785793366e-09	0.079872602175309393
A2	RIPTiDe	training_samples=setx1,setx2	GL261	G1	5	5.5208560322927432e-11	0.00066402947162170784
A2	RIPTiDe	training_samples=setx1,setx2	GL261	G1	6	4.184130338513338e-09	0.050325272777046862
A2	RIPTiDe	training_samples=setx1,setx2	GL261	G1	7	9.4198375663525446e-12	0.00011329854872795423
A2	RIPTiDe	training_samples=setx1,setx2	GL261	G1	8	2.0160391710181931e-12	2.4248221972633602e-05
A2	RIPTiDe	training_samples=setx1,setx2	GL261	G1	9	1.9248522393657568e-11	0.00023151457092517247
A2	RIPTiDe	training_samples=setx1,setx2	GL261	G1	10	1.9946582431151103e-11	0.00023991059565658647
A2	RIPTiDe	training_samples=setx1,setx2	GL261	G1	11	6.1190377417899498e-13	7.3597669903858423e-06
A2	RIPTiDe	training_samples=setx1,setx2	GL261	G1	12	3.6668426777683595e-12	4.4103515679384083e-05
A2	RIPTiDe	training_samples=setx1,setx2	GL261	G1	13	5.4011095237261435e-10	0.0064962677567257949
A2	RIPTiDe	training_samples=setx1,setx2	GL261	G1	14	2.6927941100218621e-08	0.323879963470319
A2	RIPTiDe	training_samples=setx1,setx2	GL261	G1	15	2.0285230566399288e-08	0.2439837383177825
A2	RIPTiDe	training_samples=setx1,setx2	GL261	G1	16	5.3181456560614105e-12	6.3964816857127674e-05
A2	RIPTiDe	training_samples=setx1,setx2	GL261	G1	17	3.6172132737060443e-12	4.3506590369909683e-05
A2	RIPTiDe	training_samples=setx1,setx2	GL261	G1	18	3.3322873736202604e-13	4.0079600175297951e-06
A2	RIPTiDe	training_samples=setx1,setx2	GL261	G1	19	5.0012170300150661e-13	6.0152908941681632e-06
A2	RIPTiDe	training_samples=setx1,setx2	GL261	G2	0	1.0930778828650345e-06	2.8090639679038081e-06
A2	RIPTiDe	training_samples=setx1,setx2	GL261	G2	1	3.3476974115601546e-07	8.6031346180111144e-07
A2	RIPTiDe	training_samples=setx1,setx2	GL261	G2	2	3.2522117567207261e-13	8.3577492555718874e-13
A2	RIPTiDe	training_samples=setx1,setx2	GL261	G2	3	1.3289279953845238e-06	3.4151672138756778e-06
A2	RIPTiDe	training_samples=setx1,setx2	GL261	G2	4	1.660270490472443e-09	4.2666731116505224e-09
A2	RIPTiDe	training_samples=setx1,setx2	GL261	G2	5	4.0437240526133657e-05	0.00010391829997117147
A2	RIPTiDe	training_samples=setx1,setx2	GL261	G2	6	3.7617471686835e-09	9.6671871177341583e-09
A2	RIPTiDe	training_samples=setx1,setx2	GL261	G2	7	0.033152042238379198	0.085196314712878224
A2	RIPTiDe	training_samples=setx1,setx2	GL261	G2	8	0.052363428198622497	0.13456700725032469
A2	RIPTiDe	training_samples=setx1,setx2	GL261	G2	9	7.9947318584849918e-12	2.0545391640218337e-11
A2	RIPTiDe	training_samples=setx1,setx2	GL261	G2	10	0.0241450771625113	0.062049619082670773
A2	RIPTiDe	training_samples=setx1,setx2	GL261	G2	11	0.063194097441888905	0.16240037868384058
A2	RIPTiDe	training_samples=setx1,setx2	GL261	G2	12	1.6943017381703462e-10	4.3541288668071688e-10
A2	RIPTiDe	training_samples=setx1,setx2	GL261	G2	13	5.6505114879388063e-08	1.4521058810001808e-07
A2	RIPTiDe	training_samples=setx1,setx2	GL261	G2	14	1.6240768117101769e-14	4.1736601978675803e-14
A2	RIPTiDe	training_samples=setx1,setx2	GL261	G2	15	5.7031772555088896e-12	1.465640278900114e-11
A2	RIPTiDe	training_samples=setx1,setx2	GL261	G2	16	0.040454010272034699	0.10396139597530801
A2	RIPTiDe	training_samples=setx1,setx2	GL261	G2	17	0.045351434281643302	0.11654712068586567
A2	RIPTiDe	training_samples=setx1,setx2	GL261	G2	18	0.066052295328072205	0.16974556498856402
A2	RIPTiDe	training_samples=setx1,setx2	GL261	G2	19	0.064369667364032795	0.16542143615999266
A2	RIPTiDe	training_samples=setx1,setx2	GL261	G3	0	4.418347534658727e-22	5.4360887021080537e-05
A2	RIPTiDe	training_samples=setx1,setx2	GL261	G3	1	1.3631167753696353e-21	0.00016771029540149532
A2	RIPTiDe	training_samples=setx1,setx2	GL261	G3	2	2.2009762697034321e-18	0.27079586065804823
A2	RIPTiDe	training_samples=setx1,setx2	GL261	G3	3	5.7463624924514249e-22	7.0700043349680668e-05
A2	RIPTiDe	training_samples=setx1,setx2	GL261	G3	4	8.833422603733827e-20	0.010868151144840256
A2	RIPTiDe	training_samples=setx1,setx2	GL261	G3	5	5.8882210048824158e-23	7.2445391470612325e-06
A2	RIPTiDe	training_samples=setx1,setx2	GL261	G3	6	4.6915294532811191e-20	0.0057721965183887601
A2	RIPTiDe	training_samples=setx1,setx2	GL261	G3	7	1.1879993536321871e-24	1.4616482324517787e-07
A2	RIPTiDe	training_samples=setx1,setx2	GL261	G3	8	2.1351672943912138e-25	2.6269909089546573e-08
A2	RIPTiDe	training_samples=setx1,setx2	GL261	G3	9	8.6409100277159262e-22	0.00010631294394370657
A2	RIPTiDe	training_samples=setx1,setx2	GL261	G3	10	2.755273179135697e-24	3.3899346492846215e-07
A2	RIPTiDe	training_samples=setx1,setx2	GL261	G3	11	5.721925951365532e-26	7.0399389759455821e-09
A2	RIPTiDe	training_samples=setx1,setx2	GL261	G3	12	7.3818918136731396e-23	9.082268511861646e-06
A2	RIPTiDe	training_samples=setx1,setx2	GL261	G3	13	3.3526883681973777e-21	0.00041249610215314558
A2	RIPTiDe	training_samples=setx1,setx2	GL261	G3	14	4.8011243311846624e-18	0.59070359516626259
A2	RIPTiDe	training_samples=setx1,setx2	GL261	G3	15	9.837216648016862e-19	0.12103163425012063
A2	RIPTiDe	training_samples=setx1,setx2	GL261	G3	16	6.2746859741381571e-25	7.7200241189091837e-08
A2	RIPTiDe	training_samples=setx1,setx2	GL261	G3	17	4.0855066508209922e-25	5.0265798180655667e-08
A2	RIPTiDe	training_samples=setx1,setx2	GL261	G3	18	2.9340436546166268e-26	3.6098838846965502e-09
A2	RIPTiDe	training_samples=setx1,setx2	GL261	G3	19	4.5830683362818788e-26	5.6387520013804052e-09
A2	RIPTiDe	training_samples=setx1,setx2	GL261	G4	0	6.5084555790016198e-28	1.386478810725596e-10
A2	RIPTiDe	training_samples=setx1,setx2	GL261	G4	1	9.2646617952385914e-27	1.9736260179880796e-09
A2	RIPTiDe	training_samples=setx1,setx2	GL261	G4	2	5.1318287171182405e-19	0.1093219687864722
A2	RIPTiDe	training_samples=setx1,setx2	GL261	G4	3	1.0126576167051298e-27	2.1572373215719468e-10
A2	RIPTiDe	training_samples=setx1,setx2	GL261	G4	4	1.3329496506492259e-22	2.8395468386568173e-05
A2	RIPTiDe	training_samples=setx1,setx2	GL261	G4	5	2.6094941427127281e-30	5.5589352829826716e-13
A2	RIPTiDe	training_samples=setx1,setx2	GL261	G4	6	3.320877523608602e-23	7.074376192031272e-06
A2	RIPTiDe	training_samples=setx1,setx2	GL261	G4	7	2.3138099327912869e-35	4.9290471524638435e-18
A2	RIPTiDe	training_samples=setx1,setx2	GL261	G4	8	4.9619083039877141e-37	1.0570219986502013e-19
A2	RIPTiDe	training_samples=setx1,setx2	GL261	G4	9	3.420760528167462e-26	7.2871542738534285e-09
A2	RIPTiDe	training_samples=setx1,setx2	GL261	G4	10	1.4588925312782523e-34	3.1078395745206979e-17
A2	RIPTiDe	training_samples=setx1,setx2	GL261	G4	11	2.4183145028260603e-38	5.1516704310872313e-21
A2	RIPTiDe	training_samples=setx1,setx2	GL261	G4	12	8.2995211906990792e-29	1.7680247073050628e-11
A2	RIPTiDe	training_samples=setx1,setx2	GL261	G4	13	1.0054396449214732e-25	2.141861070151037e-08
A2	RIPTiDe	training_samples=setx1,setx2	GL261	G4	14	4.1242295263200123e-18	0.87857353859188658
A2	RIPTiDe	training_samples=setx1,setx2	GL261	G4	15	5.665466786672897e-20	0.012068991725063823
A2	RIPTiDe	training_samples=setx1,setx2	GL261	G4	16	5.6156402770837237e-36	1.1962847649992174e-18
A2	RIPTiDe	training_samples=setx1,setx2	GL261	G4	17	2.1489659961879996e-36	4.5778845419139055e-19
A2	RIPTiDe	training_samples=setx1,setx2	GL261	G4	18	5.1045520409566766e-39	1.0874090108053214e-21
A2	RIPTiDe	training_samples=setx1,setx2	GL261	G4	19	1.4446785549268186e-38	3.077559922476978e-21
A2	RIPTiDe	training_samples=setx1,setx2	GL261	G5	0	0.0007400062347619	0.045136425726643864
A2	RIPTiDe	training_samples=setx1,setx2	GL261	G5	1	0.0011272842263749	0.068758313601180968
A2	RIPTiDe	training_samples=setx1,setx2	GL261	G5	2	0.00067162769301170005	0.040965700094856228
A2	RIPTiDe	training_samples=setx1,setx2	GL261	G5	3	0.0010523057049710001	0.06418502448081348
A2	RIPTiDe	training_samples=setx1,setx2	GL261	G5	4	0.0032544498105101	0.19850404665907057
A2	RIPTiDe	training_samples=setx1,setx2	GL261	G5	5	0.00077920908551410003	0.047527590122466441
A2	RIPTiDe	training_samples=setx1,setx2	GL261	G5	6	0.0027903123351752002	0.1701941410146319
A2	RIPTiDe	training_samples=setx1,setx2	GL261	G5	7	0.00073902740284350005	0.045076722210499916
A2	RIPTiDe	training_samples=setx1,setx2	GL261	G5	8	0.0001885511259886	0.011500611067956487
A2	RIPTiDe	training_samples=setx1,setx2	GL261	G5	9	2.3809140082467961e-06	0.00014522303089694244
A2	RIPTiDe	training_samples=setx1,setx2	GL261	G5	10	0.0013730428451936001	0.083748276014892181
A2	RIPTiDe	training_samples=setx1,setx2	GL261	G5	11	6.0564661412309401e-05	0.003694120688558262
A2	RIPTiDe	training_samples=setx1,setx2	GL261	G5	12	1.2230864966787003e-06	7.4601740122313804e-05
A2	RIPTiDe	training_samples=setx1,setx2	GL261	G5	13	0.0010069979968152	0.061421496407733492
A2	RIPTiDe	training_samples=setx1,setx2	GL261	G5	14	0.000278155334363	0.01696598893384316
A2	RIPTiDe	training_samples=setx1,setx2	GL261	G5	15	0.0014742853799368	0.089923529594051449
A2	RIPTiDe	training_samples=setx1,setx2	GL261	G5	16	0.00045167006935589997	0.02754946050554586
A2	RIPTiDe	training_samples=setx1,setx2	GL261	G5	17	0.00032100622864360002	0.019579664489750993
A2	RIPTiDe	training_samples=setx1,setx2	GL261	G5	18	3.3120263709182605e-05	0.0020201590915478957
A2	RIPTiDe	training_samples=setx1,setx2	GL261	G5	19	4.9658522952764952e-05	0.0030289045249375459
A2	RIPTiDe	training_samples=setx1,setx2,setx3	CT2A	C1	0	2.1488671106210194e-27	0.00028733115699741891
A2	RIPTiDe	training_samples=setx1,setx2,setx3	CT2A	C1	1	8.1819847694229181e-31	1.0940365454493503e-07
A2	RIPTiDe	training_samples=setx1,setx2,setx3	CT2A	C1	2	3.0345441842024523e-31	4.0575756736985752e-08
A2	RIPTiDe	training_samples=setx1,setx2,setx3	CT2A	C1	3	9.5941811327899322e-27	0.0012828653534236718
A2	RIPTiDe	training_samples=setx1,setx2,setx3	CT2A	C1	4	1.5576969256962576e-31	2.0828410360949668e-08
A2	RIPTiDe	training_samples=setx1,setx2,setx3	CT2A	C1	5	5.8851428187007599e-31	7.8691925007109829e-08
A2	RIPTiDe	training_samples=setx1,setx2,setx3	CT2A	C1	6	8.668618353718303e-28	0.00011591057114849293
A2	RIPTiDe	training_samples=setx1,setx2,setx3	CT2A	C1	7	7.0576012819906419e-25	0.094369201890515564
A2	RIPTiDe	training_samples=setx1,setx2,setx3	CT2A	C1	8	1.5761653139808348e-30	2.1075356453961048e-07
A2	RIPTiDe	training_samples=setx1,setx2,setx3	CT2A	C1	9	1.6682728593506144e-27	0.00022306952742465021
A2	RIPTiDe	training_samples=setx1,setx2,setx3	CT2A	C1	10	2.0862375251252855e-28	2.7895677629522772e-05
A2	RIPTiDe	training_samples=setx1,setx2,setx3	CT2A	C1	11	7.3311848923347872e-29	9.8027366460450108e-06
A2	RIPTiDe	training_samples=setx1,setx2,setx3	CT2A	C1	12	3.0810915855145103e-26	0.0041198155330556836
A2	RIPTiDe	training_samples=setx1,setx2,setx3	CT2A	C1	13	1.3686378369771276e-28	1.8300447303855543e-05
A2	RIPTiDe	training_samples=setx1,setx2,setx3	CT2A	C1	14	4.0343510838907871e-25	0.05394446026646689
A2	RIPTiDe	training_samples=setx1,setx2,setx3	CT2A	C1	15	3.9139533138609887e-27	0.00052334587306357525
A2	RIPTiDe	training_samples=setx1,setx2,setx3	CT2A	C1	16	2.8500472853938125e-29	3.8108796023821784e-06
A2	RIPTiDe	training_samples=setx1,setx2,setx3	CT2A	C1	17	6.3200603501253598e-24	0.84507331501305594
A2	RIPTiDe	training_samples=setx1,setx2,setx3	CT2A	C1	18	7.9602278469812942e-32	1.0643847941696147e-08
A2	RIPTiDe	training_samples=setx1,setx2,setx3	CT2A	C1	19	3.0227198901323857e-30	4.0417650724797397e-07
A2	RIPTiDe	training_samples=setx1,setx2,setx3	CT2A	C2	0	0.00083643433629159998	0.068232862783867282
A2	RIPTiDe	training_samples=setx1,setx2,setx3	CT2A	C2	1	4.9575896839779699e-05	0.0040441971589226583
A2	RIPTiDe	training_samples=setx1,setx2,setx3	CT2A	C2	2	3.1457741924722214e-05	0.0025661928200560839
A2	RIPTiDe	training_samples=setx1,setx2,setx3	CT2A	C2	3	7.9556360838184816e-11	6.4898797396610557e-09
A2	RIPTiDe	training_samples=setx1,setx2,setx3	CT2A	C2	4	2.291110504465912e-05	0.0018689934390665626
A2	RIPTiDe	training_samples=setx1,setx2,setx3	CT2A	C2	5	4.2718906951847859e-05	0.0034848322095974451
A2	RIPTiDe	training_samples=setx1,setx2,setx3	CT2A	C2	6	0.0006526511486608	0.053240588459989739
A2	RIPTiDe	training_samples=setx1,setx2,setx3	CT2A	C2	7	0.0023195681750506	0.18922080328237056
A2	RIPTiDe	training_samples=setx1,setx2,setx3	CT2A	C2	8	6.6218567739281459e-05	0.005401837598311407
A2	RIPTiDe	training_samples=setx1,setx2,setx3	CT2A	C2	9	1.0904891897302914e-11	8.8957609727080291e-10
A2	RIPTiDe	training_samples=setx1,setx2,setx3	CT2A	C2	10	6.9096059869661352e-10	5.6365715363804213e-08
A2	RIPTiDe	training_samples=setx1,setx2,setx3	CT2A	C2	11	0.00029830988297979997	0.024334889696991283
A2	RIPTiDe	training_samples=setx1,setx2,setx3	CT2A	C2	12	0.0015171678912877999	0.12376429811011495
A2	RIPTiDe	training_samples=setx1,setx2,setx3	CT2A	C2	13	0.00036885390959810001	0.030089580387725766
A2	RIPTiDe	training_samples=setx1,setx2,setx3	CT2A	C2	14	0.0022012013059902998	0.17956492237896898
A2	RIPTiDe	training_samples=setx1,setx2,setx3	CT2A	C2	15	0.00097337352751240001	0.079403797116535765
A2	RIPTiDe	training_samples=setx1,setx2,setx3	CT2A	C2	16	0.00021252415052889999	0.017336843517912402
A2	RIPTiDe	training_samples=setx1,setx2,setx3	CT2A	C2	17	0.0025615771460029998	0.20896289682275726
A2	RIPTiDe	training_samples=setx1,setx2,setx3	CT2A	C2	18	1.6503482833390922e-05	0.0013462860511193732
A2	RIPTiDe	training_samples=setx1,setx2,setx3	CT2A	C2	19	8.7478245606323004e-05	0.0071361144205213346
A2	RIPTiDe	training_samples=setx1,setx2,setx3	CT2A	C3	0	0.0014322995592113	0.041345399540515533
A2	RIPTiDe	training_samples=setx1,setx2,setx3	CT2A	C3	1	0.0029774175164349001	0.085947465405712464
A2	RIPTiDe	training_samples=setx1,setx2,setx3	CT2A	C3	2	0.0031498244168919002	0.090924240087442973
A2	RIPTiDe	training_samples=setx1,setx2,setx3	CT2A	C3	3	2.8974626983973328e-06	8.3639453875797057e-05
A2	RIPTiDe	training_samples=setx1,setx2,setx3	CT2A	C3	4	0.0032580242235118002	0.09404758408775088
A2	RIPTiDe	training_samples=setx1,setx2,setx3	CT2A	C3	5	0.003036089448765	0.087641115639981795
A2	RIPTiDe	training_samples=setx1,setx2,setx3	CT2A	C3	6	0.0016029761868221	0.046272227392562142
A2	RIPTiDe	training_samples=setx1,setx2,setx3	CT2A	C3	7	0.00056899639702059999	0.016424904427733561
A2	RIPTiDe	training_samples=setx1,setx2,setx3	CT2A	C3	8	0.0028570130743193001	0.082471816939784282
A2	RIPTiDe	training_samples=setx1,setx2,setx3	CT2A	C3	9	2.0811939437136174e-06	6.00766750019271e-05
A2	RIPTiDe	training_samples=setx1,setx2,setx3	CT2A	C3	10	1.4926011465010843e-05	0.00043086092123564493
A2	RIPTiDe	training_samples=setx1,setx2,setx3	CT2A	C3	11	0.0020939531545811998	0.060444988088214975
A2	RIPTiDe	training_samples=setx1,setx2,setx3	CT2A	C3	12	0.00098118898595809991	0.028323440015250455
A2	RIPTiDe	training_samples=setx1,setx2,setx3	CT2A	C3	13	0.0019674908318863	0.056794470132654477
A2	RIPTiDe	training_samples=setx1,setx2,setx3	CT2A	C3	14	0.00063251253408220002	0.018258389641907659
A2	RIPTiDe	training_samples=setx1,setx2,setx3	CT2A	C3	15	0.0013237580360675001	0.038212191398227416
A2	RIPTiDe	training_samples=setx1,setx2,setx3	CT2A	C3	16	0.0022861444468168998	0.065992867869780092
A2	RIPTiDe	training_samples=setx1,setx2,setx3	CT2A	C3	17	0.00036160368506780001	0.01043821366717697
A2	RIPTiDe	training_samples=setx1,setx2,setx3	CT2A	C3	18	0.0033598388975703002	0.0969866119963778
A2	RIPTiDe	training_samples=setx1,setx2,setx3	CT2A	C3	19	0.0027332596972096	0.07889949661881307
A2	RIPTiDe	training_samples=setx1,setx2,setx3	CT2A	C4	0	0.00041228749221709998	0.03633558112617026
A2	RIPTiDe	training_samples=setx1,setx2,setx3	CT2A	C4	1	2.8776015089158181e-05	0.002536077980773242
A2	RIPTiDe	training_samples=setx1,setx2,setx3	CT2A	C4	2	2.0148267597757197e-05	0.0017757002714615211
A2	RIPTiDe	training_samples=setx1,setx2,setx3	CT2A	C4	3	1.9537119928470515e-05	0.0017218388128030983
A2	RIPTiDe	training_samples=setx1,setx2,setx3	CT2A	C4	4	1.5817265024264874e-05	0.0013940018247768575
A2	RIPTiDe	training_samples=setx1,setx2,setx3	CT2A	C4	5	2.5574974532426903e-05	0.0022539649624718672
A2	RIPTiDe	training_samples=setx1,setx2,setx3	CT2A	C4	6	0.000308370323935	0.027177188572927717
A2	RIPTiDe	training_samples=setx1,setx2,setx3	CT2A	C4	7	0.0023342297889901	0.20571954635070849
A2	RIPTiDe	training_samples=setx1,setx2,setx3	CT2A	C4	8	3.6334143192236451e-05	0.003202188357720538
A2	RIPTiDe	training_samples=setx1,setx2,setx3	CT2A	C4	9	8.096947391117093e-06	0.00071359741529424274
A2	RIPTiDe	training_samples=setx1,setx2,setx3	CT2A	C4	10	1.1362402350042092e-05	0.0010013873817950822
A2	RIPTiDe	training_samples=setx1,setx2,setx3	CT2A	C4	11	0.000136746224894	0.012051671811855603
A2	RIPTiDe	training_samples=setx1,setx2,setx3	CT2A	C4	12	0.00093960181792330003	0.082808668043393777
A2	RIPTiDe	training_samples=setx1,setx2,setx3	CT2A	C4	13	0.00016846042124580001	0.014846696584970287
A2	RIPTiDe	training_samples=setx1,setx2,setx3	CT2A	C4	14	0.0019940174230388	0.17573606575401754
A2	RIPTiDe	training_samples=setx1,setx2,setx3	CT2A	C4	15	0.00049816612295979998	0.043904207420350068
A2	RIPTiDe	training_samples=setx1,setx2,setx3	CT2A	C4	16	9.9351631877223835e-05	0.0087560242506491987
A2	RIPTiDe	training_samples=setx1,setx2,setx3	CT2A	C4	17	0.0042316919864738003	0.37294603978555035
A2	RIPTiDe	training_samples=setx1,setx2,setx3	CT2A	C4	18	1.2373605154835846e-05	0.0010905063636759262
A2	RIPTiDe	training_samples=setx1,setx2,setx3	CT2A	C4	19	4.5716226430054998e-05	0.0040290469286342707
A2	RIPTiDe	training_samples=setx1,setx2,setx3	CT2A	C5	0	2.7694025253773425e-17	0.00047761749303681613
A2	RIPTiDe	training_samples=setx1,setx2,setx3	CT2A	C5	1	1.3103869825641703e-20	2.2599233581441927e-07
A2	RIPTiDe	training_samples=setx1,setx2,setx3	CT2A	C5	2	4.9046752434173812e-21	8.4587150927132277e-08
A2	RIPTiDe	training_samples=setx1,setx2,setx3	CT2A	C5	3	5.4662243145672015e-18	9.427175463215656e-05
A2	RIPTiDe	training_samples=setx1,setx2,setx3	CT2A	C5	4	2.5279914629928215e-21	4.3598318912076157e-08
A2	RIPTiDe	training_samples=setx1,setx2,setx3	CT2A	C5	5	9.4579748411662331e-21	1.6311439711089292e-07
A2	RIPTiDe	training_samples=setx1,setx2,setx3	CT2A	C5	6	1.1620463063118858e-17	0.00020040916353889442
A2	RIPTiDe	training_samples=setx1,setx2,setx3	CT2A	C5	7	6.3769837248152005e-15	0.10997891970824344
A2	RIPTiDe	training_samples=setx1,setx2,setx3	CT2A	C5	8	2.5039020457014304e-20	4.3182867312317678e-07
A2	RIPTiDe	training_samples=setx1,setx2,setx3	CT2A	C5	9	7.7650942794399397e-19	1.3391859178850479e-05
A2	RIPTiDe	training_samples=setx1,setx2,setx3	CT2A	C5	10	2.5339930656598777e-19	4.3701823924214173e-06
A2	RIPTiDe	training_samples=setx1,setx2,setx3	CT2A	C5	11	1.072363589997259e-18	1.8494227718257187e-05
A2	RIPTiDe	training_samples=setx1,setx2,setx3	CT2A	C5	12	3.4525727104960316e-16	0.0059543858554464034
A2	RIPTiDe	training_samples=setx1,setx2,setx3	CT2A	C5	13	1.9635073746275013e-18	3.3863097228926947e-05
A2	RIPTiDe	training_samples=setx1,setx2,setx3	CT2A	C5	14	3.8045455281680637e-15	0.065614062262778883
A2	RIPTiDe	training_samples=setx1,setx2,setx3	CT2A	C5	15	4.9036493354573488e-17	0.00084569457883832615
A2	RIPTiDe	training_samples=setx1,setx2,setx3	CT2A	C5	16	4.279013713185397e-19	7.3796849090519994e-06
A2	RIPTiDe	training_samples=setx1,setx2,setx3	CT2A	C5	17	4.7358489960200598e-14	0.81675534854646203
A2	RIPTiDe	training_samples=setx1,setx2,setx3	CT2A	C5	18	1.2950728358343634e-21	2.2335122304656993e-08
A2	RIPTiDe	training_samples=setx1,setx2,setx3	CT2A	C5	19	4.755414135533697e-20	8.2012959725165729e-07
A2	RIPTiDe	training_samples=setx1,setx2,setx3	GL261	G1	0	5.1200197315018973e-07	0.065877462671078746
A2	RIPTiDe	training_samples=setx1,setx2,setx3	GL261	G1	1	1.9754671998885631e-08	0.002541762992003638
A2	RIPTiDe	training_samples=setx1,setx2,setx3	GL261	G1	2	4.8030301755493866e-08	0.0061798871428373177
A2	RIPTiDe	training_samples=setx1,setx2,setx3	GL261	G1	3	1.0639280769923177e-07	0.013689182044658695
A2	RIPTiDe	training_samples=setx1,setx2,setx3	GL261	G1	4	1.3022851831824634e-07	0.016756037679768049
A2	RIPTiDe	training_samples=setx1,setx2,setx3	GL261	G1	5	6.073770144086475e-07	0.078149028113686098
A2	RIPTiDe	training_samples=setx1,setx2,setx3	GL261	G1	6	8.6358553421620507e-07	0.111114462007988
A2	RIPTiDe	training_samples=setx1,setx2,setx3	GL261	G1	7	1.1833741266451841e-06	0.15226051644750313
A2	RIPTiDe	training_samples=setx1,setx2,setx3	GL261	G1	8	1.6912424138131864e-06	0.2176061125276974
A2	RIPTiDe	training_samples=setx1,setx2,setx3	GL261	G1	9	8.7252711037455817e-07	0.11226494263205333
A2	RIPTiDe	training_samples=setx1,setx2,setx3	GL261	G1	10	8.3733982267721493e-08	0.010773752017405772
A2	RIPTiDe	training_samples=setx1,setx2,setx3	GL261	G1	11	2.6143945651513148e-07	0.033638479811620832
A2	RIPTiDe	training_samples=setx1,setx2,setx3	GL261	G1	12	5.0242366587858887e-07	0.064645056131989273
A2	RIPTiDe	training_samples=setx1,setx2,setx3	GL261	G1	13	1.7828032322037557e-07	0.022938691555575291
A2	RIPTiDe	training_samples=setx1,setx2,setx3	GL261	G1	14	1.3995051344622033e-07	0.018006932021426465
A2	RIPTiDe	training_samples=setx1,setx2,setx3	GL261	G1	15	1.7920090485241914e-07	0.023057139501639831
A2	RIPTiDe	training_samples=setx1,setx2,setx3	GL261	G1	16	3.0922183870598349e-08	0.0039786468030778939
A2	RIPTiDe	training_samples=setx1,setx2,setx3	GL261	G1	17	6.9406297251518994e-08	0.0089302600304305944
A2	RIPTiDe	training_samples=setx1,setx2,setx3	GL261	G1	18	6.5639767396709574e-08	0.0084456341052939251
A2	RIPTiDe	training_samples=setx1,setx2,setx3	GL261	G1	19	2.2652385126383971e-07	0.029146013762265645
A2	RIPTiDe	training_samples=setx1,setx2,setx3	GL261	G2	0	4.7737280202876803e-10	8.7711065851296937e-06
A2	RIPTiDe	training_samples=setx1,setx2,setx3	GL261	G2	1	3.1240287351162869e-05	0.57399979417054359
A2	RIPTiDe	training_samples=setx1,setx2,setx3	GL261	G2	2	7.0198902086785966e-06	0.12898138514501661
A2	RIPTiDe	training_samples=setx1,setx2,setx3	GL261	G2	3	4.0329319883968338e-11	7.409989880126423e-07
A2	RIPTiDe	training_samples=setx1,setx2,setx3	GL261	G2	4	1.0400118401781964e-06	0.019108869758043115
A2	RIPTiDe	training_samples=setx1,setx2,setx3	GL261	G2	5	3.4625413090869452e-13	6.3619709267780781e-09
A2	RIPTiDe	training_samples=setx1,setx2,setx3	GL261	G2	6	8.2228905830251473e-14	1.5108495799311666e-09
A2	RIPTiDe	training_samples=setx1,setx2,setx3	GL261	G2	7	3.0058354011756722e-14	5.5228330078761129e-10
A2	RIPTiDe	training_samples=setx1,setx2,setx3	GL261	G2	8	3.1884557421170173e-14	5.8583742176396162e-10
A2	RIPTiDe	training_samples=setx1,setx2,setx3	GL261	G2	9	3.7550511799070761e-13	6.8994199065402873e-09
A2	RIPTiDe	training_samples=setx1,setx2,setx3	GL261	G2	10	4.964411399627835e-10	9.1214625830200841e-06
A2	RIPTiDe	training_samples=setx1,setx2,setx3	GL261	G2	11	2.9821518963174451e-09	5.47931763696723e-05
A2	RIPTiDe	training_samples=setx1,setx2,setx3	GL261	G2	12	3.4687156957018875e-09	6.3733155620122807e-05
A2	RIPTiDe	training_samples=setx1,setx2,setx3	GL261	G2	13	4.5398138606935137e-09	8.3413196310233649e-05
A2	RIPTiDe	training_samples=setx1,setx2,setx3	GL261	G2	14	2.155987166420881e-09	3.9613470127503613e-05
A2	RIPTiDe	training_samples=setx1,setx2,setx3	GL261	G2	15	1.9160894308411855e-09	3.5205660132132394e-05
A2	RIPTiDe	training_samples=setx1,setx2,setx3	GL261	G2	16	1.5056601088458272e-05	0.27664553237092193
A2	RIPTiDe	training_samples=setx1,setx2,setx3	GL261	G2	17	1.1881901952508124e-08	0.00021831455000494328
A2	RIPTiDe	training_samples=setx1,setx2,setx3	GL261	G2	18	4.0851139295599074e-08	0.00075058674344854386
A2	RIPTiDe	training_samples=setx1,setx2,setx3	GL261	G2	19	5.9391913593692464e-12	1.0912494432259185e-07
A2	RIPTiDe	training_samples=setx1,setx2,setx3	GL261	G3	0	3.5991030017482002e-18	0.0092474985296492687
A2	RIPTiDe	training_samples=setx1,setx2,setx3	GL261	G3	1	7.9930658117117957e-21	2.0537301740264549e-05
A2	RIPTiDe	training_samples=setx1,setx2,setx3	GL261	G3	2	2.3242544510226378e-20	5.9719156711887677e-05
A2	RIPTiDe	training_samples=setx1,setx2,setx3	GL261	G3	3	2.5120377887317491e-18	0.0064544042630723993
A2	RIPTiDe	training_samples=setx1,setx2,setx3	GL261	G3	4	7.8197570408203241e-20	0.00020092003952672547
A2	RIPTiDe	training_samples=setx1,setx2,setx3	GL261	G3	5	3.3327839560809707e-17	0.085632210910683099
A2	RIPTiDe	training_samples=setx1,setx2,setx3	GL261	G3	6	6.2392958439069142e-17	0.16031183079381242
A2	RIPTiDe	training_samples=setx1,setx2,setx3	GL261	G3	7	1.0123918435016536e-16	0.2601229272866874
A2	RIPTiDe	training_samples=setx1,setx2,setx3	GL261	G3	8	1.2828038791631243e-16	0.32960231981766741
A2	RIPTiDe	training_samples=setx1,setx2,setx3	GL261	G3	9	4.2408675694313762e-17	0.10896441861681858
A2	RIPTiDe	training_samples=setx1,setx2,setx3	GL261	G3	10	1.0493208288162025e-18	0.0026961142309333292
A2	RIPTiDe	training_samples=setx1,setx2,setx3	GL261	G3	11	1.3206106518122672e-18	0.0033931635340642306
A2	RIPTiDe	training_samples=setx1,setx2,setx3	GL261	G3	12	1.7030841123526296e-18	0.0043758869410517138
A2	RIPTiDe	training_samples=setx1,setx2,setx3	GL261	G3	13	9.1164476344758661e-19	0.0023423707533374509
A2	RIPTiDe	training_samples=setx1,setx2,setx3	GL261	G3	14	9.9067705842126709e-19	0.0025454355256456953
A2	RIPTiDe	training_samples=setx1,setx2,setx3	GL261	G3	15	1.2135463201380625e-18	0.0031180735326793918
A2	RIPTiDe	training_samples=setx1,setx2,setx3	GL261	G3	16	1.3673367026823871e-20	3.5132209724059139e-05
A2	RIPTiDe	training_samples=setx1,setx2,setx3	GL261	G3	17	3.5490250812860965e-19	0.00091188288317783667
A2	RIPTiDe	training_samples=setx1,setx2,setx3	GL261	G3	18	2.2849000271539674e-19	0.00058707988160490421
A2	RIPTiDe	training_samples=setx1,setx2,setx3	GL261	G3	19	7.5418972306032031e-18	0.019378073791411987
A2	RIPTiDe	training_samples=setx1,setx2,setx3	GL261	G4	0	8.8373612553487672e-21	1.909509879142165e-05
A2	RIPTiDe	training_samples=setx1,setx2,setx3	GL261	G4	1	1.0697450435178795e-27	2.3114238172898382e-12
A2	RIPTiDe	training_samples=setx1,setx2,setx3	GL261	G4	2	6.7673618173660255e-27	1.4622401271837473e-11
A2	RIPTiDe	training_samples=setx1,setx2,setx3	GL261	G4	3	8.7456499083730975e-20	0.00018896935880548813
A2	RIPTiDe	training_samples=setx1,setx2,setx3	GL261	G4	4	5.004984348163965e-26	1.0814389931142212e-10
A2	RIPTiDe	training_samples=setx1,setx2,setx3	GL261	G4	5	1.7220478050601668e-17	0.037208700664208595
A2	RIPTiDe	training_samples=setx1,setx2,setx3	GL261	G4	6	6.7278717169794673e-17	0.14537074063140637
A2	RIPTiDe	training_samples=setx1,setx2,setx3	GL261	G4	7	1.7464672693686507e-16	0.37736337896557648
A2	RIPTiDe	training_samples=setx1,setx2,setx3	GL261	G4	8	1.8418588844116718e-16	0.39797487441640794
A2	RIPTiDe	training_samples=setx1,setx2,setx3	GL261	G4	9	1.8526870647314649e-17	0.040031454535395881
A2	RIPTiDe	training_samples=setx1,setx2,setx3	GL261	G4	10	7.0174644193796677e-21	1.5162803972988976e-05
A2	RIPTiDe	training_samples=setx1,setx2,setx3	GL261	G4	11	1.1143610135170681e-21	2.407826615613147e-06
A2	RIPTiDe	training_samples=setx1,setx2,setx3	GL261	G4	12	4.408502708455247e-22	9.5255577211187195e-07
A2	RIPTiDe	training_samples=setx1,setx2,setx3	GL261	G4	13	7.3307039083727782e-22	1.5839628062767779e-06
A2	RIPTiDe	training_samples=setx1,setx2,setx3	GL261	G4	14	1.8468727873952002e-21	3.9905824048049325e-06
A2	RIPTiDe	training_samples=setx1,setx2,setx3	GL261	G4	15	2.1663303761139825e-21	4.680842092057444e-06
A2	RIPTiDe	training_samples=setx1,setx2,setx3	GL261	G4	16	2.7311500582911969e-27	5.9012615497304618e-12
A2	RIPTiDe	training_samples=setx1,setx2,setx3	GL261	G4	17	2.079991167872662e-22	4.4942868904192509e-07
A2	RIPTiDe	training_samples=setx1,setx2,setx3	GL261	G4	18	4.4344200372319065e-23	9.581557916097796e-08
A2	RIPTiDe	training_samples=setx1,setx2,setx3	GL261	G4	19	8.3928459100905376e-19	0.0018134623804968943
A2	RIPTiDe	training_samples=setx1,setx2,setx3	GL261	G5	0	0.054111165876233103	0.06780314335997456
A2	RIPTiDe	training_samples=setx1,setx2,setx3	GL261	G5	1	0.068328494046404203	0.085617942293022831
A2	RIPTiDe	training_samples=setx1,setx2,setx3	GL261	G5	2	0.083334981805032807	0.10442158520759738
A2	RIPTiDe	training_samples=setx1,setx2,setx3	GL261	G5	3	0.0101990940862988	0.0127798140601314
A2	RIPTiDe	training_samples=setx1,setx2,setx3	GL261	G5	4	0.093135150918908297	0.11670153261992898
A2	RIPTiDe	training_samples=setx1,setx2,setx3	GL261	G5	5	0.0089198877349501993	0.011176924707758846
A2	RIPTiDe	training_samples=setx1,setx2,setx3	GL261	G5	6	0.0074110929272209998	0.0092863531594902619
A2	RIPTiDe	training_samples=setx1,setx2,setx3	GL261	G5	7	0.0067911455841618996	0.0085095379144959939
A2	RIPTiDe	training_samples=setx1,setx2,setx3	GL261	G5	8	0.0087561194082084008	0.01097171738767827
A2	RIPTiDe	training_samples=setx1,setx2,setx3	GL261	G5	9	0.0116849285959181	0.014641615568813441
A2	RIPTiDe	training_samples=setx1,setx2,setx3	GL261	G5	10	0.0173638460712323	0.021757493585356339
A2	RIPTiDe	training_samples=setx1,setx2,setx3	GL261	G5	11	0.056601942660604199	0.070924171943514774
A2	RIPTiDe	training_samples=setx1,setx2,setx3	GL261	G5	12	0.077972561896529902	0.097702289477687762
A2	RIPTiDe	training_samples=setx1,setx2,setx3	GL261	G5	13	0.050112534267220801	0.062792721059155704
A2	RIPTiDe	training_samples=setx1,setx2,setx3	GL261	G5	14	0.036281582893660097	0.0454620654800219
A2	RIPTiDe	training_samples=setx1,setx2,setx3	GL261	G5	15	0.041197469756751801	0.051621840016796781
A2	RIPTiDe	training_samples=setx1,setx2,setx3	GL261	G5	16	0.076363904656054707	0.095686586882358773
A2	RIPTiDe	training_samples=setx1,setx2,setx3	GL261	G5	17	0.034685006519706997	0.043461500624038314
A2	RIPTiDe	training_samples=setx1,setx2,setx3	GL261	G5	18	0.044602658167149097	0.055888657672989638
A2	RIPTiDe	training_samples=setx1,setx2,setx3	GL261	G5	19	0.010209223832716101	0.012792506979188132
A2	RIPTiDe	training_samples=setx1,setx3	CT2A	C1	0	4.7062652135853567e-28	2.916134782374731e-08
A2	RIPTiDe	training_samples=setx1,setx3	CT2A	C1	1	2.9017231203559668e-27	1.7979895598880919e-07
A2	RIPTiDe	training_samples=setx1,setx3	CT2A	C1	2	7.3357011708264439e-26	4.5454075294360909e-06
A2	RIPTiDe	training_samples=setx1,setx3	CT2A	C1	3	1.5817661700505228e-20	0.98010697160731408
A2	RIPTiDe	training_samples=setx1,setx3	CT2A	C1	4	2.2958488804702216e-25	1.4225727772606484e-05
A2	RIPTiDe	training_samples=setx1,setx3	CT2A	C1	5	1.0022469136530187e-28	6.2102048074012207e-09
A2	RIPTiDe	training_samples=setx1,setx3	CT2A	C1	6	1.7290119383803094e-25	1.0713446063552425e-05
A2	RIPTiDe	training_samples=setx1,setx3	CT2A	C1	7	3.1504687636370734e-34	1.9521193824578664e-14
A2	RIPTiDe	training_samples=setx1,setx3	CT2A	C1	8	1.3594652165956811e-28	8.4236302537720597e-09
A2	RIPTiDe	training_samples=setx1,setx3	CT2A	C1	9	4.118796700040494e-26	2.5521227073745969e-06
A2	RIPTiDe	training_samples=setx1,setx3	CT2A	C1	10	1.3006664724343643e-25	8.0592966362916649e-06
A2	RIPTiDe	training_samples=setx1,setx3	CT2A	C1	11	3.1021098186037244e-22	0.019221548149609864
A2	RIPTiDe	training_samples=setx1,setx3	CT2A	C1	12	1.0968551920827779e-29	6.7964244081011841e-10
A2	RIPTiDe	training_samples=setx1,setx3	CT2A	C1	13	9.5405675703635963e-27	5.9116049931105455e-07
A2	RIPTiDe	training_samples=setx1,setx3	CT2A	C1	14	3.46186034618716e-28	2.1450663974692102e-08
A2	RIPTiDe	training_samples=setx1,setx3	CT2A	C1	15	1.0176205534722926e-23	0.00063054642196401923
A2	RIPTiDe	training_samples=setx1,setx3	CT2A	C1	16	1.5096292168130626e-29	9.3540887898323968e-10
A2	RIPTiDe	training_samples=setx1,setx3	CT2A	C1	17	1.0814959393863883e-34	6.7012541425370325e-15
A2	RIPTiDe	training_samples=setx1,setx3	CT2A	C1	18	2.208403821935795e-34	1.3683893504527127e-14
A2	RIPTiDe	training_samples=setx1,setx3	CT2A	C1	19	1.5463046496590923e-34	9.5813401250785007e-15
A2	RIPTiDe	training_samples=setx1,setx3	CT2A	C2	0	0.00054558336932579996	0.041555807338289209
A2	RIPTiDe	training_samples=setx1,setx3	CT2A	C2	1	0.00090355440380390003	0.068821622569868984
A2	RIPTiDe	training_samples=setx1,setx3	CT2A	C2	2	0.0017606948359398	0.13410800163181416
A2	RIPTiDe	training_samples=setx1,setx3	CT2A	C2	3	9.4509482142802556e-09	7.1985658881447591e-07
A2	RIPTiDe	training_samples=setx1,setx3	CT2A	C2	4	0.0020659673799996998	0.15735989628230365
A2	RIPTiDe	training_samples=setx1,setx3	CT2A	C2	5	0.00033216940735799998	0.025300565728204646
A2	RIPTiDe	training_samples=setx1,setx3	CT2A	C2	6	0.0019932394010549999	0.15182037647460891
A2	RIPTiDe	training_samples=setx1,setx3	CT2A	C2	7	8.0428684672428898e-07	6.1260645258481066e-05
A2	RIPTiDe	training_samples=setx1,setx3	CT2A	C2	8	6.3331139217623191e-12	4.8237845356139001e-10
A2	RIPTiDe	training_samples=setx1,setx3	CT2A	C2	9	0.0015987517121958999	0.12177317321067226
A2	RIPTiDe	training_samples=setx1,setx3	CT2A	C2	10	0.0019177775761835001	0.14607262602607363
A2	RIPTiDe	training_samples=setx1,setx3	CT2A	C2	11	1.7177576070373116e-07	1.3083757347687103e-05
A2	RIPTiDe	training_samples=setx1,setx3	CT2A	C2	12	0.00014769774393740001	0.011249791207798687
A2	RIPTiDe	training_samples=setx1,setx3	CT2A	C2	13	0.0011969384518903	0.09116799832811788
A2	RIPTiDe	training_samples=setx1,setx3	CT2A	C2	14	0.00049676991456029998	0.037837800823064795
A2	RIPTiDe	training_samples=setx1,setx3	CT2A	C2	15	2.7964819574095477e-10	2.1300148058163625e-08
A2	RIPTiDe	training_samples=setx1,setx3	CT2A	C2	16	0.00016720499012870001	0.01273561245896325
A2	RIPTiDe	training_samples=setx1,setx3	CT2A	C2	17	4.219480915000099e-07	3.2138797813432651e-05
A2	RIPTiDe	training_samples=setx1,setx3	CT2A	C2	18	6.5046542515963649e-07	4.9544427869117576e-05
A2	RIPTiDe	training_samples=setx1,setx3	CT2A	C2	19	5.2461443618604569e-07	3.9958652815925563e-05
A2	RIPTiDe	training_samples=setx1,setx3	CT2A	C3	0	0.0017214434949662	0.053036327201236327
A2	RIPTiDe	training_samples=setx1,setx3	CT2A	C3	1	0.0013774765407623	0.042438974466211525
A2	RIPTiDe	training_samples=setx1,setx3	CT2A	C3	2	0.00085334585068459995	0.026290917991249219
A2	RIPTiDe	training_samples=setx1,setx3	CT2A	C3	3	6.720227203613104e-07	2.070449421544749e-05
A2	RIPTiDe	training_samples=setx1,setx3	CT2A	C3	4	0.00070101116776760002	0.021597605599115645
A2	RIPTiDe	training_samples=setx1,setx3	CT2A	C3	5	0.0020304991722841	0.062558090810418104
A2	RIPTiDe	training_samples=setx1,setx3	CT2A	C3	6	0.0007371636384841	0.022711434935750976
A2	RIPTiDe	training_samples=setx1,setx3	CT2A	C3	7	0.0038573951279724998	0.11884332581919645
A2	RIPTiDe	training_samples=setx1,setx3	CT2A	C3	8	2.9902531262010145e-06	9.2127359207239454e-05
A2	RIPTiDe	training_samples=setx1,setx3	CT2A	C3	9	0.00093728016142729999	0.028876868433989417
A2	RIPTiDe	training_samples=setx1,setx3	CT2A	C3	10	0.00077459897582409995	0.023864788389325636
A2	RIPTiDe	training_samples=setx1,setx3	CT2A	C3	11	4.6316909362137193e-06	0.00014269877385249559
A2	RIPTiDe	training_samples=setx1,setx3	CT2A	C3	12	0.0024791726956461002	0.076381371017489791
A2	RIPTiDe	training_samples=setx1,setx3	CT2A	C3	13	0.0011695696121953999	0.036033524666016552
A2	RIPTiDe	training_samples=setx1,setx3	CT2A	C3	14	0.0017819137964830999	0.054899369878260523
A2	RIPTiDe	training_samples=setx1,setx3	CT2A	C3	15	9.6565079047373105e-07	2.9750945317379054e-05
A2	RIPTiDe	training_samples=setx1,setx3	CT2A	C3	16	0.0024148956206460999	0.074401044627917912
A2	RIPTiDe	training_samples=setx1,setx3	CT2A	C3	17	0.0038748050413964	0.11937971163005531
A2	RIPTiDe	training_samples=setx1,setx3	CT2A	C3	18	0.0038660902845802001	0.11911121679108166
A2	RIPTiDe	training_samples=setx1,setx3	CT2A	C3	19	0.0038718979419314998	0.1192901461700923
A2	RIPTiDe	training_samples=setx1,setx3	CT2A	C4	0	0.00025297435539700002	0.019744671575384006
A2	RIPTiDe	training_samples=setx1,setx3	CT2A	C4	1	0.00045339661928169998	0.035387647601898969
A2	RIPTiDe	training_samples=setx1,setx3	CT2A	C4	2	0.0012170601939618	0.094991659449184918
A2	RIPTiDe	training_samples=setx1,setx3	CT2A	C4	3	0.0022894707617552002	0.17869340234649234
A2	RIPTiDe	training_samples=setx1,setx3	CT2A	C4	4	0.0016974049763933	0.13248261364956362
A2	RIPTiDe	training_samples=setx1,setx3	CT2A	C4	5	0.00015184402820330001	0.011851440288690462
A2	RIPTiDe	training_samples=setx1,setx3	CT2A	C4	6	0.001564013239546	0.12207137638882734
A2	RIPTiDe	training_samples=setx1,setx3	CT2A	C4	7	1.5288949945594309e-06	0.00011933039415576457
A2	RIPTiDe	training_samples=setx1,setx3	CT2A	C4	8	3.7417945325583802e-06	0.00029204740548499435
A2	RIPTiDe	training_samples=setx1,setx3	CT2A	C4	9	0.0010251375062466999	0.080012076120065473
A2	RIPTiDe	training_samples=setx1,setx3	CT2A	C4	10	0.0014398364851367	0.11237936935016518
A2	RIPTiDe	training_samples=setx1,setx3	CT2A	C4	11	0.0015165727813803	0.11836864429016261
A2	RIPTiDe	training_samples=setx1,setx3	CT2A	C4	12	7.161348700280731e-05	0.0055894392102292505
A2	RIPTiDe	training_samples=setx1,setx3	CT2A	C4	13	0.00065730767196650001	0.051302923913341042
A2	RIPTiDe	training_samples=setx1,setx3	CT2A	C4	14	0.00022882588528720001	0.017859881274731926
A2	RIPTiDe	training_samples=setx1,setx3	CT2A	C4	15	0.0001581172079951	0.012341062545175892
A2	RIPTiDe	training_samples=setx1,setx3	CT2A	C4	16	7.994115530455406e-05	0.0062394144828164079
A2	RIPTiDe	training_samples=setx1,setx3	CT2A	C4	17	1.0074246790989641e-06	7.8629588341196571e-05
A2	RIPTiDe	training_samples=setx1,setx3	CT2A	C4	18	1.3315930074647638e-06	0.00010393095601808742
A2	RIPTiDe	training_samples=setx1,setx3	CT2A	C4	19	1.15873239326971e-06	9.0439169270595729e-05
A2	RIPTiDe	training_samples=setx1,setx3	CT2A	C5	0	6.4635814229337852e-18	1.0833494505991829e-06
A2	RIPTiDe	training_samples=setx1,setx3	CT2A	C5	1	3.68793781327305e-17	6.181287342768328e-06
A2	RIPTiDe	training_samples=setx1,setx3	CT2A	C5	2	7.789053447428286e-16	0.00013055094723520973
A2	RIPTiDe	training_samples=setx1,setx3	CT2A	C5	3	5.6809928097110927e-12	0.95218115724841068
A2	RIPTiDe	training_samples=setx1,setx3	CT2A	C5	4	2.2560229178587189e-15	0.00037812801118734297
A2	RIPTiDe	training_samples=setx1,setx3	CT2A	C5	5	1.4521722812357105e-18	2.4339602769914476e-07
A2	RIPTiDe	training_samples=setx1,setx3	CT2A	C5	6	1.7332904118485197e-15	0.00029051374037655743
A2	RIPTiDe	training_samples=setx1,setx3	CT2A	C5	7	4.93355219944438e-24	8.2690395850919767e-13
A2	RIPTiDe	training_samples=setx1,setx3	CT2A	C5	8	7.2412654701602861e-20	1.2136956983177071e-08
A2	RIPTiDe	training_samples=setx1,setx3	CT2A	C5	9	4.535081948913969e-16	7.6011706456514315e-05
A2	RIPTiDe	training_samples=setx1,setx3	CT2A	C5	10	1.3296504143418265e-15	0.00022286035428518964
A2	RIPTiDe	training_samples=setx1,setx3	CT2A	C5	11	2.7478105648515872e-13	0.046055566890831026
A2	RIPTiDe	training_samples=setx1,setx3	CT2A	C5	12	1.6841861706646462e-19	2.8228346535907443e-08
A2	RIPTiDe	training_samples=setx1,setx3	CT2A	C5	13	1.142238310545433e-16	1.9144854303097257e-05
A2	RIPTiDe	training_samples=setx1,setx3	CT2A	C5	14	4.809562641590396e-18	8.0612228800922573e-07
A2	RIPTiDe	training_samples=setx1,setx3	CT2A	C5	15	3.8045455281680637e-15	0.00063767314713421741
A2	RIPTiDe	training_samples=setx1,setx3	CT2A	C5	16	2.3016342571579133e-19	3.8577284709759393e-08
A2	RIPTiDe	training_samples=setx1,setx3	CT2A	C5	17	1.662317139242414e-24	2.7861803568066896e-13
A2	RIPTiDe	training_samples=setx1,setx3	CT2A	C5	18	3.4382659643732982e-24	5.7628167726043672e-13
A2	RIPTiDe	training_samples=setx1,setx3	CT2A	C5	19	2.3925307036844012e-24	4.0100783973750911e-13
A2	RIPTiDe	training_samples=setx1,setx3	GL261	G1	0	2.6333895745286527e-11	0.0005791920081640896
A2	RIPTiDe	training_samples=setx1,setx3	GL261	G1	1	5.4719062409583968e-11	0.0012035000042686715
A2	RIPTiDe	training_samples=setx1,setx3	GL261	G1	2	3.8025284734317021e-11	0.00083633432893127544
A2	RIPTiDe	training_samples=setx1,setx3	GL261	G1	3	2.3172002824134058e-08	0.50964881834076436
A2	RIPTiDe	training_samples=setx1,setx3	GL261	G1	4	7.5180160831077773e-10	0.016535247479911898
A2	RIPTiDe	training_samples=setx1,setx3	GL261	G1	5	1.5079366118217655e-11	0.00033165804362293331
A2	RIPTiDe	training_samples=setx1,setx3	GL261	G1	6	6.4401218941153993e-12	0.00014164509378912762
A2	RIPTiDe	training_samples=setx1,setx3	GL261	G1	7	7.0080557624368086e-11	0.0015413632413647771
A2	RIPTiDe	training_samples=setx1,setx3	GL261	G1	8	1.1377815337565799e-11	0.00025024553061293408
A2	RIPTiDe	training_samples=setx1,setx3	GL261	G1	9	7.7921113407223523e-12	0.00017138097070498791
A2	RIPTiDe	training_samples=setx1,setx3	GL261	G1	10	4.1503118237885455e-10	0.0091282636757514732
A2	RIPTiDe	training_samples=setx1,setx3	GL261	G1	11	2.0868069208895392e-08	0.45897572575340267
A2	RIPTiDe	training_samples=setx1,setx3	GL261	G1	12	1.6562592660572737e-12	3.6428037067770197e-05
A2	RIPTiDe	training_samples=setx1,setx3	GL261	G1	13	4.0840915919295043e-13	8.9826178152129899e-06
A2	RIPTiDe	training_samples=setx1,setx3	GL261	G1	14	9.1364945661242177e-13	2.0094955514817623e-05
A2	RIPTiDe	training_samples=setx1,setx3	GL261	G1	15	7.4802784549792953e-13	1.6452246723660339e-05
A2	RIPTiDe	training_samples=setx1,setx3	GL261	G1	16	2.0475703032966625e-11	0.00045034595993485594
A2	RIPTiDe	training_samples=setx1,setx3	GL261	G1	17	2.2126769076200525e-13	4.8665977641084567e-06
A2	RIPTiDe	training_samples=setx1,setx3	GL261	G1	18	2.451866464341084e-12	5.3926751855014884e-05
A2	RIPTiDe	training_samples=setx1,setx3	GL261	G1	19	2.979352321637991e-12	6.5528362035332987e-05
A2	RIPTiDe	training_samples=setx1,setx3	GL261	G2	0	0.021115143918888801	0.035419984707109796
A2	RIPTiDe	training_samples=setx1,setx3	GL261	G2	1	0.014180497224055	0.023787334661068863
A2	RIPTiDe	training_samples=setx1,setx3	GL261	G2	2	0.017431897046668601	0.02924145481464506
A2	RIPTiDe	training_samples=setx1,setx3	GL261	G2	3	5.290591126533319e-13	8.8747989364044371e-13
A2	RIPTiDe	training_samples=setx1,setx3	GL261	G2	4	0.0018843926500869	0.0031610089471642401
A2	RIPTiDe	training_samples=setx1,setx3	GL261	G2	5	0.027381738098798899	0.045931997832415541
A2	RIPTiDe	training_samples=setx1,setx3	GL261	G2	6	0.0379966608536738	0.063738194327646769
A2	RIPTiDe	training_samples=setx1,setx3	GL261	G2	7	3.624098850055329e-12	6.0793109599022458e-12
A2	RIPTiDe	training_samples=setx1,setx3	GL261	G2	8	0.030795785749395801	0.051658954562523882
A2	RIPTiDe	training_samples=setx1,setx3	GL261	G2	9	0.035557263876026202	0.05964618321113458
A2	RIPTiDe	training_samples=setx1,setx3	GL261	G2	10	0.0032502133115848001	0.0054521298189302942
A2	RIPTiDe	training_samples=setx1,setx3	GL261	G2	11	3.5710525027205288e-12	5.9903273934826077e-12
A2	RIPTiDe	training_samples=setx1,setx3	GL261	G2	12	0.054530379536039598	0.091472983402760541
A2	RIPTiDe	training_samples=setx1,setx3	GL261	G2	13	0.065325849254446705	0.10958204170711755
A2	RIPTiDe	training_samples=setx1,setx3	GL261	G2	14	0.060237115489943101	0.10104585209791329
A2	RIPTiDe	training_samples=setx1,setx3	GL261	G2	15	0.061811718236035297	0.10368719829951162
A2	RIPTiDe	training_samples=setx1,setx3	GL261	G2	16	1.7767092052240054e-12	2.9803733812924567e-12
A2	RIPTiDe	training_samples=setx1,setx3	GL261	G2	17	0.066786819733688899	0.11203277338250082
A2	RIPTiDe	training_samples=setx1,setx3	GL261	G2	18	0.050097571440015601	0.084037088313726013
A2	RIPTiDe	training_samples=setx1,setx3	GL261	G2	19	0.047753402908758902	0.080104819897893698
A2	RIPTiDe	training_samples=setx1,setx3	GL261	G3	0	3.7662412954343475e-24	1.2305883139751983e-06
A2	RIPTiDe	training_samples=setx1,setx3	GL261	G3	1	8.6005235138699344e-24	2.8101502001657249e-06
A2	RIPTiDe	training_samples=setx1,setx3	GL261	G3	2	5.6993914719047605e-24	1.8622292072996478e-06
A2	RIPTiDe	training_samples=setx1,setx3	GL261	G3	3	1.9279235436092905e-18	0.62993313409825935
A2	RIPTiDe	training_samples=setx1,setx3	GL261	G3	4	1.7208164221644869e-22	5.6226258848027736e-05
A2	RIPTiDe	training_samples=setx1,setx3	GL261	G3	5	2.0124853038995136e-24	6.5756299258567719e-07
A2	RIPTiDe	training_samples=setx1,setx3	GL261	G3	6	7.7679433966179106e-25	2.5381115063145174e-07
A2	RIPTiDe	training_samples=setx1,setx3	GL261	G3	7	4.0295429653615833e-21	0.0013166199653341811
A2	RIPTiDe	training_samples=setx1,setx3	GL261	G3	8	1.4676155339961612e-24	4.795312843426999e-07
A2	RIPTiDe	training_samples=setx1,setx3	GL261	G3	9	9.6097949689179003e-25	3.1399213329172014e-07
A2	RIPTiDe	training_samples=setx1,setx3	GL261	G3	10	8.6751490253606911e-23	2.8345334712206818e-05
A2	RIPTiDe	training_samples=setx1,setx3	GL261	G3	11	1.1270098823345425e-18	0.36824119384403564
A2	RIPTiDe	training_samples=setx1,setx3	GL261	G3	12	1.7174414096550555e-25	5.6115983094887293e-08
A2	RIPTiDe	training_samples=setx1,setx3	GL261	G3	13	3.668296619312416e-26	1.1985856979989338e-08
A2	RIPTiDe	training_samples=setx1,setx3	GL261	G3	14	8.9001243168830593e-26	2.9080422941992321e-08
A2	RIPTiDe	training_samples=setx1,setx3	GL261	G3	15	7.1387495624304155e-26	2.3325276047957789e-08
A2	RIPTiDe	training_samples=setx1,setx3	GL261	G3	16	1.2748652956791402e-21	0.00041655173200323524
A2	RIPTiDe	training_samples=setx1,setx3	GL261	G3	17	1.8730650560185784e-26	6.1200857524608991e-09
A2	RIPTiDe	training_samples=setx1,setx3	GL261	G3	18	2.6526252537622408e-25	8.6672344721844205e-08
A2	RIPTiDe	training_samples=setx1,setx3	GL261	G3	19	3.2931681340808081e-25	1.0760155560579893e-07
A2	RIPTiDe	training_samples=setx1,setx3	GL261	G4	0	2.8704814592595984e-34	6.5106928373411311e-16
A2	RIPTiDe	training_samples=setx1,setx3	GL261	G4	1	1.6822614779364142e-33	3.8156274166496846e-15
A2	RIPTiDe	training_samples=setx1,setx3	GL261	G4	2	6.995376776454108e-34	1.5866588974488586e-15
A2	RIPTiDe	training_samples=setx1,setx3	GL261	G4	3	3.5840562049815378e-19	0.81291899611921548
A2	RIPTiDe	training_samples=setx1,setx3	GL261	G4	4	7.9426595466270518e-31	1.8015171793864283e-12
A2	RIPTiDe	training_samples=setx1,setx3	GL261	G4	5	7.3594268776833926e-35	1.6692310519862435e-16
A2	RIPTiDe	training_samples=setx1,setx3	GL261	G4	6	9.0327274828159549e-36	2.0487613300659774e-17
A2	RIPTiDe	training_samples=setx1,setx3	GL261	G4	7	1.1802798275368311e-24	2.6770559323467528e-06
A2	RIPTiDe	training_samples=setx1,setx3	GL261	G4	8	3.6848246586448761e-35	8.3577482914957628e-17
A2	RIPTiDe	training_samples=setx1,setx3	GL261	G4	9	1.4480882892124346e-35	3.2844866571076231e-17
A2	RIPTiDe	training_samples=setx1,setx3	GL261	G4	10	2.0186732328365198e-31	4.578660947474311e-13
A2	RIPTiDe	training_samples=setx1,setx3	GL261	G4	11	8.2480352515134265e-20	0.18707810796317392
A2	RIPTiDe	training_samples=setx1,setx3	GL261	G4	12	3.0239050017380377e-37	6.8586809965649595e-19
A2	RIPTiDe	training_samples=setx1,setx3	GL261	G4	13	8.6017373590249858e-39	1.9510061502553258e-20
A2	RIPTiDe	training_samples=setx1,setx3	GL261	G4	14	6.7091176438935423e-38	1.5217309294254635e-19
A2	RIPTiDe	training_samples=setx1,setx3	GL261	G4	15	4.0346962139157933e-38	9.1513107169013308e-20
A2	RIPTiDe	training_samples=setx1,setx3	GL261	G4	16	9.6492324493739969e-26	2.1885941256064857e-07
A2	RIPTiDe	training_samples=setx1,setx3	GL261	G4	17	1.7797953588760957e-39	4.0368492392061897e-21
A2	RIPTiDe	training_samples=setx1,setx3	GL261	G4	18	8.1149496818656326e-37	1.8405952283257062e-18
A2	RIPTiDe	training_samples=setx1,setx3	GL261	G4	19	1.3227550685881993e-36	3.0002116623443466e-18
A2	RIPTiDe	training_samples=setx1,setx3	GL261	G5	0	0.0017132688443994	0.040910428159753112
A2	RIPTiDe	training_samples=setx1,setx3	GL261	G5	1	0.0030030063634349999	0.071707529437772838
A2	RIPTiDe	training_samples=setx1,setx3	GL261	G5	2	0.0022802907811748999	0.054450107168852291
A2	RIPTiDe	training_samples=setx1,setx3	GL261	G5	3	0.00077074657846639999	0.018404334282270111
A2	RIPTiDe	training_samples=setx1,setx3	GL261	G5	4	0.0168934389600142	0.40339134351509914
A2	RIPTiDe	training_samples=setx1,setx3	GL261	G5	5	0.0010938452786216999	0.026119472629892795
A2	RIPTiDe	training_samples=setx1,setx3	GL261	G5	6	0.00053364289170739995	0.012742634791687772
A2	RIPTiDe	training_samples=setx1,setx3	GL261	G5	7	6.6038781300686551e-06	0.00015769123608306074
A2	RIPTiDe	training_samples=setx1,setx3	GL261	G5	8	0.00086624539499200002	0.020684710468169644
A2	RIPTiDe	training_samples=setx1,setx3	GL261	G5	9	0.00062882597396780003	0.015015471691493204
A2	RIPTiDe	training_samples=setx1,setx3	GL261	G5	10	0.011907414861409	0.2843321652923767
A2	RIPTiDe	training_samples=setx1,setx3	GL261	G5	11	0.0013018079358357	0.031085325698240164
A2	RIPTiDe	training_samples=setx1,setx3	GL261	G5	12	0.0001570730489868	0.0037506814575038413
A2	RIPTiDe	training_samples=setx1,setx3	GL261	G5	13	4.0608657157437077e-05	0.00096967709226380159
A2	RIPTiDe	training_samples=setx1,setx3	GL261	G5	14	8.9376072359166489e-05	0.002134173745937907
A2	RIPTiDe	training_samples=setx1,setx3	GL261	G5	15	7.3670754255716767e-05	0.0017591530420375293
A2	RIPTiDe	training_samples=setx1,setx3	GL261	G5	16	1.526154843674766e-06	3.6442411415415117e-05
A2	RIPTiDe	training_samples=setx1,setx3	GL261	G5	17	2.1857227935078812e-05	0.00052191957854860521
A2	RIPTiDe	training_samples=setx1,setx3	GL261	G5	18	0.0002257391644572	0.0053903308290219956
A2	RIPTiDe	training_samples=setx1,setx3	GL261	G5	19	0.00026954732294310002	0.0064364074715799625
A2	RIPTiDe	training_samples=setx2,setx3	CT2A	C1	0	1.6157504670884092e-22	0.00016242059239271499
A2	RIPTiDe	training_samples=setx2,setx3	CT2A	C1	1	3.7955125311302319e-22	0.00038153749994021443
A2	RIPTiDe	training_samples=setx2,setx3	CT2A	C1	2	8.4352315962254406e-19	0.8479374388159886
A2	RIPTiDe	training_samples=setx2,setx3	CT2A	C1	3	1.4101308941873392e-19	0.14175103139403547
A2	RIPTiDe	training_samples=setx2,setx3	CT2A	C1	4	2.6398986497864237e-27	2.6537136227953083e-09
A2	RIPTiDe	training_samples=setx2,setx3	CT2A	C1	5	2.9376094369827698e-29	2.9529823737755688e-11
A2	RIPTiDe	training_samples=setx2,setx3	CT2A	C1	6	1.2182274730548399e-28	1.2246026343362383e-10
A2	RIPTiDe	training_samples=setx2,setx3	CT2A	C1	7	6.2947355018669169e-29	6.3276767668898738e-11
A2	RIPTiDe	training_samples=setx2,setx3	CT2A	C1	8	1.3879723867346569e-27	1.3952358478002428e-09
A2	RIPTiDe	training_samples=setx2,setx3	CT2A	C1	9	8.727752928612694e-24	8.7734265271604085e-06
A2	RIPTiDe	training_samples=setx2,setx3	CT2A	C1	10	2.7159528793482413e-29	2.7301658551852621e-11
A2	RIPTiDe	training_samples=setx2,setx3	CT2A	C1	11	7.0660381521400281e-21	0.0071030157559429097
A2	RIPTiDe	training_samples=setx2,setx3	CT2A	C1	12	3.3249635744786885e-28	3.3423635917258141e-10
A2	RIPTiDe	training_samples=setx2,setx3	CT2A	C1	13	8.1103882694143553e-29	8.152831109044808e-11
A2	RIPTiDe	training_samples=setx2,setx3	CT2A	C1	14	8.6395209485056577e-28	8.6847328162881409e-10
A2	RIPTiDe	training_samples=setx2,setx3	CT2A	C1	15	5.6782359383272324e-27	5.7079509716041409e-09
A2	RIPTiDe	training_samples=setx2,setx3	CT2A	C1	16	2.6812218290087918e-28	2.6952530522156319e-10
A2	RIPTiDe	training_samples=setx2,setx3	CT2A	C1	17	2.9996850089627887e-27	3.0153827962385728e-09
A2	RIPTiDe	training_samples=setx2,setx3	CT2A	C1	18	5.33918333435927e-23	5.3671240561213075e-05
A2	RIPTiDe	training_samples=setx2,setx3	CT2A	C1	19	2.5885504455972624e-21	0.0026020967059966742
A2	RIPTiDe	training_samples=setx2,setx3	CT2A	C2	0	3.2770208781002392e-12	0.17221375390378341
A2	RIPTiDe	training_samples=setx2,setx3	CT2A	C2	1	1.8985741665708535e-12	0.099773726336299648
A2	RIPTiDe	training_samples=setx2,setx3	CT2A	C2	2	1.506122180448077e-12	0.079149619175780214
A2	RIPTiDe	training_samples=setx2,setx3	CT2A	C2	3	1.8985741665708535e-12	0.099773726336299648
A2	RIPTiDe	training_samples=setx2,setx3	CT2A	C2	4	1.695136513120802e-13	0.0089082686123482715
A2	RIPTiDe	training_samples=setx2,setx3	CT2A	C2	5	5.4912831435838235e-13	0.028857749739249965
A2	RIPTiDe	training_samples=setx2,setx3	CT2A	C2	6	2.4628015191843331e-13	0.012942495959456662
A2	RIPTiDe	training_samples=setx2,setx3	CT2A	C2	7	2.5377526772579445e-13	0.013336378719787908
A2	RIPTiDe	training_samples=setx2,setx3	CT2A	C2	8	1.8229788639166387e-13	0.00958010476955941
A2	RIPTiDe	training_samples=setx2,setx3	CT2A	C2	9	1.8674293669267002e-12	0.098137007175569058
A2	RIPTiDe	training_samples=setx2,setx3	CT2A	C2	10	2.336320282654036e-13	0.012277812719662894
A2	RIPTiDe	training_samples=setx2,setx3	CT2A	C2	11	1.7430643533659754e-12	0.091601386367439364
A2	RIPTiDe	training_samples=setx2,setx3	CT2A	C2	12	2.8729275074764531e-13	0.01509778695834192
A2	RIPTiDe	training_samples=setx2,setx3	CT2A	C2	13	6.5893216106001925e-13	0.034628153205378272
A2	RIPTiDe	training_samples=setx2,setx3	CT2A	C2	14	2.1331616751843647e-13	0.011210175138711628
A2	RIPTiDe	training_samples=setx2,setx3	CT2A	C2	15	1.1007493811088833e-13	0.0057846498414108865
A2	RIPTiDe	training_samples=setx2,setx3	CT2A	C2	16	1.692218386853881e-13	0.0088929332972103627
A2	RIPTiDe	training_samples=setx2,setx3	CT2A	C2	17	1.1977154018359025e-13	0.0062942249418354145
A2	RIPTiDe	training_samples=setx2,setx3	CT2A	C2	18	1.5653859499422413e-12	0.082264044318227036
A2	RIPTiDe	training_samples=setx2,setx3	CT2A	C2	19	2.0793910677675599e-12	0.10927600248364797
A2	RIPTiDe	training_samples=setx2,setx3	CT2A	C3	0	1.0369471685287692e-07	0.0096699584406953875
A2	RIPTiDe	training_samples=setx2,setx3	CT2A	C3	1	7.0292998554367962e-08	0.0065551109576489543
A2	RIPTiDe	training_samples=setx2,setx3	CT2A	C3	2	1.1569560248407586e-08	0.0010789090338898864
A2	RIPTiDe	training_samples=setx2,setx3	CT2A	C3	3	1.8759951475176495e-08	0.0017494425619754787
A2	RIPTiDe	training_samples=setx2,setx3	CT2A	C3	4	4.1433046235241162e-07	0.038638018148470087
A2	RIPTiDe	training_samples=setx2,setx3	CT2A	C3	5	1.7327617407748777e-06	0.16158715245534891
A2	RIPTiDe	training_samples=setx2,setx3	CT2A	C3	6	9.428232695873945e-07	0.08792214406415734
A2	RIPTiDe	training_samples=setx2,setx3	CT2A	C3	7	1.10450071284373e-06	0.10299923000002847
A2	RIPTiDe	training_samples=setx2,setx3	CT2A	C3	8	4.9106035226794247e-07	0.045793395675514562
A2	RIPTiDe	training_samples=setx2,setx3	CT2A	C3	9	1.6219059266227881e-07	0.015124939226568487
A2	RIPTiDe	training_samples=setx2,setx3	CT2A	C3	10	1.2930535111359132e-06	0.12058255322708493
A2	RIPTiDe	training_samples=setx2,setx3	CT2A	C3	11	3.5478666902897519e-08	0.0033085314748393141
A2	RIPTiDe	training_samples=setx2,setx3	CT2A	C3	12	7.9684836241263923e-07	0.074309384141518262
A2	RIPTiDe	training_samples=setx2,setx3	CT2A	C3	13	1.4757924294203844e-06	0.13762370825348433
A2	RIPTiDe	training_samples=setx2,setx3	CT2A	C3	14	5.7791910493976258e-07	0.053893331275308209
A2	RIPTiDe	training_samples=setx2,setx3	CT2A	C3	15	2.9855673461666212e-07	0.027841642308826523
A2	RIPTiDe	training_samples=setx2,setx3	CT2A	C3	16	6.8990989296994722e-07	0.064336932442849909
A2	RIPTiDe	training_samples=setx2,setx3	CT2A	C3	17	3.5497697667580037e-07	0.033103061718456783
A2	RIPTiDe	training_samples=setx2,setx3	CT2A	C3	18	1.0153830212774067e-07	0.00946886390660686
A2	RIPTiDe	training_samples=setx2,setx3	CT2A	C3	19	4.7329717996539312e-08	0.004413690686727304
A2	RIPTiDe	training_samples=setx2,setx3	CT2A	C4	0	0.00012655558734489999	0.047988758621122202
A2	RIPTiDe	training_samples=setx2,setx3	CT2A	C4	1	0.0001408997779891	0.053427948757895041
A2	RIPTiDe	training_samples=setx2,setx3	CT2A	C4	2	0.0010081385733800999	0.38227722433726052
A2	RIPTiDe	training_samples=setx2,setx3	CT2A	C4	3	0.00066311789692459998	0.25144843748491524
A2	RIPTiDe	training_samples=setx2,setx3	CT2A	C4	4	3.7636743809284894e-06	0.0014271520142580042
A2	RIPTiDe	training_samples=setx2,setx3	CT2A	C4	5	1.4890576597244928e-06	0.00056463748542929463
A2	RIPTiDe	training_samples=setx2,setx3	CT2A	C4	6	1.8217307486905104e-06	0.00069078417638988681
A2	RIPTiDe	training_samples=setx2,setx3	CT2A	C4	7	1.5424095543835708e-06	0.00058486805168471022
A2	RIPTiDe	training_samples=setx2,setx3	CT2A	C4	8	3.2303660339525757e-06	0.0012249262092138607
A2	RIPTiDe	training_samples=setx2,setx3	CT2A	C4	9	5.2305542256974655e-05	0.019833798685443944
A2	RIPTiDe	training_samples=setx2,setx3	CT2A	C4	10	1.216198355782791e-06	0.00046117165235864266
A2	RIPTiDe	training_samples=setx2,setx3	CT2A	C4	11	0.00029744192311219997	0.11278734468778054
A2	RIPTiDe	training_samples=setx2,setx3	CT2A	C4	12	2.4482582381255615e-06	0.00092835785520390237
A2	RIPTiDe	training_samples=setx2,setx3	CT2A	C4	13	2.0193060658719575e-06	0.00076570298799377614
A2	RIPTiDe	training_samples=setx2,setx3	CT2A	C4	14	2.9504254205642883e-06	0.0011187752062753026
A2	RIPTiDe	training_samples=setx2,setx3	CT2A	C4	15	4.1953341720358957e-06	0.001590833586573287
A2	RIPTiDe	training_samples=setx2,setx3	CT2A	C4	16	2.0676351364322768e-06	0.00078402894380623443
A2	RIPTiDe	training_samples=setx2,setx3	CT2A	C4	17	3.61435346659536e-06	0.0013705308451310405
A2	RIPTiDe	training_samples=setx2,setx3	CT2A	C4	18	8.093218908319374e-05	0.030688769797321148
A2	RIPTiDe	training_samples=setx2,setx3	CT2A	C4	19	0.0002374421153286	0.090035948613943428
A2	RIPTiDe	training_samples=setx2,setx3	CT2A	C5	0	2.0549078532235785e-14	0.00040181709234405109
A2	RIPTiDe	training_samples=setx2,setx3	CT2A	C5	1	4.0295711391366446e-14	0.00078794314595732147
A2	RIPTiDe	training_samples=setx2,setx3	CT2A	C5	2	4.1678613823909339e-11	0.81498444776402801
A2	RIPTiDe	training_samples=setx2,setx3	CT2A	C5	3	8.5981221190006114e-12	0.16812785176990608
A2	RIPTiDe	training_samples=setx2,setx3	CT2A	C5	4	5.4654691994003294e-19	1.0687189396614111e-08
A2	RIPTiDe	training_samples=setx2,setx3	CT2A	C5	5	1.1512138799780015e-20	2.2510859218977571e-10
A2	RIPTiDe	training_samples=setx2,setx3	CT2A	C5	6	3.6044888237149513e-20	7.0482246503643469e-10
A2	RIPTiDe	training_samples=setx2,setx3	CT2A	C5	7	1.9923425317916308e-20	3.8958305688600424e-10
A2	RIPTiDe	training_samples=setx2,setx3	CT2A	C5	8	3.0931711541311457e-19	6.0483930572639678e-09
A2	RIPTiDe	training_samples=setx2,setx3	CT2A	C5	9	1.3155448271023561e-15	2.5724189843612049e-05
A2	RIPTiDe	training_samples=setx2,setx3	CT2A	C5	10	9.1601521721130957e-21	1.7911779866204342e-10
A2	RIPTiDe	training_samples=setx2,setx3	CT2A	C5	11	5.6146005464969687e-13	0.010978801130803162
A2	RIPTiDe	training_samples=setx2,setx3	CT2A	C5	12	9.2121565346574863e-20	1.8013469300667365e-09
A2	RIPTiDe	training_samples=setx2,setx3	CT2A	C5	13	2.9885185347946696e-20	5.8437551162389964e-10
A2	RIPTiDe	training_samples=setx2,setx3	CT2A	C5	14	2.0719524369428528e-19	4.0514999365130417e-09
A2	RIPTiDe	training_samples=setx2,setx3	CT2A	C5	15	1.0104997129066309e-18	1.9759331583539538e-08
A2	RIPTiDe	training_samples=setx2,setx3	CT2A	C5	16	6.8757020394107991e-20	1.3444761510673508e-09
A2	RIPTiDe	training_samples=setx2,setx3	CT2A	C5	17	5.7560541694494287e-19	1.1255399827854835e-08
A2	RIPTiDe	training_samples=setx2,setx3	CT2A	C5	18	6.5742934564468742e-15	0.00012855386565105437
A2	RIPTiDe	training_samples=setx2,setx3	CT2A	C5	19	2.33445808776938e-13	0.0045648040108224102
A2	RIPTiDe	training_samples=setx2,setx3	GL261	G1	0	3.2918329016548284e-08	0.061536369860343325
A2	RIPTiDe	training_samples=setx2,setx3	GL261	G1	1	4.0172311304319318e-08	0.075096709961332581
A2	RIPTiDe	training_samples=setx2,setx3	GL261	G1	2	2.2719895444620022e-09	0.004247177578684605
A2	RIPTiDe	training_samples=setx2,setx3	GL261	G1	3	8.3330648139918845e-08	0.15577539133478985
A2	RIPTiDe	training_samples=setx2,setx3	GL261	G1	4	5.4812491363080497e-08	0.10246454915101502
A2	RIPTiDe	training_samples=setx2,setx3	GL261	G1	5	1.7158701568993531e-08	0.032075874979621187
A2	RIPTiDe	training_samples=setx2,setx3	GL261	G1	6	1.0986151393527565e-07	0.20537126144950563
A2	RIPTiDe	training_samples=setx2,setx3	GL261	G1	7	1.9804264415874765e-09	0.0037021397389116108
A2	RIPTiDe	training_samples=setx2,setx3	GL261	G1	8	1.8425811323117508e-08	0.034444565518081512
A2	RIPTiDe	training_samples=setx2,setx3	GL261	G1	9	1.5973129885403435e-10	0.00029859608850782307
A2	RIPTiDe	training_samples=setx2,setx3	GL261	G1	10	5.2350697466132698e-10	0.00097862557971986446
A2	RIPTiDe	training_samples=setx2,setx3	GL261	G1	11	5.5354676193458009e-10	0.0010347809045920249
A2	RIPTiDe	training_samples=setx2,setx3	GL261	G1	12	5.8355442367051963e-10	0.0010908761751113325
A2	RIPTiDe	training_samples=setx2,setx3	GL261	G1	13	2.7560416929925354e-09	0.0051520476900652487
A2	RIPTiDe	training_samples=setx2,setx3	GL261	G1	14	1.4067317240120972e-07	0.26296949526074026
A2	RIPTiDe	training_samples=setx2,setx3	GL261	G1	15	2.2142283202533734e-09	0.0041392007717603665
A2	RIPTiDe	training_samples=setx2,setx3	GL261	G1	16	9.6668802949982003e-10	0.0018070927018489645
A2	RIPTiDe	training_samples=setx2,setx3	GL261	G1	17	3.495595827329024e-10	0.00065345442535876029
A2	RIPTiDe	training_samples=setx2,setx3	GL261	G1	18	4.9467257344665728e-10	0.00092472356127429084
A2	RIPTiDe	training_samples=setx2,setx3	GL261	G1	19	2.4734104344581908e-08	0.046237067268735693
A2	RIPTiDe	training_samples=setx2,setx3	GL261	G2	0	8.7058764927275611e-10	5.9288926445819909e-08
A2	RIPTiDe	training_samples=setx2,setx3	GL261	G2	1	4.6865464127549402e-10	3.1916407932372913e-08
A2	RIPTiDe	training_samples=setx2,setx3	GL261	G2	2	6.8480040317831369e-12	4.6636407911395133e-10
A2	RIPTiDe	training_samples=setx2,setx3	GL261	G2	3	1.2187441507231762e-11	8.2999147034603889e-10
A2	RIPTiDe	training_samples=setx2,setx3	GL261	G2	4	6.9432193580236121e-11	4.7284845145567021e-09
A2	RIPTiDe	training_samples=setx2,setx3	GL261	G2	5	7.9796414507650709e-09	5.434310668588428e-07
A2	RIPTiDe	training_samples=setx2,setx3	GL261	G2	6	7.7128465412323914e-15	5.2526174894970895e-13
A2	RIPTiDe	training_samples=setx2,setx3	GL261	G2	7	7.2472280657937373e-11	4.9355211056331817e-09
A2	RIPTiDe	training_samples=setx2,setx3	GL261	G2	8	1.4552520091503454e-08	9.910585040199065e-07
A2	RIPTiDe	training_samples=setx2,setx3	GL261	G2	9	0.0069872950565010999	0.47585010309552844
A2	RIPTiDe	training_samples=setx2,setx3	GL261	G2	10	2.0864645411154329e-05	0.001420928068682578
A2	RIPTiDe	training_samples=setx2,setx3	GL261	G2	11	1.4700116280272579e-05	0.0010011101278706767
A2	RIPTiDe	training_samples=setx2,setx3	GL261	G2	12	0.0023934977573693999	0.1630024416306064
A2	RIPTiDe	training_samples=setx2,setx3	GL261	G2	13	7.7698012012647994e-14	5.291404860903391e-12
A2	RIPTiDe	training_samples=setx2,setx3	GL261	G2	14	2.2299147233119835e-14	1.5186207858718855e-12
A2	RIPTiDe	training_samples=setx2,setx3	GL261	G2	15	1.1058277685348766e-11	7.5309293998344325e-10
A2	RIPTiDe	training_samples=setx2,setx3	GL261	G2	16	0.0014713217030064001	0.10020023176363109
A2	RIPTiDe	training_samples=setx2,setx3	GL261	G2	17	0.0037666031021014999	0.25651392419550301
A2	RIPTiDe	training_samples=setx2,setx3	GL261	G2	18	2.9505317803783936e-05	0.0020093767910564701
A2	RIPTiDe	training_samples=setx2,setx3	GL261	G2	19	3.6256018016921275e-09	2.4691142669198385e-07
A2	RIPTiDe	training_samples=setx2,setx3	GL261	G3	0	4.2355693976953499e-19	0.009178248469999031
A2	RIPTiDe	training_samples=setx2,setx3	GL261	G3	1	5.9066013297565327e-19	0.012799283762704963
A2	RIPTiDe	training_samples=setx2,setx3	GL261	G3	2	1.1963449076739733e-19	0.0025924143338140995
A2	RIPTiDe	training_samples=setx2,setx3	GL261	G3	3	2.8026501960891226e-18	0.060731905108659182
A2	RIPTiDe	training_samples=setx2,setx3	GL261	G3	4	1.2659471540478625e-18	0.027432386153468827
A2	RIPTiDe	training_samples=setx2,setx3	GL261	G3	5	1.3347475524145901e-19	0.0028923253358686461
A2	RIPTiDe	training_samples=setx2,setx3	GL261	G3	6	2.0181081138162242e-17	0.43731304976386232
A2	RIPTiDe	training_samples=setx2,setx3	GL261	G3	7	6.0828751056386016e-20	0.001318125944575501
A2	RIPTiDe	training_samples=setx2,setx3	GL261	G3	8	1.1949759821432245e-19	0.0025894479466584612
A2	RIPTiDe	training_samples=setx2,setx3	GL261	G3	9	2.9058313032630741e-23	6.2967783570637449e-07
A2	RIPTiDe	training_samples=setx2,setx3	GL261	G3	10	6.1963169745775911e-22	1.3427081804512641e-05
A2	RIPTiDe	training_samples=setx2,setx3	GL261	G3	11	7.2607368638878548e-22	1.5733621800248335e-05
A2	RIPTiDe	training_samples=setx2,setx3	GL261	G3	12	1.2844337089442036e-22	2.7832979741394023e-06
A2	RIPTiDe	training_samples=setx2,setx3	GL261	G3	13	3.8665598381755106e-19	0.0083786248286249025
A2	RIPTiDe	training_samples=setx2,setx3	GL261	G3	14	1.9731170298528458e-17	0.42756372662031605
A2	RIPTiDe	training_samples=setx2,setx3	GL261	G3	15	1.0464509537459024e-19	0.0022676022898771024
A2	RIPTiDe	training_samples=setx2,setx3	GL261	G3	16	2.301807063701719e-22	4.9878906888288991e-06
A2	RIPTiDe	training_samples=setx2,setx3	GL261	G3	17	7.1219773503024612e-23	1.5432937482820807e-06
A2	RIPTiDe	training_samples=setx2,setx3	GL261	G3	18	5.2842160700617099e-22	1.1450608762679659e-05
A2	RIPTiDe	training_samples=setx2,setx3	GL261	G3	19	2.2576957948860225e-19	0.0048923039689565536
A2	RIPTiDe	training_samples=setx2,setx3	GL261	G4	0	1.8104061608939364e-21	2.0859353520040913e-05
A2	RIPTiDe	training_samples=setx2,setx3	GL261	G4	1	3.9144126240359528e-21	4.5101546002118674e-05
A2	RIPTiDe	training_samples=setx2,setx3	GL261	G4	2	1.2378738945258213e-21	1.4262683002798671e-05
A2	RIPTiDe	training_samples=setx2,setx3	GL261	G4	3	1.9122931298557488e-19	0.0022033286944798183
A2	RIPTiDe	training_samples=setx2,setx3	GL261	G4	4	2.8950090809805045e-20	0.00033356060738372047
A2	RIPTiDe	training_samples=setx2,setx3	GL261	G4	5	1.1134856844859889e-22	1.2829492096253819e-06
A2	RIPTiDe	training_samples=setx2,setx3	GL261	G4	6	5.122844841028137e-17	0.59025004375017764
A2	RIPTiDe	training_samples=setx2,setx3	GL261	G4	7	1.9245084440833584e-22	2.2174030808432784e-06
A2	RIPTiDe	training_samples=setx2,setx3	GL261	G4	8	6.6077879224661496e-23	7.6134398588280761e-07
A2	RIPTiDe	training_samples=setx2,setx3	GL261	G4	9	2.1602141888271648e-32	2.4889813356304717e-16
A2	RIPTiDe	training_samples=setx2,setx3	GL261	G4	10	2.9311592168622611e-28	3.3772579683370958e-12
A2	RIPTiDe	training_samples=setx2,setx3	GL261	G4	11	4.746199887651625e-28	5.4685331651997084e-12
A2	RIPTiDe	training_samples=setx2,setx3	GL261	G4	12	4.4378649136218802e-31	5.1132720992130978e-15
A2	RIPTiDe	training_samples=setx2,setx3	GL261	G4	13	2.8627151635965872e-20	0.00032983972831354815
A2	RIPTiDe	training_samples=setx2,setx3	GL261	G4	14	3.5305298332149145e-17	0.40678479500819315
A2	RIPTiDe	training_samples=setx2,setx3	GL261	G4	15	8.5880007830519977e-22	9.8950251183201107e-06
A2	RIPTiDe	training_samples=setx2,setx3	GL261	G4	16	1.4109445784862401e-30	1.6256789440717026e-14
A2	RIPTiDe	training_samples=setx2,setx3	GL261	G4	17	1.3547113099496882e-31	1.5608874263819852e-15
A2	RIPTiDe	training_samples=setx2,setx3	GL261	G4	18	1.8042192002205981e-28	2.0788067859017738e-12
A2	RIPTiDe	training_samples=setx2,setx3	GL261	G4	19	3.5166854683197555e-22	4.0518965847006974e-06
A2	RIPTiDe	training_samples=setx2,setx3	GL261	G5	0	0.010021783412601201	0.07208188149934032
A2	RIPTiDe	training_samples=setx2,setx3	GL261	G5	1	0.0098117760366179998	0.070571399166368065
A2	RIPTiDe	training_samples=setx2,setx3	GL261	G5	2	0.0002248445697409	0.0016171991515457279
A2	RIPTiDe	training_samples=setx2,setx3	GL261	G5	3	0.0059334830144781997	0.042676697541695875
A2	RIPTiDe	training_samples=setx2,setx3	GL261	G5	4	0.0071793674144323997	0.051637746486981939
A2	RIPTiDe	training_samples=setx2,setx3	GL261	G5	5	0.0111707316000965	0.080345714760372847
A2	RIPTiDe	training_samples=setx2,setx3	GL261	G5	6	0.00071758016712689999	0.0051612099806587894
A2	RIPTiDe	training_samples=setx2,setx3	GL261	G5	7	0.00042442796399820001	0.0030527067834510133
A2	RIPTiDe	training_samples=setx2,setx3	GL261	G5	8	0.0139156821132218	0.10008882728462322
A2	RIPTiDe	training_samples=setx2,setx3	GL261	G5	9	0.0064366835289901003	0.04629597750057491
A2	RIPTiDe	training_samples=setx2,setx3	GL261	G5	10	0.0049773724495193999	0.035799852811947371
A2	RIPTiDe	training_samples=setx2,setx3	GL261	G5	11	0.0047836020177181001	0.034406155031009994
A2	RIPTiDe	training_samples=setx2,setx3	GL261	G5	12	0.014599646065144901	0.10500825195212808
A2	RIPTiDe	training_samples=setx2,setx3	GL261	G5	13	6.0644878496937085e-05	0.00043618952489649684
A2	RIPTiDe	training_samples=setx2,setx3	GL261	G5	14	0.00124452168678	0.0089512476030003413
A2	RIPTiDe	training_samples=setx2,setx3	GL261	G5	15	0.00025666465539509999	0.0018460657662982389
A2	RIPTiDe	training_samples=setx2,setx3	GL261	G5	16	0.019431531974444399	0.1397616898576533
A2	RIPTiDe	training_samples=setx2,setx3	GL261	G5	17	0.010711013182449601	0.077039180669621926
A2	RIPTiDe	training_samples=setx2,setx3	GL261	G5	18	0.0051653001799180998	0.03715152684393716
A2	RIPTiDe	training_samples=setx2,setx3	GL261	G5	19	0.0119666646967415	0.086070479783894413
A2	iMAT	training_samples=setx1,setx2	CT2A	C1	0	3.0834456910936298e-15	8.4708038796152726e-09
A2	iMAT	training_samples=setx1,setx2	CT2A	C1	1	3.5385855929217955e-32	9.7211585906808388e-26
A2	iMAT	training_samples=setx1,setx2	CT2A	C1	2	1.1954667285442774e-10	0.00032841714162029477
A2	iMAT	training_samples=setx1,setx2	CT2A	C1	3	2.6568318871681312e-07	0.72988157120183195
A2	iMAT	training_samples=setx1,setx2	CT2A	C1	4	9.6460788393499563e-08	0.26499588525737794
A2	iMAT	training_samples=setx1,setx2	CT2A	C1	5	1.7451002797206962e-09	0.0047941179124620092
A2	iMAT	training_samples=setx1,setx2	CT2A	C1	6	7.7946116453098142e-25	2.1413260741351529e-18
A2	iMAT	training_samples=setx1,setx2	CT2A	C1	7	3.6295570653764212e-23	9.9710742950594821e-17
A2	iMAT	training_samples=setx1,setx2	CT2A	C1	8	2.6608877529011842e-23	7.309957936214446e-17
A2	iMAT	training_samples=setx1,setx2	CT2A	C1	9	1.1987673093173802e-20	3.2932387308952543e-14
A2	iMAT	training_samples=setx1,setx2	CT2A	C1	10	5.5198418474826774e-19	1.5164041277449953e-12
A2	iMAT	training_samples=setx1,setx2	CT2A	C1	11	9.6723531657543981e-20	2.6571769030386826e-13
A2	iMAT	training_samples=setx1,setx2	CT2A	C1	12	1.2205028440054398e-18	3.3529503230575359e-12
A2	iMAT	training_samples=setx1,setx2	CT2A	C1	13	4.0922952894776505e-19	1.1242303023129837e-12
A2	iMAT	training_samples=setx1,setx2	CT2A	C1	14	2.1291063009691886e-19	5.8490545062807391e-13
A2	iMAT	training_samples=setx1,setx2	CT2A	C1	15	6.3144492267224763e-19	1.734697684536913e-12
A2	iMAT	training_samples=setx1,setx2	CT2A	C1	16	8.0169867911380134e-19	2.2024166992579652e-12
A2	iMAT	training_samples=setx1,setx2	CT2A	C1	17	3.8779609130097939e-19	1.065348627407437e-12
A2	iMAT	training_samples=setx1,setx2	CT2A	C1	18	6.0443917236105498e-19	1.660507821174398e-12
A2	iMAT	training_samples=setx1,setx2	CT2A	C1	19	8.6035128065971616e-19	2.3635464010586958e-12
A2	iMAT	training_samples=setx1,setx2	CT2A	C2	0	1.2708755669760309e-25	1.9897714600082287e-24
A2	iMAT	training_samples=setx1,setx2	CT2A	C2	1	0.063859642675572398	0.99983112229093607
A2	iMAT	training_samples=setx1,setx2	CT2A	C2	2	1.4892589438716779e-27	2.3316877120620178e-26
A2	iMAT	training_samples=setx1,setx2	CT2A	C2	3	2.9856417423261421e-32	4.6745290279090271e-31
A2	iMAT	training_samples=setx1,setx2	CT2A	C2	4	9.522680538466826e-31	1.4909373073638173e-29
A2	iMAT	training_samples=setx1,setx2	CT2A	C2	5	5.9170438878872058e-21	9.2641367586824838e-20
A2	iMAT	training_samples=setx1,setx2	CT2A	C2	6	1.0694523871012455e-05	0.00016744092757681168
A2	iMAT	training_samples=setx1,setx2	CT2A	C2	7	3.3370137475773927e-08	5.2246615554847863e-07
A2	iMAT	training_samples=setx1,setx2	CT2A	C2	8	5.8397706284940127e-08	9.143152352216758e-07
A2	iMAT	training_samples=setx1,setx2	CT2A	C2	9	6.1508675409721205e-15	9.6302273844471098e-14
A2	iMAT	training_samples=setx1,setx2	CT2A	C2	10	1.6817892840746646e-25	2.6331266460350109e-24
A2	iMAT	training_samples=setx1,setx2	CT2A	C2	11	2.5743310676466005e-19	4.0305523373967947e-18
A2	iMAT	training_samples=setx1,setx2	CT2A	C2	12	1.5043990211709046e-31	2.3553920734449352e-30
A2	iMAT	training_samples=setx1,setx2	CT2A	C2	13	4.2670032111691945e-24	6.6807179475093795e-23
A2	iMAT	training_samples=setx1,setx2	CT2A	C2	14	1.2383007320698076e-21	1.9387700256466337e-20
A2	iMAT	training_samples=setx1,setx2	CT2A	C2	15	3.216868252708669e-26	5.0365533858492764e-25
A2	iMAT	training_samples=setx1,setx2	CT2A	C2	16	1.0925251377122056e-27	1.7105335839714876e-26
A2	iMAT	training_samples=setx1,setx2	CT2A	C2	17	7.2442132735890783e-24	1.1342045749056554e-22
A2	iMAT	training_samples=setx1,setx2	CT2A	C2	18	5.5985634851563394e-26	8.7655016189467647e-25
A2	iMAT	training_samples=setx1,setx2	CT2A	C2	19	3.4608782018534943e-28	5.4185923874501235e-27
A2	iMAT	training_samples=setx1,setx2	CT2A	C3	0	3.327255184369601e-14	4.1147552824787981e-13
A2	iMAT	training_samples=setx1,setx2	CT2A	C3	1	0.080773052255068395	0.99890547923648243
A2	iMAT	training_samples=setx1,setx2	CT2A	C3	2	6.2633635604989005e-16	7.7457865022550108e-15
A2	iMAT	training_samples=setx1,setx2	CT2A	C3	3	2.2096530398291238e-18	2.7326372683389097e-17
A2	iMAT	training_samples=setx1,setx2	CT2A	C3	4	9.73667493492795e-18	1.204116678831306e-16
A2	iMAT	training_samples=setx1,setx2	CT2A	C3	5	8.5597905899419005e-14	1.0585735567363457e-12
A2	iMAT	training_samples=setx1,setx2	CT2A	C3	6	7.8958763276375181e-05	0.00097646850117092592
A2	iMAT	training_samples=setx1,setx2	CT2A	C3	7	4.1249653766220026e-06	5.1012688035568771e-05
A2	iMAT	training_samples=setx1,setx2	CT2A	C3	8	5.4167885361648685e-06	6.6988427421980055e-05
A2	iMAT	training_samples=setx1,setx2	CT2A	C3	9	4.0596420604150432e-09	5.0204846600098751e-08
A2	iMAT	training_samples=setx1,setx2	CT2A	C3	10	2.5275142369683281e-13	3.125730363863346e-12
A2	iMAT	training_samples=setx1,setx2	CT2A	C3	11	6.5571404394361235e-11	8.1090949644840966e-10
A2	iMAT	training_samples=setx1,setx2	CT2A	C3	12	1.3493887871015746e-15	1.6687642913375908e-14
A2	iMAT	training_samples=setx1,setx2	CT2A	C3	13	8.7397057604156356e-13	1.0808233349193538e-11
A2	iMAT	training_samples=setx1,setx2	CT2A	C3	14	7.9218371584431933e-12	9.7967902936236159e-11
A2	iMAT	training_samples=setx1,setx2	CT2A	C3	15	1.3455245339227834e-13	1.6639854405133554e-12
A2	iMAT	training_samples=setx1,setx2	CT2A	C3	16	3.7366882257360805e-14	4.62109359331782e-13
A2	iMAT	training_samples=setx1,setx2	CT2A	C3	17	1.0719055099804188e-12	1.325605826757685e-11
A2	iMAT	training_samples=setx1,setx2	CT2A	C3	18	1.6614409314445129e-13	2.0546734381249654e-12
A2	iMAT	training_samples=setx1,setx2	CT2A	C3	19	2.4233211522049366e-14	2.9968766925423239e-13
A2	iMAT	training_samples=setx1,setx2	CT2A	C4	0	1.4244559406189095e-05	0.002041313464735019
A2	iMAT	training_samples=setx1,setx2	CT2A	C4	1	5.806129962682512e-05	0.0083204618218487205
A2	iMAT	training_samples=setx1,setx2	CT2A	C4	2	8.7834742716176239e-05	0.012587138560436183
A2	iMAT	training_samples=setx1,setx2	CT2A	C4	3	6.6043788767282261e-05	0.009464390679166438
A2	iMAT	training_samples=setx1,setx2	CT2A	C4	4	0.00010585070385259999	0.015168911923812081
A2	iMAT	training_samples=setx1,setx2	CT2A	C4	5	0.0044966199187650002	0.64438713225363142
A2	iMAT	training_samples=setx1,setx2	CT2A	C4	6	0.00076246161558049996	0.10926439476617597
A2	iMAT	training_samples=setx1,setx2	CT2A	C4	7	0.0006102674010705	0.087454236201422647
A2	iMAT	training_samples=setx1,setx2	CT2A	C4	8	0.000633804003136	0.090827143803572832
A2	iMAT	training_samples=setx1,setx2	CT2A	C4	9	0.0001026964568896	0.014716893253871764
A2	iMAT	training_samples=setx1,setx2	CT2A	C4	10	1.5803675886425326e-06	0.00022647423103343896
A2	iMAT	training_samples=setx1,setx2	CT2A	C4	11	2.0753404291537269e-05	0.0029740620549483475
A2	iMAT	training_samples=setx1,setx2	CT2A	C4	12	1.0039051775743263e-07	1.4386441151765509e-05
A2	iMAT	training_samples=setx1,setx2	CT2A	C4	13	2.9082118364770448e-06	0.00041676066003999934
A2	iMAT	training_samples=setx1,setx2	CT2A	C4	14	8.1937193079204502e-06	0.0011741991501857253
A2	iMAT	training_samples=setx1,setx2	CT2A	C4	15	1.1512360688090207e-06	0.00016497763260599007
A2	iMAT	training_samples=setx1,setx2	CT2A	C4	16	5.96564499102556e-07	8.5490544837198723e-05
A2	iMAT	training_samples=setx1,setx2	CT2A	C4	17	3.2094674450653125e-06	0.00045993202902393449
A2	iMAT	training_samples=setx1,setx2	CT2A	C4	18	1.2805931313424957e-06	0.00018351511811034497
A2	iMAT	training_samples=setx1,setx2	CT2A	C4	19	4.758069407139341e-07	6.8185409390179145e-05
A2	iMAT	training_samples=setx1,setx2	CT2A	C5	0	2.7568139070467704e-10	3.5322286538172842e-07
A2	iMAT	training_samples=setx1,setx2	CT2A	C5	1	2.845372964010585e-21	3.6456968998106172e-18
A2	iMAT	training_samples=setx1,setx2	CT2A	C5	2	1.7503839422348786e-06	0.0022427180522195484
A2	iMAT	training_samples=setx1,setx2	CT2A	C5	3	0.00025752892846900001	0.32996462256660802
A2	iMAT	training_samples=setx1,setx2	CT2A	C5	4	0.0001945697275961	0.24929675710922344
A2	iMAT	training_samples=setx1,setx2	CT2A	C5	5	0.0003266250451347	0.41849554680862172
A2	iMAT	training_samples=setx1,setx2	CT2A	C5	6	2.5900554381538093e-15	3.3185656856405852e-12
A2	iMAT	training_samples=setx1,setx2	CT2A	C5	7	2.9067606898613045e-14	3.7243512782176368e-11
A2	iMAT	training_samples=setx1,setx2	CT2A	C5	8	2.4321574249469828e-14	3.1162553718379969e-11
A2	iMAT	training_samples=setx1,setx2	CT2A	C5	9	3.203090654817168e-13	4.1040305850167862e-10
A2	iMAT	training_samples=setx1,setx2	CT2A	C5	10	1.1664591044220249e-13	1.4945514681327467e-10
A2	iMAT	training_samples=setx1,setx2	CT2A	C5	11	3.3173254007124357e-13	4.2503963740464319e-10
A2	iMAT	training_samples=setx1,setx2	CT2A	C5	12	1.840359302495036e-14	2.3580009680652966e-11
A2	iMAT	training_samples=setx1,setx2	CT2A	C5	13	1.6136496349468513e-13	2.0675242036510701e-10
A2	iMAT	training_samples=setx1,setx2	CT2A	C5	14	2.5370605658830297e-13	3.2506648360904023e-10
A2	iMAT	training_samples=setx1,setx2	CT2A	C5	15	9.7155379875481902e-14	1.24482474421462e-10
A2	iMAT	training_samples=setx1,setx2	CT2A	C5	16	6.4683860077225754e-14	8.2877623121482789e-11
A2	iMAT	training_samples=setx1,setx2	CT2A	C5	17	1.694272600400809e-13	2.1708241572693609e-10
A2	iMAT	training_samples=setx1,setx2	CT2A	C5	18	1.0341799111606546e-13	1.3250658327232183e-10
A2	iMAT	training_samples=setx1,setx2	CT2A	C5	19	5.5797161955164957e-14	7.149134504724248e-11
A2	iMAT	training_samples=setx1,setx2	GL261	G1	0	4.3783671460497296e-06	0.0030700635205222395
A2	iMAT	training_samples=setx1,setx2	GL261	G1	1	1.7740760235914615e-05	0.012439628521274849
A2	iMAT	training_samples=setx1,setx2	GL261	G1	2	9.2678790922306323e-05	0.064985362269902397
A2	iMAT	training_samples=setx1,setx2	GL261	G1	3	0.0001591632625426	0.11160355215532902
A2	iMAT	training_samples=setx1,setx2	GL261	G1	4	1.2913296505473162e-05	0.0090546633502192331
A2	iMAT	training_samples=setx1,setx2	GL261	G1	5	1.5664501471764617e-05	0.010983778411324044
A2	iMAT	training_samples=setx1,setx2	GL261	G1	6	8.704947100750596e-05	0.06103814424562809
A2	iMAT	training_samples=setx1,setx2	GL261	G1	7	0.0001039765096542	0.072907200020580973
A2	iMAT	training_samples=setx1,setx2	GL261	G1	8	2.9769337193575849e-05	0.020873936127211445
A2	iMAT	training_samples=setx1,setx2	GL261	G1	9	5.3275302257776622e-05	0.037356063699217797
A2	iMAT	training_samples=setx1,setx2	GL261	G1	10	1.0563369955207448e-05	0.0074069203590024129
A2	iMAT	training_samples=setx1,setx2	GL261	G1	11	0.00013743408239599999	0.09636728688252745
A2	iMAT	training_samples=setx1,setx2	GL261	G1	12	2.5245968183732621e-05	0.017702198873630573
A2	iMAT	training_samples=setx1,setx2	GL261	G1	13	4.0444353739686646e-05	0.028359141863956171
A2	iMAT	training_samples=setx1,setx2	GL261	G1	14	8.1481820360415844e-05	0.057134168042521145
A2	iMAT	training_samples=setx1,setx2	GL261	G1	15	7.8731553309803793e-05	0.055205710637710709
A2	iMAT	training_samples=setx1,setx2	GL261	G1	16	3.1396599642404879e-05	0.022014954894212981
A2	iMAT	training_samples=setx1,setx2	GL261	G1	17	0.00012809289638210001	0.089817348637727473
A2	iMAT	training_samples=setx1,setx2	GL261	G1	18	0.00015780285526150001	0.11064964933552413
A2	iMAT	training_samples=setx1,setx2	GL261	G1	19	0.0001583456172517	0.11103022815197684
A2	iMAT	training_samples=setx1,setx2	GL261	G2	0	1.190510476904e-15	0.99999158633460372
A2	iMAT	training_samples=setx1,setx2	GL261	G2	1	1.0016641079893134e-20	8.4136653961042001e-06
A2	iMAT	training_samples=setx1,setx2	GL261	G2	2	1.786259861424691e-31	1.5004024467530534e-16
A2	iMAT	training_samples=setx1,setx2	GL261	G2	3	6.4947747964413113e-44	5.4554078083120211e-29
A2	iMAT	training_samples=setx1,setx2	GL261	G2	4	3.4884382029730809e-78	2.9301790451211481e-63
A2	iMAT	training_samples=setx1,setx2	GL261	G2	5	1.1363933078186186e-76	9.545348559559156e-62
A2	iMAT	training_samples=setx1,setx2	GL261	G2	6	1.2202068449205972e-59	1.024935607187339e-44
A2	iMAT	training_samples=setx1,setx2	GL261	G2	7	5.2868611427347263e-57	4.4407980974705787e-42
A2	iMAT	training_samples=setx1,setx2	GL261	G2	8	3.0168022972564711e-71	2.5340196272247009e-56
A2	iMAT	training_samples=setx1,setx2	GL261	G2	9	1.498740736340551e-65	1.2588953692663165e-50
A2	iMAT	training_samples=setx1,setx2	GL261	G2	10	1.0359167407663036e-79	8.7013768043723104e-65
A2	iMAT	training_samples=setx1,setx2	GL261	G2	11	1.7316903210840745e-51	1.454565738660678e-36
A2	iMAT	training_samples=setx1,setx2	GL261	G2	12	1.0458768795496938e-72	8.7850388567048274e-58
A2	iMAT	training_samples=setx1,setx2	GL261	G2	13	2.2722377916731862e-68	1.9086087169377617e-53
A2	iMAT	training_samples=setx1,setx2	GL261	G2	14	1.5656849447424238e-60	1.315126411709382e-45
A2	iMAT	training_samples=setx1,setx2	GL261	G2	15	5.5774849877402302e-61	4.6849130426405665e-46
A2	iMAT	training_samples=setx1,setx2	GL261	G2	16	9.1840388649198341e-71	7.7143055619076345e-56
A2	iMAT	training_samples=setx1,setx2	GL261	G2	17	3.7177523595736587e-53	3.1227957685155821e-38
A2	iMAT	training_samples=setx1,setx2	GL261	G2	18	7.5061069092969454e-46	6.3048951697971922e-31
A2	iMAT	training_samples=setx1,setx2	GL261	G2	19	1.845213042667773e-45	1.5499212761749089e-30
A2	iMAT	training_samples=setx1,setx2	GL261	G3	0	4.2869836676137538e-19	3.0693076293083501e-06
A2	iMAT	training_samples=setx1,setx2	GL261	G3	1	4.1733978794822496e-18	2.9879847801622783e-05
A2	iMAT	training_samples=setx1,setx2	GL261	G3	2	1.2332844104448291e-16	0.00088298196204521044
A2	iMAT	training_samples=setx1,setx2	GL261	G3	3	1.3822882007262397e-15	0.0098966267411826608
A2	iMAT	training_samples=setx1,setx2	GL261	G3	4	1.3494615379618684e-14	0.096616010581398792
A2	iMAT	training_samples=setx1,setx2	GL261	G3	5	1.3352749638230896e-14	0.095600309015590412
A2	iMAT	training_samples=setx1,setx2	GL261	G3	6	7.1728241743590613e-15	0.051354531925012187
A2	iMAT	training_samples=setx1,setx2	GL261	G3	7	5.9177380657516789e-15	0.042368620927287701
A2	iMAT	training_samples=setx1,setx2	GL261	G3	8	1.2166913601365762e-14	0.087110200638095978
A2	iMAT	training_samples=setx1,setx2	GL261	G3	9	9.9745220394259608e-15	0.071413560134590895
A2	iMAT	training_samples=setx1,setx2	GL261	G3	10	1.3551782812289504e-14	0.097025306372679906
A2	iMAT	training_samples=setx1,setx2	GL261	G3	11	3.5758150166488754e-15	0.025601395205932478
A2	iMAT	training_samples=setx1,setx2	GL261	G3	12	1.2585422492125428e-14	0.090106555723481752
A2	iMAT	training_samples=setx1,setx2	GL261	G3	13	1.1156912444786906e-14	0.079878999178391613
A2	iMAT	training_samples=setx1,setx2	GL261	G3	14	7.6047878831717271e-15	0.054447218088150839
A2	iMAT	training_samples=setx1,setx2	GL261	G3	15	7.8221580064466704e-15	0.05600350061563443
A2	iMAT	training_samples=setx1,setx2	GL261	G3	16	1.2013585908783317e-14	0.086012436118527616
A2	iMAT	training_samples=setx1,setx2	GL261	G3	17	4.2286325293289213e-15	0.030275305646394395
A2	iMAT	training_samples=setx1,setx2	GL261	G3	18	1.8194223490017232e-15	0.013026331168258246
A2	iMAT	training_samples=setx1,setx2	GL261	G3	19	1.7245608160539353e-15	0.012347160801913936
A2	iMAT	training_samples=setx1,setx2	GL261	G4	0	1.2572086118769265e-33	0.46484045566666321
A2	iMAT	training_samples=setx1,setx2	GL261	G4	1	1.3890317225897295e-33	0.51358074766932016
A2	iMAT	training_samples=setx1,setx2	GL261	G4	2	5.8293346089127575e-35	0.02155338843722239
A2	iMAT	training_samples=setx1,setx2	GL261	G4	3	4.2977111670789294e-38	1.5890362175026564e-05
A2	iMAT	training_samples=setx1,setx2	GL261	G4	4	3.2934544528574006e-51	1.2177222253497451e-18
A2	iMAT	training_samples=setx1,setx2	GL261	G4	5	1.5448144551525906e-50	5.7117987298982596e-18
A2	iMAT	training_samples=setx1,setx2	GL261	G4	6	1.6991806830294269e-43	6.2825525970602589e-11
A2	iMAT	training_samples=setx1,setx2	GL261	G4	7	1.6669396257549964e-42	6.1633444750903756e-10
A2	iMAT	training_samples=setx1,setx2	GL261	G4	8	3.4584730163279618e-48	1.278736207844341e-15
A2	iMAT	training_samples=setx1,setx2	GL261	G4	9	8.0043744600078681e-46	2.9595383265485455e-13
A2	iMAT	training_samples=setx1,setx2	GL261	G4	10	6.8145244445476047e-52	2.5196030460100124e-19
A2	iMAT	training_samples=setx1,setx2	GL261	G4	11	1.557001540380851e-40	5.7568592727328769e-08
A2	iMAT	training_samples=setx1,setx2	GL261	G4	12	8.2280141020101424e-49	3.0422268733110956e-16
A2	iMAT	training_samples=setx1,setx2	GL261	G4	13	5.5858437695003758e-47	2.0653105129632467e-14
A2	iMAT	training_samples=setx1,setx2	GL261	G4	14	7.7291459504676037e-44	2.8577753060135909e-11
A2	iMAT	training_samples=setx1,setx2	GL261	G4	15	5.186952135208975e-44	1.9178242745665703e-11
A2	iMAT	training_samples=setx1,setx2	GL261	G4	16	5.5444762205318139e-48	2.0500152706854742e-15
A2	iMAT	training_samples=setx1,setx2	GL261	G4	17	4.0926489561972756e-41	1.5132164922432712e-08
A2	iMAT	training_samples=setx1,setx2	GL261	G4	18	1.1000304990020543e-38	4.0672540227031071e-06
A2	iMAT	training_samples=setx1,setx2	GL261	G4	19	1.4543140970989723e-38	5.3771826027239863e-06
A2	iMAT	training_samples=setx1,setx2	GL261	G5	0	7.0393882338229373e-06	0.98457312680600917
A2	iMAT	training_samples=setx1,setx2	GL261	G5	1	1.1029297975658737e-07	0.01542627005880047
A2	iMAT	training_samples=setx1,setx2	GL261	G5	2	4.3122161220407732e-12	6.0313367720524558e-07
A2	iMAT	training_samples=setx1,setx2	GL261	G5	3	8.3334401937100396e-18	1.1655673754643985e-12
A2	iMAT	training_samples=setx1,setx2	GL261	G5	4	2.4711864468176609e-35	3.4563568396092749e-30
A2	iMAT	training_samples=setx1,setx2	GL261	G5	5	1.5974422805987307e-34	2.2342832769816734e-29
A2	iMAT	training_samples=setx1,setx2	GL261	G5	6	1.3261433518401319e-25	1.854827526404452e-20
A2	iMAT	training_samples=setx1,setx2	GL261	G5	7	2.9124547654680286e-24	4.0735424725404432e-19
A2	iMAT	training_samples=setx1,setx2	GL261	G5	8	1.2212533229333719e-31	1.7081217328025315e-26
A2	iMAT	training_samples=setx1,setx2	GL261	G5	9	1.1848324413653619e-28	1.6571811964159303e-23
A2	iMAT	training_samples=setx1,setx2	GL261	G5	10	3.7328349895719115e-36	5.2209778683249959e-31
A2	iMAT	training_samples=setx1,setx2	GL261	G5	11	1.6952096836180696e-21	2.3710269178963007e-16
A2	iMAT	training_samples=setx1,setx2	GL261	G5	12	2.0616992598392959e-32	2.8836222969495455e-27
A2	iMAT	training_samples=setx1,setx2	GL261	G5	13	3.9895642785290969e-30	5.5800556040247441e-25
A2	iMAT	training_samples=setx1,setx2	GL261	G5	14	4.636285596059632e-26	6.4846007272979621e-21
A2	iMAT	training_samples=setx1,setx2	GL261	G5	15	2.7304581532416712e-26	3.8189905603347255e-21
A2	iMAT	training_samples=setx1,setx2	GL261	G5	16	2.1980280296131649e-31	3.0743002915016086e-26
A2	iMAT	training_samples=setx1,setx2	GL261	G5	17	2.5070287663811807e-22	3.5064881627760749e-17
A2	iMAT	training_samples=setx1,setx2	GL261	G5	18	9.7631276383465515e-19	1.3655324563726595e-13
A2	iMAT	training_samples=setx1,setx2	GL261	G5	19	1.5070768017085045e-18	2.1078924328472617e-13
A2	iMAT	training_samples=setx1,setx2,setx3	CT2A	C1	0	4.8470352587743646e-10	1.9669250996499021e-09
A2	iMAT	training_samples=setx1,setx2,setx3	CT2A	C1	1	8.8427690563604314e-13	3.588392383958204e-12
A2	iMAT	training_samples=setx1,setx2,setx3	CT2A	C1	2	1.148900187453134e-07	4.6622326742996842e-07
A2	iMAT	training_samples=setx1,setx2,setx3	CT2A	C1	3	1.0664048147996867e-06	4.3274667598506369e-06
A2	iMAT	training_samples=setx1,setx2,setx3	CT2A	C1	4	2.1726319122486319e-08	8.8165321941206238e-08
A2	iMAT	training_samples=setx1,setx2,setx3	CT2A	C1	5	1.3684022935259277e-07	5.5529714018115727e-07
A2	iMAT	training_samples=setx1,setx2,setx3	CT2A	C1	6	0.0010587230630861001	0.0042962942400564383
A2	iMAT	training_samples=setx1,setx2,setx3	CT2A	C1	7	6.8720730185597219e-11	2.7886846670576717e-10
A2	iMAT	training_samples=setx1,setx2,setx3	CT2A	C1	8	3.0204507256230193e-10	1.2256977775701047e-09
A2	iMAT	training_samples=setx1,setx2,setx3	CT2A	C1	9	0.0248845569587977	0.10098143929801631
A2	iMAT	training_samples=setx1,setx2,setx3	CT2A	C1	10	0.0044393896921695996	0.018015026808085203
A2	iMAT	training_samples=setx1,setx2,setx3	CT2A	C1	11	0.0054317094469544004	0.022041856670796379
A2	iMAT	training_samples=setx1,setx2,setx3	CT2A	C1	12	0.035739382373344501	0.14503028033241916
A2	iMAT	training_samples=setx1,setx2,setx3	CT2A	C1	13	0.0165484159722489	0.067153410275571757
A2	iMAT	training_samples=setx1,setx2,setx3	CT2A	C1	14	0.1160676364896622	0.47100203584300959
A2	iMAT	training_samples=setx1,setx2,setx3	CT2A	C1	15	0.0118364390816201	0.048032225633123642
A2	iMAT	training_samples=setx1,setx2,setx3	CT2A	C1	16	0.030412801962564798	0.12341503689819804
A2	iMAT	training_samples=setx1,setx2,setx3	CT2A	C1	17	1.0426899127246904e-10	4.2312317757072686e-10
A2	iMAT	training_samples=setx1,setx2,setx3	CT2A	C1	18	4.9572760553075687e-06	2.0116607737537844e-05
A2	iMAT	training_samples=setx1,setx2,setx3	CT2A	C1	19	1.6846595807843231e-06	6.8363422935946486e-06
A2	iMAT	training_samples=setx1,setx2,setx3	CT2A	C2	0	7.9233740595978326e-36	0.012377308237594765
A2	iMAT	training_samples=setx1,setx2,setx3	CT2A	C2	1	2.2155274727319935e-35	0.034609329602009339
A2	iMAT	training_samples=setx1,setx2,setx3	CT2A	C2	2	9.3496823135523101e-40	1.4605381375153566e-06
A2	iMAT	training_samples=setx1,setx2,setx3	CT2A	C2	3	7.9958978863425327e-41	1.2490599589414982e-07
A2	iMAT	training_samples=setx1,setx2,setx3	CT2A	C2	4	8.4541803568781979e-38	0.00013206494529504972
A2	iMAT	training_samples=setx1,setx2,setx3	CT2A	C2	5	2.7854805909143849e-39	4.3512715169394508e-06
A2	iMAT	training_samples=setx1,setx2,setx3	CT2A	C2	6	5.8810562626070148e-47	9.1869506068250407e-14
A2	iMAT	training_samples=setx1,setx2,setx3	CT2A	C2	7	9.3934672847277216e-35	0.14673779014888347
A2	iMAT	training_samples=setx1,setx2,setx3	CT2A	C2	8	2.5411256586011467e-34	0.39695583359299114
A2	iMAT	training_samples=setx1,setx2,setx3	CT2A	C2	9	6.4465793016251136e-52	1.0070368821936245e-18
A2	iMAT	training_samples=setx1,setx2,setx3	CT2A	C2	10	7.3120060915973227e-47	1.14222744692006e-13
A2	iMAT	training_samples=setx1,setx2,setx3	CT2A	C2	11	1.2009862532838502e-46	1.8760917929908733e-13
A2	iMAT	training_samples=setx1,setx2,setx3	CT2A	C2	12	4.1818084832974604e-52	6.5325115536686515e-19
A2	iMAT	training_samples=setx1,setx2,setx3	CT2A	C2	13	3.4215742685365507e-49	5.3449299579892981e-16
A2	iMAT	training_samples=setx1,setx2,setx3	CT2A	C2	14	9.381200284901441e-60	1.4654616416119394e-26
A2	iMAT	training_samples=setx1,setx2,setx3	CT2A	C2	15	7.9481487000497019e-48	1.2416009346370127e-14
A2	iMAT	training_samples=setx1,setx2,setx3	CT2A	C2	16	3.9655573571736483e-51	6.1947000576281302e-18
A2	iMAT	training_samples=setx1,setx2,setx3	CT2A	C2	17	2.619362930543341e-34	0.40917748087624728
A2	iMAT	training_samples=setx1,setx2,setx3	CT2A	C2	18	9.3239433033846424e-40	1.4565173799418845e-06
A2	iMAT	training_samples=setx1,setx2,setx3	CT2A	C2	19	1.7920216614785459e-39	2.7993635420630992e-06
A2	iMAT	training_samples=setx1,setx2,setx3	CT2A	C3	0	4.5450370603829868e-19	0.050539399668492989
A2	iMAT	training_samples=setx1,setx2,setx3	CT2A	C3	1	2.6979136746130137e-18	0.29999961641868339
A2	iMAT	training_samples=setx1,setx2,setx3	CT2A	C3	2	5.0290155333335625e-21	0.00055921089883651529
A2	iMAT	training_samples=setx1,setx2,setx3	CT2A	C3	3	1.2526068459956674e-21	0.00013928598859858584
A2	iMAT	training_samples=setx1,setx2,setx3	CT2A	C3	4	3.7418465822817116e-20	0.0041608171156295162
A2	iMAT	training_samples=setx1,setx2,setx3	CT2A	C3	5	7.1884861084074002e-21	0.00079933731588449977
A2	iMAT	training_samples=setx1,setx2,setx3	CT2A	C3	6	1.5935244856738211e-24	1.7719497067470038e-07
A2	iMAT	training_samples=setx1,setx2,setx3	CT2A	C3	7	1.7248805247603193e-18	0.1918013540112167
A2	iMAT	training_samples=setx1,setx2,setx3	CT2A	C3	8	1.7787837913937827e-18	0.19779522974783476
A2	iMAT	training_samples=setx1,setx2,setx3	CT2A	C3	9	1.2465600231385671e-26	1.3861360068834551e-09
A2	iMAT	training_samples=setx1,setx2,setx3	CT2A	C3	10	1.2523544593137227e-24	1.3925792398388557e-07
A2	iMAT	training_samples=setx1,setx2,setx3	CT2A	C3	11	1.4335047007854919e-24	1.5940126788219538e-07
A2	iMAT	training_samples=setx1,setx2,setx3	CT2A	C3	12	9.8261986439085627e-27	1.0926427527186146e-09
A2	iMAT	training_samples=setx1,setx2,setx3	CT2A	C3	13	1.331761281723396e-25	1.4808771586643922e-08
A2	iMAT	training_samples=setx1,setx2,setx3	CT2A	C3	14	1.2632603528508777e-29	1.4047062545340862e-12
A2	iMAT	training_samples=setx1,setx2,setx3	CT2A	C3	15	4.4957177075004216e-25	4.9990983791216651e-08
A2	iMAT	training_samples=setx1,setx2,setx3	CT2A	C3	16	2.3049957815553494e-26	2.5630836776587228e-09
A2	iMAT	training_samples=setx1,setx2,setx3	CT2A	C3	17	2.2804165568113729e-18	0.2535752343582145
A2	iMAT	training_samples=setx1,setx2,setx3	CT2A	C3	18	2.1681419023000242e-21	0.00024109064168800011
A2	iMAT	training_samples=setx1,setx2,setx3	CT2A	C3	19	3.4972032900541029e-21	0.00038887813773540359
A2	iMAT	training_samples=setx1,setx2,setx3	CT2A	C4	0	2.1970808293556928e-06	0.076860508246697073
A2	iMAT	training_samples=setx1,setx2,setx3	CT2A	C4	1	5.2480604886264531e-07	0.018359297076181256
A2	iMAT	training_samples=setx1,setx2,setx3	CT2A	C4	2	1.3410011313995951e-06	0.04691226064222434
A2	iMAT	training_samples=setx1,setx2,setx3	CT2A	C4	3	1.4237019188441325e-06	0.049805383403326069
A2	iMAT	training_samples=setx1,setx2,setx3	CT2A	C4	4	2.2618239213845995e-06	0.079125416707194515
A2	iMAT	training_samples=setx1,setx2,setx3	CT2A	C4	5	1.770948205673933e-06	0.061953104932689955
A2	iMAT	training_samples=setx1,setx2,setx3	CT2A	C4	6	4.2901643906498041e-07	0.015008287866401569
A2	iMAT	training_samples=setx1,setx2,setx3	CT2A	C4	7	2.230198483617365e-06	0.07801906359180788
A2	iMAT	training_samples=setx1,setx2,setx3	CT2A	C4	8	4.06092512493658e-06	0.14206339834385603
A2	iMAT	training_samples=setx1,setx2,setx3	CT2A	C4	9	8.6241160356580485e-08	0.0030169756743704044
A2	iMAT	training_samples=setx1,setx2,setx3	CT2A	C4	10	6.5395826201329112e-07	0.022877430688432315
A2	iMAT	training_samples=setx1,setx2,setx3	CT2A	C4	11	7.6620837408931714e-07	0.026804277871128896
A2	iMAT	training_samples=setx1,setx2,setx3	CT2A	C4	12	8.6469153139683943e-08	0.0030249515489726374
A2	iMAT	training_samples=setx1,setx2,setx3	CT2A	C4	13	2.9462696092574573e-07	0.010306938942511919
A2	iMAT	training_samples=setx1,setx2,setx3	CT2A	C4	14	2.7721878716917166e-09	9.6979485655081411e-05
A2	iMAT	training_samples=setx1,setx2,setx3	CT2A	C4	15	5.271204387312928e-07	0.018440261408129578
A2	iMAT	training_samples=setx1,setx2,setx3	CT2A	C4	16	1.3379342895219434e-07	0.0046804973271509951
A2	iMAT	training_samples=setx1,setx2,setx3	CT2A	C4	17	3.0940241570531088e-06	0.10823828876081866
A2	iMAT	training_samples=setx1,setx2,setx3	CT2A	C4	18	3.5901807227409125e-06	0.12559534058120325
A2	iMAT	training_samples=setx1,setx2,setx3	CT2A	C4	19	3.1104049111276623e-06	0.1088113369012476
A2	iMAT	training_samples=setx1,setx2,setx3	CT2A	C5	0	1.86118271150129e-07	6.7956484855410222e-06
A2	iMAT	training_samples=setx1,setx2,setx3	CT2A	C5	1	7.4104318918381562e-10	2.7057359791588603e-08
A2	iMAT	training_samples=setx1,setx2,setx3	CT2A	C5	2	4.9931573832236557e-06	0.00018231279604999861
A2	iMAT	training_samples=setx1,setx2,setx3	CT2A	C5	3	2.3910651060471004e-05	0.00087303830335024577
A2	iMAT	training_samples=setx1,setx2,setx3	CT2A	C5	4	2.5308244662534776e-06	9.240679781187453e-05
A2	iMAT	training_samples=setx1,setx2,setx3	CT2A	C5	5	7.1537511006230216e-06	0.00026120153347906574
A2	iMAT	training_samples=setx1,setx2,setx3	CT2A	C5	6	0.00092184858916379995	0.033659021922656428
A2	iMAT	training_samples=setx1,setx2,setx3	CT2A	C5	7	4.9974852948359219e-08	1.8247081904157114e-06
A2	iMAT	training_samples=setx1,setx2,setx3	CT2A	C5	8	2.2966883751420777e-07	8.3857897356592296e-06
A2	iMAT	training_samples=setx1,setx2,setx3	CT2A	C5	9	0.0019657077866447	0.071772959531485478
A2	iMAT	training_samples=setx1,setx2,setx3	CT2A	C5	10	0.0035179049567476998	0.12844760132290317
A2	iMAT	training_samples=setx1,setx2,setx3	CT2A	C5	11	0.0046279440137964997	0.16897793287127805
A2	iMAT	training_samples=setx1,setx2,setx3	CT2A	C5	12	0.0025198474052225001	0.092005997569588355
A2	iMAT	training_samples=setx1,setx2,setx3	CT2A	C5	13	0.0043146980553527003	0.15754053121293485
A2	iMAT	training_samples=setx1,setx2,setx3	CT2A	C5	14	0.00028564120940130001	0.010429482500996812
A2	iMAT	training_samples=setx1,setx2,setx3	CT2A	C5	15	0.0056848118097480001	0.20756684728893657
A2	iMAT	training_samples=setx1,setx2,setx3	CT2A	C5	16	0.0032948183877331001	0.12030214684656249
A2	iMAT	training_samples=setx1,setx2,setx3	CT2A	C5	17	8.8084558160292272e-08	3.2161898483287375e-06
A2	iMAT	training_samples=setx1,setx2,setx3	CT2A	C5	18	0.000151320096377	0.0055250791736981423
A2	iMAT	training_samples=setx1,setx2,setx3	CT2A	C5	19	6.4174985898606798e-05	0.0023431909346487687
A2	iMAT	training_samples=setx1,setx2,setx3	GL261	G1	0	1.2100820160424485e-06	0.0047036700016726369
A2	iMAT	training_samples=setx1,setx2,setx3	GL261	G1	1	3.8489825319459183e-06	0.014961253396431706
A2	iMAT	training_samples=setx1,setx2,setx3	GL261	G1	2	1.5934040977446137e-05	0.061936686569521594
A2	iMAT	training_samples=setx1,setx2,setx3	GL261	G1	3	1.4635884366361665e-05	0.056890664706473887
A2	iMAT	training_samples=setx1,setx2,setx3	GL261	G1	4	2.4058512193804672e-05	0.093517051398691903
A2	iMAT	training_samples=setx1,setx2,setx3	GL261	G1	5	3.0832395360154133e-05	0.11984758984318319
A2	iMAT	training_samples=setx1,setx2,setx3	GL261	G1	6	3.6419165994542633e-05	0.14156374221204623
A2	iMAT	training_samples=setx1,setx2,setx3	GL261	G1	7	4.2431458964719536e-05	0.1649339284557664
A2	iMAT	training_samples=setx1,setx2,setx3	GL261	G1	8	2.6013174008165156e-05	0.10111495304315357
A2	iMAT	training_samples=setx1,setx2,setx3	GL261	G1	9	1.8516781660420611e-05	0.071975972924951892
A2	iMAT	training_samples=setx1,setx2,setx3	GL261	G1	10	6.5536076522827274e-06	0.025474312739222758
A2	iMAT	training_samples=setx1,setx2,setx3	GL261	G1	11	2.2297012703067985e-06	0.0086669984668754536
A2	iMAT	training_samples=setx1,setx2,setx3	GL261	G1	12	1.3050314965236564e-06	0.0050727450041046975
A2	iMAT	training_samples=setx1,setx2,setx3	GL261	G1	13	6.009355303632226e-06	0.023358767336722173
A2	iMAT	training_samples=setx1,setx2,setx3	GL261	G1	14	5.8716795796284965e-06	0.022823612558475977
A2	iMAT	training_samples=setx1,setx2,setx3	GL261	G1	15	7.9977804049992934e-06	0.031087909143540874
A2	iMAT	training_samples=setx1,setx2,setx3	GL261	G1	16	3.3036039099571241e-06	0.012841330093884034
A2	iMAT	training_samples=setx1,setx2,setx3	GL261	G1	17	2.0996690708113689e-06	0.0081615545813291789
A2	iMAT	training_samples=setx1,setx2,setx3	GL261	G1	18	5.548271539243683e-06	0.021566503802465494
A2	iMAT	training_samples=setx1,setx2,setx3	GL261	G1	19	2.4441959604161668e-06	0.009500753721486321
A2	iMAT	training_samples=setx1,setx2,setx3	GL261	G2	0	2.4730671234964075e-92	0.30143333849305198
A2	iMAT	training_samples=setx1,setx2,setx3	GL261	G2	1	5.7312912127777057e-92	0.69856666150694802
A2	iMAT	training_samples=setx1,setx2,setx3	GL261	G2	2	3.639841179953217e-114	4.4364727023931973e-23
A2	iMAT	training_samples=setx1,setx2,setx3	GL261	G2	3	4.0693452186314256e-116	4.9599798690405058e-25
A2	iMAT	training_samples=setx1,setx2,setx3	GL261	G2	4	8.8167881277282273e-114	1.0746468847839525e-22
A2	iMAT	training_samples=setx1,setx2,setx3	GL261	G2	5	1.2107251378996948e-121	1.4757097243628287e-30
A2	iMAT	training_samples=setx1,setx2,setx3	GL261	G2	6	1.5193481918719788e-114	1.8518793665489362e-23
A2	iMAT	training_samples=setx1,setx2,setx3	GL261	G2	7	6.6253687710716e-110	8.0754258889189525e-19
A2	iMAT	training_samples=setx1,setx2,setx3	GL261	G2	8	9.3970951000032801e-124	1.1453784336132288e-32
A2	iMAT	training_samples=setx1,setx2,setx3	GL261	G2	9	5.2874398664559243e-124	6.4446720264258187e-33
A2	iMAT	training_samples=setx1,setx2,setx3	GL261	G2	10	3.4275239205471405e-131	4.1776867611851525e-40
A2	iMAT	training_samples=setx1,setx2,setx3	GL261	G2	11	6.5316081061168682e-142	7.9611443557243508e-51
A2	iMAT	training_samples=setx1,setx2,setx3	GL261	G2	12	5.2191011228547099e-147	6.3613763672161676e-56
A2	iMAT	training_samples=setx1,setx2,setx3	GL261	G2	13	4.1625912631422921e-121	5.0736341497154433e-30
A2	iMAT	training_samples=setx1,setx2,setx3	GL261	G2	14	1.1993427502451262e-136	1.4618361376811704e-45
A2	iMAT	training_samples=setx1,setx2,setx3	GL261	G2	15	5.0056989600290107e-129	6.1012680758922994e-38
A2	iMAT	training_samples=setx1,setx2,setx3	GL261	G2	16	7.5549380354340081e-138	9.2084447384887999e-47
A2	iMAT	training_samples=setx1,setx2,setx3	GL261	G2	17	1.1040840615479908e-148	1.3457287167315441e-57
A2	iMAT	training_samples=setx1,setx2,setx3	GL261	G2	18	1.0654494488900465e-139	1.2986383641720656e-48
A2	iMAT	training_samples=setx1,setx2,setx3	GL261	G2	19	4.7968256511747014e-144	5.8466798432808434e-53
A2	iMAT	training_samples=setx1,setx2,setx3	GL261	G3	0	8.5294284397997282e-06	1.4276382911485299e-05
A2	iMAT	training_samples=setx1,setx2,setx3	GL261	G3	1	1.9698468770943138e-05	3.2970894231515772e-05
A2	iMAT	training_samples=setx1,setx2,setx3	GL261	G3	2	0.0040952826449792996	0.0068546003502032516
A2	iMAT	training_samples=setx1,setx2,setx3	GL261	G3	3	0.0053563003568450999	0.0089652660108420438
A2	iMAT	training_samples=setx1,setx2,setx3	GL261	G3	4	0.0048497656968908998	0.0081174386547085593
A2	iMAT	training_samples=setx1,setx2,setx3	GL261	G3	5	0.017348071903759602	0.029036848016496995
A2	iMAT	training_samples=setx1,setx2,setx3	GL261	G3	6	0.0068157314649909999	0.011408031956987129
A2	iMAT	training_samples=setx1,setx2,setx3	GL261	G3	7	0.0035097221065267001	0.005874501094572342
A2	iMAT	training_samples=setx1,setx2,setx3	GL261	G3	8	0.021161163529342501	0.035419122808719485
A2	iMAT	training_samples=setx1,setx2,setx3	GL261	G3	9	0.018958569878992901	0.031732466595734671
A2	iMAT	training_samples=setx1,setx2,setx3	GL261	G3	10	0.0295513533129808	0.049462450904695025
A2	iMAT	training_samples=setx1,setx2,setx3	GL261	G3	11	0.059111035552736203	0.098938842596714219
A2	iMAT	training_samples=setx1,setx2,setx3	GL261	G3	12	0.074899720098619504	0.12536561994018799
A2	iMAT	training_samples=setx1,setx2,setx3	GL261	G3	13	0.0071150454278516998	0.01190901754760588
A2	iMAT	training_samples=setx1,setx2,setx3	GL261	G3	14	0.050197210898335301	0.08401906516142181
A2	iMAT	training_samples=setx1,setx2,setx3	GL261	G3	15	0.024813761405700002	0.041532766445289124
A2	iMAT	training_samples=setx1,setx2,setx3	GL261	G3	16	0.046453775717383801	0.077753379901877764
A2	iMAT	training_samples=setx1,setx2,setx3	GL261	G3	17	0.088324492204487806	0.14783572897920619
A2	iMAT	training_samples=setx1,setx2,setx3	GL261	G3	18	0.063515429648476507	0.10631082737244323
A2	iMAT	training_samples=setx1,setx2,setx3	GL261	G3	19	0.071345583265922705	0.11941677838515123
A2	iMAT	training_samples=setx1,setx2,setx3	GL261	G4	0	6.7242287856927277e-05	0.26395359385609213
A2	iMAT	training_samples=setx1,setx2,setx3	GL261	G4	1	0.0001871710179322	0.73472310986839251
A2	iMAT	training_samples=setx1,setx2,setx3	GL261	G4	2	3.4738165048354391e-08	0.0001363615635444893
A2	iMAT	training_samples=setx1,setx2,setx3	GL261	G4	3	1.1258031062803378e-08	4.4192395194720298e-05
A2	iMAT	training_samples=setx1,setx2,setx3	GL261	G4	4	3.4738165048354391e-08	0.0001363615635444893
A2	iMAT	training_samples=setx1,setx2,setx3	GL261	G4	5	1.1775756417480247e-10	4.6224679823228839e-07
A2	iMAT	training_samples=setx1,setx2,setx3	GL261	G4	6	1.5801518366573734e-08	6.2027448710766942e-05
A2	iMAT	training_samples=setx1,setx2,setx3	GL261	G4	7	2.3959449170858263e-07	0.00094050677289810427
A2	iMAT	training_samples=setx1,setx2,setx3	GL261	G4	8	2.7462399844596464e-11	1.0780119722157036e-07
A2	iMAT	training_samples=setx1,setx2,setx3	GL261	G4	9	3.6307134457088318e-11	1.4252041279374078e-07
A2	iMAT	training_samples=setx1,setx2,setx3	GL261	G4	10	3.8230091053864457e-13	1.5006880712601441e-09
A2	iMAT	training_samples=setx1,setx2,setx3	GL261	G4	11	8.3503524294225914e-17	3.2778562478432635e-13
A2	iMAT	training_samples=setx1,setx2,setx3	GL261	G4	12	9.5862556253417388e-19	3.7629990063930558e-15
A2	iMAT	training_samples=setx1,setx2,setx3	GL261	G4	13	7.9615532721896744e-10	3.125236612029852e-06
A2	iMAT	training_samples=setx1,setx2,setx3	GL261	G4	14	2.7194833938557671e-15	1.0675089116056048e-11
A2	iMAT	training_samples=setx1,setx2,setx3	GL261	G4	15	1.8354157433283528e-12	7.2047605325739982e-09
A2	iMAT	training_samples=setx1,setx2,setx3	GL261	G4	16	2.4613965880040245e-15	9.6619924160098888e-12
A2	iMAT	training_samples=setx1,setx2,setx3	GL261	G4	17	2.9631551228571238e-20	1.163160071970473e-16
A2	iMAT	training_samples=setx1,setx2,setx3	GL261	G4	18	1.1720366247419786e-16	4.6007250658967397e-13
A2	iMAT	training_samples=setx1,setx2,setx3	GL261	G4	19	6.3956401724968043e-18	2.510551413915069e-14
A2	iMAT	training_samples=setx1,setx2,setx3	GL261	G5	0	1.0936495711205922e-34	0.22462764562565801
A2	iMAT	training_samples=setx1,setx2,setx3	GL261	G5	1	3.7750723683006158e-34	0.77537233182377419
A2	iMAT	training_samples=setx1,setx2,setx3	GL261	G5	2	6.2943957463412158e-44	1.2928229795656176e-10
A2	iMAT	training_samples=setx1,setx2,setx3	GL261	G5	3	7.2006487988965217e-45	1.4789607470115274e-11
A2	iMAT	training_samples=setx1,setx2,setx3	GL261	G5	4	1.1881619263907688e-43	2.4403979409394884e-10
A2	iMAT	training_samples=setx1,setx2,setx3	GL261	G5	5	2.2923517971107171e-47	4.7083234038405496e-14
A2	iMAT	training_samples=setx1,setx2,setx3	GL261	G5	6	6.3445827279600295e-44	1.3031310195628729e-10
A2	iMAT	training_samples=setx1,setx2,setx3	GL261	G5	7	1.0726792483974047e-41	2.2032049428055823e-08
A2	iMAT	training_samples=setx1,setx2,setx3	GL261	G5	8	2.0178143100792551e-48	4.1444434282403772e-15
A2	iMAT	training_samples=setx1,setx2,setx3	GL261	G5	9	1.3351564747138994e-48	2.7423140224846889e-15
A2	iMAT	training_samples=setx1,setx2,setx3	GL261	G5	10	2.7232087949307684e-52	5.5932722537952083e-19
A2	iMAT	training_samples=setx1,setx2,setx3	GL261	G5	11	8.795111734160449e-58	1.8064518050647284e-24
A2	iMAT	training_samples=setx1,setx2,setx3	GL261	G5	12	1.9742135422535623e-60	4.0548906310484836e-27
A2	iMAT	training_samples=setx1,setx2,setx3	GL261	G5	13	1.9299786491187887e-47	3.9640353867202153e-14
A2	iMAT	training_samples=setx1,setx2,setx3	GL261	G5	14	5.160058397535283e-55	1.0598383611503725e-21
A2	iMAT	training_samples=setx1,setx2,setx3	GL261	G5	15	3.3850875264385679e-51	6.9527228957037964e-18
A2	iMAT	training_samples=setx1,setx2,setx3	GL261	G5	16	1.0822993114018142e-55	2.2229638505993909e-22
A2	iMAT	training_samples=setx1,setx2,setx3	GL261	G5	17	2.8888921328170755e-61	5.9335737460791371e-28
A2	iMAT	training_samples=setx1,setx2,setx3	GL261	G5	18	1.4628317682165713e-56	3.004549763634243e-23
A2	iMAT	training_samples=setx1,setx2,setx3	GL261	G5	19	7.4403984220233145e-59	1.5282035710428388e-25
A2	iMAT	training_samples=setx1,setx3	CT2A	C1	0	1.1358557404544725e-26	1.6206654250138542e-19
A2	iMAT	training_samples=setx1,setx3	CT2A	C1	1	7.0085763711680295e-08	0.99999999989227195
A2	iMAT	training_samples=setx1,setx3	CT2A	C1	2	2.9845392284319446e-28	4.2584100822361895e-21
A2	iMAT	training_samples=setx1,setx3	CT2A	C1	3	3.2627303158719961e-27	4.6553396049770821e-20
A2	iMAT	training_samples=setx1,setx3	CT2A	C1	4	3.1961907409931323e-20	4.5603993898066704e-13
A2	iMAT	training_samples=setx1,setx3	CT2A	C1	5	5.7794031274304975e-19	8.2461869868227106e-12
A2	iMAT	training_samples=setx1,setx3	CT2A	C1	6	3.1871889322545936e-21	4.5475553994428059e-14
A2	iMAT	training_samples=setx1,setx3	CT2A	C1	7	2.6506174465666206e-20	3.781962706699207e-13
A2	iMAT	training_samples=setx1,setx3	CT2A	C1	8	1.6233276380380464e-19	2.3162016819010983e-12
A2	iMAT	training_samples=setx1,setx3	CT2A	C1	9	1.5126607612952028e-19	2.1582996046886923e-12
A2	iMAT	training_samples=setx1,setx3	CT2A	C1	10	3.4706924710744187e-19	4.9520648515414723e-12
A2	iMAT	training_samples=setx1,setx3	CT2A	C1	11	1.9928731921394025e-19	2.8434778853563206e-12
A2	iMAT	training_samples=setx1,setx3	CT2A	C1	12	5.2660325639515217e-19	7.5136979102456438e-12
A2	iMAT	training_samples=setx1,setx3	CT2A	C1	13	1.0450022583326301e-19	1.4910335607085594e-12
A2	iMAT	training_samples=setx1,setx3	CT2A	C1	14	5.0182663207391613e-19	7.1601792638555833e-12
A2	iMAT	training_samples=setx1,setx3	CT2A	C1	15	1.1961274843395321e-18	1.7066625529420213e-11
A2	iMAT	training_samples=setx1,setx3	CT2A	C1	16	1.3083281833734401e-18	1.8667531235226509e-11
A2	iMAT	training_samples=setx1,setx3	CT2A	C1	17	1.2439799526239517e-18	1.7749395691933112e-11
A2	iMAT	training_samples=setx1,setx3	CT2A	C1	18	7.150948549162957e-19	1.0203139938390716e-11
A2	iMAT	training_samples=setx1,setx3	CT2A	C1	19	4.5418607548100878e-19	6.4804327067122597e-12
A2	iMAT	training_samples=setx1,setx3	CT2A	C2	0	0.00068137757052009996	0.074621112212973503
A2	iMAT	training_samples=setx1,setx3	CT2A	C2	1	2.1257817879453292e-35	2.3280514094040683e-33
A2	iMAT	training_samples=setx1,setx3	CT2A	C2	2	0.0067714370996661	0.74157440678827025
A2	iMAT	training_samples=setx1,setx3	CT2A	C2	3	0.0016783487534554999	0.18380448092606036
A2	iMAT	training_samples=setx1,setx3	CT2A	C2	4	9.1867065962288167e-17	1.0060828143515067e-14
A2	iMAT	training_samples=setx1,setx3	CT2A	C2	5	9.7167875956402555e-26	1.0641346720151708e-23
A2	iMAT	training_samples=setx1,setx3	CT2A	C2	6	6.6348908286154151e-13	7.2662053237975584e-11
A2	iMAT	training_samples=setx1,setx3	CT2A	C2	7	2.1771732812901927e-16	2.3843328392250139e-14
A2	iMAT	training_samples=setx1,setx3	CT2A	C2	8	8.9626747447510781e-21	9.8154795049380746e-19
A2	iMAT	training_samples=setx1,setx3	CT2A	C2	9	1.4599817817746217e-20	1.5989000677486676e-18
A2	iMAT	training_samples=setx1,setx3	CT2A	C2	10	2.0707899671061546e-23	2.2678270784137845e-21
A2	iMAT	training_samples=setx1,setx3	CT2A	C2	11	2.0395053649106562e-21	2.233565724474784e-19
A2	iMAT	training_samples=setx1,setx3	CT2A	C2	12	2.9028408231384577e-25	3.1790481543804403e-23
A2	iMAT	training_samples=setx1,setx3	CT2A	C2	13	1.6067117902661169e-19	1.7595915390029513e-17
A2	iMAT	training_samples=setx1,setx3	CT2A	C2	14	4.9966350783837259e-25	5.472068395012613e-23
A2	iMAT	training_samples=setx1,setx3	CT2A	C2	15	2.7742667415206479e-31	3.0382401591193232e-29
A2	iMAT	training_samples=setx1,setx3	CT2A	C2	16	1.2654647254514122e-32	1.3858745776939825e-30
A2	iMAT	training_samples=setx1,setx3	CT2A	C2	17	8.1354323553739303e-32	8.9095244245863424e-30
A2	iMAT	training_samples=setx1,setx3	CT2A	C2	18	6.00233034752441e-27	6.5734562712428269e-25
A2	iMAT	training_samples=setx1,setx3	CT2A	C2	19	1.4682322599689788e-24	1.6079355847041476e-22
A2	iMAT	training_samples=setx1,setx3	CT2A	C3	0	0.00091684200881580005	0.12471352181369233
A2	iMAT	training_samples=setx1,setx3	CT2A	C3	1	2.142549033626946e-19	2.9144043692681936e-17
A2	iMAT	training_samples=setx1,setx3	CT2A	C3	2	0.0047545921577229998	0.64674385234951426
A2	iMAT	training_samples=setx1,setx3	CT2A	C3	3	0.0016801187822788001	0.22853831782201647
A2	iMAT	training_samples=setx1,setx3	CT2A	C3	4	7.0899463819207759e-10	9.6441063373791166e-08
A2	iMAT	training_samples=setx1,setx3	CT2A	C3	5	2.049992326667079e-13	2.7885040202282101e-11
A2	iMAT	training_samples=setx1,setx3	CT2A	C3	6	2.984526693799647e-08	4.0597052856628989e-06
A2	iMAT	training_samples=setx1,setx3	CT2A	C3	7	1.0111592226077451e-09	1.3754302982766424e-07
A2	iMAT	training_samples=setx1,setx3	CT2A	C3	8	1.7265014235485874e-11	2.3484752103059068e-09
A2	iMAT	training_samples=setx1,setx3	CT2A	C3	9	2.0938102012350001e-11	2.8481073259582159e-09
A2	iMAT	training_samples=setx1,setx3	CT2A	C3	10	1.6087850537505169e-12	2.188351405861102e-10
A2	iMAT	training_samples=setx1,setx3	CT2A	C3	11	9.6360734212343678e-12	1.3107478074326467e-09
A2	iMAT	training_samples=setx1,setx3	CT2A	C3	12	3.1139313290624691e-13	4.2357280643692045e-11
A2	iMAT	training_samples=setx1,setx3	CT2A	C3	13	5.4312506187221801e-11	7.3878638413232114e-09
A2	iMAT	training_samples=setx1,setx3	CT2A	C3	14	3.8335267364634453e-13	5.2145584045479617e-11
A2	iMAT	training_samples=setx1,setx3	CT2A	C3	15	1.6926822160359538e-15	2.3024726009872496e-13
A2	iMAT	training_samples=setx1,setx3	CT2A	C3	16	5.4090900565324174e-16	7.3577199154397718e-14
A2	iMAT	training_samples=setx1,setx3	CT2A	C3	17	1.0749117442435284e-15	1.4621497267196245e-13
A2	iMAT	training_samples=setx1,setx3	CT2A	C3	18	7.1146909307883992e-14	9.6777651336089944e-12
A2	iMAT	training_samples=setx1,setx3	CT2A	C3	19	5.7969501203247785e-13	7.8853069376455453e-11
A2	iMAT	training_samples=setx1,setx3	CT2A	C4	0	0.0006102674010705	0.3186325665054382
A2	iMAT	training_samples=setx1,setx3	CT2A	C4	1	9.9649213133341289e-06	0.0052028806512075063
A2	iMAT	training_samples=setx1,setx3	CT2A	C4	2	0.00038379405600150001	0.20038639596146901
A2	iMAT	training_samples=setx1,setx3	CT2A	C4	3	0.00053338750515489997	0.27849206661098508
A2	iMAT	training_samples=setx1,setx3	CT2A	C4	4	5.4257150736062154e-05	0.028328721409627999
A2	iMAT	training_samples=setx1,setx3	CT2A	C4	5	1.4232321431992103e-06	0.00074309738603948691
A2	iMAT	training_samples=setx1,setx3	CT2A	C4	6	0.0001966176946086	0.10265795050436144
A2	iMAT	training_samples=setx1,setx3	CT2A	C4	7	6.2077514094698e-05	0.032411886336340782
A2	iMAT	training_samples=setx1,setx3	CT2A	C4	8	1.1630505498528777e-05	0.0060725147865529246
A2	iMAT	training_samples=setx1,setx3	CT2A	C4	9	1.26669616627196e-05	0.0066136688562069782
A2	iMAT	training_samples=setx1,setx3	CT2A	C4	10	3.898524202082858e-06	0.0020354958660977604
A2	iMAT	training_samples=setx1,setx3	CT2A	C4	11	8.955374799598846e-06	0.0046757766372722605
A2	iMAT	training_samples=setx1,setx3	CT2A	C4	12	1.7533082654362815e-06	0.00091543659633659864
A2	iMAT	training_samples=setx1,setx3	CT2A	C4	13	1.9156171218232783e-05	0.010001812302240261
A2	iMAT	training_samples=setx1,setx3	CT2A	C4	14	1.9434628406441961e-06	0.0010147200255759227
A2	iMAT	training_samples=setx1,setx3	CT2A	C4	15	1.1375376377239881e-07	5.9393068738183445e-05
A2	iMAT	training_samples=setx1,setx3	CT2A	C4	16	6.0364043327726597e-08	3.151724967845207e-05
A2	iMAT	training_samples=setx1,setx3	CT2A	C4	17	8.8519185324104144e-08	4.6217600932499232e-05
A2	iMAT	training_samples=setx1,setx3	CT2A	C4	18	8.3201435273299723e-07	0.00043441099445200396
A2	iMAT	training_samples=setx1,setx3	CT2A	C4	19	2.3815820538311746e-06	0.0012434706504466477
A2	iMAT	training_samples=setx1,setx3	CT2A	C5	0	1.2059502387737583e-16	5.9547291005615853e-12
A2	iMAT	training_samples=setx1,setx3	CT2A	C5	1	2.0251971897101952e-05	0.99999985506908273
A2	iMAT	training_samples=setx1,setx3	CT2A	C5	2	6.8033452692631672e-18	3.359349063792476e-13
A2	iMAT	training_samples=setx1,setx3	CT2A	C5	3	4.5970617816765523e-17	2.2699325965774272e-12
A2	iMAT	training_samples=setx1,setx3	CT2A	C5	4	3.5908386804814284e-13	1.7730807539643744e-08
A2	iMAT	training_samples=setx1,setx3	CT2A	C5	5	1.0991669254070843e-13	5.4274555173617634e-09
A2	iMAT	training_samples=setx1,setx3	CT2A	C5	6	2.2838853765775786e-13	1.1277346508162986e-08
A2	iMAT	training_samples=setx1,setx3	CT2A	C5	7	3.5527452931338338e-13	1.7542710390288444e-08
A2	iMAT	training_samples=setx1,setx3	CT2A	C5	8	2.8572126614168939e-13	1.4108316275746502e-08
A2	iMAT	training_samples=setx1,setx3	CT2A	C5	9	2.9321843846187165e-13	1.4478510905272085e-08
A2	iMAT	training_samples=setx1,setx3	CT2A	C5	10	1.8592864654913226e-13	9.1807662259757174e-09
A2	iMAT	training_samples=setx1,setx3	CT2A	C5	11	2.6195476397965924e-13	1.2934776294638283e-08
A2	iMAT	training_samples=setx1,setx3	CT2A	C5	12	1.2359864049801737e-13	6.1030413834635008e-09
A2	iMAT	training_samples=setx1,setx3	CT2A	C5	13	3.262191837154484e-13	1.610801842377061e-08
A2	iMAT	training_samples=setx1,setx3	CT2A	C5	14	1.3076640416215181e-13	6.4569705051175547e-09
A2	iMAT	training_samples=setx1,setx3	CT2A	C5	15	2.0226806974264041e-14	9.9875726401085917e-10
A2	iMAT	training_samples=setx1,setx3	CT2A	C5	16	1.2421867580624087e-14	6.1336574252747153e-10
A2	iMAT	training_samples=setx1,setx3	CT2A	C5	17	1.6719228091933428e-14	8.2556038265058419e-10
A2	iMAT	training_samples=setx1,setx3	CT2A	C5	18	7.9819497881993726e-14	3.9413192314918639e-09
A2	iMAT	training_samples=setx1,setx3	CT2A	C5	19	1.4570554864390241e-13	7.1946340962241803e-09
A2	iMAT	training_samples=setx1,setx3	GL261	G1	0	7.9849183587703048e-06	0.0046490193934712268
A2	iMAT	training_samples=setx1,setx3	GL261	G1	1	9.199878255675304e-06	0.0053563994654036102
A2	iMAT	training_samples=setx1,setx3	GL261	G1	2	0.0001067805023243	0.062170282004826986
A2	iMAT	training_samples=setx1,setx3	GL261	G1	3	0.00015313234805129999	0.089157487136526728
A2	iMAT	training_samples=setx1,setx3	GL261	G1	4	2.6694627992395613e-05	0.01554228079261907
A2	iMAT	training_samples=setx1,setx3	GL261	G1	5	0.0001123277388353	0.065400021992272808
A2	iMAT	training_samples=setx1,setx3	GL261	G1	6	0.00013290929111179999	0.07738311704497236
A2	iMAT	training_samples=setx1,setx3	GL261	G1	7	0.0001352107722288	0.078723096975373136
A2	iMAT	training_samples=setx1,setx3	GL261	G1	8	0.0001255887395039	0.073120908608156829
A2	iMAT	training_samples=setx1,setx3	GL261	G1	9	3.6642591321700887e-05	0.021334234118313828
A2	iMAT	training_samples=setx1,setx3	GL261	G1	10	3.8513096544875842e-05	0.022423289092630284
A2	iMAT	training_samples=setx1,setx3	GL261	G1	11	4.6598238556303201e-05	0.027130661206060808
A2	iMAT	training_samples=setx1,setx3	GL261	G1	12	0.00015902669571640001	0.092589323928798192
A2	iMAT	training_samples=setx1,setx3	GL261	G1	13	3.4833019415902707e-05	0.02028065604701192
A2	iMAT	training_samples=setx1,setx3	GL261	G1	14	0.0001416257955181	0.08245808415263943
A2	iMAT	training_samples=setx1,setx3	GL261	G1	15	6.2928684381196101e-05	0.036638655644171791
A2	iMAT	training_samples=setx1,setx3	GL261	G1	16	0.00010115927595400001	0.058897463268751504
A2	iMAT	training_samples=setx1,setx3	GL261	G1	17	9.5505476248688477e-05	0.055605679521466819
A2	iMAT	training_samples=setx1,setx3	GL261	G1	18	0.00015780285526150001	0.091876773373651258
A2	iMAT	training_samples=setx1,setx3	GL261	G1	19	3.3084400328801464e-05	0.019262566232881424
A2	iMAT	training_samples=setx1,setx3	GL261	G2	0	1.3260941891221461e-17	0.76154921203343118
A2	iMAT	training_samples=setx1,setx3	GL261	G2	1	4.1521703301320289e-18	0.23845078796656879
A2	iMAT	training_samples=setx1,setx3	GL261	G2	2	1.4356722981984548e-56	8.2447771538387442e-40
A2	iMAT	training_samples=setx1,setx3	GL261	G2	3	7.911186957875312e-48	4.5432354982321417e-31
A2	iMAT	training_samples=setx1,setx3	GL261	G2	4	3.2193654200901927e-72	1.8488167876976773e-55
A2	iMAT	training_samples=setx1,setx3	GL261	G2	5	1.0470497180743728e-55	6.0129958663586191e-39
A2	iMAT	training_samples=setx1,setx3	GL261	G2	6	2.5560964872696946e-52	1.4679147844319204e-35
A2	iMAT	training_samples=setx1,setx3	GL261	G2	7	6.6653692175118178e-52	3.8277874355729215e-35
A2	iMAT	training_samples=setx1,setx3	GL261	G2	8	1.4100374267823804e-53	8.0975612449868005e-37
A2	iMAT	training_samples=setx1,setx3	GL261	G2	9	2.5344784449552963e-69	1.455499977681931e-52
A2	iMAT	training_samples=setx1,setx3	GL261	G2	10	7.6027667255692673e-69	4.3661159641790433e-52
A2	iMAT	training_samples=setx1,setx3	GL261	G2	11	5.9332742057352206e-67	3.4073599999311541e-50
A2	iMAT	training_samples=setx1,setx3	GL261	G2	12	1.5674406921507565e-43	9.0014965287401226e-27
A2	iMAT	training_samples=setx1,setx3	GL261	G2	13	8.4179160218010065e-70	4.8342398043459554e-53
A2	iMAT	training_samples=setx1,setx3	GL261	G2	14	1.1560042110236506e-50	6.6386995979159686e-34
A2	iMAT	training_samples=setx1,setx3	GL261	G2	15	1.0549276356791508e-63	6.058237162139837e-47
A2	iMAT	training_samples=setx1,setx3	GL261	G2	16	1.9397222053542321e-57	1.113943435668883e-40
A2	iMAT	training_samples=setx1,setx3	GL261	G2	17	2.5823788426073849e-58	1.4830082123060371e-41
A2	iMAT	training_samples=setx1,setx3	GL261	G2	18	2.1550952994496101e-42	1.2376278703394805e-25
A2	iMAT	training_samples=setx1,setx3	GL261	G2	19	2.785605593365352e-70	1.5997172463802291e-53
A2	iMAT	training_samples=setx1,setx3	GL261	G3	0	1.1019817167248745e-18	9.0091307792349989e-06
A2	iMAT	training_samples=setx1,setx3	GL261	G3	1	1.3855434807958353e-18	1.1327358911093988e-05
A2	iMAT	training_samples=setx1,setx3	GL261	G3	2	5.7169234364455332e-15	0.046738081142475268
A2	iMAT	training_samples=setx1,setx3	GL261	G3	3	2.3529829198935208e-15	0.019236554041594345
A2	iMAT	training_samples=setx1,setx3	GL261	G3	4	1.2453114883327542e-14	0.10180907622149407
A2	iMAT	training_samples=setx1,setx3	GL261	G3	5	5.3242408166655612e-15	0.043527747411308999
A2	iMAT	training_samples=setx1,setx3	GL261	G3	6	3.8940315783356167e-15	0.031835228493591362
A2	iMAT	training_samples=setx1,setx3	GL261	G3	7	3.7328475183822218e-15	0.030517485872630316
A2	iMAT	training_samples=setx1,setx3	GL261	G3	8	4.4019104624660404e-15	0.035987336661721048
A2	iMAT	training_samples=setx1,setx3	GL261	G3	9	1.1516312450049772e-14	0.09415035057513009
A2	iMAT	training_samples=setx1,setx3	GL261	G3	10	1.133918198853008e-14	0.092702239895435787
A2	iMAT	training_samples=setx1,setx3	GL261	G3	11	1.0582663842775646e-14	0.086517408687689284
A2	iMAT	training_samples=setx1,setx3	GL261	G3	12	1.3056105630334002e-15	0.010673876100301216
A2	iMAT	training_samples=setx1,setx3	GL261	G3	13	1.1687972091882744e-14	0.09555373516792183
A2	iMAT	training_samples=setx1,setx3	GL261	G3	14	3.2743618430341459e-15	0.026769186470810068
A2	iMAT	training_samples=setx1,setx3	GL261	G3	15	9.1272035100776222e-15	0.074618452214767081
A2	iMAT	training_samples=setx1,setx3	GL261	G3	16	6.1212922352680724e-15	0.050043953949931254
A2	iMAT	training_samples=setx1,setx3	GL261	G3	17	6.5358172939410342e-15	0.053432858146957189
A2	iMAT	training_samples=setx1,setx3	GL261	G3	18	1.0955265213868813e-15	0.0089563570370550204
A2	iMAT	training_samples=setx1,setx3	GL261	G3	19	1.1853835760834322e-14	0.096909735419495491
A2	iMAT	training_samples=setx1,setx3	GL261	G4	0	1.5346769884753993e-33	0.49581664271299197
A2	iMAT	training_samples=setx1,setx3	GL261	G4	1	1.5603946430760305e-33	0.50412538863040157
A2	iMAT	training_samples=setx1,setx3	GL261	G4	2	2.4107251201000853e-42	7.7884639212537389e-10
A2	iMAT	training_samples=setx1,setx3	GL261	G4	3	2.5911042131641889e-39	8.3712247042085021e-07
A2	iMAT	training_samples=setx1,setx3	GL261	G4	4	1.332298818225254e-48	4.3043320001766037e-16
A2	iMAT	training_samples=setx1,setx3	GL261	G4	5	4.9919802346470017e-42	1.6127868593971336e-09
A2	iMAT	training_samples=setx1,setx3	GL261	G4	6	8.0358858026570558e-41	2.5961983856007277e-08
A2	iMAT	training_samples=setx1,setx3	GL261	G4	7	1.1204259174154555e-40	3.6198224183541938e-08
A2	iMAT	training_samples=setx1,setx3	GL261	G4	8	2.9061941445124835e-41	9.3892032957098948e-09
A2	iMAT	training_samples=setx1,setx3	GL261	G4	9	2.2393808633491504e-47	7.2348924872101562e-15
A2	iMAT	training_samples=setx1,setx3	GL261	G4	10	3.5426652767947129e-47	1.1445486033782436e-14
A2	iMAT	training_samples=setx1,setx3	GL261	G4	11	2.1463661656909528e-46	6.9343847226305418e-14
A2	iMAT	training_samples=setx1,setx3	GL261	G4	12	5.5882167513251291e-38	1.8054163118371034e-05
A2	iMAT	training_samples=setx1,setx3	GL261	G4	13	1.4108547696216011e-47	4.5581270878657426e-15
A2	iMAT	training_samples=setx1,setx3	GL261	G4	14	2.9769418569355717e-40	9.6177718708345356e-08
A2	iMAT	training_samples=setx1,setx3	GL261	G4	15	4.418585484031346e-45	1.427537023546047e-12
A2	iMAT	training_samples=setx1,setx3	GL261	G4	16	1.1488109168879269e-42	3.711527417175035e-10
A2	iMAT	training_samples=setx1,setx3	GL261	G4	17	5.4022594631711812e-43	1.7453380549837847e-10
A2	iMAT	training_samples=setx1,setx3	GL261	G4	18	1.204260199948872e-37	3.8906705044473111e-05
A2	iMAT	training_samples=setx1,setx3	GL261	G4	19	8.8591726393758752e-48	2.862182249591054e-15
A2	iMAT	training_samples=setx1,setx3	GL261	G5	0	1.5160880206177428e-06	0.60116441113852048
A2	iMAT	training_samples=setx1,setx3	GL261	G5	1	1.0058310958386583e-06	0.39883558883888681
A2	iMAT	training_samples=setx1,setx3	GL261	G5	2	4.828884136641887e-24	1.9147656659655091e-18
A2	iMAT	training_samples=setx1,setx3	GL261	G5	3	1.0705618899953585e-19	4.2450286489577804e-14
A2	iMAT	training_samples=setx1,setx3	GL261	G5	4	3.7402600862166086e-32	1.4831007313936461e-26
A2	iMAT	training_samples=setx1,setx3	GL261	G5	5	1.3169611325717013e-23	5.2220593592725369e-18
A2	iMAT	training_samples=setx1,setx3	GL261	G5	6	6.5537627774156909e-22	2.5987204484481829e-16
A2	iMAT	training_samples=setx1,setx3	GL261	G5	7	1.055436010043553e-21	4.1850509920505384e-16
A2	iMAT	training_samples=setx1,setx3	GL261	G5	8	1.5444331227847432e-22	6.1240390806821914e-17
A2	iMAT	training_samples=setx1,setx3	GL261	G5	9	1.2612976610229605e-30	5.0013406566612605e-25
A2	iMAT	training_samples=setx1,setx3	GL261	G5	10	2.2461893572086242e-30	8.9066669208409913e-25
A2	iMAT	training_samples=setx1,setx3	GL261	G5	11	2.200213026099491e-29	8.7243599990682718e-24
A2	iMAT	training_samples=setx1,setx3	GL261	G5	12	1.2694698018091289e-17	5.03374510901922e-12
A2	iMAT	training_samples=setx1,setx3	GL261	G5	13	7.0638121645067115e-31	2.800966977193394e-25
A2	iMAT	training_samples=setx1,setx3	GL261	G5	14	4.3386781886828554e-21	1.7203875256242144e-15
A2	iMAT	training_samples=setx1,setx3	GL261	G5	15	1.0776666705849572e-27	4.2732007681311395e-22
A2	iMAT	training_samples=setx1,setx3	GL261	G5	16	1.751950854937517e-24	6.9468954950452052e-19
A2	iMAT	training_samples=setx1,setx3	GL261	G5	17	6.2892427879257874e-25	2.4938320768276015e-19
A2	iMAT	training_samples=setx1,setx3	GL261	G5	18	4.4169093755831545e-17	1.7514080236203817e-11
A2	iMAT	training_samples=setx1,setx3	GL261	G5	19	3.9455815212675373e-31	1.5645154895857293e-25
A2	iMAT	training_samples=setx2,setx3	CT2A	C1	0	9.5440960980965459e-07	0.001678226607080225
A2	iMAT	training_samples=setx2,setx3	CT2A	C1	1	1.2048061980397748e-21	2.1185220655194029e-18
A2	iMAT	training_samples=setx2,setx3	CT2A	C1	2	6.4610875052077376e-20	1.1361127183197321e-16
A2	iMAT	training_samples=setx2,setx3	CT2A	C1	3	0.00056774686457040002	0.99832177339291917
A2	iMAT	training_samples=setx2,setx3	CT2A	C1	4	7.2343940490781255e-28	1.2720903535000154e-24
A2	iMAT	training_samples=setx2,setx3	CT2A	C1	5	2.1298665352430923e-30	3.7451411346199663e-27
A2	iMAT	training_samples=setx2,setx3	CT2A	C1	6	7.8551319890620592e-31	1.3812404412818188e-27
A2	iMAT	training_samples=setx2,setx3	CT2A	C1	7	4.6570747283597024e-28	8.188964821773846e-25
A2	iMAT	training_samples=setx2,setx3	CT2A	C1	8	1.1187786063261794e-27	1.9672518018161868e-24
A2	iMAT	training_samples=setx2,setx3	CT2A	C1	9	4.9671675075558742e-27	8.734229608885804e-24
A2	iMAT	training_samples=setx2,setx3	CT2A	C1	10	4.6260340374646008e-26	8.1343831067252075e-23
A2	iMAT	training_samples=setx2,setx3	CT2A	C1	11	5.4272190670000143e-25	9.5431807759239121e-22
A2	iMAT	training_samples=setx2,setx3	CT2A	C1	12	6.226028054983581e-24	1.0947800431709034e-20
A2	iMAT	training_samples=setx2,setx3	CT2A	C1	13	1.8475687306399456e-22	3.2487508196693226e-19
A2	iMAT	training_samples=setx2,setx3	CT2A	C1	14	2.8127312031176258e-22	4.9458851787737122e-19
A2	iMAT	training_samples=setx2,setx3	CT2A	C1	15	1.9772265048218007e-21	3.4767400647589498e-18
A2	iMAT	training_samples=setx2,setx3	CT2A	C1	16	5.6447587089390006e-21	9.9257008296244646e-18
A2	iMAT	training_samples=setx2,setx3	CT2A	C1	17	5.9401867315498978e-20	1.0445179220167479e-16
A2	iMAT	training_samples=setx2,setx3	CT2A	C1	18	1.1277571056859668e-19	1.9830395268792791e-16
A2	iMAT	training_samples=setx2,setx3	CT2A	C1	19	1.863267653761466e-19	3.2763556868188654e-16
A2	iMAT	training_samples=setx2,setx3	CT2A	C2	0	3.5788408337521238e-31	3.5969155850711068e-30
A2	iMAT	training_samples=setx2,setx3	CT2A	C2	1	1.205924943646965e-11	1.2120154054691873e-10
A2	iMAT	training_samples=setx2,setx3	CT2A	C2	2	2.6081828005610576e-18	2.6213552934727261e-17
A2	iMAT	training_samples=setx2,setx3	CT2A	C2	3	7.6655512781466644e-36	7.7042657500976714e-35
A2	iMAT	training_samples=setx2,setx3	CT2A	C2	4	0.0042379093407619002	0.042593126836332172
A2	iMAT	training_samples=setx2,setx3	CT2A	C2	5	0.038453517284629098	0.38647724793302007
A2	iMAT	training_samples=setx2,setx3	CT2A	C2	6	0.046638245688276403	0.46873789746234812
A2	iMAT	training_samples=setx2,setx3	CT2A	C2	7	0.0053865502576824998	0.054137547523492105
A2	iMAT	training_samples=setx2,setx3	CT2A	C2	8	0.0032976433636933999	0.033142979416716449
A2	iMAT	training_samples=setx2,setx3	CT2A	C2	9	0.0012565304189315	0.012628764611004425
A2	iMAT	training_samples=setx2,setx3	CT2A	C2	10	0.0002099763612756	0.0021103683607434716
A2	iMAT	training_samples=setx2,setx3	CT2A	C2	11	1.6486430811686249e-05	0.00016569694681442209
A2	iMAT	training_samples=setx2,setx3	CT2A	C2	12	6.321249764714701e-07	6.3531749111042407e-06
A2	iMAT	training_samples=setx2,setx3	CT2A	C2	13	1.2619674388279727e-09	1.2683409403858935e-08
A2	iMAT	training_samples=setx2,setx3	CT2A	C2	14	4.8753255757390098e-10	4.8999481564778615e-09
A2	iMAT	training_samples=setx2,setx3	CT2A	C2	15	2.8917109124858573e-12	2.9063153495249792e-11
A2	iMAT	training_samples=setx2,setx3	CT2A	C2	16	9.902497219079673e-14	9.9525092713016593e-13
A2	iMAT	training_samples=setx2,setx3	CT2A	C2	17	4.110371360071671e-18	4.1311305789397743e-17
A2	iMAT	training_samples=setx2,setx3	CT2A	C2	18	1.000033003061702e-19	1.0050836182415242e-18
A2	iMAT	training_samples=setx2,setx3	CT2A	C2	19	3.3498575850082906e-21	3.3667758682222315e-20
A2	iMAT	training_samples=setx2,setx3	CT2A	C3	0	4.0919746575610618e-18	5.4627490777494771e-17
A2	iMAT	training_samples=setx2,setx3	CT2A	C3	1	1.0626516080849373e-07	1.4186302648059268e-06
A2	iMAT	training_samples=setx2,setx3	CT2A	C3	2	1.6630234561497866e-10	2.220121240138064e-09
A2	iMAT	training_samples=setx2,setx3	CT2A	C3	3	1.984514214093091e-20	2.6493084879658717e-19
A2	iMAT	training_samples=setx2,setx3	CT2A	C3	4	0.0032915119976003001	0.043941386821807475
A2	iMAT	training_samples=setx2,setx3	CT2A	C3	5	0.0269196085948669	0.35937433471945118
A2	iMAT	training_samples=setx2,setx3	CT2A	C3	6	0.036073733567950399	0.48158107337046913
A2	iMAT	training_samples=setx2,setx3	CT2A	C3	7	0.0039619251419911999	0.052891341532463852
A2	iMAT	training_samples=setx2,setx3	CT2A	C3	8	0.0027263449271243	0.036396457658298666
A2	iMAT	training_samples=setx2,setx3	CT2A	C3	9	0.0013770889018501001	0.018384012018892663
A2	iMAT	training_samples=setx2,setx3	CT2A	C3	10	0.00043709633628209998	0.0058351964704881276
A2	iMAT	training_samples=setx2,setx3	CT2A	C3	11	0.00010016776715350001	0.0013372306121860217
A2	iMAT	training_samples=setx2,setx3	CT2A	C3	12	1.7785013733638155e-05	0.00023742832129146401
A2	iMAT	training_samples=setx2,setx3	CT2A	C3	13	8.7366690685737703e-07	1.1663374016446132e-05
A2	iMAT	training_samples=setx2,setx3	CT2A	C3	14	5.6319962525926554e-07	7.5186639481967359e-06
A2	iMAT	training_samples=setx2,setx3	CT2A	C3	15	5.6655336543114562e-08	7.5634360755047514e-07
A2	iMAT	training_samples=setx2,setx3	CT2A	C3	16	1.3169970150519839e-08	1.7581790776930494e-07
A2	iMAT	training_samples=setx2,setx3	CT2A	C3	17	1.9987445308869016e-10	2.6683058319005001e-09
A2	iMAT	training_samples=setx2,setx3	CT2A	C3	18	4.4953058597911865e-11	6.001192576889678e-10
A2	iMAT	training_samples=setx2,setx3	CT2A	C3	19	1.1712465786704577e-11	1.5636035662212056e-10
A2	iMAT	training_samples=setx2,setx3	CT2A	C4	0	0.00015659391581570001	0.025222867307089097
A2	iMAT	training_samples=setx2,setx3	CT2A	C4	1	0.00028254717889320002	0.045510388855740179
A2	iMAT	training_samples=setx2,setx3	CT2A	C4	2	3.0567467325335168e-05	0.0049235576506568889
A2	iMAT	training_samples=setx2,setx3	CT2A	C4	3	8.4572959299521834e-05	0.013622320631475105
A2	iMAT	training_samples=setx2,setx3	CT2A	C4	4	0.0004379544703442	0.07054212441458553
A2	iMAT	training_samples=setx2,setx3	CT2A	C4	5	0.0001523292166808	0.024535944447896786
A2	iMAT	training_samples=setx2,setx3	CT2A	C4	6	0.0001222452547452	0.019690265891226574
A2	iMAT	training_samples=setx2,setx3	CT2A	C4	7	0.00041070313089049999	0.066152701521616383
A2	iMAT	training_samples=setx2,setx3	CT2A	C4	8	0.00046537290548480002	0.074958461714262709
A2	iMAT	training_samples=setx2,setx3	CT2A	C4	9	0.00055984022759040001	0.090174485388706774
A2	iMAT	training_samples=setx2,setx3	CT2A	C4	10	0.0006860462732593	0.1105027230898802
A2	iMAT	training_samples=setx2,setx3	CT2A	C4	11	0.00076045123685659997	0.12248726612929332
A2	iMAT	training_samples=setx2,setx3	CT2A	C4	12	0.00071943650143670005	0.11588094797355446
A2	iMAT	training_samples=setx2,setx3	CT2A	C4	13	0.00046537290548480002	0.074958461714262709
A2	iMAT	training_samples=setx2,setx3	CT2A	C4	14	0.00042429663846949998	0.068342232552352958
A2	iMAT	training_samples=setx2,setx3	CT2A	C4	15	0.0002373637671004	0.038232614402020956
A2	iMAT	training_samples=setx2,setx3	CT2A	C4	16	0.0001523292166808	0.024535944447896786
A2	iMAT	training_samples=setx2,setx3	CT2A	C4	17	3.2941764968651827e-05	0.0053059900976198523
A2	iMAT	training_samples=setx2,setx3	CT2A	C4	18	1.7666310893048152e-05	0.0028455448804637472
A2	iMAT	training_samples=setx2,setx3	CT2A	C4	19	9.7792206703535593e-06	0.0015751568893990243
A2	iMAT	training_samples=setx2,setx3	CT2A	C5	0	0.0012968146249152	0.021689745666788818
A2	iMAT	training_samples=setx2,setx3	CT2A	C5	1	1.6136496349468513e-13	2.6988938515088455e-12
A2	iMAT	training_samples=setx2,setx3	CT2A	C5	2	3.5257833979618759e-13	5.8970144004182729e-12
A2	iMAT	training_samples=setx2,setx3	CT2A	C5	3	0.058492481422733299	0.9783102542982316
A2	iMAT	training_samples=setx2,setx3	CT2A	C5	4	1.3922469508189712e-17	2.3285889662603373e-16
A2	iMAT	training_samples=setx2,setx3	CT2A	C5	5	1.0624583849708201e-19	1.7770043388484451e-18
A2	iMAT	training_samples=setx2,setx3	CT2A	C5	6	4.4580945909883943e-20	7.4563423313758647e-19
A2	iMAT	training_samples=setx2,setx3	CT2A	C5	7	9.762089193955213e-18	1.632748642137204e-16
A2	iMAT	training_samples=setx2,setx3	CT2A	C5	8	1.9735267800648508e-17	3.300802836720196e-16
A2	iMAT	training_samples=setx2,setx3	CT2A	C5	9	6.3788654995711289e-17	1.0668908853291103e-15
A2	iMAT	training_samples=setx2,setx3	CT2A	C5	10	3.4664087058674684e-16	5.7977078421925124e-15
A2	iMAT	training_samples=setx2,setx3	CT2A	C5	11	2.0204763717312798e-15	3.3793279152348696e-14
A2	iMAT	training_samples=setx2,setx3	CT2A	C5	12	1.0112508493481832e-14	1.6913576779811949e-13
A2	iMAT	training_samples=setx2,setx3	CT2A	C5	13	6.9485678939841598e-14	1.1621758998807257e-12
A2	iMAT	training_samples=setx2,setx3	CT2A	C5	14	8.5353886535355396e-14	1.4275780478222691e-12
A2	iMAT	training_samples=setx2,setx3	CT2A	C5	15	1.9432795695739825e-13	3.2502131618297187e-12
A2	iMAT	training_samples=setx2,setx3	CT2A	C5	16	2.7005988489745568e-13	4.5168600860058209e-12
A2	iMAT	training_samples=setx2,setx3	CT2A	C5	17	3.5527452931338338e-13	5.9421092534326448e-12
A2	iMAT	training_samples=setx2,setx3	CT2A	C5	18	3.203090654817168e-13	5.3572978215907627e-12
A2	iMAT	training_samples=setx2,setx3	CT2A	C5	19	2.7005988489745568e-13	4.5168600860058209e-12
A2	iMAT	training_samples=setx2,setx3	GL261	G1	0	3.4679125269467961e-07	0.00022192013521454972
A2	iMAT	training_samples=setx2,setx3	GL261	G1	1	1.7520123447407322e-06	0.001121155200488102
A2	iMAT	training_samples=setx2,setx3	GL261	G1	2	4.7340926788961753e-06	0.0030294607469347136
A2	iMAT	training_samples=setx2,setx3	GL261	G1	3	7.4294298031648836e-06	0.0047542723574314971
A2	iMAT	training_samples=setx2,setx3	GL261	G1	4	2.9769337193575849e-05	0.019050121027886096
A2	iMAT	training_samples=setx2,setx3	GL261	G1	5	4.2436012094687697e-05	0.027155833570896296
A2	iMAT	training_samples=setx2,setx3	GL261	G1	6	0.0001123277388353	0.071881244976560038
A2	iMAT	training_samples=setx2,setx3	GL261	G1	7	4.0458967849154883e-06	0.0025890674998168199
A2	iMAT	training_samples=setx2,setx3	GL261	G1	8	6.9066538368328597e-06	0.0044197353348455768
A2	iMAT	training_samples=setx2,setx3	GL261	G1	9	1.2913296505473162e-05	0.0082635316902967011
A2	iMAT	training_samples=setx2,setx3	GL261	G1	10	0.0001204158402038	0.077057017246994944
A2	iMAT	training_samples=setx2,setx3	GL261	G1	11	0.00015431996637539999	0.098753090045454128
A2	iMAT	training_samples=setx2,setx3	GL261	G1	12	0.00014544509753019999	0.093073846180926303
A2	iMAT	training_samples=setx2,setx3	GL261	G1	13	0.00015182348846929999	0.09715553327267816
A2	iMAT	training_samples=setx2,setx3	GL261	G1	14	0.0001230278854867	0.078728528387669652
A2	iMAT	training_samples=setx2,setx3	GL261	G1	15	0.00015902669571640001	0.10176504032867717
A2	iMAT	training_samples=setx2,setx3	GL261	G1	16	0.0001553833572279	0.099433579648173384
A2	iMAT	training_samples=setx2,setx3	GL261	G1	17	1.4700413710756128e-05	0.0094071513426349767
A2	iMAT	training_samples=setx2,setx3	GL261	G1	18	0.00015712701825239999	0.10054939063624943
A2	iMAT	training_samples=setx2,setx3	GL261	G1	19	0.00015875391349849999	0.10159048037017154
A2	iMAT	training_samples=setx2,setx3	GL261	G2	0	1.273240538859602e-09	0.99968948984167705
A2	iMAT	training_samples=setx2,setx3	GL261	G2	1	3.9266968849823378e-13	0.00030830604947803593
A2	iMAT	training_samples=setx2,setx3	GL261	G2	2	6.8737176705090814e-16	5.3969246985346436e-07
A2	iMAT	training_samples=setx2,setx3	GL261	G2	3	2.3567990410254529e-17	1.8504494312538442e-08
A2	iMAT	training_samples=setx2,setx3	GL261	G2	4	3.2213888716547295e-23	2.5292853152245402e-14
A2	iMAT	training_samples=setx2,setx3	GL261	G2	5	3.0174470660325778e-25	2.3691596567983594e-16
A2	iMAT	training_samples=setx2,setx3	GL261	G2	6	8.3360751048621907e-34	6.545100014114856e-25
A2	iMAT	training_samples=setx2,setx3	GL261	G2	7	2.0543470060305928e-15	1.6129781040870227e-06
A2	iMAT	training_samples=setx2,setx3	GL261	G2	8	4.173205621155942e-17	3.2766077352158764e-08
A2	iMAT	training_samples=setx2,setx3	GL261	G2	9	2.1355537661365674e-19	1.676737890320933e-10
A2	iMAT	training_samples=setx2,setx3	GL261	G2	10	7.9059606337904034e-35	6.2073940559426501e-26
A2	iMAT	training_samples=setx2,setx3	GL261	G2	11	1.9809712254175326e-47	1.5553668401906462e-38
A2	iMAT	training_samples=setx2,setx3	GL261	G2	12	7.6040471858223263e-50	5.9703456023598896e-41
A2	iMAT	training_samples=setx2,setx3	GL261	G2	13	3.1477786014396024e-48	2.4714899409550578e-39
A2	iMAT	training_samples=setx2,setx3	GL261	G2	14	5.3281920825558576e-54	4.183449601408015e-45
A2	iMAT	training_samples=setx2,setx3	GL261	G2	15	1.1028265321487296e-44	8.6588830598740322e-36
A2	iMAT	training_samples=setx2,setx3	GL261	G2	16	4.9421251249097202e-47	3.8803277103318204e-38
A2	iMAT	training_samples=setx2,setx3	GL261	G2	17	3.571333488597984e-77	2.8040456177029545e-68
A2	iMAT	training_samples=setx2,setx3	GL261	G2	18	3.042159819685187e-46	2.3885629661790733e-37
A2	iMAT	training_samples=setx2,setx3	GL261	G2	19	4.519364145152787e-45	3.5483953728987767e-36
A2	iMAT	training_samples=setx2,setx3	GL261	G3	0	1.1037111450712132e-20	3.3012184375973716e-07
A2	iMAT	training_samples=setx2,setx3	GL261	G3	1	1.0874146228962605e-19	3.2524752680525925e-06
A2	iMAT	training_samples=setx2,setx3	GL261	G3	2	4.8358809787890747e-19	1.4464200638451353e-05
A2	iMAT	training_samples=setx2,setx3	GL261	G3	3	9.8173104212841563e-19	2.9363739158644621e-05
A2	iMAT	training_samples=setx2,setx3	GL261	G3	4	1.0600114890058189e-17	0.00031705120376810823
A2	iMAT	training_samples=setx2,setx3	GL261	G3	5	2.1039523947218362e-17	0.00062929566927900568
A2	iMAT	training_samples=setx2,setx3	GL261	G3	6	2.1426786296506022e-16	0.0064087875071625264
A2	iMAT	training_samples=setx2,setx3	GL261	G3	7	3.7977123553547362e-19	1.1359020975890828e-05
A2	iMAT	training_samples=setx2,setx3	GL261	G3	8	8.7398639250897737e-19	2.6141078723760555e-05
A2	iMAT	training_samples=setx2,setx3	GL261	G3	9	2.4259386430060608e-18	7.2560229300346787e-05
A2	iMAT	training_samples=setx2,setx3	GL261	G3	10	2.6864506089371984e-16	0.0080352185637719113
A2	iMAT	training_samples=setx2,setx3	GL261	G3	11	2.238173238973808e-15	0.066944134758742807
A2	iMAT	training_samples=setx2,setx3	GL261	G3	12	2.9898840724394625e-15	0.089427931123944787
A2	iMAT	training_samples=setx2,setx3	GL261	G3	13	2.4719396498437079e-15	0.073936127084822681
A2	iMAT	training_samples=setx2,setx3	GL261	G3	14	4.5790614917461953e-15	0.13696049270635322
A2	iMAT	training_samples=setx2,setx3	GL261	G3	15	1.5461461078542301e-15	0.046245487882053321
A2	iMAT	training_samples=setx2,setx3	GL261	G3	16	2.1274660374573137e-15	0.063632863902657738
A2	iMAT	training_samples=setx2,setx3	GL261	G3	17	1.3409316083026859e-14	0.40107487984098456
A2	iMAT	training_samples=setx2,setx3	GL261	G3	18	1.9181499242044068e-15	0.057372184055013979
A2	iMAT	training_samples=setx2,setx3	GL261	G3	19	1.6334938975426229e-15	0.048858074835536468
A2	iMAT	training_samples=setx2,setx3	GL261	G4	0	1.1715280829817299e-34	0.012472976306586314
A2	iMAT	training_samples=setx2,setx3	GL261	G4	1	6.7526460826488008e-34	0.071893790528071266
A2	iMAT	training_samples=setx2,setx3	GL261	G4	2	1.3040245875692344e-33	0.13883634562613134
A2	iMAT	training_samples=setx2,setx3	GL261	G4	3	1.5144083850900095e-33	0.16123539998842615
A2	iMAT	training_samples=setx2,setx3	GL261	G4	4	9.4150662017021347e-34	0.10023993395009698
A2	iMAT	training_samples=setx2,setx3	GL261	G4	5	5.7760344520768083e-34	0.061496042573231116
A2	iMAT	training_samples=setx2,setx3	GL261	G4	6	1.9081171500629359e-35	0.0020315262048478922
A2	iMAT	training_samples=setx2,setx3	GL261	G4	7	1.2080514208901842e-33	0.12861831456528716
A2	iMAT	training_samples=setx2,setx3	GL261	G4	8	1.4894486533036535e-33	0.15857799768017244
A2	iMAT	training_samples=setx2,setx3	GL261	G4	9	1.5346769884753993e-33	0.16339334919567108
A2	iMAT	training_samples=setx2,setx3	GL261	G4	10	1.1248367711521188e-35	0.0011975865196204802
A2	iMAT	training_samples=setx2,setx3	GL261	G4	11	3.4830189511432403e-39	3.7082860824325846e-07
A2	iMAT	training_samples=setx2,setx3	GL261	G4	12	5.6166542074083429e-40	5.9799159635155874e-08
A2	iMAT	training_samples=setx2,setx3	GL261	G4	13	1.921190496266921e-39	2.0454450805299059e-07
A2	iMAT	training_samples=setx2,setx3	GL261	G4	14	2.0568435443344783e-41	2.1898716016728261e-09
A2	iMAT	training_samples=setx2,setx3	GL261	G4	15	2.5167188801776728e-38	2.6794897552006953e-06
A2	iMAT	training_samples=setx2,setx3	GL261	G4	16	4.6664143671391682e-39	4.9682185756829625e-07
A2	iMAT	training_samples=setx2,setx3	GL261	G4	17	9.2593023191827772e-51	9.8581553545641797e-19
A2	iMAT	training_samples=setx2,setx3	GL261	G4	18	8.2929251395695354e-39	8.8292769316190551e-07
A2	iMAT	training_samples=setx2,setx3	GL261	G4	19	1.9163207733432271e-38	2.0402604042486272e-06
A2	iMAT	training_samples=setx2,setx3	GL261	G5	0	0.00039988613047780002	0.8641832190025438
A2	iMAT	training_samples=setx2,setx3	GL261	G5	1	4.408171680294934e-05	0.095263818928689112
A2	iMAT	training_samples=setx2,setx3	GL261	G5	2	5.8641822852608376e-06	0.01267292746072308
A2	iMAT	training_samples=setx2,setx3	GL261	G5	3	1.8539566939723327e-06	0.0040065362151320465
A2	iMAT	training_samples=setx2,setx3	GL261	G5	4	1.2030158122951564e-08	2.5998052894157676e-05
A2	iMAT	training_samples=setx2,setx3	GL261	G5	5	1.851195677473518e-09	4.0005694562379235e-06
A2	iMAT	training_samples=setx2,setx3	GL261	G5	6	4.0234004585097197e-13	8.6948630986947076e-10
A2	iMAT	training_samples=setx2,setx3	GL261	G5	7	8.4277705044772622e-06	0.018213029381318295
A2	iMAT	training_samples=setx2,setx3	GL261	G5	8	2.2611276527560783e-06	0.0048864624817061353
A2	iMAT	training_samples=setx2,setx3	GL261	G5	9	3.4427650066718749e-07	0.00074400673566251243
A2	iMAT	training_samples=setx2,setx3	GL261	G5	10	1.3991801099734292e-13	3.0237307054296501e-10
A2	iMAT	training_samples=setx2,setx3	GL261	G5	11	1.6745825579079734e-19	3.6188955682191773e-16
A2	iMAT	training_samples=setx2,setx3	GL261	G5	12	1.0987344948240631e-20	2.3744457239156618e-17
A2	iMAT	training_samples=setx2,setx3	GL261	G5	13	6.8260163131610621e-20	1.4751521247869053e-16
A2	iMAT	training_samples=setx2,setx3	GL261	G5	14	9.4891917776582649e-23	2.0506838500127582e-19
A2	iMAT	training_samples=setx2,setx3	GL261	G5	15	3.5626995626684975e-18	7.6992547171543892e-15
A2	iMAT	training_samples=setx2,setx3	GL261	G5	16	2.6124721790933463e-19	5.6457437385636303e-16
A2	iMAT	training_samples=setx2,setx3	GL261	G5	17	8.5980828927225446e-35	1.8581086927435139e-31
A2	iMAT	training_samples=setx2,setx3	GL261	G5	18	6.3080173052228542e-19	1.3632087449089135e-15
A2	iMAT	training_samples=setx2,setx3	GL261	G5	19	2.320235831250997e-18	5.0141995850162271e-15
