reaction_id	split_hash	split_rank	analysis_split
LSTNtd	000c630dada32a3e67bfd03f39e2ddda23d87de5e4a318fb284c8892930f0388	0	CONFIRMATION_HOLDOUT
TRPVALASPt	003524fee0a3b403962febc6d4fd149bf3b9be79292d9b48f4162267cb961117	1	CONFIRMATION_HOLDOUT
FAS180	0038a07fa0ec3ca8cd08d463b22b55170f3c5df3dd05c54be3fe2356c6dac96f	2	CONFIRMATION_HOLDOUT
S6TASE9ly	003da7cd7476dcb73c765ea47019aa57536f910e57f9514137d516f25506c266	3	CONFIRMATION_HOLDOUT
THFtl	0046e74af8f7dc7fe2b140aeb3c072a84c6b3414d4c4d2454d2ffbcd6b0af7e7	4	CONFIRMATION_HOLDOUT
GLYCLTtm	005c8d6fb025c2d2d90f1098a01eb4ef96279d645525e7b35201fdafc0b27713	5	CONFIRMATION_HOLDOUT
LCADi_D	007ff940c2cf48ed11481aeeb941d10dd025569e808c20a924de902df2671b57	6	CONFIRMATION_HOLDOUT
LALDO	009e5e67a48130293b6689e608fb29cfe6fc6b00d4cec93024408d549be96256	7	CONFIRMATION_HOLDOUT
HISLYSALAt	00a6390fb29f1d3f2b75a282430d9f18fc0edf0cf52222052ce7084c5d706d11	8	CONFIRMATION_HOLDOUT
ASNSERNaEx	00ba730709de9d8c5bf1b58e59fc71880e27c16571d3271dc88b3529194c4183	9	CONFIRMATION_HOLDOUT
RSVATPtu	00d857c2c9c4292dc3a4e3600223dbeb5da8801c058d6de824f4af5cdef4e8cd	10	CONFIRMATION_HOLDOUT
r1595	00dd6acaa04bcdcae13210c3861274a0430fe659a4a363801bd580dbd27e7e90	11	CONFIRMATION_HOLDOUT
CDCA24Gte	00e01c19107dfa79c7a2daabe12a4814b41886f76eed4d7469930eeca659fae6	12	CONFIRMATION_HOLDOUT
GLYALDDr	00e26ab0bd398b2ecce809cc37d416be82dd71ac434419f40402d4199c8d4410	13	CONFIRMATION_HOLDOUT
RSVtev	00eb68dbd1a8982bfeddb28ae508a181941d473ee80d111f2c90cc8c5423f949	14	CONFIRMATION_HOLDOUT
PROSTGH2t	0106fc309d9ab3e002dc4a5ec19805882672651ab5c833b30263527f7946694b	15	CONFIRMATION_HOLDOUT
HMR_3071	012bfd4e43cdc5859d7ff2383f327d3bd96fa1bdbcf1a5e5ffebf62ba7c0a733	16	CONFIRMATION_HOLDOUT
HMR_0875	0135ec22058d7808ac308df7e608a1aa2ce2ac27f7c26729e26c8de0dbdff648	17	CONFIRMATION_HOLDOUT
r2392	01472ec17d4d81cd0a7a42d7d6ad053d9e0bb941642d7d03cc79cf5930ed02da	18	CONFIRMATION_HOLDOUT
PVSGLUCtev	0166a7126ff40a20bea359197924c9579f2b036232f96f3a9c24ec90e0b37f46	19	CONFIRMATION_HOLDOUT
HMR_2368	017c83ee3e78c87131bdaa0aed72ce214bf082d5eddfa4a6a41f897496b9578c	20	CONFIRMATION_HOLDOUT
r0149	01a879ffcdfb6c82dc2d38b031d500ce271a11bdfdae94fca0a463580b6109f1	21	CONFIRMATION_HOLDOUT
ALDD19x_P	01aeddb0ae987852c71ad6262f65632dc08ed43b225a21ba567c3d24d23f0d0e	22	CONFIRMATION_HOLDOUT
r1380	01b24f0fc1a6d25cee7ed1285bf67ce02307b0f61d4b55d1ed9979c641cc54ae	23	CONFIRMATION_HOLDOUT
r0596	01b54ea98b731d5e2c5b6215925751d2488993217c213feb44657a61e4c980be	24	CONFIRMATION_HOLDOUT
r2497	01b6fe5a3821fe021c4108b6e0b470c99fd5e8ad18010861fe7680f604ad79ce	25	CONFIRMATION_HOLDOUT
ORNTArm	0221dd5ae28b50c5e914bd8e1d07bc63fbe227ab9a927eabe36c3deaf3b6dc27	26	CONFIRMATION_HOLDOUT
R01803	022ff2356da13f8541a911451772b002f6e6d959943c2e23cbe63512f42ad43b	27	CONFIRMATION_HOLDOUT
GLNHISHISt	0253d23350bdb9181f1bfaeeb3d21c3d7ca6284adbebf6abd3d68a2e9abafcd2	28	CONFIRMATION_HOLDOUT
HMR_0842	0254f292338adfc61a344bdcf3bc620ff343b3adf5c5b5de42a711bb1303e29d	29	CONFIRMATION_HOLDOUT
LGNCt	025c0a3fa28c22c88cf0ba67dc509baa9ea4b7333319a9ab76e195292b203a2e	30	CONFIRMATION_HOLDOUT
HMR_2292	02757ffa4d132d2d214e48d2e3969b8b98b5ce866c4ef7bfcabf827632a6a77e	31	CONFIRMATION_HOLDOUT
CERT1rt	027c11f693a17dc5105c140925aae48994bb8197ae89cb95656f5385c4f766ba	32	CONFIRMATION_HOLDOUT
DESAT18_11	027e1b4f2ece8b2f89dc25c30e432677f65efa82a1d3f9c90970a9ae461d521f	33	CONFIRMATION_HOLDOUT
r1447	02817875f7cf1b710ceff783bb80e3884317f40017e30a0bacf49200dfd199fb	34	CONFIRMATION_HOLDOUT
FAOXC160	0297029a21cb1c196edb4c2d9e9284f7b5165cbce060c737790554d25616257a	35	CONFIRMATION_HOLDOUT
CYTK10n	02a3a8b7bb6ef5fc3e51593db27b9a925e0921129e9d913f350290eba46637f1	36	CONFIRMATION_HOLDOUT
TYRASPARGt	02bf7fd37cb4aa28475c4cb00ff33d3d4932e7228a0ad0675ae9f2578e230d31	37	CONFIRMATION_HOLDOUT
HMR_3348	02c2bcce298aeff17cab6a49e014a9995aa057897f359506ae71935fa7d8dc77	38	CONFIRMATION_HOLDOUT
HMR_2701	02c6afac8b90967945798a4872edab0b7d144a5cfe55c7bbe2777b852ca1937a	39	CONFIRMATION_HOLDOUT
UAGALDP	02fa1ebde99ae45da1a66b7330af0aa20cef816341af93fe178e010a8b36b40b	40	CONFIRMATION_HOLDOUT
B3GALT3g	0303a2035c2ae6182f51609a0974c86ade0003efcf8094e732d120da2d4f39e7	41	CONFIRMATION_HOLDOUT
PROPHEt	0304ff1f6b12f09e46468df42f5f0a1118833a0d550815811fbfed1c461a8012	42	CONFIRMATION_HOLDOUT
NADPtxu	03150b428709338a09b1ecef08455b4003476ed9e6528ad10194d4d70fcd5191	43	CONFIRMATION_HOLDOUT
HMR_2542	0327dbdfa5d10f3c5e98bfa1c77e5750b72de4a81b5e0d00d927aa16f618442d	44	CONFIRMATION_HOLDOUT
PETOHMr_hs	03314fa35e32c5fa1aafc2788b0a5c00353a19d4593d493c7495b1588d4b75e4	45	CONFIRMATION_HOLDOUT
LCAT16e	033706a1f82889dac06f5e4a92847ac6421e5926e0247e7e933019f0a52548ee	46	CONFIRMATION_HOLDOUT
KHK	03428fd1f96cfbf554a788d00a5ff8b0ce38b0b7afa7a8fe69b490dcdddd5058	47	CONFIRMATION_HOLDOUT
CYSGLNNaEx	034ae81cfacc95bd399e004777786e4ce4ac3bf17015b51c9d2bbaaa466c965f	48	CONFIRMATION_HOLDOUT
r0311	034bda7a36ba755f5712081464d3f77054578b107dd87966a061e9b283bf61cd	49	CONFIRMATION_HOLDOUT
FAOXTC142TC122m	034deadd98a87fbcfe307f08629d99727a5378da2b30314f412fcda887b6ab5f	50	CONFIRMATION_HOLDOUT
KHK2	03515c120990a03b32f6a05ac5aaba37931af80d407428a722004f2d6dabf02b	51	CONFIRMATION_HOLDOUT
BETALDHy	038f6183a4fb6b4496284cee3675ed48574bea934f5264d3d0f45ce0e473d828	52	CONFIRMATION_HOLDOUT
RE3113C	038f8fba266147f51d2ef678920223fad95ef0297ff4c66b922967f1f6d71afb	53	CONFIRMATION_HOLDOUT
HMR_0811	03a0c27581fbb4a4144eed31df8a3d53d57a9b20c8e597dc9b4f94a878c1af16	54	CONFIRMATION_HOLDOUT
3HPVSteb	03ac459b5be7668beae63399346db8c6e2b65a2e35c0f83c06329fb66924a01b	55	CONFIRMATION_HOLDOUT
SMS1	03ead4b35c2ba03eabadc3877716fa60c7d87a4beb7970580a04dcc571f82c14	56	CONFIRMATION_HOLDOUT
C161CRNt	03fbb7a47299a46708915b94915a16951c1e006dcdfa7671496ceee3e3682d1a	57	CONFIRMATION_HOLDOUT
HMR_2349	03fdea9a75e193ba4562f31865e3ea87c879b41d9fb52c0819fced47c6df3774	58	CONFIRMATION_HOLDOUT
ARGSERSERt	0422bfade3809d293bf77e3801e070efe5922295240cca1d3facb967b783b2d5	59	CONFIRMATION_HOLDOUT
RE1518X	042788386635fcd66e19c15adaa2cb0ef31ee5f18f266e48e384b2cbafbc0be8	60	CONFIRMATION_HOLDOUT
PCRNtm	044b7f9c5b4c31c7c6e10acef33a2da8a0cc162ee71a1f4012ae14cd16f2040d	61	CONFIRMATION_HOLDOUT
PCHOLN19_HSPLA2	045712b4a7ce450a01090857b276edcda15cd28223da639e340c1701fa9cdbea	62	CONFIRMATION_HOLDOUT
HMR_6545	04618c2b00d8f17e3220e517d335e376ca0b6a447d2814d30e9c94f63ed1eae2	63	CONFIRMATION_HOLDOUT
GAO2g	04799324f5005c3c2a593176889784570fd128a27486b6862df6337d28a27b16	64	CONFIRMATION_HOLDOUT
LYSTRPARGt	0489ce256af17f608b15a59a1fd86edaded7f6afe3f49c4b804db46dbb49b921	65	CONFIRMATION_HOLDOUT
LCAT37e	049538f14a14154d044f9a5dd763605f49ec43c30fc94f0118904f43bce9dc14	66	CONFIRMATION_HOLDOUT
2M3HVACte	04a10f08d913ca82ae92744506842d19d5ef8d5d983a35ce96ac18a94aaa7424	67	CONFIRMATION_HOLDOUT
S6TASE14ly	04b07901ee429aa0cc4037bf1e15e88f08bec641d8867a13ec1de3f9820ec4b4	68	CONFIRMATION_HOLDOUT
r0483	04b58f5132d76083f01f6bd3c10bffee6145cf6cd3c9471b2b050a68e503f541	69	CONFIRMATION_HOLDOUT
HMR_3219	04b662c91cb740452d00c63d30c4ccad7dd5de66c04833aeb4cab1611b5a197f	70	CONFIRMATION_HOLDOUT
GLYLYSPHEt	04be02e912a95700c00b344810400d4a1610e889f0060b7134a3b91950f1ee0e	71	CONFIRMATION_HOLDOUT
PItx	04c3f1c62c94945f79a6bcec5a4700ab247d31274253352da8d3707d0e190d2c	72	CONFIRMATION_HOLDOUT
GLUPRT	04c66509009ca728ed31d78df064c571d9ad6473cf8cac183a19101788c18416	73	CONFIRMATION_HOLDOUT
r0954	04dc362a2c6afed837224018bb86ca82a45430fc7e91f009d33c26b292fbb20c	74	CONFIRMATION_HOLDOUT
HMR_2669	04df9cc915fdb4f91f0ffcc11d3a4ca880bc83edc0dac0e77d7293a2da58e53c	75	CONFIRMATION_HOLDOUT
2H3MVc	04ee3b841a076aa56cf26a6c8bd903a8dff3f376e97ca25e8db506ad976be83e	76	CONFIRMATION_HOLDOUT
CRVSATPtu	04f4e11a7e3528a5a1dd642690bec3661afaf96d39b91efc801042d83d97999b	77	CONFIRMATION_HOLDOUT
VALLYSTYRt	04f76f05b01f4e93c40891d1bc7f46f6732b00c11004965a27d30c04cb535844	78	CONFIRMATION_HOLDOUT
r2438	050dc43526ca7cb1a2142cdf42b042adc628694e799693237d817914d3c1f6d3	79	CONFIRMATION_HOLDOUT
HDCACBP	05135cfb0022f7a54be1786257699fc5b1d4ce6d152305259a45ab698436b367	80	CONFIRMATION_HOLDOUT
HMR_2284	051ee5296727d04aa715a929d879f6eda4f21d6450e008de81702c3258acd2db	81	CONFIRMATION_HOLDOUT
HMR_1305	053914bc91deaa02495a2df5f685154fb1afd44f5210119c699a6bda4ec93e66	82	CONFIRMATION_HOLDOUT
PCHOLHEP_HSABCt	05435381f9c79cc0b191fd6fe9d3314026a93803baf615a0f727caad289af71d	83	CONFIRMATION_HOLDOUT
HMR_3343	055e99d78cc5b8487c246ab9e7b4bbd36a40c3b82179cddbe85472b035899d51	84	CONFIRMATION_HOLDOUT
ACCOAC	05758c1c5ef7a8d7f32f9923347032039ad5dc80ec2036b314b816ea1db016cb	85	CONFIRMATION_HOLDOUT
HMR_0393	05870f64d42b2f50695f23a631bbf249e9e09f3153f442a0919e36ff91521146	86	CONFIRMATION_HOLDOUT
HACD6m	058d37b119091d3f49ed5eb07c8549e061c6ed73881e2bd22a544144bcc71155	87	CONFIRMATION_HOLDOUT
FPGS8m	05a624c02784d99437f30d8bdc3a57f284b1195c81fe2cb795dbdb29b259775a	88	CONFIRMATION_HOLDOUT
NTD2	05bf00ba03ed218b44c90af62380b2c1feeb0c2755bf07ab86bd6efd597aa3b1	89	CONFIRMATION_HOLDOUT
LSTO2r	05e22890e9c3fc3d6712a5263ff446f6a956cd789d06cd927f64d43c2d67e0ef	90	CONFIRMATION_HOLDOUT
AK2LGCHOLt	05f49109ca4850c34ad6b8d34f4ecb100be8d2f5949548885da0bb96a4310ae7	91	CONFIRMATION_HOLDOUT
GAO1g	05f6e4697f35fabde622924fc2f978b8a3d9b064a5fc707133bd3c702716b202	92	CONFIRMATION_HOLDOUT
PRISTCOAtcx	05fbba506239712e387303a4318521305e605028c65a16fe10dc2d83befd40cf	93	CONFIRMATION_HOLDOUT
CAATPS_1	064d2e7e36ef85513a4a5b2d19929e30364d2dbb81314048e8216c3ea71e2198	94	CONFIRMATION_HOLDOUT
r0830	0665ca9a504e72d74acc62928ee5a4abe9e6a5cbbabd52c5c5ee30516faae9e1	95	CONFIRMATION_HOLDOUT
FAOXC163C164Gm	066b91fb4cf47e3f9aad4eabd939381889292e1fb276e3eced74d4e3a612cd1d	96	CONFIRMATION_HOLDOUT
NDPK5n	06a75baa18417d7688350ca247c784d2d1d15b6ee6003e4171c8ca0940009f46	97	CONFIRMATION_HOLDOUT
GLCURter	06cfe01b9cce8a17e7182a34a5558ef2b3c180264f8ccfa2da03c518dac6c90f	98	CONFIRMATION_HOLDOUT
DNDPt40m	06d48ae00752b7ea29d7735a4537d6dc1538599ccee03943d7e4e465fe9adeef	99	CONFIRMATION_HOLDOUT
GA1tl	06eec4680938b276d3ab36cbd65dea1f8c22bc59e2d65e051d8721a3adfb1763	100	CONFIRMATION_HOLDOUT
PCHOLN1836_HSPLA2	06f413b40d2affe8b0b5275dcc0798769cbf42b2918ed8998ff2c495dd552312	101	CONFIRMATION_HOLDOUT
r2385	06fa674d80884ad9ec74ecaf7c797d725993d3ea2a9a7d7274ff45c9d24bcd73	102	CONFIRMATION_HOLDOUT
HMR_0268	0755394d6efeee5fb7c129d8d63dd3effaf54913934476ee5b6728bba6944014	103	CONFIRMATION_HOLDOUT
FAOXC183806m	07812e1bd11482f72d7fce76610da3efcdd3f4c63bb42bb92e43dfc038bce5a1	104	CONFIRMATION_HOLDOUT
RSVSPONhc	0782ce7f75a24d00bbfb68a0941317aeafe021827091729a9b2b7b7f8cdcfe06	105	CONFIRMATION_HOLDOUT
HPDCACRNCPT1	078dce31b12d2065d13d12cd214cf126135d9c27a8d20e3a72e276557a514dd9	106	CONFIRMATION_HOLDOUT
SARCStp	07a1a476d0b65297f860c5e7367bd9960ca2e08a699c733f92df1f0054fa59a1	107	CONFIRMATION_HOLDOUT
C162ACBP	07ce572f7121beaf4023dce11b3b08905ad17429277fc409066102b257efde80	108	CONFIRMATION_HOLDOUT
THYMDtl	07cedced781e581f2421f44bd3be1e549651e0b1781a21b24b76e5b764138f64	109	CONFIRMATION_HOLDOUT
HMR_0954	07dd414d1ce14e2f1ccc1740c6e5a44a763ac2cc1a347ee0cd9ac1a184dbdf7e	110	CONFIRMATION_HOLDOUT
SPMS	07e0645073e74b6e4613caf56ef3028d7a464fa6e09e9d18b0fa3567126d3288	111	CONFIRMATION_HOLDOUT
CE2510ABCt	08095b41ad2fd47d00ed8c368851520a647fbc5b0886736d68fdb8abab21bfca	112	CONFIRMATION_HOLDOUT
CYSGLUHISt	0819379a64978d4d9843208a5ffd5ff593ad731aba9706c16d5d557d912243e2	113	CONFIRMATION_HOLDOUT
STRDNCCPT2	08226979f32a97cebbd5ba224bf500d93380a1cb5d7a296707d9f5dbd400088d	114	CONFIRMATION_HOLDOUT
4HBZtm	082f8959a74c6ace7f99e87dc347512605053067fb1093f3a2e0f585cac0a8b7	115	CONFIRMATION_HOLDOUT
PCHOLN261_HSPLA2	083421699cc7613adc8ad5fa3ceb0f2029bb81ccad713e4e8ce8a054220e9888	116	CONFIRMATION_HOLDOUT
XOLEST183CEH	083d245b45cb6300416107b33a56792bfeb8a5fab1b337a07768446300f87199	117	CONFIRMATION_HOLDOUT
r0196	0846bb8189ff3f71b8736f4380a4f94be6406c4d5add84024a7efdc295518f29	118	CONFIRMATION_HOLDOUT
ACOAO8p	0850affec7c8c6a7bbbe4dfec98e82634ecd469502dbbf2a110da2bae4511f96	119	CONFIRMATION_HOLDOUT
PROTRPTHRt	08585bd6d20b1eba2973acbc73f01d188b5931223e5154bf1da65be1776c89ce	120	CONFIRMATION_HOLDOUT
G14T21g	085e401b1a1fd788cc7d6ec362e1c2b4262dc19f4c1ebf43854befdb6778b044	121	CONFIRMATION_HOLDOUT
FORtr	085e87739a83b64875f52481d6c577e5389b9a2e68e6024c1f0fbaaad61a23c2	122	CONFIRMATION_HOLDOUT
GTHRDt	0882afc880830493cb653f3acd1cac5da5b2a2549a02be5fce920cd60c59eaf5	123	CONFIRMATION_HOLDOUT
LYSGLNPHEt	088f9f92fb666680c599a73fdd09ce9bf69871cbeff38b76827eb12267cb281c	124	CONFIRMATION_HOLDOUT
r1260	08b1b8ea6ab9a8bda3ca5182c5721633da4eb3c15c0dbc7762aee8929fd85360	125	CONFIRMATION_HOLDOUT
DSAT	08cf41ce64d43e263ac63156877db68216f10a215d2d612d4ed26d7ab294f39d	126	CONFIRMATION_HOLDOUT
CSAtu	08d3f7fb66300f6c82a6e3f89b475430339e7450c46c97da77dc7a4dfca3f637	127	CONFIRMATION_HOLDOUT
RE1534X	08d5f5d93ebbcd796fe77d094a9cb9653addef946a84a8e00db6c42433a390ca	128	CONFIRMATION_HOLDOUT
BUTt	08d9762d5a1b30fb1f1f5afafa8d6783890162a70ceb695b4c1a6bcc21a2d725	129	CONFIRMATION_HOLDOUT
HMR_3650	08e0ca155d843264d9cf9121be841f3c12348dba137adad7dde807af8902e59a	130	CONFIRMATION_HOLDOUT
CE2510t	08e8330ca5c2fbb3c3f52a73600bb01a35bbd69a781b99b3cce58bf340200b28	131	CONFIRMATION_HOLDOUT
HMR_0301	08ee50088bf8e55107ce85fcc07c2044a21a415e43ecd095285a17bbdc887087	132	CONFIRMATION_HOLDOUT
PI3P4K	08f900ecfe33252c3a4916e92239395f042576478b4b8f468531488b67d7786e	133	CONFIRMATION_HOLDOUT
ECOAH12m	0902a81660f664dde1244012df879ff81122af675968d22eaca4aea9d7245961	134	CONFIRMATION_HOLDOUT
HCA6Gte	090d31b7e717979b8373b230265c979964a60216c2b97fae261ef5d4e8438f88	135	CONFIRMATION_HOLDOUT
THEXDDm	091db8c0c58baf318faa113292e2a7e994ef7a830f255b4c8f01bf828afe4489	136	CONFIRMATION_HOLDOUT
FCLT	091ea0b865b082ce70d2fdc99d47e3c4e0160be056e4c15f1b66b652964a848d	137	CONFIRMATION_HOLDOUT
PEDH17_HSPLA2	0940ad9692289da5fdfa86ca86796ff8f32ce7ca79d8ce2d5ffe164d625968c8	138	CONFIRMATION_HOLDOUT
MCITS	0948eca1b23d44a06f6e58808765c7f6bcfb84cf389ab57cac453184183e3f13	139	CONFIRMATION_HOLDOUT
DHCR71r	096323c791cc8239a8307e0f35e5370face9b9818f144b6225832ba176738677	140	CONFIRMATION_HOLDOUT
C6CRNtcx	096c334e868470d128a3613772e8f4806fbd9d70e5360091369bd81f238cbe08	141	CONFIRMATION_HOLDOUT
NACHEXA2ly	09742d7ff4a19c14eb873513bce5d1a4bb01c92cf2cfc7958e48834e0f2ce62e	142	CONFIRMATION_HOLDOUT
DOPASULT4	09754be416ff8c34548ad574ce87bd8ced42f555bbc7e82341d530f9a1de18dc	143	CONFIRMATION_HOLDOUT
UMPK3n	097b8c2817da6ed296bfd0961f4ec50c2f1dbc973e192ce8311e6ffeaa0490d2	144	CONFIRMATION_HOLDOUT
r1575	09872d1167b6861b901b38889183f86929a0c6c6d3cce42bee4fcd4e63add742	145	CONFIRMATION_HOLDOUT
SMS12	098ae137ff9c30b99929694761aa2ba58d83506c646610179327f383ded0dbbb	146	CONFIRMATION_HOLDOUT
DNDPt43m	09ab30ac1e75385254d346eb833b435de836e04cb7f834cde2bf4e9e117b7047	147	CONFIRMATION_HOLDOUT
HMR_2190	09abb60ac1f57da1d95f9a4cf13c0fc21e2d9e17a6d372a52d17cb437ebbcf18	148	CONFIRMATION_HOLDOUT
HMR_8510	09b49261d743a572eaea7aa6a693c03b1a90368e426a8da2756ca80c451118d1	149	CONFIRMATION_HOLDOUT
PE224_HSte	09ba804238e179ed621b390280a594d47e6aa9fe4104eeba06badd4fa9841b76	150	CONFIRMATION_HOLDOUT
RE3231C	09be85e9457d8053092eecfb52c44a544d5ce25884b8030f1712c754a017a3db	151	CONFIRMATION_HOLDOUT
ALAGLYexR	09c5b9f40b06b12fee4f8eaa68c672ba43df5ad6b5c8abd509e0fca41db3a1a9	152	CONFIRMATION_HOLDOUT
r0082	09d52648fd6ed8d15eabc9fdd07dab6c6d9fcdc6a2f7653e618bfcfa239fd2f2	153	CONFIRMATION_HOLDOUT
LPASE	0a092f8128d468184e45d136c2e5d304adce8b61b958448d60c0822e0641b64f	154	CONFIRMATION_HOLDOUT
TTCCOAtx	0a0baf35b5e8cd864a0d86fb60a3bbfe54bef9930c8fda15daf17ab3c0d7c557	155	CONFIRMATION_HOLDOUT
HMR_3716	0a1e0722b3cb2868c093746f9cf9fa96a597fc3b34b484f05e26f361fd0b6744	156	CONFIRMATION_HOLDOUT
OIVD1m	0a2eb81560f2d1c7f1823f2f23900d155f96b4e80ab12eabe346691e83745996	157	CONFIRMATION_HOLDOUT
r1625	0a30f55cec4e1840199651428606e87cc53aeec3602523f16af0b4f2d0be3a07	158	CONFIRMATION_HOLDOUT
MDHm	0a48183b7b63ce92580f9b195f5f5ab7f768806a298317e3efced9ac62a48467	159	CONFIRMATION_HOLDOUT
r1609	0a59ae6fe6d2ced2415da12f7aaa4f837889b11523e160aee626ed6c82845e90	160	CONFIRMATION_HOLDOUT
HMR_3221	0a66fd94107faef9d72fe6070d6501898a27ef6f587d07ee014970d7176f20f9	161	CONFIRMATION_HOLDOUT
EHGLAT2m	0a6a40abf2cdd060642e6444457cd253b8ba0f2685776aac281b856e5cdc89a8	162	CONFIRMATION_HOLDOUT
S6TASE8ly	0a70cdb20a4f77d63e6dfab7c922f3d40e65391604e43580ff3a9e4a0f906833	163	CONFIRMATION_HOLDOUT
HMR_1752	0a89c7420896ee68b9f1508bf07b32f12e801490d1cc7e575cef34c02dce8c61	164	CONFIRMATION_HOLDOUT
GD1Atg	0a9187fdfe057071eed58686db73e27fd888d94e3f1cda97a97bf0397b0f6fd6	165	CONFIRMATION_HOLDOUT
PIK4	0a9f82d0effff40820947933208c16178ceea35f627b6be520ce226dc11f48de	166	CONFIRMATION_HOLDOUT
ILETA	0aa0bf6e176b330e9d93bd103fef336474479b29b6100319057f256d2c62fb31	167	CONFIRMATION_HOLDOUT
RE3496C	0ab86aed5dc0b8d39262f0963068e2e5847c57e2b328790dc9a6fd57b62a92b6	168	CONFIRMATION_HOLDOUT
r1003	0ac7b901e987a074c2254a8c1685b35b6fba933802cd672e400769b25d424fa6	169	CONFIRMATION_HOLDOUT
HMR_1503	0ac85bc743f23b931532eceb1698f51e7179b2e877983877babfb3fbd05cfecd	170	CONFIRMATION_HOLDOUT
GTHPm	0acdefd9eb0dc5cf0b6c4bf3351e57b12bc7ba6a6b7163256caf3f5d9780e646	171	CONFIRMATION_HOLDOUT
r1165	0ae4263d79de806d82557e41483e3183635a9026d0dc4c596c9e16ccab62c767	172	CONFIRMATION_HOLDOUT
DCSPTN1CRNt	0af0a6c237c5afb2c7047699d0cb4fafe1513edaaa729bd8c88c201d9cb2c10b	173	CONFIRMATION_HOLDOUT
FUMSO4tm	0af117bfbc423497ea5165a26621ef70e920f632766849b52b900712cb4bf763	174	CONFIRMATION_HOLDOUT
ATVACIDtdu	0b0d284183ebdd6a142358b8f5bf3ae57374123a01fe86b1c20104778d4a37a5	175	CONFIRMATION_HOLDOUT
VLCSp	0b189330b773657b26eb17405c83fc9eae76489fc2cb1ecbd1d76a78a34bd419	176	CONFIRMATION_HOLDOUT
FACOAL181	0b1f9cae108fb106d240094a5666df989ef34e669ffbee908dcf1666bb598ed2	177	CONFIRMATION_HOLDOUT
HMR_0963	0b1fb2ab6a03ba7106e4664e8b6ad2703156dfb6cb9b5ae171c07331416f8900	178	CONFIRMATION_HOLDOUT
PAFHe	0b20f994ed387eff4ae93fc0190413c5a68fdb0acbfff96a4596e2b6ccd500dc	179	CONFIRMATION_HOLDOUT
r1378	0b27d102a4db4f171eafd2ec14be093cdd7fea9bcab3134b5945db3416380670	180	CONFIRMATION_HOLDOUT
r1170	0b2bc6bc92fcc774e3cb0808ed2df929010f1458945226b7e49379f01c1a9f6b	181	CONFIRMATION_HOLDOUT
HMR_2350	0b4838904fe5e7b77a17d43dd0f1b3b0c9b933cd02d7c67aaab0b75cc792570d	182	CONFIRMATION_HOLDOUT
XSERtg	0b4d8481adda0bbdf8a70a645b7545816e9ee84da03ed323bb777116b196154d	183	CONFIRMATION_HOLDOUT
HMR_0823	0b5c3869ece9809d705c9b90e88ea8abee82f873c73b5651c25c413889b542d9	184	CONFIRMATION_HOLDOUT
SPHMYLN18114_hs_ATPt	0b7504384bbed5fb2c1ac3f4ccf5ab702930c23ee3a49590a9bd8f35ab064927	185	CONFIRMATION_HOLDOUT
HMGCOAtx	0b758f005dc966bb772125c6ece82adf8c16cb26a5bf7a7132ef1a92d4fd801e	186	CONFIRMATION_HOLDOUT
ME2m	0b78124de0ac98cd180743ac4237d13bc59c08e49a2b09f86d8f0d9635d106fb	187	CONFIRMATION_HOLDOUT
PI45P3K	0b7efbe3e60246437e99b51d42a8b75cc97e6bcb5d53c14972e199421ee9a687	188	CONFIRMATION_HOLDOUT
ASNALANaEx	0b863468713e38299295ef6e415b0e9b8310eba25ce607a0b5eb9b2170caf1ef	189	CONFIRMATION_HOLDOUT
RE2988X	0b9321f4d3b7970f671ce30aadf92835bc10fe52137e04c86ca17214c4e1dd03	190	CONFIRMATION_HOLDOUT
PHEPHEt	0b9f022ef876be817c5ea4e5c448808ed72d40608bd3052a66c87cbf765aec7b	191	CONFIRMATION_HOLDOUT
RTOTAL3CRNt	0bb1c4adaefddc5df4e9f7c8da9b822b2b096eb8c44f01ea13dbff2a31925c3f	192	CONFIRMATION_HOLDOUT
C161CRN2t	0bc695ad0f05f0051d31eb6b39dbc54bdd4fd514a2069d346697d7947f6bf465	193	CONFIRMATION_HOLDOUT
FAOXC164C143m	0c0f0d99b7b33c74d4c529a0ca9a0ae476f8f2b9f0cc59fb0f3dedc61c4c18eb	194	CONFIRMATION_HOLDOUT
r0714_1	0c128c058e59f91ce52295a1cf25e9d4e7e79925e1758ba9a783083684511144	195	CONFIRMATION_HOLDOUT
HMR_0805	0c6e8e6db082861e59421bc9ae0f866ee848cfd2f6b1afdf30bd37c5c4ce8f5b	196	CONFIRMATION_HOLDOUT
TRIPVStev	0c708c9c2c6e97c7f3628581453eb9d2973d5d69a66895ec51b3294053d3adc3	197	CONFIRMATION_HOLDOUT
PE2LINL_HSPLA2	0c91c9d15a707f398562ec59680d79b13db26ca97fde7f4e1fee62ad2b2c0f54	198	CONFIRMATION_HOLDOUT
LYSOXp	0c98c416cf6a9f4f788ae2b0f0ff95aa3e394c0f8cf41d7712a0acb4badb4183	199	CONFIRMATION_HOLDOUT
CLPNDCPT2	0cce195d1cf28c038df2c9c56033688faf9e3910ba2e34c39e2267eeebb8788d	200	CONFIRMATION_HOLDOUT
HMR_0841	0ce1575ca78ca837d11be9af50427d7b83700565272e94da7b305a9a15952e93	201	CONFIRMATION_HOLDOUT
UMPK5n	0ce5de947ac9e694249bd9d7602defe0d8d832b13d9a8becf1b90fc7192cc90e	202	CONFIRMATION_HOLDOUT
ADRNCPT1	0ce742a5559ed4a03e51ac1f7b6a706c9745a8f224bab2ec6a77eb91eb4c3658	203	CONFIRMATION_HOLDOUT
HMR_3197	0cf5c08d26277484ec83beb37ed00d965cb79613731501832fa376d22b2ae649	204	CONFIRMATION_HOLDOUT
34DHPHELAT1tc	0cfae1f067267bc567ae1a773f636939ed0ace81b06d843ae616e7d3174536f3	205	CONFIRMATION_HOLDOUT
HMR_3682	0d02e9823c252cd8e074fc568550c0da8cc76a962b8d1bd3aded6ce4452c6e67	206	CONFIRMATION_HOLDOUT
PCHOL2OLE_HSt1e	0d056e39ef60bdeb99b35ba0bb6e43ea43f878bdd985b9df14bb944bfc4b6670	207	CONFIRMATION_HOLDOUT
HMR_3713	0d2ba84608347333ee57162a1aa6f1f0acb15b58df840f02da4b63b2ca683e26	208	CONFIRMATION_HOLDOUT
ASNPHECYSt	0d4aeac6e5b435b846a38f2039ea30eb67ac1903cda30736dc3071b44c7c43b9	209	CONFIRMATION_HOLDOUT
HMR_9720	0d504c1adffa107b9950550786e2f9c3616185792116bdc9fa18209523c8154f	210	CONFIRMATION_HOLDOUT
ADNCYC	0d63943b270dc22b185aad36b1c714391824e9df3da0b9a1d2c83a05671ec537	211	CONFIRMATION_HOLDOUT
HMR_3666	0d6913fc5582e5a60c4432d6aad25bf1bcfc2f9f18a4dc19bdbd6655e28667fc	212	CONFIRMATION_HOLDOUT
PYK	0d8d017c45623018a5be9db592912c966780331e96c08983e302cc7c300ebcd7	213	CONFIRMATION_HOLDOUT
PHEASNMETt	0d8d44d68a9e4d45a68df5bcfd994bb1f7e69a1cb7ec96bc4bdd44682db50f75	214	CONFIRMATION_HOLDOUT
ASNTYRPHEt	0d9831e8e4b9c8dd3c6414dd86882d8ad9a6b192fcc33122ca514cd36dfe4787	215	CONFIRMATION_HOLDOUT
HMR_0946	0da4b346671ba76060acc3cfcfef1fb7a2809ab0c133c52982e986aa6fecfd59	216	CONFIRMATION_HOLDOUT
FAOXC16Brx	0da8728fdf6ed76080c331fa7ff20659e69caf0f4f8a01354d3d80c11a841cf6	217	CONFIRMATION_HOLDOUT
TSTSTERONEtr	0dac7a8ccc58b4c67debcd40c4ea923fe2f7d0f32ba6a194b0974b1bfd91eb9e	218	CONFIRMATION_HOLDOUT
NAPRT	0dc997b7cd9236c617f8ebc2c99e20d71308ac32d83fc401960da01e8f248393	219	CONFIRMATION_HOLDOUT
PCHOLN225_HSt1e	0df86ece0703f45da9613a049dc24dd65e1408238d5b3104654906f68e17210d	220	CONFIRMATION_HOLDOUT
RE3134C	0e03b2288218ad92bd033adccd2f7f85ba6436ce905c477f0a3a9416d00e3fa0	221	CONFIRMATION_HOLDOUT
PI4P5K	0e15bc4cd91aa80f06c119b087d36f30f1b34ab024b2b2595282f7b172919736	222	CONFIRMATION_HOLDOUT
FAOXC18280m	0e2c3925cd59461854b6ec14b4af1477328999da1973c0968cd6c4719e4887ec	223	CONFIRMATION_HOLDOUT
r0287	0e407abcdd3434ea997c71d9d272ac263d281787024ffb7bd1378958cdecb94b	224	CONFIRMATION_HOLDOUT
r1531_1	0e42b25413d8f864c8169eaef2f98525adb2915add8c7ed125ee9a3b89a49663	225	CONFIRMATION_HOLDOUT
CRNtp	0e6798ba7bd2ea6a15db411d20cf501022ae2b9e7c79f7b197d8b911a5c6bc4e	226	CONFIRMATION_HOLDOUT
HMR_2676	0e6f3e8160bb1677f73decd943f5e6a5e4d344c3e4a1feb52f0cf28f65743283	227	CONFIRMATION_HOLDOUT
C3STDH1Pr	0e715fa604bea4bc3a8da4714a610d01b9fae3b57a16dc4f71ce0fdff728abac	228	CONFIRMATION_HOLDOUT
HAS2	0e7d39268ae76d56a51bc2f4f79aa84c696a92fbba62da279f94ccfaa6e8704c	229	CONFIRMATION_HOLDOUT
PUNP7	0e9d2836397b9c06652219582ee4a3ca2dd1a113e4a0a4208c442940f3adec8a	230	CONFIRMATION_HOLDOUT
HPROx	0ea4811799dc0dbef539a79b601a57cb057c8b42789be9dfba565a65df84d8bc	231	CONFIRMATION_HOLDOUT
RE3010C	0eae3ed19663efb426e07f4b311d77fada793515883d3b07d470ef3cd0a200e1	232	CONFIRMATION_HOLDOUT
5THFtm	0edacbd1bc3703a7cf79431af5e882693e2ee46f7b400a8cb9b1d046a7ebdf61	233	CONFIRMATION_HOLDOUT
56DHPVSteb	0ee14b13f6921574b3ad719d169603d14fb845b0564b53edfaa09b32f1dfd316	234	CONFIRMATION_HOLDOUT
HMR_3709	0ef9d6f505bae471203d16823083d29b49ee2b4c72fa90e701673c1bccb4a493	235	CONFIRMATION_HOLDOUT
HMR_3344	0f05acf8b643d028c569c191ce6b9a2af756bc9237efdbd63ad678c3edfb63aa	236	CONFIRMATION_HOLDOUT
HMR_2962	0f05cc8bdce43d22b3628f7d4629dedb4eb599599416d533e1f6238e3f048a14	237	CONFIRMATION_HOLDOUT
G6PDH2er	0f2292582d45776dcc67f1b08b40fbd6ea82dd75653f1cf2ae890c4b185c7b2e	238	CONFIRMATION_HOLDOUT
RE3001M	0f31a6dfefe5eb7916b90a2b4a4d7f974bea4853ecca29369a4eb7c0e635717d	239	CONFIRMATION_HOLDOUT
HMR_3631	0f3e6425e8f43fbd1bd03891b00ffec294fe56d6e9d9ef2a8d36e52e432c1542	240	CONFIRMATION_HOLDOUT
HMR_0437	0f51552b566703fae836ddf72a115e7815e2eafdb9b1da5708b1126ae3c91e43	241	CONFIRMATION_HOLDOUT
DHCR242r	0f6130eabb30b97a29c78b9346e533324ae399403d758863adae900470cde2f0	242	CONFIRMATION_HOLDOUT
A4GALTg	0f618d727a38e5c4f601c8e150f58baa9427cfcc990d9e44f0d562d943de6a9d	243	CONFIRMATION_HOLDOUT
HMR_3059	0f6a5a5a24a0c4876e0090f2a35cf3894ebf359ce29dc5fb748b588b3253754a	244	CONFIRMATION_HOLDOUT
GALNACT4g	0f71e1a34bd3053169cb61255f74c26803d799bf927c3235bb12da25f36dd382	245	CONFIRMATION_HOLDOUT
RBFK	0f75dd4476b7fe26a0ea3ef5321f6c0ef6b81da09b7f9b15e453c20cec2ce8ec	246	CONFIRMATION_HOLDOUT
NACHEX24ly	0f98126a80e09d4dca58f5455154d5ee05c04544764029e56553db1754b438d9	247	CONFIRMATION_HOLDOUT
NBAHH_ir	0faff491fc12d0835fe64217fb7d7cbc6db54c98368a91786ae679bdcdac8460	248	CONFIRMATION_HOLDOUT
HMR_1549	0fd07de0edbf802a0049d66c172f7870af42ebe36366d019752bbe9a7fe5db24	249	CONFIRMATION_HOLDOUT
r0386	0fd6ac5bbde55620ddddef56b1d365c789561e3cd750ddb72536f902d38b897d	250	CONFIRMATION_HOLDOUT
PEAR_HSPLA2	0fdf6979143be895ff5b5b00686d0aa9120cebb4cb18262cca591b1fc4c960e3	251	CONFIRMATION_HOLDOUT
SPHK21c	0feca8910ee5d325c73d8874b48c0def00614523e5b84a7dd0e4ac38324d2275	252	CONFIRMATION_HOLDOUT
FORtm	100cf4d2ac4c66845a401a35fa70ef73c355abfb164554c6e6a129301d162fe4	253	CONFIRMATION_HOLDOUT
AGPAT1_1	1011f99ec97d421d517094039798f316dbeffe4acf560250a9c19976ca850214	254	CONFIRMATION_HOLDOUT
HMR_0429	101ab1888a7044996435e53b9ea657a0e2f3ea7b64fc9c6054360801bc6f8eee	255	CONFIRMATION_HOLDOUT
FAOXC140120x	102d9007889f4d4c50c97f29b24a04f4f838efb43f9268813a00ed6e8db12530	256	CONFIRMATION_HOLDOUT
r0440	102df6447d3c835ac88dda53d2a7861e62c8cd2c717a2d734fdd3d4ce079632b	257	CONFIRMATION_HOLDOUT
ASNASNARGt	1035ee7c6d82ed9c27b6e25f5ce8a4a7779f9672c8e861ec8f333bc5fac1094d	258	CONFIRMATION_HOLDOUT
MACOXO	1037dd20decb3cd8c31dfffeaa9805c4b9ab63836d08a4d63f22da3e6d508c61	259	CONFIRMATION_HOLDOUT
HMR_0835	104d97ef938884b12895671e894cf414af8235c95362e14ed0a66584e2f2c2d5	260	CONFIRMATION_HOLDOUT
GALGLUSIDEtl	1065a3d8869bf64395792bbd9d265596652a31fa8f446224193927130c480e52	261	CONFIRMATION_HOLDOUT
r1599	1078dd0695c0718ef8768efb148784060138cff724b34bf74bc9e8e00fcec9c3	262	CONFIRMATION_HOLDOUT
HMR_6839	108e30453546449860b0f9320c4605b5799045769d560aa791285a48e03d5c44	263	CONFIRMATION_HOLDOUT
PGLYCt	109b4f0e4c8386714a046b9ee94f21597e24c20b153b8a785ac31b2b2ed206e8	264	CONFIRMATION_HOLDOUT
r0407	10bfb3204e8207e4e0c2beac1b53b976aa62c161207cd6aa965983152f7c39c0	265	CONFIRMATION_HOLDOUT
HMR_1280	10c022fbd7ae3b8d134f7d5230708d9a7289d1ad002b55c19e298006950bf1dc	266	CONFIRMATION_HOLDOUT
ALAASNNaEx	10da4b920e35828bf7229fb2faf93c17798a1efd18259a2b3c3b563fd3421c9f	267	CONFIRMATION_HOLDOUT
GLCAT3g	10ea873999474ab603b478a43d885ce42a17099b51988c8cd765cf975cb8287b	268	CONFIRMATION_HOLDOUT
DHDPBMTm	10f32ec7ea4a23a4154bca476581d85233209b3ab03d92b84b4cbfa89b71f4b9	269	CONFIRMATION_HOLDOUT
HMR_2543	112cbe122d5d3dd1d38a49cdafbbc66a3cb7319f17ff2ec39f0c01e8950548f0	270	CONFIRMATION_HOLDOUT
NNMT	11365b6656722019c0abe1914d36f5dfb638d3838e0cdce5d9e6c405d0decb41	271	CONFIRMATION_HOLDOUT
PE12_HSt1e	1147fa24cc72d7508e44ed12a1ec5719e5aa1554fdd0740d6c8c38f5d720757d	272	CONFIRMATION_HOLDOUT
r0385	114fe0823fd4613e63827ad7d14c4222e7eec19b313d7ec21aa6119261374a1d	273	CONFIRMATION_HOLDOUT
r0643	115583e4fd9fa563af356464597e7e3d025e2db5d98c0c1092792c9971b2d4ff	274	CONFIRMATION_HOLDOUT
AIRCr	11578a8ac5132522c6892fdb219be60b031db4e73fd20b86064ab9f72c393c0b	275	CONFIRMATION_HOLDOUT
RE0453N	115fcf1f0db0145d74f226b2b9714e36e36cd41f1396bc0597688d16641d4c9e	276	CONFIRMATION_HOLDOUT
FAOXC10080m	11680c501ec80f21f973d4cf44f420eb6e7189cacef73f8678ab12161496f212	277	CONFIRMATION_HOLDOUT
r0403	1182c6f424353e50fe5a4a7c1c6e5fb53f3f99eeeba835edeac8034bf326c667	278	CONFIRMATION_HOLDOUT
LCAT52e	11850e36c3e7998c0e3a1c96553be911bcc56dc167cb53e7ef0649c07ad74f23	279	CONFIRMATION_HOLDOUT
4CMCOAS	1191e3f5dcd621aaad97ae9a4e5b3975fd5131cf3bef2d06cbe09b8cc365fcc7	280	CONFIRMATION_HOLDOUT
S6TASE20ly	119e02ea53a9159d94ac99bcba218531f479db819e2810058d43eb90334963eb	281	CONFIRMATION_HOLDOUT
GLCAT7g	119fc7e1013f9692fcca0ae3e6eda226318540c6a2e01a66f7f33fa67af4a5fb	282	CONFIRMATION_HOLDOUT
r2521	11a61f15005d70823aa00dba9e7605e32bc0c0c922dcd231e2fee269ff734ca6	283	CONFIRMATION_HOLDOUT
r0170	11b24c2e6e95c3c565a87543d64e8f88e937e6823ee6abac0b1c6e717e14ca76	284	CONFIRMATION_HOLDOUT
TACRtu	11bc7d661ff32ccb5c7194abaf63e9605d5ce9e498408092cf0d995c092c0251	285	CONFIRMATION_HOLDOUT
UMPtr	11c73d638a72c338f43b353d7ebda4f4247f7f0751c0a4f9b3dccf28a5ca2dde	286	CONFIRMATION_HOLDOUT
IDOAASE3ly	11d1140f5c369e8297756f3bf53a745d6dc341bc045a4c51bd339a2a722a2d48	287	CONFIRMATION_HOLDOUT
GLNALANaEx	11d40b0450963fd6acdd846058eaf69eab551ce39550e8b5df47c1f8d0148aa8	288	CONFIRMATION_HOLDOUT
ACNMCT	11e1aba59ca87a37415b749daa7e11540e4b10a8360b53d93d19607f08ba2292	289	CONFIRMATION_HOLDOUT
ACGAMtly	1227b64d37edc45b80d27f6541917614e2120e7e6619ba81ac0f2fcc9decc81d	290	CONFIRMATION_HOLDOUT
r1999	1228a37fc5c7c819cdadf9d9f84c9a8519cdb4ce8051ffcce7afc6610752f48e	291	CONFIRMATION_HOLDOUT
HCO3Ee	1245b06e08c588ce8e7e739dda0fc3aec041100103d9b21d1c94c62193cb4c49	292	CONFIRMATION_HOLDOUT
ASPDt6	124cd4984d863c8f949aa5588fea85553d927c5e3220417fdbb0ae1278f54135	293	CONFIRMATION_HOLDOUT
r0673	125811db0b54323e33a1169695e17526a13fc2024137b45968897c9f995c04e4	294	CONFIRMATION_HOLDOUT
TRPMETARGt	126490dbc5426e2404dbd7901d6c385deb5e8cc8e1bb1492569f16753dc19c9d	295	CONFIRMATION_HOLDOUT
CE2211te	1270141c27368fef49f7eea3ecc6c5fb5b1e52fbf08347f258545f13eff5decf	296	CONFIRMATION_HOLDOUT
COAtp	12883e3978fb11a8faaa0b8fd664b2e5e562b21adf354b1fbb4bb92d73a515f2	297	CONFIRMATION_HOLDOUT
HMR_3645	1288de3cae6137ad22c7c4b8ae35d91dd2dcd9cd96388ba80b7d5772d84eb591	298	CONFIRMATION_HOLDOUT
FACOAE180	12912e0bc856db88d74bd2ace0151ca4645e18e89da66228e3c68bf1f07bcae2	299	CONFIRMATION_HOLDOUT
HMR_3423	12b052ea4d2ed45a9d9042cf17f8e9355045eceb42455a20279a02b45044925d	300	CONFIRMATION_HOLDOUT
GLNSERNaEx	12b27c20ccaa48c22a08abe68cfa83f6dcbb555ed3e274ee071248120dc07ed0	301	CONFIRMATION_HOLDOUT
S4T1g	12c3d3c49b96e08d7b3e6230be5766ba8ed833c1fa420ce49c2ce47c9d15f43c	302	CONFIRMATION_HOLDOUT
GAPD	12d4b9dd3ab055cf61d4842a9bcf78bf4f49edb404b2286857c11fa6b517fa3f	303	CONFIRMATION_HOLDOUT
DNDPt25m	12f2ded4888d51fbaa87120d3a0cb1585880f1487694bc54effc0fd70dbb44d6	304	CONFIRMATION_HOLDOUT
HMR_3663	12f72b4b6d4adf375a1f29cf3be136bb2b10f3cdbf0699b5dc2a93f0151926ad	305	CONFIRMATION_HOLDOUT
BAAT3x	12f9958adf6a752d2b86906663e891a30d6835263a2a20ce15b8fbd9d4752543	306	CONFIRMATION_HOLDOUT
PCHOLSTE_HSt1e	1300f5be19f5eed987610c1417b40c481247ff424341e8bbd77c67bb0b5b08e6	307	CONFIRMATION_HOLDOUT
DGTPtm_cho	130307867475e0b40ab78b7577066b9eedfadc996ab7a858aff1383fe3626d13	308	CONFIRMATION_HOLDOUT
HMR_1771	130a76a6590d631bce38466a3a66ca438f1a22cb3136513873059a5f47add6f1	309	CONFIRMATION_HOLDOUT
NDPK6m	131f6b0fc0c7dec93e285c54abd57e50e55d90b652e93c1c09f7c954ec0831ac	310	CONFIRMATION_HOLDOUT
r1559	13220a19d120d518a91c1d092af2979598d665bda0d027cecad33c6e25c4655f	311	CONFIRMATION_HOLDOUT
LCAT17e	13436c5eb2c24628ee0bd2ace1977b351a929c3af0c417b4c75e898541981f93	312	CONFIRMATION_HOLDOUT
RE1527M	13475ea2de399bd18a4e26f7ded13a3566f6ecea89640b74efc3140f78b8e892	313	CONFIRMATION_HOLDOUT
DIGALSIDEtl	136fa2674aa70e05d239ac6d4b3838bf04fc5276334a1f2f870457647a27cb60	314	CONFIRMATION_HOLDOUT
SPHMYLNtg	137462b3812794375943aab907ce2f75aedb19913b43ef38ee58507d6e60a1c9	315	CONFIRMATION_HOLDOUT
r1560	138e3ac675258c7c1d31ea5a19d5aee28b153ff5ab427be5a8945669113fd547	316	CONFIRMATION_HOLDOUT
HMR_4772	1394fdc2815a6702449c548e214f6a65bd261ac171f815df057f0dbcb9a956e7	317	CONFIRMATION_HOLDOUT
HMR_0178	13b6b06ade6283b5be3423ef3a3a76e7726302ff1d78ef16cca2ce864f18c47d	318	CONFIRMATION_HOLDOUT
HMR_0625	13bb429931ca29f0683b59809ab6edd2f188e6bd18210902ba346625fe99f833	319	CONFIRMATION_HOLDOUT
HMR_3425	13cf23aff0991fd5d89076d20b884417880ba1292e793eba1369846f31acf702	320	CONFIRMATION_HOLDOUT
HMR_0370	13edeae636c3bee37dde54e03667155486ad3efede101648cb83a30b092331cf	321	CONFIRMATION_HOLDOUT
COQ7m	13f0c673e3531f71505aa195093ac3d7bd1178db9b74877593eb8490193304ac	322	CONFIRMATION_HOLDOUT
HMR_2675	13fc5e3234d627916c90f92c76250a4eaefd2bc40c5955ab999fb6d99793e246	323	CONFIRMATION_HOLDOUT
GULND	140889498ddb9874462fc88a71c5cfc7485ec19dd6b1169811558dd0314441cf	324	CONFIRMATION_HOLDOUT
ILEPROLYSt	1414b6b47b91daa4a4a52db456300c3308bea0a4554f66ec0792c6424af47369	325	CONFIRMATION_HOLDOUT
ODECOAtx	14415739bf613183242848cb2ccfc20797380febefa57a51eb7c1c3a40a4dd39	326	CONFIRMATION_HOLDOUT
SPHK11	1449d0e789462bef4a98684b7e843d767cd4df968f7d72f3e3c662137e21c9a4	327	CONFIRMATION_HOLDOUT
HMR_6583	145e283c6a9d41b607dd720e9a00618bae944a8ceeecf1a76e3d004dde65e339	328	CONFIRMATION_HOLDOUT
HMR_3097	145efc69b463a0bea131d40a894b095aba4c1d4588022c3dfb58cbac661b7677	329	CONFIRMATION_HOLDOUT
PELPALM_HSt1e	14828a81d007406f69ee2aba3c2f32157b2ea66e6f38440a7328d2b7842fadc1	330	CONFIRMATION_HOLDOUT
HMR_8776	149241b4d54480d9f76bcda00d31809cdd57bb210e282ff414642d4833a2639a	331	CONFIRMATION_HOLDOUT
HMR_0428	14973c198a2613bb4b8e21cd22b98a7da41e4d3bc4994a6ce3617827eb3826eb	332	CONFIRMATION_HOLDOUT
HMR_0194	149fa25a698d710af8db7964398640a137ec4e93da18334b6094508511b32e20	333	CONFIRMATION_HOLDOUT
HMR_2088	14ac4eb42ddae1ee1a2b98e7816cf6e78e4a49d7364e891792e03561f4534fc3	334	CONFIRMATION_HOLDOUT
DCYTtm	14baee2466eca172442c44ed762135a24851de1cfc509af217f167f9f61ffeb5	335	CONFIRMATION_HOLDOUT
GLYHISLYSt	14c23276233eddcba5f1390c67749be306bf30c7b1bd1ca3ec8ef99760622c08	336	CONFIRMATION_HOLDOUT
HMR_3864	14c7bc0fc536407f998fb1d39fa94312622808b9d623815a616461e68625be6c	337	CONFIRMATION_HOLDOUT
GLYOX	14d77ebbac561f766ffcf22aa7b46968a2755026f655e52f04741748318d012f	338	CONFIRMATION_HOLDOUT
GLCter	14e0570f12bdc6056e27cb3a965540378e298602440cbc2cd3e02ca1aea3038d	339	CONFIRMATION_HOLDOUT
r2125	14e1114dececd9381fe84735a458f93266c983550efdac299020c1d1c165ad53	340	CONFIRMATION_HOLDOUT
CYTK4n	14e1a0c10974030164c4e711bfbbd91712879604d1507979cd70c18bfed7f83d	341	CONFIRMATION_HOLDOUT
GLYOp	14ff52c110c0079f1c87ca5d8ea96475e831acae7f4b42afbf709556e737ac14	342	CONFIRMATION_HOLDOUT
DUTUP	151fef98c66df7fa01f53654f893880205c09e820bf7301438b3193bc7ff1036	343	CONFIRMATION_HOLDOUT
NRPPHRSULT	1538d0296150d2e0f415f1a9aabb171be7da3b086cceee196b71016c0ab7736e	344	CONFIRMATION_HOLDOUT
LEUKTRB4WOHt	15439234d37cf0775e8380640a71da11c96391f0aa78b9bce980c5cd175205eb	345	CONFIRMATION_HOLDOUT
ECOAH1x	156eb8b4322a07aafebbfb2c5fdd8e835348c156659dab688c39ea8c83341526	346	CONFIRMATION_HOLDOUT
ST8SIA52g	15953e0166ecb3a417d9bb0eee0b5067f1dc002ed1ef53ad1ef4729f93a659ba	347	CONFIRMATION_HOLDOUT
HMR_3175	1595f51f22b0eda5fe1da2efc4901feaca2d3a8979b0bae7f278c67d9c2847a0	348	CONFIRMATION_HOLDOUT
RE1517M	15a1d1b981a9cc1712560f0cff583320535ae6b58e629880316df3350bdecf26	349	CONFIRMATION_HOLDOUT
TMNDNCCRNt	15b110bbbc78e0b02dc1fc926030bb67110cb3ea4673b154890d5c91ce8d423c	350	CONFIRMATION_HOLDOUT
DNDPt5m	15b3950594dbe5be20968777ce4cf3783d053b308256339d36af524a0b234c4b	351	CONFIRMATION_HOLDOUT
r1116	15b796dbdb789804e0d97b41b28c9f8e16a0d3f8081051aceb43672bcf4ac169	352	CONFIRMATION_HOLDOUT
RE3016R	15b8c32047cefe6c7a1601c74ddfebb278dd4b1ca36923c0bb2393db7f4e9f98	353	CONFIRMATION_HOLDOUT
DRBK	15ba999e2220767e2727e326cb9cb12c5bc346c29d5d8e50c1b284afd14db7d8	354	CONFIRMATION_HOLDOUT
SPR	15bf47a04317ff4ec1d1adaeb078e67e9b7485fcc1be80eb7fa00b05969d4e2e	355	CONFIRMATION_HOLDOUT
HMR_3636	15d863846e02a246b0d5c2b3242aa9c4b1e6e548d34f4a9cab6193f015dda516	356	CONFIRMATION_HOLDOUT
PMEVK	15fc2866eec2be111b8e8e488ec337da4643430945edead71ff1501d83cddb05	357	CONFIRMATION_HOLDOUT
SPHMYLN18115_hs_ATPt	1605c880ed276259f65e148dc8e32ef843fcba9f9f28e08873e06d09d3b7a9a0	358	CONFIRMATION_HOLDOUT
LCAT53e	16224974b453993f926fe4a6d7e082f3961b7ccc90fa6893a8a4843d29a2cf1a	359	CONFIRMATION_HOLDOUT
DNDPt2m	162ee584087744fe43b54ab4da5f588264ff5412581c9836e0ae05374c80193a	360	CONFIRMATION_HOLDOUT
SERGLYexR	16367d730663b74393199355bc8bf1cfcc2c97a7d86a38c398296b4f2863ae55	361	CONFIRMATION_HOLDOUT
HMR_6786	163e03e328400eead1f1493c2fff61496bac9ebb79c12003b281ee287a0b91ad	362	CONFIRMATION_HOLDOUT
3AIBt	164cbd1204876766d7eac548ff9d9a5643463ed4da1651acbecbcbbceebc44fc	363	CONFIRMATION_HOLDOUT
DNDPt46m	165cb6826b84b5233c98822183c0eb11f1b13973a6c1556f30ca6ab51de92ba4	364	CONFIRMATION_HOLDOUT
DNDPt15m	1681e56ac24d1cdf67da8cab6cf198786f163d50c0b1b339e4ecbe5e8a7fcba3	365	CONFIRMATION_HOLDOUT
r1183	1688cd3094dc61fb09824674d82b716edff3022d1dbf47101be47290f18997ba	366	CONFIRMATION_HOLDOUT
GPDDA1	16b42ccabb43dcac59e67c31706267468a4c8a7caa376496d07fbe4b673b995f	367	CONFIRMATION_HOLDOUT
RE3166C	16b5a686322b60b0ecdc9ff69c5dbc1590d52e5a0ecba8c250342d57897699a3	368	CONFIRMATION_HOLDOUT
4HATVACIDhc	16bd2f915dafdea0f2d2b03a1b3056800251357daa83f0c6268290a5f6d227af	369	CONFIRMATION_HOLDOUT
SIAT9g	16bff508f57c31b673ecf015dfef13543f55d423210a025781938f1c567cc520	370	CONFIRMATION_HOLDOUT
METLEUex	16d6c07fed67c1c161348e819c8b466f69e4f90a3ddb8ea8e3a10164e25e8c33	371	CONFIRMATION_HOLDOUT
HMR_3694	16d7a6842ba4c8fb4c27018af8c41422503e63453ee47abed0bb32e740c661bf	372	CONFIRMATION_HOLDOUT
SUBERCACT	16d8c3a14356d0e04f26a9ee713949a8ad982737f6bfafed83705eb17fb47b1b	373	CONFIRMATION_HOLDOUT
AMACR2p	16dabd332e3bda6b2caf01b2a27fbf3dde9af6c5f6ef27ef802d811cd7936e19	374	CONFIRMATION_HOLDOUT
r1574	16dcb9d9f1fd9303c42c83c95e342811f4970cb4952d8e9e9c7bf13d603621e1	375	CONFIRMATION_HOLDOUT
CPK1	16e1b8e72490956545c15eef20e5337ff565da8798a8e194234a2213f34ddc52	376	CONFIRMATION_HOLDOUT
NACHEX23ly	170d522b84be3b3d70ba3789657d04a31786aa2afcc0e89e5dfd2f10b5c66337	377	CONFIRMATION_HOLDOUT
RE1523X	1714c107d84ae51bf35ef52b7763ed453d510dbe0a1145370f7c4e2b63adb19c	378	CONFIRMATION_HOLDOUT
TRPILELYSt	171cab55c0b892740b80edc27e4a64068242da32df58ecc17ff56a8adbf15676	379	CONFIRMATION_HOLDOUT
ADKd	171d19ae2e028fdcd985b16f627d0b719ea9b6588e13e4849074c8a2cbc015aa	380	CONFIRMATION_HOLDOUT
HMR_2624	172ed163ee6d1d07e1f72f833a119bebb693fa44fdf44bd2e52e86df8999f369	381	CONFIRMATION_HOLDOUT
NDPK7	1740b44969697f8c4276d4d230c4d2e23d7f150cf98ce6b048f2f670b402dff1	382	CONFIRMATION_HOLDOUT
HMR_2704	174a9dcf1f74dbb989e5bd59f8f366a6b1e27431616867e6d9d7e5636fc7c09b	383	CONFIRMATION_HOLDOUT
RDH2	176a54946b1a658f292cf32de947dbd6ea189cabdd473b139556e9e891a2bdf1	384	CONFIRMATION_HOLDOUT
S4TASE4ly	1770f127d8aeaacb6adbec9acb826c46c515c6bb6484841f532637de881e4aaa	385	CONFIRMATION_HOLDOUT
FAOXC16OHC16r	17868e0b960f22377c18b0a4f9f5cba6ada5969c33acb31bb52c635fe551795d	386	CONFIRMATION_HOLDOUT
NDPK5m	178afec89c8231ac52d72529ee1a3051c2afaa54ed9a15adf4c25979cd2ba501	387	CONFIRMATION_HOLDOUT
ACOADH120_m	178facc1a042e8deeb913ee5dc2e1c7b6026b360a8c3da5b662b9a3d406963b9	388	CONFIRMATION_HOLDOUT
HS1ly	17aa9cab048f5f9a0b548807573544fa2dba0caea43fa7f8c462d8234ac10301	389	CONFIRMATION_HOLDOUT
GGTe_1	17b8ba0f1b463ee03a8df8650da7b94eada3fc685bca17a632631c5c5c835219	390	CONFIRMATION_HOLDOUT
r2376	17c1fc189c01168b447fe1e0b35582e70e6d4c5abdd3b05dea095e823633fa2e	391	CONFIRMATION_HOLDOUT
HMR_3236	17c5a043eca7d9d9ef273033b97bfe9ce891eeca07a35866c923c3ca22c94d0a	392	CONFIRMATION_HOLDOUT
CE2209te	17d478cfdaf5efc44cfe84203229fe65f0cbfc0b54ff1e598a1ab735407094ca	393	CONFIRMATION_HOLDOUT
HMR_0767	17d4a2845e3c090dc12d91b51cd3c7facd7af50d1817b314af1583c6717e51bd	394	CONFIRMATION_HOLDOUT
PEOLE_HSt1e	17e7f8fb0a45bcd2bcc21040ffa052664ded6a1b77944289cc0d7f12bad5ec62	395	CONFIRMATION_HOLDOUT
FACOAE140	17fe21eacc2994048a99cca2726c9c65bf44e2e25baa44299d3db00ac77cc3a9	396	CONFIRMATION_HOLDOUT
HMR_3240	1800a12fdcfbd8ba69e9e7df4a075b633e7d701ec6e100982210771feb282494	397	CONFIRMATION_HOLDOUT
2HATVACIDhc	1803fbf010e4f1a124996849f3a4d62a7ea50a859c13cbd1c33cc1a2726da00e	398	CONFIRMATION_HOLDOUT
HMR_3337	180bbea5c13e520452176bdedf2731589760e3ba730d60921871ae114d60dcc2	399	CONFIRMATION_HOLDOUT
RE3119C	1811ba0197e6e94120f94c5bb7f98c20891c54baf9b911cfce0a6eab1b8c4d69	400	CONFIRMATION_HOLDOUT
HMR_3063	1817d83ce771dd11fdcd422f7d9e0a9d2a877235a24287237061de844e408ece	401	CONFIRMATION_HOLDOUT
GLCNACT3g	18277780b1188c056e9eda99c072a3c11e73022eb1dd54535d10065660cd698c	402	CONFIRMATION_HOLDOUT
ACACT4m	18805b58e943b664d2587db440fa66f7a312b09022d0d964244180ea17abd20a	403	CONFIRMATION_HOLDOUT
HMR_7748	188e1e94c52997827e09d8041eadf98eb1cb63a6cefe1cc23ed38b382acec535	404	CONFIRMATION_HOLDOUT
HMR_0346	18949b728b5b6ddde62518731329fc95ee177be39030b53d079a7311913590a1	405	CONFIRMATION_HOLDOUT
ACGALK2	189a9ce69a8c78e041804ea6ca0f784f02ff3f81b1f477df8472ef51a7c3b661	406	CONFIRMATION_HOLDOUT
HMR_2348	189c59e4466947bcda4d858c83d8fac3c5aa7c3b604a9bbe59a84d2e42355343	407	CONFIRMATION_HOLDOUT
FAOXC121C10x	18a5209be63a9421f6870d2491fab6b60d50b5fe5eab2e87b11d63a04746e3ad	408	CONFIRMATION_HOLDOUT
DNDPt1m	18ada26a157ed371e7d44f3302da6432388657e63b9c3d90f501ab74ef62fbb1	409	CONFIRMATION_HOLDOUT
RE3626M	19053e09ec4845da5715967d518ad6e9dc95e6a6b6db67e6f8e8dc62ae7264b4	410	CONFIRMATION_HOLDOUT
PROCYSt	1908c58755bd16bbaae942019a610323aac951c4031318b906f487aa167a9008	411	CONFIRMATION_HOLDOUT
ILEASPt	19154ee7997da7c2d7f5b664a8ee102aea2fc424889d0a16be1a46b23b9c4f55	412	CONFIRMATION_HOLDOUT
6EPVStep	1929e515f6e97d5228b5ca695c1445ecb42c9a0ec58dd06f784823b025652c1f	413	CONFIRMATION_HOLDOUT
PCHOLET_HSABCt	192e8488343d5450c40ead0ff60eb635020c08d573641f2b8c5d1b57d24acb06	414	CONFIRMATION_HOLDOUT
H2Otp	1942779cab856676d4d6bbed9520d0f9cc736f4cb608c1683e9b1ac7c6149eab	415	CONFIRMATION_HOLDOUT
FAOXC103C102x	194c8ff8c9407c5b0a2aa86f6e506b4e216fec59f20fb9c5eebe7577871ae499	416	CONFIRMATION_HOLDOUT
O2tp	196285b0576aaaf45d0fc5c517f6e34710b8be2e15ab81e8005974b9ddea8519	417	CONFIRMATION_HOLDOUT
UAG2EMA	19638574149bade80649dff8b69138205aff190b384b1c26c20b8696a660b0a3	418	CONFIRMATION_HOLDOUT
HMR_0328	19649a85c07ade96622ef43346895369b14d6eb7bd3a314cfff29df7a4c7cd15	419	CONFIRMATION_HOLDOUT
r0860	1965b94e4ff2de6ee999362aba46a637faeeb73b9c8dcbb7d1299c46987801a0	420	CONFIRMATION_HOLDOUT
TPI	19a29310d53caf1bbc2930889a6e57b5777dfa2a66a4f6106509fa325e52383d	421	CONFIRMATION_HOLDOUT
KAT180_m	19ad1f64ed9dee30611b5431290a339ae57d8c3a0a91d1186bbd90bf0a353273	422	CONFIRMATION_HOLDOUT
G14T4g	19d5ec4d71435849aad407ca34ddbfdc6e0f76ac09587a1ff79986c786afc384	423	CONFIRMATION_HOLDOUT
FACOAL246_1	19fb44558e586e7cd958fc7e6317b2a5737bd6d4b2a15661b2fb8393f047fb72	424	CONFIRMATION_HOLDOUT
HMR_2994	1a0b5e9b5b34effa1379dd9ecd341864480140aa6960b731b13e36e52da74600	425	CONFIRMATION_HOLDOUT
DOPASULT	1a0eff78c8539cd52f8ba2f373dc9aa4aa60f7c444550c7fbf6f2dfba9bd47e2	426	CONFIRMATION_HOLDOUT
HMR_2963	1a27e61598be5a9def644674366b0a310082066e2be54601f5b30c8901b0cd61	427	CONFIRMATION_HOLDOUT
ALDD19xr	1a292253a4d84a052d3a343411f17b037cfe5784fb2e8a99b41e332156f5a973	428	CONFIRMATION_HOLDOUT
PCREATtmdiffir	1a49c7cde763ad23a847f23b867eea15589c46fce04bf881cd2872baaa166716	429	CONFIRMATION_HOLDOUT
FADH2tx	1a4bee0f835db4dc8cece344f410dbaef149c1eb201eea3aa2a6ad3ee641c389	430	CONFIRMATION_HOLDOUT
HMR_0822	1a6e09d5c86678e08abe58e19edb4fd7afff82f15b3ec6dfdbfd75a33624b610	431	CONFIRMATION_HOLDOUT
HPYRDC	1a77b3f71ac96c87fdb2e432d6cd9bfcc8e8eb9aed66ec3d52f55b67e088ee7c	432	CONFIRMATION_HOLDOUT
HMR_0770	1a8d0de8869316e670b09373ee636af6c92143f43294371492f6de69da3d914c	433	CONFIRMATION_HOLDOUT
PCHOL2PALM_HSte	1a91fa79b5868ab813534dfe77fcc9f60b5f403ed5b4057f48bd08efcf6a402d	434	CONFIRMATION_HOLDOUT
HMR_2282	1a9ba36e67ec766494c7a8c768052aa9cbd9d79efcbc1e932834b89f2ffdb707	435	CONFIRMATION_HOLDOUT
PE14_HSt1e	1ab5535ca11ac1cb9d764107f454b35249b9099321243ebcb52f9302632b8bc3	436	CONFIRMATION_HOLDOUT
GALNACT3g	1ab824359e065dca6c9e3d2a99379c61bfae28083835b7d54c81ec17a91d424c	437	CONFIRMATION_HOLDOUT
RDH2a	1ac1bc1dcf67a538857f51efa888c871bb76abc5ac817bbb4f9831ffc0b6310e	438	CONFIRMATION_HOLDOUT
HMR_1758	1ac6eea76c15aa9275fb958c4d4f2ebf6230f6a8287edfd3526f72c15b15ecbd	439	CONFIRMATION_HOLDOUT
IPDDIx	1acb480397351655a41d4470c6193110345abeba1d21fdf8fd59117a6b5b5262	440	CONFIRMATION_HOLDOUT
FPGS5m	1acb78584c7437f873d6ccd832cd3eaf5fa6c1954e4f8ee469019b06a228f87f	441	CONFIRMATION_HOLDOUT
HMR_1637	1ace7f6f579b0e9f80fa7a621300ffe2874aec79f655746ef52a284a609b5f70	442	CONFIRMATION_HOLDOUT
G14T19g	1ae8f98aed346cf96237a7afe577516779cf856575e1dc0a51df6b042bc212fd	443	CONFIRMATION_HOLDOUT
PCHOLN203_HSt1e	1aee003257f94235286f393a65ef11a3fe803edb525654980276a477fc2c8cc1	444	CONFIRMATION_HOLDOUT
METGLNTYRt	1aeead5530acbc5ba224d987082877584b068838da56936e168dde2c5a5dade0	445	CONFIRMATION_HOLDOUT
FAOXC160140x	1af18dd4f306a1d6091e2a622414cb8abd35e7e9ca7f2f8eb3c999b9f6c9f2f8	446	CONFIRMATION_HOLDOUT
r1150	1af8dca749936892acd01852c34897ce01e305c665a08f4f604f43eec9eaf4c3	447	CONFIRMATION_HOLDOUT
GLYtp	1b431b4a950532d20040c99196bf73d849e42f50e82c4b14c4eb8f3750729846	448	CONFIRMATION_HOLDOUT
HMR_3679	1b60034eb8b5ccbae57d3157fd34d238d552d9bd8b4d2fc4ad2a9eaac6de4177	449	CONFIRMATION_HOLDOUT
B3GALT41g	1b79263a18750015d1a3df6d92640689f556bbf509e8e2e09afd3834c1ec1fc3	450	CONFIRMATION_HOLDOUT
ACONT	1b825aa6613dd143053e9278a17f59437d75d79220f49485d3962c30ff34f36e	451	CONFIRMATION_HOLDOUT
B3GALTg	1b964ec49f54360b1d06fb47371c38fb65e1dae14cac2990e3f9be82daa63235	452	CONFIRMATION_HOLDOUT
PAILAR_HSPLA2	1baaff8e49d7f2bb25783d3c461124ebc5c908d78b9270feb0e5d34a0cebb2a4	453	CONFIRMATION_HOLDOUT
FPGS8	1baccbb87ee78fdc2f25f8167c73eedea4dd0f77c9aae52f68860a4853fa67fa	454	CONFIRMATION_HOLDOUT
3HPPt	1bb03bf88b6171e731857f6e679a4bce148f15e93a0ab17a4bd125ffec8b2c55	455	CONFIRMATION_HOLDOUT
SMS8	1bc2b89dd60c8f9e606204659551c2d1d82846ed7c22ddb96508a7b150083a89	456	CONFIRMATION_HOLDOUT
HMR_0280	1c01958ae51d7a77a94c3f19494734640c8d87ab9e0610288e59be674844cb4b	457	CONFIRMATION_HOLDOUT
FAOXC2051843m	1c08dd8dbadc1cde34ae9d297841f44786f8d7abcc5d981d9a5767e0a395b102	458	CONFIRMATION_HOLDOUT
NACHEXA4ly	1c0da8dba817e617b201df3701e5ad0b07880a5c1a20ea0ae2ec26be28bd7c53	459	CONFIRMATION_HOLDOUT
LEUSERTRPt	1c4507a6e96cb002fafd87d160b961f1c7a066cf9fca8154c642e4aa45514c0e	460	CONFIRMATION_HOLDOUT
HMR_1740	1c4b15c1240c52d4dd58db1049b47d365cf8d55fd3601fdc9e922854488073e1	461	CONFIRMATION_HOLDOUT
FAOXTC182TC162m	1c52d15f91a9a897614f5e510208603801d61805e4c2dba7c4684032a9f99e07	462	CONFIRMATION_HOLDOUT
HMR_2342	1c5bd365c891bedace414572b368d39a3f667ed511ddebe5afb066d114c0b1ef	463	CONFIRMATION_HOLDOUT
PI5P4K	1c64949e2b43a65da21600ad4881496a2a5bab3afeae26d9af1ca4b50f636df9	464	CONFIRMATION_HOLDOUT
DCK1n	1c796751bebbcc0358ce21ac53c8cfd156c1f8962fdc92b49c71ab33cfb72e91	465	CONFIRMATION_HOLDOUT
MTHFD	1c91fc1243c9b6a8b8d06e02bcb357aa9c7a082993da91426f4c0abe59cf26d3	466	CONFIRMATION_HOLDOUT
GDPFUCtg	1cad394e793bd757473681aebf51aedc25b0c256c26a379503d6a669af485dc2	467	CONFIRMATION_HOLDOUT
r1584	1cb396a2aad222d66b8ae9737a0d6dc1695631472e488da83507ba0703ab8ec8	468	CONFIRMATION_HOLDOUT
ABUTt4_2_r	1cc7caae456ef7b5e2e984867eea36d1bc4c5b0b02abe68ed27701488c92ea09	469	CONFIRMATION_HOLDOUT
THFtm	1cdcfe085de0d3ea334c470ef7b86a8ba46c410262a48b70a30695bf06739525	470	CONFIRMATION_HOLDOUT
NRVNCABCt	1cf209bc54cebf8192463b600f321aabd48759d18feffd83fa1e6c1e8cf6061f	471	CONFIRMATION_HOLDOUT
ALDD2xm	1cf62b818bf45ac4d879759682edca11fb185b65c0d1924992817222eb56474f	472	CONFIRMATION_HOLDOUT
r0002	1cf7ddf7d3b6ce817794935e131d535e885c4318ab1a8216f0dbb669d234afcc	473	CONFIRMATION_HOLDOUT
HEXDTRte	1d114e9e4ee348d4930db4287aa3286019a53c235fe4fbcb416572932ec02b87	474	CONFIRMATION_HOLDOUT
ST3GAL21g	1d15c56354bfd3219f9d2c3e6212e580aea0ce417a465c7fcc7d6f276f17387f	475	CONFIRMATION_HOLDOUT
GNDc	1d15ea52866fd6f418e5c9d8c0fb543cd7370b8d739fb4d99424de158d6ecfc8	476	CONFIRMATION_HOLDOUT
EHGLATm	1d1bc469e49fdaafe0657865009f61cb132690670c775cf014e996953b635a07	477	CONFIRMATION_HOLDOUT
FOLABCCte	1d2e0aed347f441feb3fada7a296556f5ef4ff8cc9a9107e65a56360bb48a5a0	478	CONFIRMATION_HOLDOUT
HMR_0876	1d3b2ed5f2ad7104f93ce73a244dcad390f677a13ab02b204ec294bf9f433e84	479	CONFIRMATION_HOLDOUT
CARN140t_m	1d4100fd38ebf94e61ff29991fd26bd9ea4ae2b672ccc531037b5c661ddc4bf7	480	CONFIRMATION_HOLDOUT
RE2912M	1d46af140b3a6cd26555dc557ee1066da88e9baea88b56c485aef973700f1128	481	CONFIRMATION_HOLDOUT
HMR_0200	1d49ab0ab152679be80c6ac1af77bc6590b99d891d3fc19ab29dfc8534ec15de	482	CONFIRMATION_HOLDOUT
ASNGLNNaEx	1d81c579e0fd2866b0310b113987276439ad19ff99cf1d73476c022a919adc24	483	CONFIRMATION_HOLDOUT
HMR_2713	1d894bb216a11dbc659233d8ed38e9d68780fdaf236d24fc97288c273b832820	484	CONFIRMATION_HOLDOUT
RDH1a	1d89a730194dc14c120f2ce5c01f8363b15be05249106bde2ebf8c48daa87c63	485	CONFIRMATION_HOLDOUT
HMR_0837	1d95e171d2542088fdf3da79dabc29d2a7edb985d4f13ce9c6397f3479db47d8	486	CONFIRMATION_HOLDOUT
HMR_3110	1da33098332c6028e0955f212a29aa470f1671976d98aa5f76f5380ce22acd68	487	CONFIRMATION_HOLDOUT
CATp	1dac81e6dcf33e30c11b646ac12f1ab03d10aa654769eeaeaec8c616a04bc4c7	488	CONFIRMATION_HOLDOUT
HMR_2978	1dbf3cfe053e69e40fc0d21995639926e7a5b4621738fd4e29c496414db96e14	489	CONFIRMATION_HOLDOUT
NMNAT	1e0baade75b8ec806680c9f18bb5553138dc6bc4fe605d516fee47fbc45695f8	490	CONFIRMATION_HOLDOUT
PGLYCtm	1e4924b6f2b95b92c720f92a8cbb2e777b0c4a26030e7c7260eb9a4bb4b1a6cb	491	CONFIRMATION_HOLDOUT
HMR_1127	1e4a603674cbffadd3fe2bba41ca0a150487c8798115b12cfff8cb14fe77ce7f	492	CONFIRMATION_HOLDOUT
4HPROLTASCT1	1e4b3066915e8895a276f0791c68ebb65b8feb47c2c820f90b5b8c7a471c766a	493	CONFIRMATION_HOLDOUT
HMR_3411	1ea3212225415db99ffd97f282e99bb10c4481fd7bfd15fe0337686ffcc448f2	494	CONFIRMATION_HOLDOUT
HMR_3001	1eb8c710a39bff054be77959ffb98c63492986ff186254574193ebe3a69a97b9	495	CONFIRMATION_HOLDOUT
HMR_5389	1ec1578d252606b4cf6c417c58acd1a606ba96ba356ba2a56bc8419d5e38d9a6	496	CONFIRMATION_HOLDOUT
3MOX4HOXPGALDOX	1ee2f5a98b70e7effd5144cbf2898d9affe8dde329ab7cf4d11faba173b1d6c2	497	CONFIRMATION_HOLDOUT
HSD3A1r	1eee2e56e68e2d886f88def5cf1d64ce5d633368d3ddef3d4885ed42ebb41a0c	498	CONFIRMATION_HOLDOUT
r0706	1eeebb3492fb0f6a8f086241d8eb5da6a4550e0dce9f4c2fef2d3fbb46cccf29	499	CONFIRMATION_HOLDOUT
11DOCRTSLte	1f05a3f6b3bb3d734e290c89cc1aa5d83582ff7e4611257fee0e04a3d7bfcff3	500	CONFIRMATION_HOLDOUT
HMR_3003	1f40f9f03f0d7fa0ac4fbffcc509db18e0361d989cffd1c6a9bef8f0c15ca527	501	CONFIRMATION_HOLDOUT
HMR_0244	1f43684a8181e70d8a3b25a68575d61783e271e13d24d140af0dadc0381d2c45	502	CONFIRMATION_HOLDOUT
r1592	1f4d5108b06bb485d53ef901c12973ddb3a8ef7362094fcbb858ac012fa0151a	503	CONFIRMATION_HOLDOUT
NTD4	1f59167d17adff6077501668de2aa650aa27667469010c28d562f6a2910b6ddf	504	CONFIRMATION_HOLDOUT
C4CRNCPT2	1f5ccf910086479f60a7510e75924f6b2e54c6f97de8922162bac8bbc0600b38	505	CONFIRMATION_HOLDOUT
ACOAD9m	1f8628e8d3b532395f2c86f4df73d7fb4ed5892d904100f43c8e827d1dd58c08	506	CONFIRMATION_HOLDOUT
4HOXPACDOX_NADP	1f88db4bf91915f2f49ba4832cea581e093d90612dadf4e5857dcb27f1dc7ab9	507	CONFIRMATION_HOLDOUT
LEUTRPARGt	1f9db113a8194830255bfb8af3a9c66f085608ba602eaffbb1999446d94d8231	508	CONFIRMATION_HOLDOUT
GCA3St	1fbcf0e5c76196a7736e26c4fd405b734588450198ce207d78266b29d41584e2	509	CONFIRMATION_HOLDOUT
HSD17B9r	1fbe4bf6e0e1ec26fde8856b2022ea81224cf5d0579783680bc878c0d428291a	510	CONFIRMATION_HOLDOUT
RE3346M	1fc5164ce4e055a268bd0cf64b56cadecde3e29c607fc417576237a8e601730a	511	CONFIRMATION_HOLDOUT
DSMSTEROLte	1fd6ee34c22f56df289168b3b82d36ee19d9f156748ceb3e4eb150d6dbe9c819	512	CONFIRMATION_HOLDOUT
HMR_0238	1fd89cc744e42c03bd36980a8164aed8657b8f34f38fe7b9c602894e56178bbb	513	CONFIRMATION_HOLDOUT
PTE2x	1fdcc7b12eaf7e3f267d98185b00c803486bf0e129b81aeced183b37b324abd5	514	CONFIRMATION_HOLDOUT
RE0566C	1fe1d11719ffdc63eb6dafad4821c8106977095531a16beba32a1f4a50603d97	515	CONFIRMATION_HOLDOUT
HMR_3452	1fe299cec950ac226edb8df545df158917318fc509541f13274a2e330bbb42b3	516	CONFIRMATION_HOLDOUT
HMR_0614	1ff9491195a9adf6010754712d53d7f70a1a5438c74542da839343cdef39a1c9	517	CONFIRMATION_HOLDOUT
RE3121C	2006829228cd0e9f061eba65ae1e040bc978b25a4a3d61d68c931d80e5bb8383	518	CONFIRMATION_HOLDOUT
DNDPt50m	202a977aa888e4f419d43cefe48dfa3043069553aa4265f08aab7819bb00f58c	519	CONFIRMATION_HOLDOUT
GLUTRPALAt	202fad33417f879d55cc7aa59aab8fb679b56fcfc2735bf4c9da92bce9320cdd	520	CONFIRMATION_HOLDOUT
G6PDH2c	203bfc19aad8ee5c988e6679db91e760486fa9ce59143c41fab5036ca59ffb96	521	CONFIRMATION_HOLDOUT
r0636	2044fba7be0262fe338696183513ec758839e2ce4a7475ab68fd3b24b6df32a0	522	CONFIRMATION_HOLDOUT
CDIPTr	2053783da85cf643220131ba5f4ead7baf1406e644a9d0354a8552025599e958	523	CONFIRMATION_HOLDOUT
HMR_0209	205fdde908d33002c26aa63cdf881aa9f934cc52609545d166e61442bd7884f7	524	CONFIRMATION_HOLDOUT
HMR_2332	2071a23b06fde680088e964b13c23ee77d107c788e4755fdfe433ece5c38843a	525	CONFIRMATION_HOLDOUT
PHEMEtm	20bb750812ab600545f5146e698f677be38adc874deacfdde276b2b160aa0d7b	526	CONFIRMATION_HOLDOUT
FAOXC163Gm	20d66ba5365c1951f48d9d2a6e59031739d5b156bd8470b344662d257dd74f38	527	CONFIRMATION_HOLDOUT
PROtm	20f8c5c8e3c2a0af4ea6edfaa7fd9b08dbbebab8f1f86f72bfec38a3e84954cf	528	CONFIRMATION_HOLDOUT
HPYRR2x_1	20fc535410e3a682b6ad7df5df0e14ae6233f2f7a85a581de440c2687d7de415	529	CONFIRMATION_HOLDOUT
4HATVACIDteb	21108c59e0a950c2c043ab2b5ac1c9fae31559931e00ea0680e7459d244426cf	530	CONFIRMATION_HOLDOUT
PCHOLN15_HSABCt	2113f96a922048f2b124190a73d45d754fb268ad9d4ed88e527ab73e988cb199	531	CONFIRMATION_HOLDOUT
SACCD3m	212cee8598657c7c803da27061ce85c857f0a27ca691bfe4cd751769fc6a3e3d	532	CONFIRMATION_HOLDOUT
RE3172C	212d542e06e0e4b7a9647d6f074b3677595073608d7d16055889189d223127a7	533	CONFIRMATION_HOLDOUT
HISMETGLNt	214b011a2c57c042c85e60449b6a008ee5bd21b44b39081e5e0f7a5ba8e4ef09	534	CONFIRMATION_HOLDOUT
PTVSThc	2192bffb55e431f093a4365e3cbbfcafc45640068eaad27b6ea9f4f854297af1	535	CONFIRMATION_HOLDOUT
HCO3E	21a97ca923da3535b2d8e83c5c8945774aeed5abb596447459d2248b0c28f573	536	CONFIRMATION_HOLDOUT
DHEAtr	21afda36e5bd2738071f5bc673e7161b6d7ce6771325ad6d02e0e868dc3f9626	537	CONFIRMATION_HOLDOUT
FOLR2	21b852ce56c0b66153a3ac4e91af1ef3346147e332b7c344189620835d7c72a7	538	CONFIRMATION_HOLDOUT
STRDNCCOAtxc	21bd98103fc95dd811baee3cf9066b05c7a211d33a71f2d5240a419f210f5632	539	CONFIRMATION_HOLDOUT
HMR_3073	21bf94b4c5ed90d763660dbba622eb93bb6ee63749f00196198fc5d1a9d7e279	540	CONFIRMATION_HOLDOUT
NADtx	21d5ea251feafef00d9e64333925fd9d78ae6ebf70e7c87995a587dad87bb183	541	CONFIRMATION_HOLDOUT
RE3242C	22068442ed5c591cef79f46cf328028df0ac6b014fe0c9499c614f51d99092bb	542	CONFIRMATION_HOLDOUT
CYSGLUexR	2207021a73e1f643db94d5e5dc2c1f2679e82b285c75b1681f3e44febb677195	543	CONFIRMATION_HOLDOUT
DNDPt19m	220ff951611dff34c59b9012192bda2afa0cfb2029d48c2c3d4c0a5fe9e39a21	544	CONFIRMATION_HOLDOUT
r0444	2239d7c4fdd6a58defc65a92c568807b00e96f4082ce0369d7ca5ebc849427a7	545	CONFIRMATION_HOLDOUT
GLU5Km	2243b7e1f615537ce0e91502986ca349477ff714f2e9799d71ded740d84cf2b6	546	CONFIRMATION_HOLDOUT
HMR_0211	224d6eb24c6bd4067dc1368a1c11a435d3b6f7709254b991993c5bd51c9d7a53	547	CONFIRMATION_HOLDOUT
HMR_6834	225920789b0aeed7430e930fd6e1f026648205a87f2790e09d073c479bb1e8b3	548	CONFIRMATION_HOLDOUT
10FTHF5GLUtl	226733f3c61212da4c6ddd717e61898621f9206edf0ad26d10d10c28ae1a5cb5	549	CONFIRMATION_HOLDOUT
HMR_1976	226a1861caa72e9cce0581254abe4283e3c1d1df287dad8eb8e266c4904ec958	550	CONFIRMATION_HOLDOUT
DCA24Gte	22840d09488046577b5a2f7f29fdad7d29d65a54107a35f8e719cd4000b9c001	551	CONFIRMATION_HOLDOUT
DHFtm	229519ddd3e11ba7077562644e119b1c7e0ab788739d7161b74b3999f3996c21	552	CONFIRMATION_HOLDOUT
GLCURtly	22c359162d688e3c7725290e252a3073341a9f374d4ed62c6d2a324d5da1a626	553	CONFIRMATION_HOLDOUT
LCAT39e	22ca5e12ad457d3162f49a8e4010c4d9d58a48e585b053ba6f566e630823f78d	554	CONFIRMATION_HOLDOUT
AADSACYCL	22cbe2bc61ceb0ef98ce1c6541ba0da8f16dbfe26de26dbdff69963eb58daeae	555	CONFIRMATION_HOLDOUT
FPGS4m_1	22cc978be2b81e73143c653c117c24397dbb33bdce98406d1976cb4aab0d90a7	556	CONFIRMATION_HOLDOUT
RE3243C	22cf50c4a787c48b535acb93071c7225dc3901ae2a89000b02aa5c84763d020e	557	CONFIRMATION_HOLDOUT
MEPIt	22d0687610788e72aca7c78624487bd7c7ff836df8e27a6722dd9e9b5bb412ff	558	CONFIRMATION_HOLDOUT
ALASERNaEx	22d3cf8a136a2b607a51d74a5e53188c6d93f9ae2185d8c9c9e244b484badb51	559	CONFIRMATION_HOLDOUT
ADSK	22d73c2d08806056afae3738e6a9702476565ec6dd257e1b2c7a63cae446144f	560	CONFIRMATION_HOLDOUT
OCD11COACPT1_1	22e4557a9ac71c794d8691e2a11f044646cfcebec2b12800bb2dd09ca7d1033d	561	CONFIRMATION_HOLDOUT
RE2677R_1	22fdea771de1cb41ac122e7c89849beaf5b96234c37d33c015b40b4cac937970	562	CONFIRMATION_HOLDOUT
PEPALM_HSASBCt	230b80e63f5a04741ee05113d96c72f286c4ee31f4c8809be7c8055a31093173	563	CONFIRMATION_HOLDOUT
HMGCOAtm	231271a0b8616f6e660148b2b58137a3fb7ba3c09f35cf3baba89aab217038f3	564	CONFIRMATION_HOLDOUT
SMS3	231b044b1d74ae109038af1406fbeba184388ebedfaa9954efbe89d450f92465	565	CONFIRMATION_HOLDOUT
HMR_0204	232bba85b83e46e045144203ae1342b4c582798e8786497c2812c7be2f6ea6d7	566	CONFIRMATION_HOLDOUT
HMR_0203	23448c0549acb9fedb215e510fb21d4d0d7aabc8f0128462500010ab062ba54d	567	CONFIRMATION_HOLDOUT
DHEASULT	234685a2f0e462c0f262a0bc452088fa17ad7a76fdcb0ee7c9f3887896435190	568	CONFIRMATION_HOLDOUT
LCAT25e	234b71140eb469e6dc64f30ca56ea6233a195d497f215ba7e09106fe640fe657	569	CONFIRMATION_HOLDOUT
CSPG_Dtly	235d4ecbd3ca8777a3f0cc42e620180809c20d8ae7595b814e784a85a6aba898	570	CONFIRMATION_HOLDOUT
r1557	23869d66abf3113d543d0119ce7642e8894b74065d1a3705e0d912bf04772ce9	571	CONFIRMATION_HOLDOUT
SMS4	238b8e0455b967f2632f65d13bac68213a21d2bcaa86988663afc2c357d6b4a8	572	CONFIRMATION_HOLDOUT
HMR_2611	23d130f2aaeb28e4b867f7cbb8bd2ac5b748ce1d9773ad637eb16a983306597b	573	CONFIRMATION_HOLDOUT
PCHOLN224_HSt1e	23ea2663b3797e3f6b4082031e4acd7b27592c2fcbdd64e8a67a32fe3c2af8ab	574	CONFIRMATION_HOLDOUT
NTD1m	23fcd81e04e452710b8c38251f3f79798c567e6bd29d5dfe089ba99adbb585b2	575	CONFIRMATION_HOLDOUT
r0756	23fd3cdc014c7e1990bfe300a49a57116a1fa8d9786af75dd423e8e5bf458eeb	576	CONFIRMATION_HOLDOUT
SULFOX	241a5a263c62cd39eaaadbdfb1274386ae5b595f6cc250a285af66609ab84175	577	CONFIRMATION_HOLDOUT
PIK5	242849de076e16376c16c4795210cf92483469ad4aae058befee6b4b87c932f3	578	CONFIRMATION_HOLDOUT
2MCITt	24349b67442ce7b9a41f3d0e147dffef81c64f51a9be00d58f4afb699a51e4f7	579	CONFIRMATION_HOLDOUT
RE3173C	243ff8074511dcae94ca46a670222a46ba32cb87c27f58d67c1116d99381010d	580	CONFIRMATION_HOLDOUT
CYTK11n	24465c6ae99dd9c41896ec5df9b234627878cbfbd7b6becfd7937ef62f4a0881	581	CONFIRMATION_HOLDOUT
HEXDIACtd	247ac1c9f7cc97aa6a8604f49f3695af16b4345168c5b8815ee5fdaee12cb216	582	CONFIRMATION_HOLDOUT
FAOXC18480x	247d8399035c9fc4ab1b8b999eec08191bdf228bdd78d2831e692942eb26fedb	583	CONFIRMATION_HOLDOUT
FPGS6	248155840bf2385d2a6e0e02d7861dadb343ef259cf1f87d7b199bb8bd1358a6	584	CONFIRMATION_HOLDOUT
RE3076X	2497bc3b62cb195e3ac3e1f95dbe6e9a7c10288b34c6618e2c68e22a49b375b7	585	CONFIRMATION_HOLDOUT
C226CPT2	24aa581da624d35c08bc531d1362e3917db427e8f781c6daf80563d8a1f9b6e9	586	CONFIRMATION_HOLDOUT
HMR_0816	24b8cfd1e0ece6c8eb7ba6493fba7f8bb915923a4f5ac50a700cb36666d5dd57	587	CONFIRMATION_HOLDOUT
r1164	24cb81c120f2aeffd6e56c91f79d52209649b959bf71032f274d0d87a5f480af	588	CONFIRMATION_HOLDOUT
PHEPHEASNt	24d94d3e9bb649a945bba4c84bcd020d3477f324b47a145b598a7a5064f2cdf9	589	CONFIRMATION_HOLDOUT
S6TASE4ly	24dd926236236dfa0395e641aa0038165c2197b9bbc0c796c5ba7c068d412fcd	590	CONFIRMATION_HOLDOUT
HMR_3692	24e3358fbed0b2c9be139c08c644f25a19b1543c4235da2557945ba12b9e97c8	591	CONFIRMATION_HOLDOUT
4HALDD	24f6989e703b95d50b39cbf751835eaa162945fa9fa8403f9f2cd82f79d03c81	592	CONFIRMATION_HOLDOUT
HACD5m	25039e0d8961a01866d67d153aecab1451e8d6d17dc89b356a2ae09d2e5d3426	593	CONFIRMATION_HOLDOUT
NDP6	251b83ae9fc5d8332ae03618ecd79d881a43bb362755f0207d7ca12052bb9e20	594	CONFIRMATION_HOLDOUT
FAOXC184m	251c0ea7b6769a78c3348375e3e07b5d6fc7bc1b48b3fed70b4256ffde605fae	595	CONFIRMATION_HOLDOUT
VLCSr	251e5c4c0bce0b61ac9f399a02e1747da97f5e460b2b3eac67d00110aef8d34b	596	CONFIRMATION_HOLDOUT
HMR_0297	2524a23319189a476bd93cc99b82897c5f2e66b0ae95eeaa0b3c959d8d18910e	597	CONFIRMATION_HOLDOUT
HMR_2433	2525420582f04cae945fe79b44556dd5e851dcb1851611c4293b222a93e806eb	598	CONFIRMATION_HOLDOUT
CBPPer	25314e8ebfd98e645a61025ef87f13eb043b332c95a67b2f56e8d7a8060dea6d	599	CONFIRMATION_HOLDOUT
GLNPROGLUt	2533571a687a12ffd61e20456bf2e6ce4abc74da146a64bac74ae66ae1a5e59b	600	CONFIRMATION_HOLDOUT
ACChex	2534da5a573cad4f7d74a64aa6ca3a00610c053691c067ac48721306ec98c759	601	CONFIRMATION_HOLDOUT
C4x	253652111321b752f623742b33d17328f37553c0a7fe061742461e8c1d0d9006	602	CONFIRMATION_HOLDOUT
D_LACtm	254ea7d8d04f4766c853f3463921f748d964f7d0a90a1367c14b863cdb3dfd30	603	CONFIRMATION_HOLDOUT
RE3156X	255d26b9cba195da57ea95fcade4c589f85a358ace5f8d8e3a4e72e1ddb09904	604	CONFIRMATION_HOLDOUT
TDCA3Sabc	256b2ed1c6eb5f053d1a1ee487241db204a6b8b5eae7d6cce8262fbf5dd1f415	605	CONFIRMATION_HOLDOUT
G3PD1irm	2589da8206b225ad4a4f6ba3aa5f5a28d56f5a86f3ba54eaf7a14c185b150c5e	606	CONFIRMATION_HOLDOUT
PTVSTGLUChc	258bf143b02c4cd4509599135efb392f9856000e29704ac3d68d9d7ab4e00f39	607	CONFIRMATION_HOLDOUT
HMR_3653	259fd7ad02b04967e20dec9bf5339f89ee1f3a8d6c6dd9662131aebe61dcecef	608	CONFIRMATION_HOLDOUT
ATPH1e	25a0bfc2141ce5ffb82e83c24c7a9d0d8c51df01b4a772668b88e0fd9248264a	609	CONFIRMATION_HOLDOUT
ATVLACtu	2613180de5ad82949f5b8e477145de72c2aea7f323e024cd1460b912bbb42516	610	CONFIRMATION_HOLDOUT
HISLYSVALt	2626b52d3ca4544a17d146eb2c2c7970f9c4749ce0e99339c1a99bb843327ea2	611	CONFIRMATION_HOLDOUT
HMR_2700	2639f5ff090f9fee096ce1a75a56a9fbc71644be26b47954e770cee46783f302	612	CONFIRMATION_HOLDOUT
THRCYSNaEx	263b91e430ca42d0af6496b576956875466ed2e24b33e857bf4b367c2b500c42	613	CONFIRMATION_HOLDOUT
CYSASNNaEx	2648f10cb2a2e9f011478f7530bd06d88ef7b1d6329a9a5ba9b68447e70229c2	614	CONFIRMATION_HOLDOUT
HMR_0325	2654b290c8c9d619e5799cad7eb5889fbebea4c625561aa066c02fafc4522916	615	CONFIRMATION_HOLDOUT
GCALDDm	265a598adf27f42c287db42f7205b3d279a2f4b88bb56d6b26a417587de3db31	616	CONFIRMATION_HOLDOUT
HMR_1546	267c1fdf6992572550e9cdd80e483b1efacaa4532dff18b035bb982c9d52331c	617	CONFIRMATION_HOLDOUT
HMR_2635	267c350c60d2702ab5571cd8577956c8b36e66d8bb935b85719501efe57a87c7	618	CONFIRMATION_HOLDOUT
r1654	2692ee814efc08818a73c74570c6282e8441debf2ad70198a76cb481eabc7e6e	619	CONFIRMATION_HOLDOUT
FAOXC121x	269d6f5e316a6c33a21c930fe41b1a84e8e7f5933a7b29ebc7756df6eb0c5ec4	620	CONFIRMATION_HOLDOUT
3AIBTm	26a651174ab7279a423736ae20dfbd9d4cd143b7f4460c781c7aed74207fdf11	621	CONFIRMATION_HOLDOUT
DHFR	26ac638ab20eba688272b98bce9528cdef062edc203ea7a35a57524ebc93ce98	622	CONFIRMATION_HOLDOUT
RNDR2	26b4d43334d4329a5670c38749fe2ea0987a0f6878989c08f28b33ecc5fa4d4c	623	CONFIRMATION_HOLDOUT
XOLTRI24tc	26c9a82400832e1ff002c7483defc29b179639501be44a5235fee723dd543bce	624	CONFIRMATION_HOLDOUT
SPHINGStl	26cd93ebd0444fff38488b07d9fb918b6da722279f8b74d68dfc982c796b8015	625	CONFIRMATION_HOLDOUT
HMR_9680	26d15c8606a12d8c882f150549e006331996e2b1019c8bf424f516e9760f78b7	626	CONFIRMATION_HOLDOUT
URIDK2m	26ea8f1e5cdef94083f81081e4543ef43f0ab8954482c3e536fc72973a2fcad2	627	CONFIRMATION_HOLDOUT
HISTASE	26f8556a3030ba96b3a2480cd0054014848c6a880b46dd32b03ab9e77c274bfe	628	CONFIRMATION_HOLDOUT
HMR_0020	26fdf4695e93dc941a99fa16c008b738396adebd15ef0156016d24c99d57e3f0	629	CONFIRMATION_HOLDOUT
r2372	27120a37721f2e606c51934e028a02411b0d87c783b690e9fc45e488527c4dde	630	CONFIRMATION_HOLDOUT
RE3161C	2712dab1a2bad86df5d1720b1b4352bc619342e3ae2128611c393bd17d576f71	631	CONFIRMATION_HOLDOUT
CSPG_Btly	2713fdd273b80c6355168e44267490d2d28c6ebe32dea863d387e01c9357c311	632	CONFIRMATION_HOLDOUT
NEU23	271a87aef33a49ce52db1f6a1156a1b7c1d3341901abf9b09cceb152ee21962e	633	CONFIRMATION_HOLDOUT
ACALDtm	271b5a9ccbe6a696bc23bc973476f0068378af4070a9b2b91104b16bceabf3a1	634	CONFIRMATION_HOLDOUT
FAOXC226m	273fc45081bb43482db1c8162ed203820ad4296cef9c06f66be18df36345d298	635	CONFIRMATION_HOLDOUT
HMR_1738	275e32084b78aa30670b8292c9521aba279e9f133f23fd499237760c51e23a7b	636	CONFIRMATION_HOLDOUT
HMR_2364	276c45691114a504c4130a8f3cf236fdb83f60e3c4e90662ca0d6119d533b023	637	CONFIRMATION_HOLDOUT
FAOXC101x	277d32d2176a4f748e5dca49550665a126c8ad512de916788e70d031b48a96e2	638	CONFIRMATION_HOLDOUT
HMR_2947	278023b8d896d0c7d711118b36e4994f564a6ebcdd4a64556a0a1f08a7f661ab	639	CONFIRMATION_HOLDOUT
PHETYRGLNt	279ce1d21740aecec18514fe30f13a237b409baf4f139ab19ca178aa4a3f1d73	640	CONFIRMATION_HOLDOUT
H2O2tm	27ac0c0dd8cf2d41dac92e2b8e013369c287a30d203a10fc82e33fe78b9b0423	641	CONFIRMATION_HOLDOUT
MGCHrm	27add910939e1d66aa187f7a82ff05358c8d944d9621c64b1de3763b6c24e9cc	642	CONFIRMATION_HOLDOUT
ACOADH160_m	27b525774e051012059a1b788c9a24e334f8e82e388392a73d903017a8688e9e	643	CONFIRMATION_HOLDOUT
DTMPKm	27c210ad82c4d18b85eca9d509f805fae62f6f111de6de228dfb1b423390b867	644	CONFIRMATION_HOLDOUT
RE3000M	27c628a6331b2a06999c2465775c0d7a751af6b8a65da7649dc43e419c7db49a	645	CONFIRMATION_HOLDOUT
PCFLOPm	27d9652d5c02522792b5f4505544131cfad82ded481b5978516432a377f40cd2	646	CONFIRMATION_HOLDOUT
6EPSteb	27eb59f1bd97f7155ca292a8bfa3862de19072bfb0d5b8f4aa5d33eeb8553925	647	CONFIRMATION_HOLDOUT
HISHISLYSt	280946cb1df9c092f6b6afce1e11b940f39eeb2f87eaee0fee37f45a9bf688c4	648	CONFIRMATION_HOLDOUT
TTDCRNt	280e1cf1c6016786f44649ce014b6867bb02f18540c75b4edc87ac4c72f9fc26	649	CONFIRMATION_HOLDOUT
FUMAC	2810c490573bc86559e79523f95f00c3572a09cd9af4368f097ac9636f55454b	650	CONFIRMATION_HOLDOUT
TRPLYSt	282a8c4ec8ce23265b6a2059566c83fcc9eb49f2bec79ed676f26486e2e04d14	651	CONFIRMATION_HOLDOUT
r1596	282e35d857d7d380d2ad39b3795392ea204543b42ea8b42793a288168cd100b2	652	CONFIRMATION_HOLDOUT
SCP3x	282f0f37f2d99a173e99ae7c3e55ab15276ff75ce39f0338426be38165dc1758	653	CONFIRMATION_HOLDOUT
r1628	2831f23015afd524d1773962c842c2647de173e96d559a1afdecdfdc1527bb6c	654	CONFIRMATION_HOLDOUT
HMR_1284	283adf20a64cf579e57bc0198ff7b9f26e831cc3401ba701dfb3af35b480e6a2	655	CONFIRMATION_HOLDOUT
HSD3B11	284a76465574f3445c0e83c1b00718c015c58e8fe75d126960e058f63febe0e2	656	CONFIRMATION_HOLDOUT
HMR_3695	285df6eb1213414599092ac304efc04781b40bd1b22173e502373545289d6306	657	CONFIRMATION_HOLDOUT
HMR_3345	2881c0bd4c624763be07ec5200b6ef9d638832baa1a3fa5d4d1bb65077402ed3	658	CONFIRMATION_HOLDOUT
PCHOL2LINL_HSABCt	28931f8ce3c9b0a1741dc0a7769f0459af4dd08dde683be9498a2bc2c4c28ae4	659	CONFIRMATION_HOLDOUT
LYStm	28a212f7b45946742edfb0277c756cdbee01def7f172d99abab1891e3831a455	660	CONFIRMATION_HOLDOUT
6DHFtl	28b071f9fa70fc30c9a5de834f1ea6b7a2372881dfb1966e095f076eda9e95b9	661	CONFIRMATION_HOLDOUT
FAOXC184C163x	28cf3920f679ccc66da63d3b91eb7296b3c5dac06be11745e103ffcc08d54675	662	CONFIRMATION_HOLDOUT
GALtly	28f38fdc47a14f732e0ec1a0e36f245f528c26597ac8476014d695b243e43cb5	663	CONFIRMATION_HOLDOUT
HMR_1392	28f86c0f86a1148d2cffb6a85e4db521eac34fd11a0d9840b8e46a6002364d3b	664	CONFIRMATION_HOLDOUT
ARGTYRVALt	290254ea8038b7ee67f6affa5bbd7ceaa75e95d774a270a7d40dd27b365d0583	665	CONFIRMATION_HOLDOUT
CSAPASEly	291afbf18929711276748d9244c8763ae75c64ad7f0ce342140e6935fab77446	666	CONFIRMATION_HOLDOUT
ABTArm	2929b92021f59e8d23c9526802fc5b27f9451ffca943285db4d47664cd59be3e	667	CONFIRMATION_HOLDOUT
SMS2	292b987b7091fec9c0a090e5fd105df950dbbc5116bd5efee472f36d119db005	668	CONFIRMATION_HOLDOUT
HMR_6785	294404176f139454ebdb999e5b4f90b1d21ac70a9055534a9d3c44f647634e78	669	CONFIRMATION_HOLDOUT
HMR_2969	29665460a9cd0ea77b030cf86a1b8e89efc45c63fc56c13d20d37c33bb006cfc	670	CONFIRMATION_HOLDOUT
CLOXAtex2	296b4da2f2f883b19cb33032937d7216dc0800642caf6aece999b4274e05d9c2	671	CONFIRMATION_HOLDOUT
LCAT34e	297013b0c18f585197b96ba272ce43b818e0064dca97d1c8f23e8689e2f7ee8e	672	CONFIRMATION_HOLDOUT
GRTTx	2976b5a3e28ba3d94ca0e3d998d5c2599d42bea24e19bd976a384165be9d7ac7	673	CONFIRMATION_HOLDOUT
r1382_1	299a7b86daa064c2a827ac89e2ca6cb7f3ccf10338429ffe26a26c5a80922224	674	CONFIRMATION_HOLDOUT
HMR_1927	29a08245bebad3813af5b7a1bb3436021c02cf9d1e86ff8d305a09329214a0b0	675	CONFIRMATION_HOLDOUT
FACOAL204	29d14f70496e50a27eda655a03a088f313dc5654c8ec8e0953a0a5dfb9ec04bc	676	CONFIRMATION_HOLDOUT
PYK6	29d75d1b3b0500290c3b63725fc64a8a6c01cf7830e9a7c9c87dc95156f115d7	677	CONFIRMATION_HOLDOUT
RE1573X	29da7ad09047e612baec785264a6e014a4ccc75b4ad33a1c20c19a8ec98df6df	678	CONFIRMATION_HOLDOUT
LYSACm	29eb0ec97ee98e232b2ec672ec37d077b80ef145b5eefd3136f9e6c87b55bd76	679	CONFIRMATION_HOLDOUT
FPGS3	29efc875bb9effe06b72bf8a7c83253d05314b105a96bb15bf442ed44d3231e3	680	CONFIRMATION_HOLDOUT
r1051	2a0c5047d71fb709cf0afe7d4d4fd6525ea9095828a56caa2d796e83057b8a1c	681	CONFIRMATION_HOLDOUT
GLYVALHISt	2a31f729fa8a15f0edeff14baa8023c4eb6287bf8b28fda1fdfaf489f77ff4d2	682	CONFIRMATION_HOLDOUT
r0670	2a3450d6399b103edb2b07f156c330bffaf207de7955a9a8688674ee75185871	683	CONFIRMATION_HOLDOUT
GACMTRc	2a3affac3bd0bce049ccb2a19d104a78bd3ba144f7dd76856fc1d4f759df5411	684	CONFIRMATION_HOLDOUT
PCHOLEIC_HSt1e	2a76f13871701228e2ee0a4ba889e7637553331a47d0370d42458226dbcc9704	685	CONFIRMATION_HOLDOUT
GTHPi	2a8ebebcbc4f713572bf0d970c5ad3430d9e703cffa9dc27217327a8d1b643b4	686	CONFIRMATION_HOLDOUT
HIBDm	2a9c7a2377d3b69a030b6e3e5cfa41c8c448f6ccec95f5e5fc1185c86557f0e1	687	CONFIRMATION_HOLDOUT
CYTK2	2ad3158b9afea5c7edc3e93cf0fd834f28abc2b5cd60560c5b37e4ed78dab40d	688	CONFIRMATION_HOLDOUT
HMR_3112	2adc3936efbfafba3241153a64c5a19befefa4d58539b127ceb57d25c85ad277	689	CONFIRMATION_HOLDOUT
PEDH203_HSt1e	2aeb74c2d508d138427be088b19e08db623f7edee09efa586a504ae7bc4d99ec	690	CONFIRMATION_HOLDOUT
RE3170C	2aee2082e4a1fae9882ad626444572ca82be37d7c4c1fde1d7ff405810ad5c30	691	CONFIRMATION_HOLDOUT
TYRLEUARGt	2b0be3eb15b31d3652e0c05eecd6c70d8ceb3fbbc7589468a29463bf54fc8f05	692	CONFIRMATION_HOLDOUT
INSTt2	2b627249a8179aeefb3e9428d9c4c46020e43718b0bec01e82220e21e226a7f2	693	CONFIRMATION_HOLDOUT
HSD3B7P	2baa99f0fa29e755460e2cb64d949ff7f4a8b6a93a1f6ce1e585d0c8cc60346b	694	CONFIRMATION_HOLDOUT
PPPGO	2bca00327255524b32b978a078f72bad2c8659f2d435fcdbadeb2cf8975bf121	695	CONFIRMATION_HOLDOUT
HMR_3428	2bd0eacfc098fa5bcb98d7ef783f1167634b71100c0f41780e1379e2262ed6a7	696	CONFIRMATION_HOLDOUT
r0511	2bf735b3e5f3650efe607d961362440267cad8eeeaa26185d60f2598d1ece2fd	697	CONFIRMATION_HOLDOUT
SPHMYLN18117_hs_ATPt	2c10a5ea14ab8fa15e50866b5ded6637c914031ba30d8ac3fa398e025a2917b7	698	CONFIRMATION_HOLDOUT
FAEL183	2c3562218e7ceba0bd13a137314ea11a69a5d0ca2c58510228203bc668f8c7e0	699	CONFIRMATION_HOLDOUT
PCHOLN28_HSPLA2	2c4463d3871298556f75418d1fec818f41d96818335f59b4eddb614ec6edd37e	700	CONFIRMATION_HOLDOUT
RNDR1	2c46b23dc8df47469a297a350bbae7ae3a95f4e3308faba5b209e18363fe9422	701	CONFIRMATION_HOLDOUT
RE3432C	2c4affb7f9bb3b0567aab7dceca0daf027253b6e999c32d9b00e6f09f378d51d	702	CONFIRMATION_HOLDOUT
VALLEUPHEt	2c622aaadb442f0b9e73eba47b8997f7c2866a845c37e285106ac4e3b3fbf492	703	CONFIRMATION_HOLDOUT
PCHOLMYR_HsABCt	2c6c7ea844f720cdfeba7625c951b4c9142c4c26306578a32b32dd0a5c9f5326	704	CONFIRMATION_HOLDOUT
SALMCOM	2c7ede3ad75c34997869a1c2ce81b8f5cff9e08c71eafd3d184809abbbe0bdf1	705	CONFIRMATION_HOLDOUT
HMR_3715	2c80d02d62f5832391ca7d7c3ae3f3128b67252b6670345fa04042decbb06ee0	706	CONFIRMATION_HOLDOUT
HMR_3099	2c82e187120612028d2b76baa2de3f5a239ddc1de45759cef4a02315c055029e	707	CONFIRMATION_HOLDOUT
r2510	2c8f5a365169e5a23d560edf434e40c8545418d12fde1f4ede0e4b412fc4b09b	708	CONFIRMATION_HOLDOUT
HMR_1968	2c9277c6b6efd82f9608ef54a81039f49b389215e8aeced74ac0cbfbd16599dd	709	CONFIRMATION_HOLDOUT
r1367	2c9f2383fb85a2b821f7f37e2ae7b6d19a58a0f800ec2be05654aee8d62b98b2	710	CONFIRMATION_HOLDOUT
ACACT9p	2ca33c1bb002b0d1966184d0df930a595f8099e588526e9c70769401052967ad	711	CONFIRMATION_HOLDOUT
RE2677C_1	2ca5031c238c64b6cdfbde48abfbbf07d58d6f6480262026a892afe9c610e704	712	CONFIRMATION_HOLDOUT
RE0918C	2cae63fd36d5c7d27b640159aa992d774a0fb6a535e6f7d5c3cec5507e153c8e	713	CONFIRMATION_HOLDOUT
RE1835C	2caf317187ce8d2f16860c45a5815c6cd24ea6c2b009916137e2e3f0729382fa	714	CONFIRMATION_HOLDOUT
RE2235R	2cbeb2fb1ed38576cb723fda08134afa4bbe5e6ae417b90c2d787f2eb9f8a406	715	CONFIRMATION_HOLDOUT
CE1352te	2cc10f8ea1f8c83981f7bcfefa7df1ed35d508dea1c2bd99859173c057249001	716	CONFIRMATION_HOLDOUT
DPHMBDCm	2cd6c1323a812f5fcb19c145d2f18a219afc6e60b9dd364e15b3490250721af1	717	CONFIRMATION_HOLDOUT
ARACHCPT1	2cf2b9c7d79286dc78463d804de701ef7f08b1fbbcee30d86f948cfd5ad1abd9	718	CONFIRMATION_HOLDOUT
TETPENT3CPT2	2cf5816ce0e2ec8249a984117d479d33aaad07f3606e55cfd74cdfc56d746f9a	719	CONFIRMATION_HOLDOUT
HMR_1748	2d3a189fe3b1d44cceb0c59d7c616d45d5c3836b89966006ec3c9e02bca786db	720	CONFIRMATION_HOLDOUT
r0422	2d409500e6b249740ddea3f80ce1e4a696b7a5c21046413444914e35589d6860	721	CONFIRMATION_HOLDOUT
3SPYRSPm	2d410b061475b4fd31347c3daf8f681059ba52d8957c4c561fa8451b4e0dd641	722	CONFIRMATION_HOLDOUT
HMR_3342	2d4154da73460f124a0eef418f53980ad7c5710eb0bfd15831d64f05a74592ed	723	CONFIRMATION_HOLDOUT
Pe13_HSt1e	2d424fe077201239e471881a7d0278c39e3a83143e32c6a7a0782ca0be6fbb6c	724	CONFIRMATION_HOLDOUT
PCHOL2OLE_HSABCt	2d6dc12d3e9700d2f7875e0989d75fd918c168553d8a2692b13d610f78826b57	725	CONFIRMATION_HOLDOUT
GALASE19ly	2d8ab8b285e55638e48e5c26136621d172cf1703df32354754c6f915612c83d4	726	CONFIRMATION_HOLDOUT
H2Oter	2d8bfb0837bb6669d09df014d0d155644a73cc1732bb84da2b48cdb6b7537a73	727	CONFIRMATION_HOLDOUT
CLOHtex2	2dc37a6fa7d8979073a51f2bcdb90b206ad21083138d9e318169cf4869cad8e6	728	CONFIRMATION_HOLDOUT
GLCRt1	2de004434fd13f480ae1ef7ef4e2eec19f2609e5803970d79320b89ee528fe7d	729	CONFIRMATION_HOLDOUT
GLCNACT2g	2de47e0a20dae61dcf5f42faf8e308e706089a5c14d2d6a2411c369369578f9a	730	CONFIRMATION_HOLDOUT
ACRNtp	2dee26f67367a8f9174953be59cbe1441395eb8f9c0670a924a505c92c19a15a	731	CONFIRMATION_HOLDOUT
CYTK7n	2dfa218c5d73af756f9ac30dc8cb2f999ac8ec43bfbcfaa46c0205f459ab0b15	732	CONFIRMATION_HOLDOUT
NDPK4m	2dfb65ddb1553aa96c1c9e5591d04d7aff5bf647b0d4282bbcfa129dcd31b240	733	CONFIRMATION_HOLDOUT
HMR_3106	2e34b150f7b2aec839965bd65abfc1d400c23dc87e174715df5af41a38d5f6f4	734	CONFIRMATION_HOLDOUT
NAHCO3_HCLt	2e3f7b2d3134e3ab5d41d38d4ee8017e434c107a18db5a6299e9a063e21c307e	735	CONFIRMATION_HOLDOUT
ACGAM2E	2e6f2bd5d35c0373979d2afc2fedcace96bb6f871b6b73071726148010c50995	736	CONFIRMATION_HOLDOUT
UGLCNACtg	2e7da14da517b2c6fb3f5ba3f0b537f901b67615100abda64f708881f65f864c	737	CONFIRMATION_HOLDOUT
CYST_Ltr	2ea56d5ec7315e96529c42b5113bb485bb22c71200fa15857f326d88cf2814cf	738	CONFIRMATION_HOLDOUT
HMR_3648	2eb8e46dfa26fd7a305a3d0daaa0a0ddff93f2bacc1cb1796dad3b7d73a1407a	739	CONFIRMATION_HOLDOUT
HMR_2966	2ebd13036d37a48daf7bb44aae98686ddef466bb9481b3b1435ffbbf8c374fd0	740	CONFIRMATION_HOLDOUT
3AIBt1	2ecd41b24bf558caf0668e7b3b0d7fc4b549c1f7ba80931e029e7fa30d8deb4f	741	CONFIRMATION_HOLDOUT
r1472	2ee1c1bca5d42936734f8ac6e2fdd4499af9ebf491d458a7110d1cf4e0edec48	742	CONFIRMATION_HOLDOUT
ACOADH60_m	2ef476d8f6c8b323c5e35f6342e1bd43b3b9488606765c37512d0b6800f924f1	743	CONFIRMATION_HOLDOUT
HMR_3021	2efb4c217d47d92c6658b2ae0ad66df2be22ef3d0ad5d9f2983e83ed87c9bd11	744	CONFIRMATION_HOLDOUT
HMR_2338	2f085964275816efd801fb793eaea4438c530ab137aac62fdc37236d376cb078	745	CONFIRMATION_HOLDOUT
5HOXINOXDA	2f0c57d8732c9734f4c78fe81564c9e8ee11fbd377bc35ac77449eee29cbc1da	746	CONFIRMATION_HOLDOUT
S6T18g	2f0e7389fd47e78ca89e8c25f0ba66f03231120f392c2c4207f885d37dede5a5	747	CONFIRMATION_HOLDOUT
HMR_3449	2f1c8ed318c00dc3c57eab1522859f88051de94b0457b456bab7b7fcbadb5177	748	CONFIRMATION_HOLDOUT
34DHXMANDACOX_NADP	2f22161bd7b7e143435165bce006881affdb2cff54c6577b889d59f6d09ef466	749	CONFIRMATION_HOLDOUT
r1657	2f3236bc6f23f7e0ff5d50a86b85f8e434d977c6cc3ec1053abf6bfc269c1b18	750	CONFIRMATION_HOLDOUT
FAOXC140120m	2f38263a6cde1b8d5c3ed36946a04f0fa52878c56dde025d16be7794d4f2e73f	751	CONFIRMATION_HOLDOUT
LCAT42e	2f4841ce3663d615a57a8dbcb33c674a9702c83aee5bbc6e9c5ee6145e4b365e	752	CONFIRMATION_HOLDOUT
C14STR	2f4967f101cb13fc5b1c817aa2af14b9fe18d388751f831621c1346502796da4	753	CONFIRMATION_HOLDOUT
OCCOAtx	2f49882aeb77fe32332b7a8f74bb55cbcdae7908c2c5aac35511ded96baced05	754	CONFIRMATION_HOLDOUT
AG13T3g	2f4db78bdfb8e8c14bca15f8fdbf2d9791b50a8279507801adcb3618907417ab	755	CONFIRMATION_HOLDOUT
LNLCCRNt	2f5a4d24f3fb024bf58f137fc9b859816002825580a36a0b7e5e663aff142c8f	756	CONFIRMATION_HOLDOUT
r1653	2f5ace768fdc73a5a6fa589090b682672c4432fe91009c6c7bde177168ed9c2b	757	CONFIRMATION_HOLDOUT
PCHOLLINL_HSt1e	2f61d1ea449e88b96a82fbf06e82a923e049db4e149e3ca5b396763f73bfdc0d	758	CONFIRMATION_HOLDOUT
HMR_3721	2f74ba95b54d7557191212c3618d27487519894b25022bf5e955e66f02ff7791	759	CONFIRMATION_HOLDOUT
NRPPHRSFt	2f82a358e2f80039df6bd45f8208b7fa44d4576b179a4034d7e47966e603c1e0	760	CONFIRMATION_HOLDOUT
HMR_2376	2f8d06653497e5152448e58029c36a37a0233760da4cfad56aa45fc5dff5525d	761	CONFIRMATION_HOLDOUT
3M4HDXPAC	2f8df86d70f9dda4a42492cb3216b8e9c6d6d70eecbb2c6fb32869f63c1d148b	762	CONFIRMATION_HOLDOUT
LCAT14e	2f9e0189cda7010c10a6843a5b55c96a788c368db53dcb09fabb2a8ea2306474	763	CONFIRMATION_HOLDOUT
TMDK1	2f9e8037c134f0e6620487e84849ad058b922907b3cae809873b93dc3587ecc7	764	CONFIRMATION_HOLDOUT
HMR_9652	2fc64b1e231eba1f41dad4d4978a8c1e62dc2a722ed71b065842f6f01db85aae	765	CONFIRMATION_HOLDOUT
FAOXC81C61m	2fc79e5b0892fc52998d850d256927097dab19f99736097fe98345eb9fc71921	766	CONFIRMATION_HOLDOUT
G5SDym	2fd09f4ed2cfa06295962b939479d74826577ab2043937423935cb0f19a388eb	767	CONFIRMATION_HOLDOUT
HMR_0214	2fd979f4b81bfe6320d30441951838182cb7849939efdd75ae371e7db383d64b	768	CONFIRMATION_HOLDOUT
FACOAL180	2fe7eca34bc36f2cb44a6b00c4b72e76efbc0aa8f75116b57ee5763c82037063	769	CONFIRMATION_HOLDOUT
NTPP2	2fe9ed34eccf020560b8c8b04096ff0f932a1aad87ad237a9fd8d1f52e58dba0	770	CONFIRMATION_HOLDOUT
FTHFCLm	2ffc6dba7d312655526b08351cf922e26270d72dd01c527a9dedfd2b535e16b0	771	CONFIRMATION_HOLDOUT
ARGARGMETt	2ffd6837b361ccca98e58eb6f951c932f5748b535cea0c77cc43f38d4c95db1a	772	CONFIRMATION_HOLDOUT
NDPK1m	2ffe07b853d984d6a5bd4d3dcfc245109f5bd04a34fe052d57e973674dd74c01	773	CONFIRMATION_HOLDOUT
PIK3	3000ca1772d6b439d8498a1e8c766600836415ea56091bc33d636428c6069fd1	774	CONFIRMATION_HOLDOUT
PEt	300673489236684195656078aa7ca75ae7c9372349050909529d57a2986d3306	775	CONFIRMATION_HOLDOUT
HMR_0192	300bb3087257b4b76b642b9883acceda2dea7a350c7a52180ed17e118be7b8e0	776	CONFIRMATION_HOLDOUT
r2514m	3010b738eb49de98072d88440340a2c397e86371d26bf9f1144ee1a793fe704a	777	CONFIRMATION_HOLDOUT
ACACT1x	304e8490155e665eb730df0b2c4461ea0575d92c1459c4fd89d04facb6fccf4a	778	CONFIRMATION_HOLDOUT
r0410	3050cc6b5919044132a9fa60e1b71d174bcd3c00924fd350d2955c678095f282	779	CONFIRMATION_HOLDOUT
ECOAH5m	3057752214d4535d222dcf5ead4cabe15b92b887240fb04ff601d10b6ce41b1e	780	CONFIRMATION_HOLDOUT
PMI12346PHn	30613695b6e071ea3d2a6694cef28e9dd9879010561f56caf3b846e886a74991	781	CONFIRMATION_HOLDOUT
r2002	30640bba3a7da20b4f8ebb8d57ad6c0f74f148b50e4ed463611161e3ddaff2bc	782	CONFIRMATION_HOLDOUT
CYTK12n	306519d733f4c8d6bc182861f73777c0b2856c45d2a9020b3a4113ed62bcf320	783	CONFIRMATION_HOLDOUT
HMR_0960	306e275134a9cb3dd960361adc5646bfbecc0c3ec49f53c34f8193e3d74d30fc	784	CONFIRMATION_HOLDOUT
HMR_2363	306e7fe537ad253995684c44b6fb9cf725c593a9075861d99e03ebc5036246c3	785	CONFIRMATION_HOLDOUT
SBPP1	30705f8aef0e395dfc6d7be919a5768032c7726dca0cf10e0c4f65a131bf37c8	786	CONFIRMATION_HOLDOUT
AKGMALtm	309195726e4ea82ecf825de9ea210ce900b5ac3c702ae5b58a80489acebf4113	787	CONFIRMATION_HOLDOUT
THRPHEARGt	30c3628f3de60f50d3676dd16a0010c2d2a8728d059ad8ca64d4eeb153a97af0	788	CONFIRMATION_HOLDOUT
PTDCACRNCPT2	30c54738cf14c9f67f5dcf4c7e37a0f332fcf2e0fb23dc620a083ec3a881553c	789	CONFIRMATION_HOLDOUT
ARGALATHRt	30d1928fcebbb35392042ce1aeb8d3217d28429843d80f940ab0514f62f41a25	790	CONFIRMATION_HOLDOUT
HMR_2670	30e05a1d73e7e5b705f03ff9e20dff6e7defcc2dae2ab6dd4bc2ad13f17a6cc7	791	CONFIRMATION_HOLDOUT
HMR_2668	30f638f3c77f3fb5010b5fcc25f681a9e203913ef8c228d7a297cdfc8aae4bd4	792	CONFIRMATION_HOLDOUT
r0202	30fc74f428052e272cafff5cbe9d681db85035b8ea1670b4f6c96b7e630c3c21	793	CONFIRMATION_HOLDOUT
ATPtg	31078668895d80a97682ca5b38fd9ed4f7c7affbaf7ae8c623ab92b0a7dd4974	794	CONFIRMATION_HOLDOUT
ALAASNLEUt	3117c54653241180f4c188b7a0113bbc53eaf2eadac7fcd5d2b30e7e0ca20a23	795	CONFIRMATION_HOLDOUT
S3TASE3ly	31389a8cced16329a88c8b3d52f956e75626659cf437efb7a2dd320c905f58f1	796	CONFIRMATION_HOLDOUT
GALGT3	313e33cf9f71f5788664ca402a153de27e4ef62320432e2a953ca9751c7c3f06	797	CONFIRMATION_HOLDOUT
GALASE20ly	315286e7042067d126bba2a76291c098e459be1ce900db34dfe55db730c76734	798	CONFIRMATION_HOLDOUT
CSPG_At	315488ff0f07fb30142329efca09226091bf662696a1e7069db7d0f6afd0f019	799	CONFIRMATION_HOLDOUT
G14T18g	3154ef1c3572cdbf4230a35f698288128e7252615a7eb9bbbe4458eb0ab7485c	800	CONFIRMATION_HOLDOUT
GLNTRPGLUt	315f2bf6fefdc5ec0b91abcc9a885f67ce939093ee8dfe09420d4c4bcca1f885	801	CONFIRMATION_HOLDOUT
HMR_0769	316bfed240a18ab474c8d4f3947a2f2217ca1d21ca915ca66fddd3f9b93cc137	802	CONFIRMATION_HOLDOUT
HMR_3234	31a339f91337df9a3da755049e4c84af923cc6142edf799b18808ea108d52a56	803	CONFIRMATION_HOLDOUT
AGDC	31a65a3857600c8fc0bfdf54c5f139887c78ad56e75129f7c88918e6625a31f4	804	CONFIRMATION_HOLDOUT
PCHOLN24_HSPLA2	31ba0a8405fdbb5f880cf26f690c07cbbfc0591e5c353e0058f59c6aeb4c704a	805	CONFIRMATION_HOLDOUT
CDCA24GSc	31c247a28b8b8fbcff25c268b82a8fd656fbcf867ff656a47a81c81a3962c011	806	CONFIRMATION_HOLDOUT
r1604	31d7a5df7dbb2c510dd051e0f3a13de39d7ec5eef80d87dfa2246c9167e56f58	807	CONFIRMATION_HOLDOUT
CSm	31da5b178321d3e75b279d941cacc9bca943b58b508c0adff6ba48602e797dd8	808	CONFIRMATION_HOLDOUT
LCAT5e	31db3dd6fa8d89da33387c4a485bea0bca2388f4f414bd39b35575124a773b8c	809	CONFIRMATION_HOLDOUT
r2035	31e22912d13906f984629f53781ff3d405dc7b4ecda857cb1b368e00e7c59dbe	810	CONFIRMATION_HOLDOUT
NDPK4	31f7606dc4c5e6347d9fd022161baedd7d328335b4f681a6b2ebba7764cf83c6	811	CONFIRMATION_HOLDOUT
ETHAMPtr	320751a21e758fccd04b0800742405649512a7a761443adea2300b726e64c0fb	812	CONFIRMATION_HOLDOUT
RE2999M	3224c31314389706b89efcf839dee34f1659b69099cc49511281f047529737e1	813	CONFIRMATION_HOLDOUT
HMR_0206	324b9b92b55b1c31228a903822fe93102b9671c4cf93424018e00167483e9c17	814	CONFIRMATION_HOLDOUT
PUNP6	32751f1eb7e9ebe5c47e7af00072aced2dd777bc73e13dba0287e501f860b5a6	815	CONFIRMATION_HOLDOUT
HMR_3688	3297648a1198dbc5b169c133a277b015de726afded6fd5f05dd39ae0b31f7b95	816	CONFIRMATION_HOLDOUT
HMR_3413	3299594d68739de61409ac9b94fcd3bd287555328c121228103c5833666eb1c2	817	CONFIRMATION_HOLDOUT
HMGLx	32ad968ae4b585d6704073a0f37b0e94bc8732dd2faa74b0af88b7f73cb5a044	818	CONFIRMATION_HOLDOUT
C05301te	32b5083e049f0643a4aba941bf2d829f305c71c83b4e4ead90c097518c89abbf	819	CONFIRMATION_HOLDOUT
PCHOLN205_HSPLA2	32b54b3202027439d9b690608c0fe575b22e68fddc29d1c7bbfa4b9aa72aea31	820	CONFIRMATION_HOLDOUT
S6T2g	32bf6e2a653451a214894f1e65bd74f4300fa52dfa8756c82587e9284e22f3e4	821	CONFIRMATION_HOLDOUT
r1660	32c8f263fee6a05e168741d7ea3626ef33ca8fd46829b0571efc052e40d6cc4e	822	CONFIRMATION_HOLDOUT
11DOCRTSTRNte	32ed11596a7be06e106b75439773a2c76b29c25f9b04800b84d70ee89473bc5f	823	CONFIRMATION_HOLDOUT
LEUTRPt	32f9c40e011f77e5796ba4413e9c40ee18b0931e64c73dc7b65d73f4d40b1d48	824	CONFIRMATION_HOLDOUT
HMR_0439	3324170b0862db05f780544c7d1d7a8fe5fa59dc3cd650dfe05f71f996f67712	825	CONFIRMATION_HOLDOUT
r0156	332faabc2704e3db12c245a00810ef9bb4908b45dbd58641a4af8c53ef9e6504	826	CONFIRMATION_HOLDOUT
r0425	333245f9ffb32f1f560df072d16946440437a0ac426968dd211b90d942150c94	827	CONFIRMATION_HOLDOUT
HISLYSTHRt	333c86aa65cc82ddd19e55657c1c0d9cf92411f0c248c3739e2d4d2df9859c65	828	CONFIRMATION_HOLDOUT
FAOXC16180m	333dc4d39fd0f6e587c200b484ca7556723673c3ab00c19390606c7d929c8785	829	CONFIRMATION_HOLDOUT
ASPTA	3343ada490617e04b2c5a1ce952254f3fa022bc0719c1c8063eda7bb158300f1	830	CONFIRMATION_HOLDOUT
HMR_0293	336317590c0924b91b9fc31d4d419b56873a8bfa6e57e235a5703dee43a63522	831	CONFIRMATION_HOLDOUT
r0926	336aa35cac826b3627c12bb621f5ebebcbae1617ff2c3a03cb02fb3320524d42	832	CONFIRMATION_HOLDOUT
THYMDt1	3375126944c6f58df783b5eff1e503874d61121f8572ac24c25eb148b2e85c1c	833	CONFIRMATION_HOLDOUT
HMR_0303	338bc665a4b1e20ac95704ed0c6b2f171ff0e560da187aa7fa6f6a31eea3bad6	834	CONFIRMATION_HOLDOUT
CYTK8	33c2439a44fad604f23f98418a269abfff0c459f8b7939aa707f1ccc2c65b563	835	CONFIRMATION_HOLDOUT
SPRMS	33c769b33bb6b1e75ccf4ccb7198c3c4ed29574b563e839c61e05ef87e16a833	836	CONFIRMATION_HOLDOUT
HMR_0329	33cc1514d7ed440ce7550981c257cd946a6753c0b659b4b4d2078739273f87ae	837	CONFIRMATION_HOLDOUT
HMR_6910	33d1222ed6d0169039216d81feedc0a50bf30bdf0f3bab36e1016dca3db74152	838	CONFIRMATION_HOLDOUT
HMR_3705	33d1543e25bbeda990ae367042c5458214c69e4bc4ab0fed5561f20ee6a0690a	839	CONFIRMATION_HOLDOUT
S6TASE11ly	33f8d655cac9007be9ca365bfd6f59c4c9798b81cb5a1e273c8474c213d03900	840	CONFIRMATION_HOLDOUT
CE1261t	3418e4c7cb6472b406753d70517ec3217a9219e8e62d8f32b1546ca8ecab9b02	841	CONFIRMATION_HOLDOUT
ASPPROLYSt	3432ee34c010d8aa74bbfabd3abb30fa4711fe1970c3fc50ff48fa9f57c98b2e	842	CONFIRMATION_HOLDOUT
2HATVACIDteb	34630309864a5fb787848e68ebcf5fa2d122ae7b2be504949c1b94dae80e881a	843	CONFIRMATION_HOLDOUT
NDP1	347699faf032d34f6aeb134bf690c2b6121089a50f8e67deb1a6a101d16d4155	844	CONFIRMATION_HOLDOUT
G6PDA	348e7d8ebcbd81ae4c031f6e35a4b089ba631110e45cc5a763b95275f37112f5	845	CONFIRMATION_HOLDOUT
r0431_1	349c499aceb8e34b4c0a30ea03130193cea2a6bac9200b2b7579626ba8257894	846	CONFIRMATION_HOLDOUT
HPROxm	349dd110a307cc43176d11aec2b7887877a751be61ba26bd16a5ba7b3ca72ef6	847	CONFIRMATION_HOLDOUT
RE0575C	34a1e48055365f7141c6004c2cae6729f9c7c6005ad5a54e0deff146d05eeffc	848	CONFIRMATION_HOLDOUT
FAOXC143C123m	34c8e27c48320820eca874adcb5a43754ff863779a45d6950eb78c7c57e5266c	849	CONFIRMATION_HOLDOUT
PHETRPLEUt	34d54b1402c2fd4b0cd364c8aa54365c047f8857b223e3bea4b33e7ea7243058	850	CONFIRMATION_HOLDOUT
PCHOLN203_HSABCt	34d6f8cc9610293bd9f6c3348bbe061a3c4cec121ce76260aecc350e8b5531e7	851	CONFIRMATION_HOLDOUT
r2502	34eefcb33e3c7af590872c5d81f51221f786b356336dc0c69277b3d6f660e53b	852	CONFIRMATION_HOLDOUT
SO4CLtex2	350c0e3391537751dac45f0c7cb7278c20ae1d115bb3ccfd51460a5c1d5017ed	853	CONFIRMATION_HOLDOUT
SERTRPHISt	3518b5f76a468fda85f415a7dc0adc34cd744bf5631b13934f045455d99aa97f	854	CONFIRMATION_HOLDOUT
FPGS5	35199504699daad8f3b5cba48cdbb521ad140c7de31136087f3d70fa241cc88c	855	CONFIRMATION_HOLDOUT
HMR_2296	352d9884d24326003797277b10aab12a1eb6681d61b76685c630491dd6f2965c	856	CONFIRMATION_HOLDOUT
METGLYARGt	35539a0abe8762c273e5393cb9abd57e37f58403fde630c65ad03948c6a263b4	857	CONFIRMATION_HOLDOUT
HMR_0765	35659f69b591b559dbfab9af6b37adfaa1d621ebff55c3d43eb67ffb206d5db8	858	CONFIRMATION_HOLDOUT
PCHOL_HStg	35691b6d2a6842ff953fdb80a54bfc03acfb7537bbff2ff8115360ca7d6da737	859	CONFIRMATION_HOLDOUT
S2TASE5ly	357e8c5028c70eee818cf79514084c7da72d5c1b050f27f638464d52f493dc4f	860	CONFIRMATION_HOLDOUT
ST3GAL61g	358117a65a5b497681d41a7e68ca0879b1e45da913ef8844baf346ec942628fc	861	CONFIRMATION_HOLDOUT
r1573	3585d89e48510e794896fc27b3bc3b01bdcf32eac03ac16a5fc53fc32ec83b30	862	CONFIRMATION_HOLDOUT
HMR_3224	358d9889233bdf105d540aeb08aedd59e06ba1a5f034e1bf34b356f3935de409	863	CONFIRMATION_HOLDOUT
HMR_9638	3590df583a48d2ac6054c6b1f9b9abd1f94ee6b4f66a40f33d8d8a582c350998	864	CONFIRMATION_HOLDOUT
HMR_3627	35a7835c5eb5ae7bdf5126254805de82830aaa309f0c502134832b208c7ad707	865	CONFIRMATION_HOLDOUT
GLCNACASE4ly	35ad3df597de66a1ecf894c9afcd3bca8c3ed91381c946c37b2db778577c9fe7	866	CONFIRMATION_HOLDOUT
CYTDtm	35c07d0892710fd176d49e75057fe411ef9c673372b6ad6af4b853242d878f10	867	CONFIRMATION_HOLDOUT
ASPDTDe	3605e9130a1f566562427191afa1b732d4f8ddc544f06eb60bcb9769e5f4545f	868	CONFIRMATION_HOLDOUT
r1148	3629ed5c4db3f890f388bb21a45d6c94ba26ff69455ebd9f94c23d2c9a1319d0	869	CONFIRMATION_HOLDOUT
HMR_0374	364187aa2146ab7c793afc506097b666503b0d69d69575d21a16ae47f8ceb232	870	CONFIRMATION_HOLDOUT
ARGPHEARGt	365baec3b30f727295cf1965d452fe6e974697af11ecd3b881fe95652e176793	871	CONFIRMATION_HOLDOUT
HISASPt	3660a80df21591b6b5acacc0e8baae73bd1da21f362d5f846e4530d0538c4205	872	CONFIRMATION_HOLDOUT
HACD4m	3669a5ad03ae8f0d6ef51feac86ced0b0395575fd7ccdda5fd10d4af9d6fa8af	873	CONFIRMATION_HOLDOUT
r1435	3670279ac679a3f99641f94b5a073a2a985eb287525717106643225d2f9180d2	874	CONFIRMATION_HOLDOUT
r0732	3683fd0c715ada720013e6116783c43eb09399de5c92c0bd3471515cc95e0132	875	CONFIRMATION_HOLDOUT
HMR_3421	369b753fcd4f3a07f3037ec9bd59e4f7e060a80c22564839f69bbbe52a9cf092	876	CONFIRMATION_HOLDOUT
LCAT38e	36c286f6481587869006b56d4b0f059a7cf768c9eb0707bfe77c63ca6b6547fb	877	CONFIRMATION_HOLDOUT
FACOAE120	36c6072cb90e233a49e93b1b1d086e687955fd36617e6517b7903d7a3ee2d74d	878	CONFIRMATION_HOLDOUT
PE203_HSABCt	36d7bf4b09a5faf1577e08722b94d04dd980554d6be28028316baec05617c5e4	879	CONFIRMATION_HOLDOUT
HMR_0255	36e5f60034f43f3e5f8e36d5c2da60c5fb57c8a895948cc7d3b893b9be4b52e2	880	CONFIRMATION_HOLDOUT
HMR_2677	36fc81812ee2ac2fba4bcadf5ce789ea4662e0ab769d202397aa2dab37cb19fe	881	CONFIRMATION_HOLDOUT
ARACHDtr	371560f57e82b240189e2790f50396904e76d17c2434642cf22afa0825195179	882	CONFIRMATION_HOLDOUT
RE2407C	371ff694e543f164abb64e57ff15d1c5ab6f9acd8aa8e437883504a7f4350811	883	CONFIRMATION_HOLDOUT
DAGK_hs	37237e51200d85ab756d120c32dd98598496a0535bd60d29aa7b3de07fff79aa	884	CONFIRMATION_HOLDOUT
RTOTALt	3728ab417476d5a022de982d44a163960fbd234c02f62edf532aa07fdb668ebb	885	CONFIRMATION_HOLDOUT
r2508	3730d9ef51672d4c393ccdef0684a2a5171afe3af4e88e8bfafdb29048e38c36	886	CONFIRMATION_HOLDOUT
RE3193M	373705d8e6416924a5d484b5b8cfab9abd377192b481564c4d8e9a67445822c9	887	CONFIRMATION_HOLDOUT
HMR_7749	3738b1cefc22f916b5e2e7784c5ffacf5ee96b97451b23c3ae3b2cfde10d242c	888	CONFIRMATION_HOLDOUT
HMR_1746	3745519b7ba1f9c197faddedf8538d42af967449e4d713e79933518829f50201	889	CONFIRMATION_HOLDOUT
HMR_2334	3755b9f634ab8ccce5bce6174c6b6ad0b8b67e0b9e485d4beb8cefb01ab63be9	890	CONFIRMATION_HOLDOUT
GGH_7THFl	375aa25a43c03b3563fde5fcee833fbc77504e35bae60e63f2d78e468ed53834	891	CONFIRMATION_HOLDOUT
HMR_2215	3783f874b9d211be4ff6b462244b1949de2829d44099cfc1783fb596d03c9405	892	CONFIRMATION_HOLDOUT
PCHOLLINL_HSPLA2	37856bd81e358e4dc31921468f69d5b3089bb07a1cbf09cd497839848d0e684b	893	CONFIRMATION_HOLDOUT
DNDPt62m	378931b82198ab2af29d44f5e4d33d5bb67bb9d8914382937f5fdb7cbbb18f6f	894	CONFIRMATION_HOLDOUT
r1568	378963cb75232f68016b3f1a6a19fb5b5283a1d6f6bb54dd189214601d6e9147	895	CONFIRMATION_HOLDOUT
MITKP	379add7c66f22cb0f3df39917ec49223033f9dfad8ef62ed896e277028b1c0cf	896	CONFIRMATION_HOLDOUT
RE3120C	37a1d349480871a515695069cfecca9ff7e643f41efe74727df518122e30e34e	897	CONFIRMATION_HOLDOUT
G6Pt6er	37c939899538f3298aedac8f5b5f0180fb7b821ce8eda472565a4e3930435d3b	898	CONFIRMATION_HOLDOUT
ORPT	37cf710834f43c551f3b609951bf471d996384e44f47825cd92d3eb8ec7ee604	899	CONFIRMATION_HOLDOUT
P45019A2r	37d657d062b868d68861699ea8be5b044fe7fc2a0bfd7fc694cbabc8c21c9fe7	900	CONFIRMATION_HOLDOUT
NACHEXA1ly	37d74786714521a56bc891eec16a430f127423733b8cb20c67e541a2a1bc23d6	901	CONFIRMATION_HOLDOUT
PPP9ABCte	37eef2702e103bc161c64b9b472f02b95e3bc7b09905ad191dd89a0ae20ed05c	902	CONFIRMATION_HOLDOUT
RE1521M	37f5500c70476f1adb8e634bd7bec6a879d839a98b2efc6fe69215f090263ac5	903	CONFIRMATION_HOLDOUT
HMR_0305	37fdd110a9ce5b21f3545ef53d226f3f425ec6aa0bf64cccac63664c386b80f5	904	CONFIRMATION_HOLDOUT
S2T3g	38052282bf06c1378724e7ee20d38eaf23e96fe09fa6db4c205fcf325540cf85	905	CONFIRMATION_HOLDOUT
FAOXC121C101m	380a2b6bba301f7ea34dd7a3d00eb41461a69594852122729b603cbf59445eac	906	CONFIRMATION_HOLDOUT
HMR_0347	380fa3c85c1f81693ef9ad2a1131b1d54e55da8cd6c8210c7bab3cfed5f1ce5b	907	CONFIRMATION_HOLDOUT
HMR_0302	38129a60f364d255b87ce4302ff8511ce178638b691e74ca7d1300ff18315a68	908	CONFIRMATION_HOLDOUT
PROPROARGt	381dd2946d9525514f310be1bd94ea9bca008109310ca604058b08292be2fc82	909	CONFIRMATION_HOLDOUT
r0016	381fead25f60415e3d0828e9dae0bb3f7203cdddd25cf9d69615f495934bd21e	910	CONFIRMATION_HOLDOUT
HMR_0830	382ae67559b311f919a12bd1509cdaf59bf84d1647af543f0558b2b61a87df75	911	CONFIRMATION_HOLDOUT
r0899	3854179134e5a12ae82e97b19742d3d802f094318240e96ae890c54f9daed75a	912	CONFIRMATION_HOLDOUT
HMR_0678	386ffc2d4510bffe3495a487a017fc63c22daa4c2ff7d1aa01b2349d39bfde95	913	CONFIRMATION_HOLDOUT
UMPK4n	38759a747cda0c343c93212e6c120c13eab09cce42e9cbf279386b528e011651	914	CONFIRMATION_HOLDOUT
RE1533X	3896a390c51a6a946627bf75ea713771b4788b05c688f04095469e54db0d6e44	915	CONFIRMATION_HOLDOUT
ILESERARGt	389f70f9d5cd7518590cf26a59104dbec063cd1f0b30352e934d5d9ed1f200c5	916	CONFIRMATION_HOLDOUT
RE1530M	38adafd3a6eefac333506c8fc37104d30fdb208992602fca1a77cc7e699428fb	917	CONFIRMATION_HOLDOUT
DCA24GSc	38b1d7aefabaddc570d67ba8876c5d11f8a8efc714edc8941bee37e6476d68e7	918	CONFIRMATION_HOLDOUT
r0166	38b5a669a802c004ad565fc380d2ad960338380c740b5cd898977a860c3b8bfa	919	CONFIRMATION_HOLDOUT
GLCAT5g	38b80cc3006c83be4c26ffec327860aea85af0e622593ec55b61dbf444ad4ccd	920	CONFIRMATION_HOLDOUT
TYRGLUt	38c0692d7123028a12d0d0fda82146250ca141f9949b092c1febd9a3a41fa97b	921	CONFIRMATION_HOLDOUT
RE3470C	38c501161cb4a535e514e3ea74a9eefc80ff95006f1c57f6d65f276a4874a981	922	CONFIRMATION_HOLDOUT
HMR_7628	38c862e9dc3ef4ba45f2798af0898c56b87246e5bba2b72d9ad56fbe51ce0007	923	CONFIRMATION_HOLDOUT
r0892	38cb625d5b00063f23e74fbd38caa560ce8ccc281953d794fce8d4d2963958b0	924	CONFIRMATION_HOLDOUT
HMR_3729	38cfb2a1e6f2829d6e19d17c62022d68368e7c5fc74ff6ec05c247bc727b6639	925	CONFIRMATION_HOLDOUT
ALR3	38d3ccd8f2ceb3c897545bab156de0ea9f89f7df67f62894e836d03f623eb526	926	CONFIRMATION_HOLDOUT
NTD1	390846094c5a4f5eacb43e977b15d500c055e2c1157e229261380bd52a8bf3ff	927	CONFIRMATION_HOLDOUT
LYSARGLEUt	3915955efa4e5ce43a89874f08839f5daf21f88c99e634a6626346f9e68a0374	928	CONFIRMATION_HOLDOUT
r1168	391d889a6727766f80b0206fc2efb461038c1344a879a1c958bc51ea184e2229	929	CONFIRMATION_HOLDOUT
r0786	3929bc9f4d9e155b3f47d85c660e73fbe61cd300f01b4ef497b12838682db2fa	930	CONFIRMATION_HOLDOUT
LNLNCACPT2	3950dd82d42428875c67b843a44263e82c791aec5cc69a5d60f61e5b10565a14	931	CONFIRMATION_HOLDOUT
HMR_2262	39638c15f4f4ea92a229d159df8efb358501353837f759e82575320118d595f9	932	CONFIRMATION_HOLDOUT
HEXCCOAtx	39651509841eba0a92c35605bfcbe4b9a349973636465d730baf4d6409094956	933	CONFIRMATION_HOLDOUT
DCSPTN1CPT2	3975473c42bb98d0e1ded295f4202b5883432e58ed3f6e7184ecf12a042f4fcd	934	CONFIRMATION_HOLDOUT
GMPS2	3984f7b9bca168ce042d01aaeca27aa295edaf0e0002ac52f1720ea7fbb6149a	935	CONFIRMATION_HOLDOUT
PSDm_hs	39940e31e7c3b0e35a91b2fdeb2b12c4bc83b4458931913bde628f9446d3b323	936	CONFIRMATION_HOLDOUT
RE1520X	3996318e6111f9137f398d42baed85c9c5bd6e18cf88d2991f3e37ab454fc4a9	937	CONFIRMATION_HOLDOUT
HMR_0380	39ae4622a5fa31d59be920192ba255dba86cb3e758b03e7faa97ea2eab461826	938	CONFIRMATION_HOLDOUT
GSNt	39d18aab90f4b62f8a76f7fbd771f471737c9a1fac968112a1569e5a1c5d6420	939	CONFIRMATION_HOLDOUT
DNDPt24m	39d46ffdd82fcd94f6236600219b90a90bccfdd6fc725fdc8877db2d5521c9b7	940	CONFIRMATION_HOLDOUT
HMR_2974	39f6f11076c502ba856b0474a290c35c95cb27d58af5e5e9fe244cfced002e54	941	CONFIRMATION_HOLDOUT
HC02220t	3a01255913e2a75492731a12dafa2c9a7e48fd23d92dceddb6a279c1bc1f0e97	942	CONFIRMATION_HOLDOUT
CITtcm	3a01357a6d32470be89a41faf7764177d5b521685330661e8976a97e0b69dff5	943	CONFIRMATION_HOLDOUT
CSNAT2x	3a0af04c86d5e1d8d5458dc7a077fb5ddfc18ce84dd2291c3077a8b0f4400569	944	CONFIRMATION_HOLDOUT
CRVSM1hr	3a116859af0f5dc27509de02099b2777b9f96fd6eb195f3a9859304ab9156264	945	CONFIRMATION_HOLDOUT
HMBS	3a2a07cb5fe0ffc4b4d27a8dd331f3bf4c0d5237825dbd95ad54315f9908eb7e	946	CONFIRMATION_HOLDOUT
P45019A1r	3a531457eeadb7fbb46e4a073f3e1d7b396eaa2d3f1c0c4cbe119ad81473c058	947	CONFIRMATION_HOLDOUT
3SALATAim	3a546b5ea59eb327f4397f9e45c7e1ba608061988deaaaa43fbdc3674b9b00ae	948	CONFIRMATION_HOLDOUT
HMR_2193	3a79dc16f547edc79e212f59f40780be4c1349cd176a9132af73765615151acf	949	CONFIRMATION_HOLDOUT
PCHOL2STE_HSt1e	3a8711ac3cc41042dfd4f5424660d512dc8931a54eeb80cd2826610a2e0664d7	950	CONFIRMATION_HOLDOUT
RE3488R	3a971d5020a9bcd3d348aa21cc28267963244175842f39ca4dac0e4ec53fb1a3	951	CONFIRMATION_HOLDOUT
7HPVStev	3ac0e047b3684383a42d2dea64d782ab7ca477c1581493a5e17cd3d8bd9e5cbb	952	CONFIRMATION_HOLDOUT
LCAT45e	3ac42dd4dccb01e13b6a67d5ab6e1416823841218ada7ec3ccdf947fa0e1de02	953	CONFIRMATION_HOLDOUT
CYTDK2	3b11db3ea62d55c8c4794b70c771efd6173e837383c986bd4f400e69eb035008	954	CONFIRMATION_HOLDOUT
GLYTYRLYSt	3b2307e006661ba100a2859976c0543a64e59f47d4f232d04ffe6ed0dacdb7fe	955	CONFIRMATION_HOLDOUT
r2335	3b2f87f98f46585053b1e51029f484b05cc9e8680702e2ee069f93a378ab93c4	956	CONFIRMATION_HOLDOUT
HMR_3128	3b57f320806852c26be655034faa0b50e1f01ae3a03936378d9d17fa0a0d4df8	957	CONFIRMATION_HOLDOUT
HMR_3339	3b9423c281a28c00070f43a820ecf981e1953d084c9551ab4984993426ba9d0c	958	CONFIRMATION_HOLDOUT
HMR_2393	3b9d71b6e4e0d19817120431e4c90501f0b4549f8092b2c09059ec44b87cb5fe	959	CONFIRMATION_HOLDOUT
ICDHyp	3bbbc77b36496b2971e90265603a66945cc25b131185ec90a64989dc68f2eb1b	960	CONFIRMATION_HOLDOUT
HMR_1557	3bd37f5d245a7b6c23647213e480f18eb7fff94666a7bbf13d31b105b717b36a	961	CONFIRMATION_HOLDOUT
r1637	3bd71fe4261989d392eb4048987e74a417278e9baf21dce65fca9f51b4c8ff1f	962	CONFIRMATION_HOLDOUT
GALT	3bf3409af4301a3fb04d82a221408aebbb1a89fd91d588a6544e55fe6be0bf35	963	CONFIRMATION_HOLDOUT
HMR_3218	3c0a9eb9414de138641083a93fbb0f8a0ce8bcbc01ba5bfeeb9c8d1b25de4eef	964	CONFIRMATION_HOLDOUT
DOCOSCOAtxc	3c0c797cb1cb09e198d569eaf4c8b1b55e8f3f8613fb3049f9aacc7e4ff60773	965	CONFIRMATION_HOLDOUT
PFK	3c0c9c0581715c572976b1f61b1b6c51e535a3d240fc741206688e16316fe1dd	966	CONFIRMATION_HOLDOUT
VALTA	3c13ef2c36f18b6d07570b76fbd01379434318701ed591d95875d113ddc87977	967	CONFIRMATION_HOLDOUT
FAOXC22OHC22r	3c16ba46b68c603211110c4ebc3ded61ee05e489f121270abb3bb9cb7fc4739f	968	CONFIRMATION_HOLDOUT
S6TASE17ly	3c1c2839e54badbf2345c93fe201a93bf00f7b788460286b115da78f7526ec71	969	CONFIRMATION_HOLDOUT
r1383_1	3c3be2730bcd40f309c2fe046b3629d28fa23f17720c66ca7243c59ce21c9599	970	CONFIRMATION_HOLDOUT
HMR_3347	3c47417db4a3e1f2ebf835a375f0ce8f24541a24b610e14e6334bf7dcf5e02f7	971	CONFIRMATION_HOLDOUT
r0249	3c6412e0ac3e8395200cff21762d7990b3d5ad12fca0300cc5331bc635629d8d	972	CONFIRMATION_HOLDOUT
HMR_2945	3c6ebe1d81d78cbf93d09ec0c0a50907449ce0ce55353d7ebc87359f2c251324	973	CONFIRMATION_HOLDOUT
HMR_2707	3c786a9b41ca3efb5888b97da623b41e0899930d2a5893a18b7c245325eb1a33	974	CONFIRMATION_HOLDOUT
DOPAc	3c79fe4aaad1435ac3930c03acb562a24ffdac8c7a55937ecc363e4051470133	975	CONFIRMATION_HOLDOUT
PRISTANALtx	3c9a7c208a3a9baba732ee04f36b51a59e64f390c01574c725b7ba5bb5eb2cf3	976	CONFIRMATION_HOLDOUT
TYRVALMETt	3ca33222527a641b656492cf307db8e53487d4659f0819c469b05b7cccfc2def	977	CONFIRMATION_HOLDOUT
HMR_0254	3ca33ded0bd6e85c722ccf954aafa199b3274cf1a08fee2799aee944302ac969	978	CONFIRMATION_HOLDOUT
HMR_3353	3caa792fc55d094b55c159e0e4757e7da816faef27d201b79349f32a36fc74d6	979	CONFIRMATION_HOLDOUT
r1615	3cc361fe6fbbb54b1479dfb8cada8dc77277c2729bf721a91b452f8e73122db4	980	CONFIRMATION_HOLDOUT
SUCD1m	3cc36c332167366acb38167251550db1f7748b003bba84bdc1784cdcc9a6f861	981	CONFIRMATION_HOLDOUT
GLUTHRLYSt	3cdd4e795ff48e93839fdcee9659d9611d039e4ad5e50a2351449ceb390f1f39	982	CONFIRMATION_HOLDOUT
GLNTHRNaEx	3cef845b95fb26839ddffc0df1236021dcd4f0c4ff4a9ed7d0d424f5d40cfa19	983	CONFIRMATION_HOLDOUT
NTD6	3cf0b8fc301850ccecd58b82100d1d247e2bce6aad090a54ed289d72219e9900	984	CONFIRMATION_HOLDOUT
PE203_HSt1e	3cfb0b0f6ffdd33393820beda70c78ddebfed519063a818fbcbc169a181813e2	985	CONFIRMATION_HOLDOUT
SADT	3d1021482056c1a88c8f122a86266566c341c359f1908dfd1a3eac4c0a68bb5d	986	CONFIRMATION_HOLDOUT
S6TASE24ly	3d38c56ff4b6d5e29afd935f3014823cc67edc27725d3c1a69d5224ca93e43b4	987	CONFIRMATION_HOLDOUT
LEUASNASPt	3d64fe6adbd106ab910967ce21c2f53fec20405a03c13dcc7f670f21cb7a9665	988	CONFIRMATION_HOLDOUT
HMR_0817	3d6713ee9c405a3f6ea8e369ad52568bf82dce85d231aedb3d8687a86f7b6109	989	CONFIRMATION_HOLDOUT
HMR_6755	3d6d6562034bc01c14c82a2abfd78447ca5660fc1043666e4fe6fa1d50ae1319	990	CONFIRMATION_HOLDOUT
HMR_2689	3d9066079759f6cb26958c7ec19a2fe817bedb03cc96f99983b6f6594706db52	991	CONFIRMATION_HOLDOUT
FAOXC226C205m	3da7c0e56dced138a8c3429d8b0f946f20fd82172a8e0bd65d1b70cd40198b59	992	CONFIRMATION_HOLDOUT
CSPG_Bt	3db01fb94407168804588afd6ed8279f3e4ed4c505eaebbf4c7479fe21de1880	993	CONFIRMATION_HOLDOUT
HMR_5387	3dbf8afd9b6cb883e88e55bf531364492b8564a07cff5cb867efb1c08b50689e	994	CONFIRMATION_HOLDOUT
LCAT31e	3dc6f6cc22d329fbe97275f6181eaf9d3e458cc5f68364b1a9d8f65699d19a61	995	CONFIRMATION_HOLDOUT
LCAT20e	3dcc9e32de44b66589d7bd0dc38269703e356b3201999681ed55d804031a0d4b	996	CONFIRMATION_HOLDOUT
ORNDC	3ddcbd40466c8cdc301a2a7182aba99dc3cca8b3f2ec4c02aa2a5ab9703707fa	997	CONFIRMATION_HOLDOUT
r2381	3de96cd0f2d838460445c1b320d1d3b6b42cd8fd2675ed6f93b7171e04b0c28d	998	CONFIRMATION_HOLDOUT
TETTET6CPT2	3df85168d8abd0805330cad48e464d6bdf75565c213f23aec75b6b9cab1d6874	999	CONFIRMATION_HOLDOUT
OCOAT1m	3e018e19bd82e294f3325b7b0e58f458a22b789c731efd7494e3b7bf9a2bf2ea	1000	CONFIRMATION_HOLDOUT
CRVSM23hr	3e2a2f71f65b1385f11aca65a38652344fdc12619e929f03624506533aa16aba	1001	CONFIRMATION_HOLDOUT
METARGLEUt	3e39b7a6187320e88860c838ffdb31c555821592a0e5591943f4fc7d8bc4fef9	1002	CONFIRMATION_HOLDOUT
ALCD22_D	3e3b926a6cc3cc021cd642f153b7300898dc86e481a937a0d473fe1374f85f0d	1003	CONFIRMATION_HOLDOUT
HMR_2951	3e58cc41ff7f84e79e372f824efa58abefb01d51e04269b23cedfb542e1abbd4	1004	CONFIRMATION_HOLDOUT
Htg	3e88d9c12ef5021ea7301cbd557c1b442f093237fc68500dcb2b3f2879189d83	1005	CONFIRMATION_HOLDOUT
HMR_3101	3e91def96eac51afa049d1a8461b8c0aa290aafb16693b03b351620f4544965e	1006	CONFIRMATION_HOLDOUT
GULN3D	3eb65e63ff6a9547ba620f81eadaae5aa3e8452c0bc214c4e2d72f7c4054f818	1007	CONFIRMATION_HOLDOUT
PHELYSPROt	3ec07066650769682e08eeb67dbea36c18a9feafc8a48985ff3fa336b65cacba	1008	CONFIRMATION_HOLDOUT
FAOXC16080m	3ed400fb446c1ed45abf3f4a637ab14a0b9182cf0601bf44e3aabf4afd7e67c5	1009	CONFIRMATION_HOLDOUT
CITL	3edf31f5d61e24cdd98fbe10c729a2af85dd2110685207fd1b0109a7de6c3a77	1010	CONFIRMATION_HOLDOUT
HMR_2955	3eea0aca9ce37b34bd97b88ab966401b91c7232ff96529a465ae911fe7665736	1011	CONFIRMATION_HOLDOUT
GLCAASE1ly	3eecc1fea5e02ae239c3d54d0f514c1971e7f8ae4c99faef77496c317d205214	1012	CONFIRMATION_HOLDOUT
HMR_3681	3efdc4a8b8a797fd2f66c8779ecd6d1eefd3aa1de9ce31bcbf301b5bfd970a27	1013	CONFIRMATION_HOLDOUT
HMR_2652	3f0431f195a97a1af96b8bd34e1f8ea61b5e16a8572e5f1697b6e93307e345c5	1014	CONFIRMATION_HOLDOUT
HC02220te	3f06ec16be3a33ad142df94de738aa65a29f8ce02df837461130bf8a6b97175d	1015	CONFIRMATION_HOLDOUT
GCALDD	3f12ab4eb59aebe558050a12e42757c1d793e22d207172b1dfcf69fdd982bf28	1016	CONFIRMATION_HOLDOUT
HMR_1760	3f2837397eac2ad106842b2256d8d3499bfc1047552a664cc8c45203fe1b0725	1017	CONFIRMATION_HOLDOUT
r1134	3f3c1d94285b46fd27484f95446842d125dca7dc46a93060c109f56927427396	1018	CONFIRMATION_HOLDOUT
TRPTHRTYRt	3f4ab6c6c884c8cbf4502a8b7edd688a18b963453e7c46101a58d16c0b3e6909	1019	CONFIRMATION_HOLDOUT
HMR_3644	3f5f5f714b36e47b2b4a4898c04f097bac73ec82abbb512620d23bd5120bc452	1020	CONFIRMATION_HOLDOUT
PEPALM_HSt1e	3f753aa0618a674366fa23d854b99017604eee54374277ec0117114f72048cc6	1021	CONFIRMATION_HOLDOUT
PEOLE_HSABCt	3f77d331eb402b95413b460424edb60e0c27da789d1028f5e8e809cec7d31c11	1022	CONFIRMATION_HOLDOUT
r1583	3f7bbab2a61c340e2375a33c890c785b58d6163afc216d4bd77b20bd964af544	1023	CONFIRMATION_HOLDOUT
HMR_3198	3f9e64064699149f29f254614dddfc0e7d8938dde04ee76b444e91114d062ae8	1024	CONFIRMATION_HOLDOUT
S6TASE23ly	3ff0fc8b7fda25f3637ac2459918efd3d3db0c9cf756c4240c14d85cc25f6604	1025	CONFIRMATION_HOLDOUT
HMR_0653	3ffdc9bf8de456d30539dab3a9b6808b04e4ab698e64c57c2416b5c399e76677	1026	CONFIRMATION_HOLDOUT
DNDPt31m	4005d065f19e99e1ccf49dc5bad7358cdba7c07c13810fb11b92e10dcf91af81	1027	CONFIRMATION_HOLDOUT
C226CPT1	40179471ea168b9d2d5894b7abadf2efac6a713db5639e59849c6e3e413e58aa	1028	CONFIRMATION_HOLDOUT
PROHISTYRt	404f52241a6e10daaa38b41c96e6249d8e91b39633bc0f0fbc383a6ff02fa12a	1029	CONFIRMATION_HOLDOUT
ASPNATm	40638c55a42abd60edbdc5637acdc2f5e21edf07dadcf60d2289c6102a28e7e4	1030	CONFIRMATION_HOLDOUT
SUCCACT	4071fe14ff44c806f8f59fa2f1b90ac6148cf60d82b0b369472d6a25c9ae7051	1031	CONFIRMATION_HOLDOUT
GLYHISASNt	4072d0f894dc70bb91f51eaa25c5a4a420464c7aec134feb611e8397bca1a02f	1032	CONFIRMATION_HOLDOUT
HMR_3432	40873a747a4bb9e863dd4ad6359696b1c155864ff2166ad8895bcae3199f54e7	1033	CONFIRMATION_HOLDOUT
PRDX	408913e40d5db715a1a1dc60a14ebde80f42cc5642649a3af103fa49523e5be5	1034	CONFIRMATION_HOLDOUT
RE3218C	408ffe7413e6482969a5d8da3f0cf54e2d4f5a88fbcbb65a048d742db2a1ad82	1035	CONFIRMATION_HOLDOUT
LCAT50e	40900e36f4bac27301d46e5a5f9e24304221fc2e093f6314661de6dce6b44423	1036	CONFIRMATION_HOLDOUT
HMR_2954	40a30a6896c6706021ca5a31f9d52c83c821255c813b71c2050b7d865b9cdfc1	1037	CONFIRMATION_HOLDOUT
HMR_0176	40a4a0f7ddb27c868735dbc87d93621111eeb850e17012f205ce8d64b7508b61	1038	CONFIRMATION_HOLDOUT
FAOXC12C12OHm	40a90dc72f25814fa22effb4c7eba25461a775df1b2807f7adedd8adda42e775	1039	CONFIRMATION_HOLDOUT
P45046A1r	40ade25b2ab925a3262da1817be0da8f27657cd6136c29c32b486cfa88217e28	1040	CONFIRMATION_HOLDOUT
HGNTOR	40dad3f416a4b7e23d718cbfe92b91b0344f40d866b5ec42e6c2f9f33fecc4d6	1041	CONFIRMATION_HOLDOUT
C3STDH1	40e01f7cc0ca331a673e3c67d78682d22ae10cf1108bdf79716f26f1bed2a182	1042	CONFIRMATION_HOLDOUT
FACOAL205	40fa34b80088fe3f9622407523cd81e89493bb6df7eb7b6630604c8761a77d10	1043	CONFIRMATION_HOLDOUT
ELAIDCRNt	40ff6dc2e4259788ced9685f8074e388bdd406872d84bbeef381664ca611f15e	1044	CONFIRMATION_HOLDOUT
