reaction_id	subsystem	fold	analysis_split
10FTHF5GLUtl	UNMAPPED_PATHWAY	2	CONFIRMATION_HOLDOUT
10FTHF5GLUtm	Transport, mitochondrial	2	DEVELOPMENT
10FTHF6GLUtl	UNMAPPED_PATHWAY	2	DEVELOPMENT
10FTHF6GLUtm	Transport, mitochondrial	2	DEVELOPMENT
10FTHF7GLUtl	UNMAPPED_PATHWAY	2	DEVELOPMENT
10FTHF7GLUtm	Transport, mitochondrial	2	DEVELOPMENT
10FTHFtl	UNMAPPED_PATHWAY	2	DEVELOPMENT
10FTHFtm	Transport, mitochondrial	2	DEVELOPMENT
11DOCRTSLte	Transport, extracellular	0	CONFIRMATION_HOLDOUT
11DOCRTSTRNte	Transport, extracellular	0	CONFIRMATION_HOLDOUT
17AHPRGNLONEte	Transport, extracellular	0	DEVELOPMENT
17AHPRGSTRNte	Transport, extracellular	0	DEVELOPMENT
1MNCAMt	Transport, extracellular	0	DEVELOPMENT
1PPDCRp	UNMAPPED_PATHWAY	2	DEVELOPMENT
2AMACSULT	Methionine and cysteine metabolism	1	DEVELOPMENT
2DR1PP	Pyrimidine catabolism	1	DEVELOPMENT
2H3MVc	Valine, leucine, and isoleucine metabolism	0	CONFIRMATION_HOLDOUT
2HATVACIDhc	Drug metabolism	2	CONFIRMATION_HOLDOUT
2HATVACIDteb	Drug metabolism	2	CONFIRMATION_HOLDOUT
2HATVACIDtep	Drug metabolism	2	DEVELOPMENT
2HATVLACteb	Drug metabolism	2	DEVELOPMENT
2HATVLACtep	Drug metabolism	2	DEVELOPMENT
2HBO	UNMAPPED_PATHWAY	2	DEVELOPMENT
2HIVc	Valine, leucine, and isoleucine metabolism	0	DEVELOPMENT
2M3HVACc	UNMAPPED_PATHWAY	2	DEVELOPMENT
2M3HVACte	Transport, extracellular	0	CONFIRMATION_HOLDOUT
2M3OVACm	UNMAPPED_PATHWAY	2	DEVELOPMENT
2M3OVACtm	Transport, mitochondrial	2	DEVELOPMENT
2M3OVCOAm	UNMAPPED_PATHWAY	2	DEVELOPMENT
2MB2COAc	Fatty acid oxidation	1	DEVELOPMENT
2MCITt	Transport, extracellular	0	CONFIRMATION_HOLDOUT
2OBUTt	Transport, extracellular	0	DEVELOPMENT
2OXOADOXm	UNMAPPED_PATHWAY	2	DEVELOPMENT
34DHALDD	Tyrosine metabolism	0	DEVELOPMENT
34DHOXPEGOX	Tyrosine metabolism	0	DEVELOPMENT
34DHOXPEGt	Transport, extracellular	0	DEVELOPMENT
34DHPEAR	Tyrosine metabolism	0	DEVELOPMENT
34DHPEt	Transport, extracellular	0	DEVELOPMENT
34DHPHAMT	Tyrosine metabolism	0	DEVELOPMENT
34DHPHELAT1tc	Transport, extracellular	0	CONFIRMATION_HOLDOUT
34DHPHEt	Transport, extracellular	0	DEVELOPMENT
34DHPLACOX_NADP	Tyrosine metabolism	0	DEVELOPMENT
34DHXMANDACOX	Tyrosine metabolism	0	DEVELOPMENT
34DHXMANDACOX_NADP	Tyrosine metabolism	0	CONFIRMATION_HOLDOUT
34HPLFM	UNMAPPED_PATHWAY	2	DEVELOPMENT
34HPPOR	Tyrosine metabolism	0	DEVELOPMENT
3AIBSYMPt	Transport, extracellular	0	DEVELOPMENT
3AIBTm	Valine, leucine, and isoleucine metabolism	0	CONFIRMATION_HOLDOUT
3AIBt	Transport, extracellular	0	CONFIRMATION_HOLDOUT
3AIBt1	Transport, extracellular	0	CONFIRMATION_HOLDOUT
3AIBtm	Transport, mitochondrial	2	DEVELOPMENT
3DPHBH1	UNMAPPED_PATHWAY	2	DEVELOPMENT
3DPHBH2	UNMAPPED_PATHWAY	2	DEVELOPMENT
3DSPHR	Sphingolipid metabolism	2	DEVELOPMENT
3HADICOAx	Fatty acid oxidation	1	DEVELOPMENT
3HADPACte	Transport, extracellular	0	DEVELOPMENT
3HADPACtxc	Transport, peroxisomal	1	DEVELOPMENT
3HADPACx	Fatty acid oxidation	1	DEVELOPMENT
3HBCOARc	Fatty acid oxidation	1	DEVELOPMENT
3HIVAcm	Valine, leucine, and isoleucine metabolism	0	DEVELOPMENT
3HIVActe	Transport, extracellular	0	DEVELOPMENT
3HIVActm	Transport, mitochondrial	2	DEVELOPMENT
3HPPt	Transport, extracellular	0	CONFIRMATION_HOLDOUT
3HPPtm	Transport, mitochondrial	2	DEVELOPMENT
3HPVSTETteb	Drug metabolism	2	DEVELOPMENT
3HPVSTETtev	Drug metabolism	2	DEVELOPMENT
3HPVSteb	Drug metabolism	2	CONFIRMATION_HOLDOUT
3HPVStep	Drug metabolism	2	DEVELOPMENT
3ISPVSteb	Drug metabolism	2	DEVELOPMENT
3ISPVStep	Drug metabolism	2	DEVELOPMENT
3M4HDXPAC	Tyrosine metabolism	0	CONFIRMATION_HOLDOUT
3MLDAt	Transport, extracellular	0	DEVELOPMENT
3MOBt2im	Transport, mitochondrial	2	DEVELOPMENT
3MOPt2im	Transport, mitochondrial	2	DEVELOPMENT
3MOX4HOXPGALDOX	Tyrosine metabolism	0	CONFIRMATION_HOLDOUT
3MOX4HOXPGALDOX_NADP	Tyrosine metabolism	0	DEVELOPMENT
3MOXTYRESSte	Transport, extracellular	0	DEVELOPMENT
3MOXTYROX	Tyrosine metabolism	0	DEVELOPMENT
3OHSEBACte	Transport, extracellular	0	DEVELOPMENT
3OHSEBACtxc	Transport, peroxisomal	1	DEVELOPMENT
3OHSEBACx	Fatty acid oxidation	1	DEVELOPMENT
3OHSEBCOAx	Fatty acid oxidation	1	DEVELOPMENT
3OHSUBACte	Transport, extracellular	0	DEVELOPMENT
3OHSUBACtxc	Transport, peroxisomal	1	DEVELOPMENT
3OHSUBACx	Fatty acid oxidation	1	DEVELOPMENT
3OHSUBCOAx	Fatty acid oxidation	1	DEVELOPMENT
3SALAASPm	Transport, mitochondrial	2	DEVELOPMENT
3SALATAi	Methionine and cysteine metabolism	1	DEVELOPMENT
3SALATAim	Methionine and cysteine metabolism	1	CONFIRMATION_HOLDOUT
3SPYRSP	Methionine and cysteine metabolism	1	DEVELOPMENT
3SPYRSPm	Methionine and cysteine metabolism	1	CONFIRMATION_HOLDOUT
41R1H2MAE12BOOX	Tyrosine metabolism	0	DEVELOPMENT
41R2A1H12BOOX	Tyrosine metabolism	0	DEVELOPMENT
42A12BOOX	Tyrosine metabolism	0	DEVELOPMENT
4AABUTNt	Transport, extracellular	0	DEVELOPMENT
4CMCOAS	Phenylalanine metabolism	2	CONFIRMATION_HOLDOUT
4HALDD	Phenylalanine metabolism	2	CONFIRMATION_HOLDOUT
4HATVACIDhc	Drug metabolism	2	CONFIRMATION_HOLDOUT
4HATVACIDteb	Drug metabolism	2	CONFIRMATION_HOLDOUT
4HATVACIDtep	Drug metabolism	2	DEVELOPMENT
4HATVLACteb	Drug metabolism	2	DEVELOPMENT
4HATVLACtep	Drug metabolism	2	DEVELOPMENT
4HBZtm	Transport, mitochondrial	2	CONFIRMATION_HOLDOUT
4HOXPACDOX_NADP	Tyrosine metabolism	0	CONFIRMATION_HOLDOUT
4HPROLTASCT1	Transport, extracellular	0	CONFIRMATION_HOLDOUT
4HPRO_LTte	Transport, extracellular	0	DEVELOPMENT
4MOPt2im	Transport, mitochondrial	2	DEVELOPMENT
4MPTNLte	Transport, extracellular	0	DEVELOPMENT
4MPTNLtm	Transport, mitochondrial	2	DEVELOPMENT
4OHPROIMINOtc	Transport, extracellular	0	DEVELOPMENT
56DHPVSteb	Drug metabolism	2	CONFIRMATION_HOLDOUT
56DHPVStev	Drug metabolism	2	DEVELOPMENT
56EPPVSteb	Drug metabolism	2	DEVELOPMENT
56EPPVStev	Drug metabolism	2	DEVELOPMENT
5ADTSTSTERONESULT	Steroid metabolism	1	DEVELOPMENT
5AOPtm	Heme synthesis	2	DEVELOPMENT
5DHFtl	UNMAPPED_PATHWAY	2	DEVELOPMENT
5EIPENCm	Fatty acid oxidation	1	DEVELOPMENT
5EIPENCte	Transport, extracellular	0	DEVELOPMENT
5EIPENCtm	Transport, mitochondrial	2	DEVELOPMENT
5HLTDL	Tryptophan metabolism	0	DEVELOPMENT
5HOXINDACTOX	Tryptophan metabolism	0	DEVELOPMENT
5HOXINOXDA	Tryptophan metabolism	0	CONFIRMATION_HOLDOUT
5MTAte	Transport, extracellular	0	DEVELOPMENT
5MTHFt	Transport, extracellular	0	DEVELOPMENT
5OXPROt	Transport, extracellular	0	DEVELOPMENT
5THFtl	UNMAPPED_PATHWAY	2	DEVELOPMENT
5THFtm	Transport, mitochondrial	2	CONFIRMATION_HOLDOUT
6DHFtl	UNMAPPED_PATHWAY	2	CONFIRMATION_HOLDOUT
6DHFtm	Transport, mitochondrial	2	DEVELOPMENT
6EPSteb	Drug metabolism	2	CONFIRMATION_HOLDOUT
6EPVStep	Drug metabolism	2	CONFIRMATION_HOLDOUT
6THFtl	UNMAPPED_PATHWAY	2	DEVELOPMENT
7DHCHSTEROLtr	Transport, endoplasmic reticular	1	DEVELOPMENT
7DHFtl	UNMAPPED_PATHWAY	2	DEVELOPMENT
7DHFtm	Transport, mitochondrial	2	DEVELOPMENT
7HPVSteb	Drug metabolism	2	DEVELOPMENT
7HPVStev	Drug metabolism	2	CONFIRMATION_HOLDOUT
7THFtl	UNMAPPED_PATHWAY	2	DEVELOPMENT
7THFtm	Transport, mitochondrial	2	DEVELOPMENT
A4GALTc	Sphingolipid metabolism	2	DEVELOPMENT
A4GALTg	Sphingolipid metabolism	2	CONFIRMATION_HOLDOUT
AACOAT	UNMAPPED_PATHWAY	2	DEVELOPMENT
AADSACYCL	UNMAPPED_PATHWAY	2	CONFIRMATION_HOLDOUT
AASAD3	UNMAPPED_PATHWAY	2	DEVELOPMENT
ABTArm	Glutamate metabolism	0	CONFIRMATION_HOLDOUT
ABUTD	UNMAPPED_PATHWAY	2	DEVELOPMENT
ABUTt4_2_r	Transport, extracellular	0	CONFIRMATION_HOLDOUT
ACACT10m	Valine, leucine, and isoleucine metabolism	0	DEVELOPMENT
ACACT1m	Tryptophan metabolism	0	DEVELOPMENT
ACACT1r	Tryptophan metabolism	0	DEVELOPMENT
ACACT1x	Cholesterol metabolism	2	CONFIRMATION_HOLDOUT
ACACT4m	Fatty acid oxidation	1	CONFIRMATION_HOLDOUT
ACACT5m	Fatty acid oxidation	1	DEVELOPMENT
ACACT6m	Fatty acid oxidation	1	DEVELOPMENT
ACACT6p	Fatty acid oxidation	1	DEVELOPMENT
ACACT7m	Fatty acid oxidation	1	DEVELOPMENT
ACACT8p	Fatty acid oxidation	1	DEVELOPMENT
ACACT9p	Fatty acid oxidation	1	CONFIRMATION_HOLDOUT
ACACtx	Transport, peroxisomal	1	DEVELOPMENT
ACALDtm	Transport, mitochondrial	2	CONFIRMATION_HOLDOUT
ACCOAC	Fatty acid oxidation	1	CONFIRMATION_HOLDOUT
ACCOALm	UNMAPPED_PATHWAY	2	DEVELOPMENT
ACCOAgt	Transport, extracellular	0	DEVELOPMENT
ACCOAtr	Transport, endoplasmic reticular	1	DEVELOPMENT
ACChex	Fatty acid oxidation	1	CONFIRMATION_HOLDOUT
ACER11r	Sphingolipid metabolism	2	DEVELOPMENT
ACER22g	Sphingolipid metabolism	2	DEVELOPMENT
ACER23g	Sphingolipid metabolism	2	DEVELOPMENT
ACER31r	Sphingolipid metabolism	2	DEVELOPMENT
ACETONEt2	Transport, extracellular	0	DEVELOPMENT
ACGAGBSIDEtg	UNMAPPED_PATHWAY	2	DEVELOPMENT
ACGAGBSIDEtl	UNMAPPED_PATHWAY	2	DEVELOPMENT
ACGALK	Aminosugar metabolism	2	DEVELOPMENT
ACGALK2	Aminosugar metabolism	2	CONFIRMATION_HOLDOUT
ACGALtly	UNMAPPED_PATHWAY	2	DEVELOPMENT
ACGAM2E	Aminosugar metabolism	2	CONFIRMATION_HOLDOUT
ACGAM6PS	Aminosugar metabolism	2	DEVELOPMENT
ACGAMK	Aminosugar metabolism	2	DEVELOPMENT
ACGAMPM	Aminosugar metabolism	2	DEVELOPMENT
ACGAMtly	UNMAPPED_PATHWAY	2	CONFIRMATION_HOLDOUT
ACITL	Citric acid cycle	0	DEVELOPMENT
ACLYSHYc	UNMAPPED_PATHWAY	2	DEVELOPMENT
ACLYStm	Transport, extracellular	0	DEVELOPMENT
ACMPtu	Drug metabolism	2	DEVELOPMENT
ACNAM9PL	Aminosugar metabolism	2	DEVELOPMENT
ACNAM9PL2	Aminosugar metabolism	2	DEVELOPMENT
ACNAMPH	Aminosugar metabolism	2	DEVELOPMENT
ACNAMlt	UNMAPPED_PATHWAY	2	DEVELOPMENT
ACNAMt2	Transport, extracellular	0	DEVELOPMENT
ACNMCT	Aminosugar metabolism	2	CONFIRMATION_HOLDOUT
ACNML	Aminosugar metabolism	2	DEVELOPMENT
ACOAD10m	Valine, leucine, and isoleucine metabolism	0	DEVELOPMENT
ACOAD8m	Valine, leucine, and isoleucine metabolism	0	DEVELOPMENT
ACOAD9m	Valine, leucine, and isoleucine metabolism	0	CONFIRMATION_HOLDOUT
ACOADH100_m	Fatty acid oxidation	1	DEVELOPMENT
ACOADH120_m	Fatty acid oxidation	1	CONFIRMATION_HOLDOUT
ACOADH160_m	Fatty acid oxidation	1	CONFIRMATION_HOLDOUT
ACOADH60_m	Fatty acid oxidation	1	CONFIRMATION_HOLDOUT
ACOAO4p	Fatty acid oxidation	1	DEVELOPMENT
ACOAO5p	Fatty acid oxidation	1	DEVELOPMENT
ACOAO7p	Fatty acid oxidation	1	DEVELOPMENT
ACOAO8p	Fatty acid oxidation	1	CONFIRMATION_HOLDOUT
ACOAR2m	Fatty acid oxidation	1	DEVELOPMENT
ACOAR4m	Fatty acid oxidation	1	DEVELOPMENT
ACOAR5m	Fatty acid oxidation	1	DEVELOPMENT
ACOAR7m	Fatty acid oxidation	1	DEVELOPMENT
ACONT	Citric acid cycle	0	CONFIRMATION_HOLDOUT
ACONTm	Citric acid cycle	0	DEVELOPMENT
ACP1_FMN	UNMAPPED_PATHWAY	2	DEVELOPMENT
ACP1e	Transport, extracellular	0	DEVELOPMENT
ACRNtm	Transport, mitochondrial	2	DEVELOPMENT
ACRNtp	Transport, peroxisomal	1	CONFIRMATION_HOLDOUT
ACTLMO	Pyruvate metabolism	0	DEVELOPMENT
ACTNMO	Pyruvate metabolism	0	DEVELOPMENT
ACYP	Glycolysis/gluconeogenesis	2	DEVELOPMENT
ACt2m	Transport, mitochondrial	2	DEVELOPMENT
ACtg	UNMAPPED_PATHWAY	2	DEVELOPMENT
ADA	Purine catabolism	1	DEVELOPMENT
ADADir	Pyrimidine catabolism	1	DEVELOPMENT
ADAe	Purine catabolism	1	DEVELOPMENT
ADCim	UNMAPPED_PATHWAY	2	DEVELOPMENT
ADK1	Nucleotide interconversion	2	DEVELOPMENT
ADK1m	Nucleotide interconversion	2	DEVELOPMENT
ADK3	Nucleotide interconversion	2	DEVELOPMENT
ADKd	Nucleotide interconversion	2	CONFIRMATION_HOLDOUT
ADMDC	Arginine and proline metabolism	2	DEVELOPMENT
ADNCYC	Nucleotide interconversion	2	CONFIRMATION_HOLDOUT
ADNK1	Nucleotide interconversion	2	DEVELOPMENT
ADNK1m	Nucleotide interconversion	2	DEVELOPMENT
ADNt	Transport, extracellular	0	DEVELOPMENT
ADNtl	UNMAPPED_PATHWAY	2	DEVELOPMENT
ADNtm	Transport, mitochondrial	2	DEVELOPMENT
ADPCOACROT	Fatty acid oxidation	1	DEVELOPMENT
ADPRDP	Nucleotide interconversion	2	DEVELOPMENT
ADRNCOAtx	Transport, peroxisomal	1	DEVELOPMENT
ADRNCPT1	Fatty acid oxidation	1	CONFIRMATION_HOLDOUT
ADRNCPT2	Fatty acid oxidation	1	DEVELOPMENT
ADRNCRNt	Fatty acid oxidation	1	DEVELOPMENT
ADSK	Nucleotide interconversion	2	CONFIRMATION_HOLDOUT
ADSL1r	Nucleotide interconversion	2	DEVELOPMENT
ADSL2r	Purine synthesis	2	DEVELOPMENT
ADSS	Nucleotide interconversion	2	DEVELOPMENT
AG13T16g	UNMAPPED_PATHWAY	2	DEVELOPMENT
AG13T17g	UNMAPPED_PATHWAY	2	DEVELOPMENT
AG13T18g	UNMAPPED_PATHWAY	2	DEVELOPMENT
AG13T1g	UNMAPPED_PATHWAY	2	DEVELOPMENT
AG13T2g	UNMAPPED_PATHWAY	2	DEVELOPMENT
AG13T3g	UNMAPPED_PATHWAY	2	CONFIRMATION_HOLDOUT
AGDC	Aminosugar metabolism	2	CONFIRMATION_HOLDOUT
AGPAT1_1	Triacylglycerol synthesis	2	CONFIRMATION_HOLDOUT
AGPAT4	Glycerophospholipid metabolism	0	DEVELOPMENT
AHANDROSTANte	Transport, extracellular	0	DEVELOPMENT
AHCYStr	Transport, endoplasmic reticular	1	DEVELOPMENT
AHCi	Methionine and cysteine metabolism	1	DEVELOPMENT
AICART	Purine synthesis	2	DEVELOPMENT
AIRCr	Purine synthesis	2	CONFIRMATION_HOLDOUT
AK2LGCHOLABCt	Transport, extracellular	0	DEVELOPMENT
AK2LGCHOLt	Transport, extracellular	0	CONFIRMATION_HOLDOUT
AKGCITtm	Transport, mitochondrial	2	DEVELOPMENT
AKGDm	Citric acid cycle	0	DEVELOPMENT
AKGICITtm	Transport, peroxisomal	1	DEVELOPMENT
AKGMALtm	Transport, mitochondrial	2	CONFIRMATION_HOLDOUT
ALAALACNc	Transport, extracellular	0	DEVELOPMENT
ALAARGCYSt	Transport, extracellular	0	DEVELOPMENT
ALAARGGLYt	Transport, extracellular	0	DEVELOPMENT
ALAASNLEUt	Transport, extracellular	0	CONFIRMATION_HOLDOUT
ALAASNNaEx	Transport, extracellular	0	CONFIRMATION_HOLDOUT
ALACYSNaEx	Transport, extracellular	0	DEVELOPMENT
ALADGLNexR	Transport, extracellular	0	DEVELOPMENT
ALADGLYexR	Transport, extracellular	0	DEVELOPMENT
ALAGLNNaEx	Transport, extracellular	0	DEVELOPMENT
ALAGLNexR	Transport, extracellular	0	DEVELOPMENT
ALAGLYLYSt	Transport, extracellular	0	DEVELOPMENT
ALAGLYexR	Transport, extracellular	0	CONFIRMATION_HOLDOUT
ALAHISALAt	Transport, extracellular	0	DEVELOPMENT
ALALYSTHRt	Transport, extracellular	0	DEVELOPMENT
ALAR	UNMAPPED_PATHWAY	2	DEVELOPMENT
ALASERNaEx	Transport, extracellular	0	CONFIRMATION_HOLDOUT
ALASm	Glycine, serine, alanine, and threonine metabolism	2	DEVELOPMENT
ALATA_L	Glutamate metabolism	0	DEVELOPMENT
ALATA_Lm	Citric acid cycle	0	DEVELOPMENT
ALATHRNaEx	Transport, extracellular	0	DEVELOPMENT
ALAt4	Transport, extracellular	0	DEVELOPMENT
ALCD1	Miscellaneous	0	DEVELOPMENT
ALCD19y	Glycerophospholipid metabolism	0	DEVELOPMENT
ALCD21_D	Pyruvate metabolism	0	DEVELOPMENT
ALCD22_D	Pyruvate metabolism	0	CONFIRMATION_HOLDOUT
ALCD22_L	Pyruvate metabolism	0	DEVELOPMENT
ALDD19x_P	Phenylalanine metabolism	2	CONFIRMATION_HOLDOUT
ALDD19xr	Phenylalanine metabolism	2	CONFIRMATION_HOLDOUT
ALDD20x	Tryptophan metabolism	0	DEVELOPMENT
ALDD20xm	Tryptophan metabolism	0	DEVELOPMENT
ALDD21	Fatty acid oxidation	1	DEVELOPMENT
ALDD2x	Glycolysis/gluconeogenesis	2	DEVELOPMENT
ALDD2xm	Glycolysis/gluconeogenesis	2	CONFIRMATION_HOLDOUT
ALDD2y	Glycolysis/gluconeogenesis	2	DEVELOPMENT
ALOX5	Eicosanoid metabolism	0	DEVELOPMENT
ALOX52	Eicosanoid metabolism	0	DEVELOPMENT
ALR2	Pyruvate metabolism	0	DEVELOPMENT
ALR3	Pyruvate metabolism	0	CONFIRMATION_HOLDOUT
AMACR2p	Bile acid synthesis	1	CONFIRMATION_HOLDOUT
AMANK	Aminosugar metabolism	2	DEVELOPMENT
AMETr	Transport, endoplasmic reticular	1	DEVELOPMENT
AMETt2m	Transport, mitochondrial	2	DEVELOPMENT
AMPDA	Nucleotide interconversion	2	DEVELOPMENT
AMPTASECG	Glutathione metabolism	1	DEVELOPMENT
AMPTASEPG	Transport, extracellular	0	DEVELOPMENT
ANDRSTANDRte	Transport, extracellular	0	DEVELOPMENT
ANDRSTNDNte	Transport, extracellular	0	DEVELOPMENT
APAT2rm	UNMAPPED_PATHWAY	2	DEVELOPMENT
APNPT	UNMAPPED_PATHWAY	2	DEVELOPMENT
APRTO2	Arginine and proline metabolism	2	DEVELOPMENT
ARACHCOAtx	Transport, peroxisomal	1	DEVELOPMENT
ARACHCPT1	Fatty acid oxidation	1	CONFIRMATION_HOLDOUT
ARACHCPT2	Fatty acid oxidation	1	DEVELOPMENT
ARACHCRNt	Fatty acid oxidation	1	DEVELOPMENT
ARACHDCOAtx	Transport, peroxisomal	1	DEVELOPMENT
ARACHDFATPtc	Transport, extracellular	0	DEVELOPMENT
ARACHDtr	Transport, endoplasmic reticular	1	CONFIRMATION_HOLDOUT
ARGALAALAt	Transport, extracellular	0	DEVELOPMENT
ARGALAPHEt	Transport, extracellular	0	DEVELOPMENT
ARGALATHRt	Transport, extracellular	0	CONFIRMATION_HOLDOUT
ARGARGLYSt	Transport, extracellular	0	DEVELOPMENT
ARGARGMETt	Transport, extracellular	0	CONFIRMATION_HOLDOUT
ARGARGt	Transport, extracellular	0	DEVELOPMENT
ARGCYSGLYt	Transport, extracellular	0	DEVELOPMENT
ARGCYSSERt	Transport, extracellular	0	DEVELOPMENT
ARGDr	Arginine and proline metabolism	2	DEVELOPMENT
ARGGLUGLUt	Transport, extracellular	0	DEVELOPMENT
ARGGLUPROt	Transport, extracellular	0	DEVELOPMENT
ARGGLYGLYt	Transport, extracellular	0	DEVELOPMENT
ARGHISTHRt	Transport, extracellular	0	DEVELOPMENT
ARGLEUPHEt	Transport, extracellular	0	DEVELOPMENT
ARGLYSASPt	Transport, extracellular	0	DEVELOPMENT
ARGN	Urea cycle	0	DEVELOPMENT
ARGPHEARGt	Transport, extracellular	0	CONFIRMATION_HOLDOUT
ARGPROMETt	Transport, extracellular	0	DEVELOPMENT
ARGPROTHRt	Transport, extracellular	0	DEVELOPMENT
ARGSERSERt	Transport, extracellular	0	CONFIRMATION_HOLDOUT
ARGSL	UNMAPPED_PATHWAY	2	DEVELOPMENT
ARGSS	UNMAPPED_PATHWAY	2	DEVELOPMENT
ARGTYRVALt	Transport, extracellular	0	CONFIRMATION_HOLDOUT
ARGVALCYSt	Transport, extracellular	0	DEVELOPMENT
ARGVALTRPt	Transport, extracellular	0	DEVELOPMENT
ARSA	Sphingolipid metabolism	2	DEVELOPMENT
ASAH1	Sphingolipid metabolism	2	DEVELOPMENT
ASCBt	Transport, extracellular	0	DEVELOPMENT
ASNALANaEx	Transport, extracellular	0	CONFIRMATION_HOLDOUT
ASNASNARGt	Transport, extracellular	0	CONFIRMATION_HOLDOUT
ASNCYSCYSt	Transport, extracellular	0	DEVELOPMENT
ASNCYSNaEx	Transport, extracellular	0	DEVELOPMENT
ASNGLNNaEx	Transport, extracellular	0	CONFIRMATION_HOLDOUT
ASNMETPROt	Transport, extracellular	0	DEVELOPMENT
ASNNm	UNMAPPED_PATHWAY	2	DEVELOPMENT
ASNPHEASPt	Transport, extracellular	0	DEVELOPMENT
ASNPHECYSt	Transport, extracellular	0	CONFIRMATION_HOLDOUT
ASNS1	UNMAPPED_PATHWAY	2	DEVELOPMENT
ASNSERNaEx	Transport, extracellular	0	CONFIRMATION_HOLDOUT
ASNTHRNaEx	Transport, extracellular	0	DEVELOPMENT
ASNTYRGLYt	Transport, extracellular	0	DEVELOPMENT
ASNTYRPHEt	Transport, extracellular	0	CONFIRMATION_HOLDOUT
ASNTYRTHRt	Transport, extracellular	0	DEVELOPMENT
ASNt4	Transport, extracellular	0	DEVELOPMENT
ASNtm	Transport, mitochondrial	2	DEVELOPMENT
ASP1DC	UNMAPPED_PATHWAY	2	DEVELOPMENT
ASPALAARGt	Transport, extracellular	0	DEVELOPMENT
ASPASNGLUt	Transport, extracellular	0	DEVELOPMENT
ASPCT	Pyrimidine synthesis	1	DEVELOPMENT
ASPDTDe	Transport, extracellular	0	CONFIRMATION_HOLDOUT
ASPDt6	Transport, extracellular	0	CONFIRMATION_HOLDOUT
ASPGLUPROt	Transport, extracellular	0	DEVELOPMENT
ASPGLUTRPt	Transport, extracellular	0	DEVELOPMENT
ASPGLUm	Transport, mitochondrial	2	DEVELOPMENT
ASPGLUt	Transport, extracellular	0	DEVELOPMENT
ASPHISCYSt	Transport, extracellular	0	DEVELOPMENT
ASPHISPROt	Transport, extracellular	0	DEVELOPMENT
ASPLYSGLUt	Transport, extracellular	0	DEVELOPMENT
ASPLYSHISt	Transport, extracellular	0	DEVELOPMENT
ASPMETASPt	Transport, extracellular	0	DEVELOPMENT
ASPNATm	UNMAPPED_PATHWAY	2	CONFIRMATION_HOLDOUT
ASPPROLYSt	Transport, extracellular	0	CONFIRMATION_HOLDOUT
ASPT	Glutamate metabolism	0	DEVELOPMENT
ASPTA	UNMAPPED_PATHWAY	2	CONFIRMATION_HOLDOUT
ASPTAm	UNMAPPED_PATHWAY	2	DEVELOPMENT
ASPVALASNt	Transport, extracellular	0	DEVELOPMENT
ASPt6	Transport, extracellular	0	DEVELOPMENT
ATP1ter	Transport, endoplasmic reticular	1	DEVELOPMENT
ATP2ter	Transport, endoplasmic reticular	1	DEVELOPMENT
ATPH1e	Nucleotide interconversion	2	CONFIRMATION_HOLDOUT
ATPH2e	Nucleotide interconversion	2	DEVELOPMENT
ATPasel_1	UNMAPPED_PATHWAY	2	DEVELOPMENT
ATPtg	UNMAPPED_PATHWAY	2	CONFIRMATION_HOLDOUT
ATPtm	Transport, mitochondrial	2	DEVELOPMENT
ATVACIDhc	Drug metabolism	2	DEVELOPMENT
ATVACIDtdu	Drug metabolism	2	CONFIRMATION_HOLDOUT
ATVACIDtu	Drug metabolism	2	DEVELOPMENT
ATVLACtdhc	Drug metabolism	2	DEVELOPMENT
ATVLACtu	Drug metabolism	2	CONFIRMATION_HOLDOUT
B3GALT3g	Sphingolipid metabolism	2	CONFIRMATION_HOLDOUT
B3GALT41g	Sphingolipid metabolism	2	CONFIRMATION_HOLDOUT
B3GALT42g	Sphingolipid metabolism	2	DEVELOPMENT
B3GALT43g	Sphingolipid metabolism	2	DEVELOPMENT
B3GALT44g	Sphingolipid metabolism	2	DEVELOPMENT
B3GALT5g	Sphingolipid metabolism	2	DEVELOPMENT
B3GALTg	UNMAPPED_PATHWAY	2	CONFIRMATION_HOLDOUT
B3GNT11g	UNMAPPED_PATHWAY	2	DEVELOPMENT
B3GNT310g	UNMAPPED_PATHWAY	2	DEVELOPMENT
B3GNT312g	UNMAPPED_PATHWAY	2	DEVELOPMENT
B3GNT38g	Glycosphingolipid metabolism	2	DEVELOPMENT
B3GNT51g	UNMAPPED_PATHWAY	2	DEVELOPMENT
BAAT3x	Bile acid synthesis	1	CONFIRMATION_HOLDOUT
BALABETAtc	Transport, extracellular	0	DEVELOPMENT
BALAPAT1tc2	Transport, extracellular	0	DEVELOPMENT
BAMPPALDOX	UNMAPPED_PATHWAY	2	DEVELOPMENT
BETALDHx	Glycine, serine, alanine, and threonine metabolism	2	DEVELOPMENT
BETALDHy	Glycine, serine, alanine, and threonine metabolism	2	CONFIRMATION_HOLDOUT
BGAL1e	Sphingolipid metabolism	2	DEVELOPMENT
BGAL1l	Sphingolipid metabolism	2	DEVELOPMENT
BGAL2l	Sphingolipid metabolism	2	DEVELOPMENT
BGAL3l	Sphingolipid metabolism	2	DEVELOPMENT
BILIRED2	Heme synthesis	2	DEVELOPMENT
BILIRUBt2	Transport, extracellular	0	DEVELOPMENT
BPNT	Nucleotide interconversion	2	DEVELOPMENT
BPNT2	Nucleotide interconversion	2	DEVELOPMENT
BUTt	Transport, extracellular	0	CONFIRMATION_HOLDOUT
C03681te	Transport, extracellular	0	DEVELOPMENT
C04805td	Transport, extracellular	0	DEVELOPMENT
C05299te	Transport, extracellular	0	DEVELOPMENT
C05301te	Transport, extracellular	0	CONFIRMATION_HOLDOUT
C05302te	Transport, extracellular	0	DEVELOPMENT
C05769te2	Transport, extracellular	0	DEVELOPMENT
C05770te	Transport, extracellular	0	DEVELOPMENT
C06439t	Transport, extracellular	0	DEVELOPMENT
C10DCCACT	Fatty acid oxidation	1	DEVELOPMENT
C141ACBP	Fatty acid oxidation	1	DEVELOPMENT
C142ACBP	Fatty acid oxidation	1	DEVELOPMENT
C14STR	Cholesterol metabolism	2	CONFIRMATION_HOLDOUT
C14STRr	Cholesterol metabolism	2	DEVELOPMENT
C160CPT1	Fatty acid oxidation	1	DEVELOPMENT
C160CPT2	Fatty acid oxidation	1	DEVELOPMENT
C160CRNt	Fatty acid oxidation	1	DEVELOPMENT
C161CPT12	Fatty acid oxidation	1	DEVELOPMENT
C161CPT2	Fatty acid oxidation	1	DEVELOPMENT
C161CPT22	Fatty acid oxidation	1	DEVELOPMENT
C161CRN2t	Fatty acid oxidation	1	CONFIRMATION_HOLDOUT
C161CRNt	Fatty acid oxidation	1	CONFIRMATION_HOLDOUT
C162ACBP	Fatty acid oxidation	1	CONFIRMATION_HOLDOUT
C180CPT1	Fatty acid oxidation	1	DEVELOPMENT
C180CPT2	Fatty acid oxidation	1	DEVELOPMENT
C180CRNt	Fatty acid oxidation	1	DEVELOPMENT
C181CPT2	Fatty acid oxidation	1	DEVELOPMENT
C181CRNt	Fatty acid oxidation	1	DEVELOPMENT
C204CPT1	Fatty acid oxidation	1	DEVELOPMENT
C204CPT2	Fatty acid oxidation	1	DEVELOPMENT
C204CRNt	Fatty acid oxidation	1	DEVELOPMENT
C226CPT1	Fatty acid oxidation	1	CONFIRMATION_HOLDOUT
C226CPT2	Fatty acid oxidation	1	CONFIRMATION_HOLDOUT
C3STDH1	Cholesterol metabolism	2	CONFIRMATION_HOLDOUT
C3STDH1Pr	Cholesterol metabolism	2	CONFIRMATION_HOLDOUT
C3STDH1r	Cholesterol metabolism	2	DEVELOPMENT
C3STKR2r	Cholesterol metabolism	2	DEVELOPMENT
C4CRNCPT2	Fatty acid oxidation	1	CONFIRMATION_HOLDOUT
C4DCCACT	Fatty acid oxidation	1	DEVELOPMENT
C4STMO1r	Cholesterol metabolism	2	DEVELOPMENT
C4STMO2Pr	Cholesterol metabolism	2	DEVELOPMENT
C4STMO2r	Cholesterol metabolism	2	DEVELOPMENT
C4tcx	Transport, peroxisomal	1	DEVELOPMENT
C4tmc	Transport, mitochondrial	2	DEVELOPMENT
C4x	Transport, peroxisomal	1	CONFIRMATION_HOLDOUT
C6COAt	Transport, peroxisomal	1	DEVELOPMENT
C6CRNtcx	Transport, peroxisomal	1	CONFIRMATION_HOLDOUT
C6DCCACT	Fatty acid oxidation	1	DEVELOPMENT
C80CPT1	Fatty acid oxidation	1	DEVELOPMENT
C9BRxtc	Transport, peroxisomal	1	DEVELOPMENT
CA24GSc	Bile acid synthesis	1	DEVELOPMENT
CA24Gte	Transport, extracellular	0	DEVELOPMENT
CA2t	Transport, extracellular	0	DEVELOPMENT
CA3Sabc	Transport, extracellular	0	DEVELOPMENT
CA3St	Transport, extracellular	0	DEVELOPMENT
CAATPS_1	Transport, extracellular	0	CONFIRMATION_HOLDOUT
CAMPt	Transport, extracellular	0	DEVELOPMENT
CAPROICc	Fatty acid oxidation	1	DEVELOPMENT
CARN140t_m	Transport, mitochondrial	2	CONFIRMATION_HOLDOUT
CARN160t_m	Transport, mitochondrial	2	DEVELOPMENT
CARN180t_m	Transport, mitochondrial	2	DEVELOPMENT
CARN1819Zt_m	Transport, mitochondrial	2	DEVELOPMENT
CARN1829Z12Zt_m	Transport, mitochondrial	2	DEVELOPMENT
CARN1836Z9Z12Zt_m	Transport, mitochondrial	2	DEVELOPMENT
CATm	ROS detoxification	2	DEVELOPMENT
CATp	Miscellaneous	0	CONFIRMATION_HOLDOUT
CBASPte	Transport, extracellular	0	DEVELOPMENT
CBPPer	Glycolysis/gluconeogenesis	2	CONFIRMATION_HOLDOUT
CBPS	Pyrimidine synthesis	1	DEVELOPMENT
CBPter	Transport, endoplasmic reticular	1	DEVELOPMENT
CBR2	Eicosanoid metabolism	0	DEVELOPMENT
CDCA24GSc	Bile acid synthesis	1	CONFIRMATION_HOLDOUT
CDCA24Gte	Transport, extracellular	0	CONFIRMATION_HOLDOUT
CDCA3GSc	Bile acid synthesis	1	DEVELOPMENT
CDCA3Gte	Transport, extracellular	0	DEVELOPMENT
CDCA6AH	Bile acid synthesis	1	DEVELOPMENT
CDIPTr	Glycerophospholipid metabolism	0	CONFIRMATION_HOLDOUT
CDPDAGtm	Transport, mitochondrial	2	DEVELOPMENT
CDS	Glycerophospholipid metabolism	0	DEVELOPMENT
CDSm	Glycerophospholipid metabolism	0	DEVELOPMENT
CE1261t	Transport, extracellular	0	CONFIRMATION_HOLDOUT
CE1352te	Transport, extracellular	0	CONFIRMATION_HOLDOUT
CE1918te	Transport, extracellular	0	DEVELOPMENT
CE2006te	Transport, extracellular	0	DEVELOPMENT
CE2209te	Transport, extracellular	0	CONFIRMATION_HOLDOUT
CE2211te	Transport, extracellular	0	CONFIRMATION_HOLDOUT
CE2510ABCt	Transport, extracellular	0	CONFIRMATION_HOLDOUT
CE2510t	Transport, extracellular	0	CONFIRMATION_HOLDOUT
CE2512te	Transport, extracellular	0	DEVELOPMENT
CE2537ABCt	Transport, extracellular	0	DEVELOPMENT
CE2537ATP	Transport, extracellular	0	DEVELOPMENT
CE2705t	Transport, extracellular	0	DEVELOPMENT
CE5025t	Transport, extracellular	0	DEVELOPMENT
CE5026t	Transport, extracellular	0	DEVELOPMENT
CE5072te	Transport, extracellular	0	DEVELOPMENT
CE7090te	Transport, extracellular	0	DEVELOPMENT
CEPTC	Glycerophospholipid metabolism	0	DEVELOPMENT
CEPTE	Glycerophospholipid metabolism	0	DEVELOPMENT
CERK	Sphingolipid metabolism	2	DEVELOPMENT
CERT1gt	UNMAPPED_PATHWAY	2	DEVELOPMENT
CERT1rt	Transport, endoplasmic reticular	1	CONFIRMATION_HOLDOUT
CERT2rt	Transport, endoplasmic reticular	1	DEVELOPMENT
CGLYt3_2	Transport, extracellular	0	DEVELOPMENT
CGMPt	Transport, extracellular	0	DEVELOPMENT
CH25H	Bile acid synthesis	1	DEVELOPMENT
CHLPCTD	Glycerophospholipid metabolism	0	DEVELOPMENT
CHLSTD78I	Cholesterol metabolism	2	DEVELOPMENT
CHLSTI_1	Cholesterol metabolism	2	DEVELOPMENT
CHOLESACATc_1	Cholesterol metabolism	2	DEVELOPMENT
CHOLESTTDe	Transport, extracellular	0	DEVELOPMENT
CHOLESTle_1	Transport, extracellular	0	DEVELOPMENT
CHOLK	Glycerophospholipid metabolism	0	DEVELOPMENT
CHOLPtg	UNMAPPED_PATHWAY	2	DEVELOPMENT
CHSTEROLSULT	Steroid metabolism	1	DEVELOPMENT
CHSTEROLt1	Transport, mitochondrial	2	DEVELOPMENT
CHSTEROLt2	Transport, mitochondrial	2	DEVELOPMENT
CHSTEROLt3	Transport, mitochondrial	2	DEVELOPMENT
CHSTEROLtrc	Transport, endoplasmic reticular	1	DEVELOPMENT
CITL	Citric acid cycle	0	CONFIRMATION_HOLDOUT
CITt2r	Transport, extracellular	0	DEVELOPMENT
CITt4_1	Transport, extracellular	0	DEVELOPMENT
CITtam	Transport, mitochondrial	2	DEVELOPMENT
CITtbm	Transport, mitochondrial	2	DEVELOPMENT
CITtcm	Transport, mitochondrial	2	CONFIRMATION_HOLDOUT
CK_cho	Urea cycle	0	DEVELOPMENT
CKc_cho	Urea cycle	0	DEVELOPMENT
CLFORtex2	Transport, extracellular	0	DEVELOPMENT
CLHCO3tex2	Transport, extracellular	0	DEVELOPMENT
CLOHtex2	Transport, extracellular	0	CONFIRMATION_HOLDOUT
CLOHtex2_1	Transport, extracellular	0	DEVELOPMENT
CLOXAtex2	Transport, extracellular	0	CONFIRMATION_HOLDOUT
CLPNDCPT1	Fatty acid oxidation	1	DEVELOPMENT
CLPNDCPT2	Fatty acid oxidation	1	CONFIRMATION_HOLDOUT
CLPNDCRNt	Fatty acid oxidation	1	DEVELOPMENT
CLS_hs	Glycerophospholipid metabolism	0	DEVELOPMENT
CMPACNAtg	UNMAPPED_PATHWAY	2	DEVELOPMENT
CMPSASn	Aminosugar metabolism	2	DEVELOPMENT
CO2ter	Transport, endoplasmic reticular	1	DEVELOPMENT
CO2tg	UNMAPPED_PATHWAY	2	DEVELOPMENT
CO2tm	Transport, mitochondrial	2	DEVELOPMENT
CO2tp	Transport, peroxisomal	1	DEVELOPMENT
COAtp	Transport, peroxisomal	1	CONFIRMATION_HOLDOUT
COAtr	Transport, endoplasmic reticular	1	DEVELOPMENT
COQ3m	UNMAPPED_PATHWAY	2	DEVELOPMENT
COQ5m	UNMAPPED_PATHWAY	2	DEVELOPMENT
COQ6m	UNMAPPED_PATHWAY	2	DEVELOPMENT
COQ7m	UNMAPPED_PATHWAY	2	CONFIRMATION_HOLDOUT
CORE2GTg	UNMAPPED_PATHWAY	2	DEVELOPMENT
CORE3GTg	UNMAPPED_PATHWAY	2	DEVELOPMENT
CORE4GTg	UNMAPPED_PATHWAY	2	DEVELOPMENT
CORE6GTg	UNMAPPED_PATHWAY	2	DEVELOPMENT
CORTSNti	Transport, endoplasmic reticular	1	DEVELOPMENT
COt	Transport, extracellular	0	DEVELOPMENT
CPK1	Nucleotide interconversion	2	CONFIRMATION_HOLDOUT
CPPPGO	Heme synthesis	2	DEVELOPMENT
CREATt4_2_r	Transport, extracellular	0	DEVELOPMENT
CREATtmdiffir	Urea cycle	0	DEVELOPMENT
CRNCARtm	Transport, mitochondrial	2	DEVELOPMENT
CRNtim	Transport, mitochondrial	2	DEVELOPMENT
CRNtp	Transport, peroxisomal	1	CONFIRMATION_HOLDOUT
CRTSLtr	Transport, endoplasmic reticular	1	DEVELOPMENT
CRVS1tev	Drug metabolism	2	DEVELOPMENT
CRVSATPtu	Drug metabolism	2	CONFIRMATION_HOLDOUT
CRVSM1hr	Drug metabolism	2	CONFIRMATION_HOLDOUT
CRVSM1teb	Drug metabolism	2	DEVELOPMENT
CRVSM23hr	Drug metabolism	2	CONFIRMATION_HOLDOUT
CRVSM23teb	Drug metabolism	2	DEVELOPMENT
CRVSM23tev	Drug metabolism	2	DEVELOPMENT
CRVSM24teb	Drug metabolism	2	DEVELOPMENT
CRVSM24tev	Drug metabolism	2	DEVELOPMENT
CRVStu	Drug metabolism	2	DEVELOPMENT
CSAPASEly	Chondroitin sulfate degradation	0	CONFIRMATION_HOLDOUT
CSAtu	Drug metabolism	2	CONFIRMATION_HOLDOUT
CSBPASEly	Chondroitin sulfate degradation	0	DEVELOPMENT
CSCPASEly	Chondroitin sulfate degradation	0	DEVELOPMENT
CSDPASEly	Chondroitin sulfate degradation	0	DEVELOPMENT
CSEPASEly	Chondroitin sulfate degradation	0	DEVELOPMENT
CSNAT2x	Fatty acid oxidation	1	CONFIRMATION_HOLDOUT
CSPG_At	Transport, extracellular	0	CONFIRMATION_HOLDOUT
CSPG_Atly	UNMAPPED_PATHWAY	2	DEVELOPMENT
CSPG_Bt	Transport, extracellular	0	CONFIRMATION_HOLDOUT
CSPG_Btly	UNMAPPED_PATHWAY	2	CONFIRMATION_HOLDOUT
CSPG_Ct	Transport, extracellular	0	DEVELOPMENT
CSPG_Ctly	UNMAPPED_PATHWAY	2	DEVELOPMENT
CSPG_Dt	Transport, extracellular	0	DEVELOPMENT
CSPG_Dtly	UNMAPPED_PATHWAY	2	CONFIRMATION_HOLDOUT
CSPG_Et	Transport, extracellular	0	DEVELOPMENT
CSPG_Etly	UNMAPPED_PATHWAY	2	DEVELOPMENT
CSm	Citric acid cycle	0	CONFIRMATION_HOLDOUT
CTPS1	Nucleotide interconversion	2	DEVELOPMENT
CTPS2	Pyrimidine synthesis	1	DEVELOPMENT
CVM1GLUChc	Drug metabolism	2	DEVELOPMENT
CVM23GLUChc	Drug metabolism	2	DEVELOPMENT
CYSALANaEx	Transport, extracellular	0	DEVELOPMENT
CYSASNMETt	Transport, extracellular	0	DEVELOPMENT
CYSASNNaEx	Transport, extracellular	0	CONFIRMATION_HOLDOUT
CYSASPPHEt	Transport, extracellular	0	DEVELOPMENT
CYSCYSt	Transport, extracellular	0	DEVELOPMENT
CYSGLNMETt	Transport, extracellular	0	DEVELOPMENT
CYSGLNNaEx	Transport, extracellular	0	CONFIRMATION_HOLDOUT
CYSGLUHISt	Transport, extracellular	0	CONFIRMATION_HOLDOUT
CYSGLUTRPt	Transport, extracellular	0	DEVELOPMENT
CYSGLUexR	Transport, extracellular	0	CONFIRMATION_HOLDOUT
CYSGLYPTASEe_1	Tyrosine metabolism	0	DEVELOPMENT
CYSGLYex	Transport, extracellular	0	DEVELOPMENT
CYSLEUTHRt	Transport, extracellular	0	DEVELOPMENT
CYSSERMETt	Transport, extracellular	0	DEVELOPMENT
CYSSERNaEx	Transport, extracellular	0	DEVELOPMENT
CYSTA	Methionine and cysteine metabolism	1	DEVELOPMENT
CYSTGL	Methionine and cysteine metabolism	1	DEVELOPMENT
CYSTHRNaEx	Transport, extracellular	0	DEVELOPMENT
CYSTYRASNt	Transport, extracellular	0	DEVELOPMENT
CYST_Ltr	Transport, extracellular	0	CONFIRMATION_HOLDOUT
CYSt4	Transport, extracellular	0	DEVELOPMENT
CYTD	Pyrimidine catabolism	1	DEVELOPMENT
CYTDK1	Nucleotide interconversion	2	DEVELOPMENT
CYTDK2	Pyrimidine synthesis	1	CONFIRMATION_HOLDOUT
CYTDt	Transport, extracellular	0	DEVELOPMENT
CYTDtl	UNMAPPED_PATHWAY	2	DEVELOPMENT
CYTDtm	Transport, mitochondrial	2	CONFIRMATION_HOLDOUT
CYTK1	Nucleotide interconversion	2	DEVELOPMENT
CYTK10	Nucleotide interconversion	2	DEVELOPMENT
CYTK10n	Nucleotide interconversion	2	CONFIRMATION_HOLDOUT
CYTK11	Nucleotide interconversion	2	DEVELOPMENT
CYTK11n	Nucleotide interconversion	2	CONFIRMATION_HOLDOUT
CYTK12	Nucleotide interconversion	2	DEVELOPMENT
CYTK12n	Nucleotide interconversion	2	CONFIRMATION_HOLDOUT
CYTK13	Nucleotide interconversion	2	DEVELOPMENT
CYTK13n	Nucleotide interconversion	2	DEVELOPMENT
CYTK14	Nucleotide interconversion	2	DEVELOPMENT
CYTK14n	Nucleotide interconversion	2	DEVELOPMENT
CYTK1m	Nucleotide interconversion	2	DEVELOPMENT
CYTK1n	Nucleotide interconversion	2	DEVELOPMENT
CYTK2	Nucleotide interconversion	2	CONFIRMATION_HOLDOUT
CYTK2_1	Nucleotide interconversion	2	DEVELOPMENT
CYTK2n	Nucleotide interconversion	2	DEVELOPMENT
CYTK3	Nucleotide interconversion	2	DEVELOPMENT
CYTK3n	Nucleotide interconversion	2	DEVELOPMENT
CYTK4	Nucleotide interconversion	2	DEVELOPMENT
CYTK4n	Nucleotide interconversion	2	CONFIRMATION_HOLDOUT
CYTK5n	Nucleotide interconversion	2	DEVELOPMENT
CYTK6n	Nucleotide interconversion	2	DEVELOPMENT
CYTK7	Nucleotide interconversion	2	DEVELOPMENT
CYTK7n	Nucleotide interconversion	2	CONFIRMATION_HOLDOUT
CYTK8	Nucleotide interconversion	2	CONFIRMATION_HOLDOUT
CYTK8n	Nucleotide interconversion	2	DEVELOPMENT
CYTK9	Nucleotide interconversion	2	DEVELOPMENT
CYTK9n	Nucleotide interconversion	2	DEVELOPMENT
Coqe	Transport, extracellular	0	DEVELOPMENT
DACGST	Tyrosine metabolism	0	DEVELOPMENT
DACT	Tyrosine metabolism	0	DEVELOPMENT
DADA	Nucleotide interconversion	2	DEVELOPMENT
DADAe	Nucleotide interconversion	2	DEVELOPMENT
DADK	Nucleotide interconversion	2	DEVELOPMENT
DADNt4	Transport, extracellular	0	DEVELOPMENT
DAGK_hs	Glycerophospholipid metabolism	0	CONFIRMATION_HOLDOUT
DAGKn_hs	Glycerophospholipid metabolism	0	DEVELOPMENT
DAG_HStg	UNMAPPED_PATHWAY	2	DEVELOPMENT
DCA24GSc	Bile acid synthesis	1	CONFIRMATION_HOLDOUT
DCA24Gte	Transport, extracellular	0	CONFIRMATION_HOLDOUT
DCA3GSc	Bile acid synthesis	1	DEVELOPMENT
DCA3Gte	Transport, extracellular	0	DEVELOPMENT
DCA3Sabc	Transport, extracellular	0	DEVELOPMENT
DCA3St	Transport, extracellular	0	DEVELOPMENT
DCHOLESTANCOAc	Bile acid synthesis	1	DEVELOPMENT
DCIm	Fatty acid oxidation	1	DEVELOPMENT
DCK1n	Nucleotide interconversion	2	CONFIRMATION_HOLDOUT
DCK2n	Nucleotide interconversion	2	DEVELOPMENT
DCMPDA	Pyrimidine catabolism	1	DEVELOPMENT
DCSPTN1CPT1	Fatty acid oxidation	1	DEVELOPMENT
DCSPTN1CPT2	Fatty acid oxidation	1	CONFIRMATION_HOLDOUT
DCSPTN1CRNt	Fatty acid oxidation	1	CONFIRMATION_HOLDOUT
DCYTD	Pyrimidine catabolism	1	DEVELOPMENT
DCYTtm	Transport, mitochondrial	2	CONFIRMATION_HOLDOUT
DDPGAm	Arginine and proline metabolism	2	DEVELOPMENT
DECDPtm	Transport, mitochondrial	2	DEVELOPMENT
DES21	Sphingolipid metabolism	2	DEVELOPMENT
DESAT16	Fatty acid synthesis	1	DEVELOPMENT
DESAT16_2	Fatty acid synthesis	1	DEVELOPMENT
DESAT18	Fatty acid synthesis	1	DEVELOPMENT
DESAT18_11	Fatty acid synthesis	1	CONFIRMATION_HOLDOUT
DESAT18_12	Fatty acid synthesis	1	DEVELOPMENT
DESAT18_3	Fatty acid synthesis	1	DEVELOPMENT
DESAT18_5	Fatty acid synthesis	1	DEVELOPMENT
DESAT18_9	Fatty acid synthesis	1	DEVELOPMENT
DESAT20_1	Fatty acid synthesis	1	DEVELOPMENT
DESAT20_2	Fatty acid synthesis	1	DEVELOPMENT
DESAT22_1p	Fatty acid synthesis	1	DEVELOPMENT
DGCHOLtx	Transport, peroxisomal	1	DEVELOPMENT
DGK1	Nucleotide interconversion	2	DEVELOPMENT
DGK2m	Nucleotide interconversion	2	DEVELOPMENT
DGNSK	Nucleotide interconversion	2	DEVELOPMENT
DGNSKm	Nucleotide interconversion	2	DEVELOPMENT
DGSNtm	Transport, mitochondrial	2	DEVELOPMENT
DGTPtm_cho	Transport, mitochondrial	2	CONFIRMATION_HOLDOUT
DGULND	Pentose phosphate pathway	0	DEVELOPMENT
DHAAt1r	Transport, extracellular	0	DEVELOPMENT
DHAPtm	Transport, mitochondrial	2	DEVELOPMENT
DHCR241r	Cholesterol metabolism	2	DEVELOPMENT
DHCR242r	Cholesterol metabolism	2	CONFIRMATION_HOLDOUT
DHCR243r	Cholesterol metabolism	2	DEVELOPMENT
DHCR71r	Cholesterol metabolism	2	CONFIRMATION_HOLDOUT
DHCR72r	Cholesterol metabolism	2	DEVELOPMENT
DHCRD1	Sphingolipid metabolism	2	DEVELOPMENT
DHCRD2	Sphingolipid metabolism	2	DEVELOPMENT
DHDPBMTm	UNMAPPED_PATHWAY	2	CONFIRMATION_HOLDOUT
DHEASULT	Steroid metabolism	1	CONFIRMATION_HOLDOUT
DHEAtr	Transport, endoplasmic reticular	1	CONFIRMATION_HOLDOUT
DHFR	Folate metabolism	2	CONFIRMATION_HOLDOUT
DHFR2i	Folate metabolism	2	DEVELOPMENT
DHFRim	Folate metabolism	2	DEVELOPMENT
DHFtl	UNMAPPED_PATHWAY	2	DEVELOPMENT
DHFtm	Transport, mitochondrial	2	CONFIRMATION_HOLDOUT
DHORD9	Pyrimidine synthesis	1	DEVELOPMENT
DHORTS	Pyrimidine synthesis	1	DEVELOPMENT
DHPM1	Pyrimidine catabolism	1	DEVELOPMENT
DHPR	Tetrahydrobiopterin metabolism	2	DEVELOPMENT
DHRT_ibcoa	Valine, leucine, and isoleucine metabolism	0	DEVELOPMENT
DIGALSGALSIDEATPte	Transport, extracellular	0	DEVELOPMENT
DIGALSIDEtl	UNMAPPED_PATHWAY	2	CONFIRMATION_HOLDOUT
DLNLCGCPT1	Fatty acid oxidation	1	DEVELOPMENT
DLNLCGCPT2	Fatty acid oxidation	1	DEVELOPMENT
DLNLCGCRNt	Fatty acid oxidation	1	DEVELOPMENT
DMATT	Cholesterol metabolism	2	DEVELOPMENT
DMATTx	Cholesterol metabolism	2	DEVELOPMENT
DNADDP	NAD metabolism	1	DEVELOPMENT
DNDPt10m	Transport, mitochondrial	2	DEVELOPMENT
DNDPt11m	Transport, mitochondrial	2	DEVELOPMENT
DNDPt12m	Transport, mitochondrial	2	DEVELOPMENT
DNDPt13m	Transport, mitochondrial	2	DEVELOPMENT
DNDPt14m	Transport, mitochondrial	2	DEVELOPMENT
DNDPt15m	Transport, mitochondrial	2	CONFIRMATION_HOLDOUT
DNDPt16m	Transport, mitochondrial	2	DEVELOPMENT
DNDPt17m	Transport, mitochondrial	2	DEVELOPMENT
DNDPt18m	Transport, mitochondrial	2	DEVELOPMENT
DNDPt19m	Transport, mitochondrial	2	CONFIRMATION_HOLDOUT
DNDPt1m	Transport, mitochondrial	2	CONFIRMATION_HOLDOUT
DNDPt20m	Transport, mitochondrial	2	DEVELOPMENT
DNDPt21m	Transport, mitochondrial	2	DEVELOPMENT
DNDPt23m	Transport, mitochondrial	2	DEVELOPMENT
DNDPt24m	Transport, mitochondrial	2	CONFIRMATION_HOLDOUT
DNDPt25m	Transport, mitochondrial	2	CONFIRMATION_HOLDOUT
DNDPt28m	Transport, mitochondrial	2	DEVELOPMENT
DNDPt2m	Transport, mitochondrial	2	CONFIRMATION_HOLDOUT
DNDPt30m	Transport, mitochondrial	2	DEVELOPMENT
DNDPt31m	Transport, mitochondrial	2	CONFIRMATION_HOLDOUT
DNDPt32m	Transport, mitochondrial	2	DEVELOPMENT
DNDPt37m	Transport, mitochondrial	2	DEVELOPMENT
DNDPt38m	Transport, mitochondrial	2	DEVELOPMENT
DNDPt39m	Transport, mitochondrial	2	DEVELOPMENT
DNDPt3m	Transport, mitochondrial	2	DEVELOPMENT
DNDPt40m	Transport, mitochondrial	2	CONFIRMATION_HOLDOUT
DNDPt41m	Transport, mitochondrial	2	DEVELOPMENT
DNDPt42m	Transport, mitochondrial	2	DEVELOPMENT
DNDPt43m	Transport, mitochondrial	2	CONFIRMATION_HOLDOUT
DNDPt44m	Transport, mitochondrial	2	DEVELOPMENT
DNDPt45m	Transport, mitochondrial	2	DEVELOPMENT
DNDPt46m	Transport, mitochondrial	2	CONFIRMATION_HOLDOUT
DNDPt47m	Transport, mitochondrial	2	DEVELOPMENT
DNDPt48m	Transport, mitochondrial	2	DEVELOPMENT
DNDPt49m	Transport, mitochondrial	2	DEVELOPMENT
DNDPt4m	Transport, mitochondrial	2	DEVELOPMENT
DNDPt50m	Transport, mitochondrial	2	CONFIRMATION_HOLDOUT
DNDPt51m	Transport, mitochondrial	2	DEVELOPMENT
DNDPt52m	Transport, mitochondrial	2	DEVELOPMENT
DNDPt53m	Transport, mitochondrial	2	DEVELOPMENT
DNDPt54m	Transport, mitochondrial	2	DEVELOPMENT
DNDPt55m	Transport, mitochondrial	2	DEVELOPMENT
DNDPt56m	Transport, mitochondrial	2	DEVELOPMENT
DNDPt57m	Transport, mitochondrial	2	DEVELOPMENT
DNDPt58m	Transport, mitochondrial	2	DEVELOPMENT
DNDPt59m	Transport, mitochondrial	2	DEVELOPMENT
DNDPt5m	Transport, mitochondrial	2	CONFIRMATION_HOLDOUT
DNDPt60m	Transport, mitochondrial	2	DEVELOPMENT
DNDPt61m	Transport, mitochondrial	2	DEVELOPMENT
DNDPt62m	Transport, mitochondrial	2	CONFIRMATION_HOLDOUT
DNDPt63m	Transport, mitochondrial	2	DEVELOPMENT
DNDPt6m	Transport, mitochondrial	2	DEVELOPMENT
DNDPt7m	Transport, mitochondrial	2	DEVELOPMENT
DOCO13ECOAtxc	Transport, peroxisomal	1	DEVELOPMENT
DOCO13EFATP	Fatty acid oxidation	1	DEVELOPMENT
DOCOSACT	Fatty acid oxidation	1	DEVELOPMENT
DOCOSACTDr	Fatty acid oxidation	1	DEVELOPMENT
DOCOSCOAtxc	Transport, peroxisomal	1	CONFIRMATION_HOLDOUT
DOPA4SFt	Transport, extracellular	0	DEVELOPMENT
DOPABMO_1	Tyrosine metabolism	0	DEVELOPMENT
DOPAMT	Tyrosine metabolism	0	DEVELOPMENT
DOPAOQCYS	Tyrosine metabolism	0	DEVELOPMENT
DOPASFt	Transport, extracellular	0	DEVELOPMENT
DOPASULT	Tyrosine metabolism	0	CONFIRMATION_HOLDOUT
DOPASULT4	Tyrosine metabolism	0	CONFIRMATION_HOLDOUT
DOPAc	Tyrosine metabolism	0	CONFIRMATION_HOLDOUT
DPCOAK	UNMAPPED_PATHWAY	2	DEVELOPMENT
DPCOAKm	UNMAPPED_PATHWAY	2	DEVELOPMENT
DPCOAPP	UNMAPPED_PATHWAY	2	DEVELOPMENT
DPGM	Glycolysis/gluconeogenesis	2	DEVELOPMENT
DPGase	Glycolysis/gluconeogenesis	2	DEVELOPMENT
DPHMBDCm	UNMAPPED_PATHWAY	2	CONFIRMATION_HOLDOUT
DPMVD	UNMAPPED_PATHWAY	2	DEVELOPMENT
DPMVDx	Cholesterol metabolism	2	DEVELOPMENT
DPPS	Miscellaneous	0	DEVELOPMENT
DRBK	Pentose phosphate pathway	0	CONFIRMATION_HOLDOUT
DRPA	Pentose phosphate pathway	0	DEVELOPMENT
DSAT	Sphingolipid metabolism	2	CONFIRMATION_HOLDOUT
DSMSTEROLte	Transport, extracellular	0	CONFIRMATION_HOLDOUT
DSMSTEROLtr	Transport, endoplasmic reticular	1	DEVELOPMENT
DSMSTOLR	Cholesterol metabolism	2	DEVELOPMENT
DSPVSteb	Drug metabolism	2	DEVELOPMENT
DSPVStev	Drug metabolism	2	DEVELOPMENT
DSREDUCr	UNMAPPED_PATHWAY	2	DEVELOPMENT
DTMPK	Nucleotide interconversion	2	DEVELOPMENT
DTMPKm	Pyrimidine synthesis	1	CONFIRMATION_HOLDOUT
DURAD	Pyrimidine catabolism	1	DEVELOPMENT
DURADx	Pyrimidine catabolism	1	DEVELOPMENT
DURIK1	Nucleotide interconversion	2	DEVELOPMENT
DURIK1m	Nucleotide interconversion	2	DEVELOPMENT
DURIPP	Nucleotide interconversion	2	DEVELOPMENT
DUTCP	Nucleotide interconversion	2	DEVELOPMENT
DUTPDPm	Nucleotide interconversion	2	DEVELOPMENT
DUTPDPn	Nucleotide interconversion	2	DEVELOPMENT
DUTUP	Nucleotide interconversion	2	CONFIRMATION_HOLDOUT
D_LACt2	Transport, extracellular	0	DEVELOPMENT
D_LACtm	Transport, mitochondrial	2	CONFIRMATION_HOLDOUT
EANDRSTRNte	Transport, extracellular	0	DEVELOPMENT
EBP1r	Cholesterol metabolism	2	DEVELOPMENT
EBP2r	Cholesterol metabolism	2	DEVELOPMENT
ECOAH12m	Valine, leucine, and isoleucine metabolism	0	CONFIRMATION_HOLDOUT
ECOAH1m	Tryptophan metabolism	0	DEVELOPMENT
ECOAH1x	Tryptophan metabolism	0	CONFIRMATION_HOLDOUT
ECOAH4m	Fatty acid oxidation	1	DEVELOPMENT
ECOAH5m	Fatty acid oxidation	1	CONFIRMATION_HOLDOUT
ECOAH9m	Valine, leucine, and isoleucine metabolism	0	DEVELOPMENT
ECOAR	Fatty acid synthesis	1	DEVELOPMENT
EHGLAT2m	Arginine and proline metabolism	2	CONFIRMATION_HOLDOUT
EHGLATm	Arginine and proline metabolism	2	CONFIRMATION_HOLDOUT
EIC21114TRc	Fatty acid oxidation	1	DEVELOPMENT
EIC21114TRte	Transport, extracellular	0	DEVELOPMENT
EICOSTETCPT1	Fatty acid oxidation	1	DEVELOPMENT
EICOSTETCPT2	Fatty acid oxidation	1	DEVELOPMENT
EICOSTETCRNt	Fatty acid oxidation	1	DEVELOPMENT
ELAIDCPT1	Fatty acid oxidation	1	DEVELOPMENT
ELAIDCPT2	Fatty acid oxidation	1	DEVELOPMENT
ELAIDCRNt	Fatty acid oxidation	1	CONFIRMATION_HOLDOUT
ENO	Glycolysis/gluconeogenesis	2	DEVELOPMENT
ESTRADIOLt	Transport, extracellular	0	DEVELOPMENT
ESTRADIOLtr	Transport, endoplasmic reticular	1	DEVELOPMENT
ESTRONEtr	Transport, endoplasmic reticular	1	DEVELOPMENT
ESTSULT	Steroid metabolism	1	DEVELOPMENT
ETF	Fatty acid oxidation	1	DEVELOPMENT
ETFQO	Fatty acid oxidation	1	DEVELOPMENT
ETHAK	Glycerophospholipid metabolism	0	DEVELOPMENT
ETHAMPtr	Transport, extracellular	0	CONFIRMATION_HOLDOUT
ETHAt	Transport, extracellular	0	DEVELOPMENT
EX_lthstrl_e	Transport, extracellular	0	DEVELOPMENT
F1Atg	UNMAPPED_PATHWAY	2	DEVELOPMENT
FACOAE120	Fatty acid oxidation	1	CONFIRMATION_HOLDOUT
FACOAE140	Fatty acid oxidation	1	CONFIRMATION_HOLDOUT
FACOAE160	Fatty acid oxidation	1	DEVELOPMENT
FACOAE161	Fatty acid oxidation	1	DEVELOPMENT
FACOAE180	Fatty acid synthesis	1	CONFIRMATION_HOLDOUT
FACOAE181	Fatty acid synthesis	1	DEVELOPMENT
FACOAE1829Z12Z	Fatty acid oxidation	1	DEVELOPMENT
FACOAE1836Z9Z12Z	Fatty acid oxidation	1	DEVELOPMENT
FACOAE1839Z12Z15Z	Fatty acid oxidation	1	DEVELOPMENT
FACOAL140	Fatty acid oxidation	1	DEVELOPMENT
FACOAL150	Fatty acid oxidation	1	DEVELOPMENT
FACOAL160	Fatty acid oxidation	1	DEVELOPMENT
FACOAL170	Fatty acid oxidation	1	DEVELOPMENT
FACOAL180	Fatty acid oxidation	1	CONFIRMATION_HOLDOUT
FACOAL181	Fatty acid oxidation	1	CONFIRMATION_HOLDOUT
FACOAL1812	Fatty acid synthesis	1	DEVELOPMENT
FACOAL1813	Fatty acid oxidation	1	DEVELOPMENT
FACOAL1821	Fatty acid oxidation	1	DEVELOPMENT
FACOAL1822	Fatty acid oxidation	1	DEVELOPMENT
FACOAL1831	Fatty acid oxidation	1	DEVELOPMENT
FACOAL1832	Fatty acid oxidation	1	DEVELOPMENT
FACOAL184	Fatty acid oxidation	1	DEVELOPMENT
FACOAL191	Fatty acid oxidation	1	DEVELOPMENT
FACOAL204	Fatty acid oxidation	1	CONFIRMATION_HOLDOUT
FACOAL2042	Fatty acid oxidation	1	DEVELOPMENT
FACOAL205	Fatty acid oxidation	1	CONFIRMATION_HOLDOUT
FACOAL224	Fatty acid oxidation	1	DEVELOPMENT
FACOAL2251	Fatty acid oxidation	1	DEVELOPMENT
FACOAL2252	Fatty acid oxidation	1	DEVELOPMENT
FACOAL226	Fatty acid oxidation	1	DEVELOPMENT
FACOAL244_1	Fatty acid oxidation	1	DEVELOPMENT
FACOAL245_1	Fatty acid oxidation	1	DEVELOPMENT
FACOAL245_2	Fatty acid oxidation	1	DEVELOPMENT
FACOAL246_1	Fatty acid oxidation	1	CONFIRMATION_HOLDOUT
FACOAL260	Fatty acid oxidation	1	DEVELOPMENT
FADDP	UNMAPPED_PATHWAY	2	DEVELOPMENT
FADDPle	UNMAPPED_PATHWAY	2	DEVELOPMENT
FADH2tru	Transport, endoplasmic reticular	1	DEVELOPMENT
FADH2tx	Transport, peroxisomal	1	CONFIRMATION_HOLDOUT
FADRx2	UNMAPPED_PATHWAY	2	DEVELOPMENT
FADtru	Transport, endoplasmic reticular	1	DEVELOPMENT
FADtx	Transport, peroxisomal	1	DEVELOPMENT
FAEL183	Fatty acid synthesis	1	CONFIRMATION_HOLDOUT
FAEL184	Fatty acid synthesis	1	DEVELOPMENT
FAEL204	Fatty acid synthesis	1	DEVELOPMENT
FAEL205	Fatty acid synthesis	1	DEVELOPMENT
FALDH	Tyrosine metabolism	0	DEVELOPMENT
FAOXC10080m	Fatty acid oxidation	1	CONFIRMATION_HOLDOUT
FAOXC101C102m	Fatty acid oxidation	1	DEVELOPMENT
FAOXC101C102x	Fatty acid oxidation	1	DEVELOPMENT
FAOXC101C8m	Fatty acid oxidation	1	DEVELOPMENT
FAOXC101C8x	Fatty acid oxidation	1	DEVELOPMENT
FAOXC101x	Fatty acid oxidation	1	CONFIRMATION_HOLDOUT
FAOXC102C101m	Fatty acid oxidation	1	DEVELOPMENT
FAOXC102C101x	Fatty acid oxidation	1	DEVELOPMENT
FAOXC102C103m	Fatty acid oxidation	1	DEVELOPMENT
FAOXC102C103x	Fatty acid oxidation	1	DEVELOPMENT
FAOXC102C81m	Fatty acid oxidation	1	DEVELOPMENT
FAOXC102C81x	Fatty acid oxidation	1	DEVELOPMENT
FAOXC102m	Fatty acid oxidation	1	DEVELOPMENT
FAOXC102x	Fatty acid oxidation	1	DEVELOPMENT
FAOXC103C102m	Fatty acid oxidation	1	DEVELOPMENT
FAOXC103C102x	Fatty acid oxidation	1	CONFIRMATION_HOLDOUT
FAOXC10C10OHm	Fatty acid oxidation	1	DEVELOPMENT
FAOXC10DCC8DCx	Fatty acid oxidation	1	DEVELOPMENT
FAOXC120100m	Fatty acid oxidation	1	DEVELOPMENT
FAOXC121C101m	Fatty acid oxidation	1	CONFIRMATION_HOLDOUT
FAOXC121C10x	Fatty acid oxidation	1	CONFIRMATION_HOLDOUT
FAOXC121x	Fatty acid oxidation	1	CONFIRMATION_HOLDOUT
FAOXC122C101m	Fatty acid oxidation	1	DEVELOPMENT
FAOXC122m	Fatty acid oxidation	1	DEVELOPMENT
FAOXC122x	Fatty acid oxidation	1	DEVELOPMENT
FAOXC123C102m	Fatty acid oxidation	1	DEVELOPMENT
FAOXC123C102x	Fatty acid oxidation	1	DEVELOPMENT
FAOXC123m	Fatty acid oxidation	1	DEVELOPMENT
FAOXC123x	Fatty acid oxidation	1	DEVELOPMENT
FAOXC12C12OHm	Fatty acid oxidation	1	CONFIRMATION_HOLDOUT
FAOXC12DCC10DCx	Fatty acid oxidation	1	DEVELOPMENT
FAOXC12DCTc	Fatty acid oxidation	1	DEVELOPMENT
FAOXC12DCx	Fatty acid oxidation	1	DEVELOPMENT
FAOXC140	Fatty acid oxidation	1	DEVELOPMENT
FAOXC140120m	Fatty acid oxidation	1	CONFIRMATION_HOLDOUT
FAOXC140120x	Fatty acid oxidation	1	CONFIRMATION_HOLDOUT
FAOXC141C121m	Fatty acid oxidation	1	DEVELOPMENT
FAOXC141C121x	Fatty acid oxidation	1	DEVELOPMENT
FAOXC142C122m	Fatty acid oxidation	1	DEVELOPMENT
FAOXC142C122x	Fatty acid oxidation	1	DEVELOPMENT
FAOXC143C123m	Fatty acid oxidation	1	CONFIRMATION_HOLDOUT
FAOXC143C123x	Fatty acid oxidation	1	DEVELOPMENT
FAOXC14C14OHm	Fatty acid oxidation	1	DEVELOPMENT
FAOXC14DCC12DCx	Fatty acid oxidation	1	DEVELOPMENT
FAOXC160	Fatty acid oxidation	1	CONFIRMATION_HOLDOUT
FAOXC160140m	Fatty acid oxidation	1	DEVELOPMENT
FAOXC160140x	Fatty acid oxidation	1	CONFIRMATION_HOLDOUT
FAOXC16080m	Fatty acid oxidation	1	CONFIRMATION_HOLDOUT
FAOXC161802m	Fatty acid oxidation	1	DEVELOPMENT
FAOXC16180m	Fatty acid oxidation	1	CONFIRMATION_HOLDOUT
FAOXC161C141m	Fatty acid oxidation	1	DEVELOPMENT
FAOXC161C141x	Fatty acid oxidation	1	DEVELOPMENT
FAOXC162C142m	Fatty acid oxidation	1	DEVELOPMENT
FAOXC163C142x	Fatty acid oxidation	1	DEVELOPMENT
FAOXC163C143m	Fatty acid oxidation	1	DEVELOPMENT
FAOXC163C164Gm	Fatty acid oxidation	1	CONFIRMATION_HOLDOUT
FAOXC163C164x	Fatty acid oxidation	1	DEVELOPMENT
FAOXC163GC142m	Fatty acid oxidation	1	DEVELOPMENT
FAOXC163Gm	Fatty acid oxidation	1	CONFIRMATION_HOLDOUT
FAOXC163x	Fatty acid oxidation	1	DEVELOPMENT
FAOXC164C143m	Fatty acid oxidation	1	CONFIRMATION_HOLDOUT
FAOXC164C143x	Fatty acid oxidation	1	DEVELOPMENT
FAOXC164C163x	Fatty acid oxidation	1	DEVELOPMENT
FAOXC164C165m	Fatty acid oxidation	1	DEVELOPMENT
FAOXC164C165x	Fatty acid oxidation	1	DEVELOPMENT
FAOXC164GC163m	Fatty acid oxidation	1	DEVELOPMENT
FAOXC164m	Fatty acid oxidation	1	DEVELOPMENT
FAOXC164x	Fatty acid oxidation	1	DEVELOPMENT
FAOXC165C164m	Fatty acid oxidation	1	DEVELOPMENT
FAOXC165C164x	Fatty acid oxidation	1	DEVELOPMENT
FAOXC16Brx	Fatty acid oxidation	1	CONFIRMATION_HOLDOUT
FAOXC16DCC14DCx	Fatty acid oxidation	1	DEVELOPMENT
FAOXC16DCr	Fatty acid oxidation	1	DEVELOPMENT
FAOXC16OHC16r	Fatty acid oxidation	1	CONFIRMATION_HOLDOUT
FAOXC180	Fatty acid oxidation	1	DEVELOPMENT
FAOXC1811601m	Fatty acid oxidation	1	DEVELOPMENT
FAOXC1811602m_1	Fatty acid oxidation	1	DEVELOPMENT
FAOXC1811603m	Fatty acid oxidation	1	DEVELOPMENT
FAOXC181C161m	Fatty acid oxidation	1	DEVELOPMENT
FAOXC181C161x	Fatty acid oxidation	1	DEVELOPMENT
FAOXC182806m	Fatty acid oxidation	1	DEVELOPMENT
FAOXC18280m	Fatty acid oxidation	1	CONFIRMATION_HOLDOUT
FAOXC182C162m	Fatty acid oxidation	1	DEVELOPMENT
FAOXC183803m	Fatty acid oxidation	1	DEVELOPMENT
FAOXC183806m	Fatty acid oxidation	1	CONFIRMATION_HOLDOUT
FAOXC183806x	Fatty acid oxidation	1	DEVELOPMENT
FAOXC183C163Gm	Fatty acid oxidation	1	DEVELOPMENT
FAOXC183C163m	Fatty acid oxidation	1	DEVELOPMENT
FAOXC18480m	Fatty acid oxidation	1	DEVELOPMENT
FAOXC18480x	Fatty acid oxidation	1	CONFIRMATION_HOLDOUT
FAOXC184C163m	Fatty acid oxidation	1	DEVELOPMENT
FAOXC184C163x	Fatty acid oxidation	1	CONFIRMATION_HOLDOUT
FAOXC184C164m	Fatty acid oxidation	1	DEVELOPMENT
FAOXC184C164x	Fatty acid oxidation	1	DEVELOPMENT
FAOXC184m	Fatty acid oxidation	1	CONFIRMATION_HOLDOUT
FAOXC184x	Fatty acid oxidation	1	DEVELOPMENT
FAOXC185C164m	Fatty acid oxidation	1	DEVELOPMENT
FAOXC185m	Fatty acid oxidation	1	DEVELOPMENT
FAOXC200180m	Fatty acid oxidation	1	DEVELOPMENT
FAOXC201C181x	Fatty acid oxidation	1	DEVELOPMENT
FAOXC2031836m	Fatty acid oxidation	1	DEVELOPMENT
FAOXC204	Fatty acid oxidation	1	DEVELOPMENT
FAOXC204184m	Fatty acid oxidation	1	DEVELOPMENT
FAOXC204C184m	Fatty acid oxidation	1	DEVELOPMENT
FAOXC204C205x	Fatty acid oxidation	1	DEVELOPMENT
FAOXC2051843m	Fatty acid oxidation	1	CONFIRMATION_HOLDOUT
FAOXC205C184x	Fatty acid oxidation	1	DEVELOPMENT
FAOXC205C185m	Fatty acid oxidation	1	DEVELOPMENT
FAOXC221C201x	Fatty acid oxidation	1	DEVELOPMENT
FAOXC2242046m	Fatty acid oxidation	1	DEVELOPMENT
FAOXC2251836m	Fatty acid oxidation	1	DEVELOPMENT
FAOXC2252053m	Fatty acid oxidation	1	DEVELOPMENT
FAOXC225C204m	Fatty acid oxidation	1	DEVELOPMENT
FAOXC225C204x	Fatty acid oxidation	1	DEVELOPMENT
FAOXC225C226m	Fatty acid oxidation	1	DEVELOPMENT
FAOXC225C226x	Fatty acid oxidation	1	DEVELOPMENT
FAOXC225m	Fatty acid oxidation	1	DEVELOPMENT
FAOXC225x	Fatty acid oxidation	1	DEVELOPMENT
FAOXC226	Fatty acid oxidation	1	DEVELOPMENT
FAOXC226205m	Fatty acid oxidation	1	DEVELOPMENT
FAOXC226C205m	Fatty acid oxidation	1	CONFIRMATION_HOLDOUT
FAOXC226C225m	Fatty acid oxidation	1	DEVELOPMENT
FAOXC226C225x	Fatty acid oxidation	1	DEVELOPMENT
FAOXC226C227m	Fatty acid oxidation	1	DEVELOPMENT
FAOXC226m	Fatty acid oxidation	1	CONFIRMATION_HOLDOUT
FAOXC227C226m	Fatty acid oxidation	1	DEVELOPMENT
FAOXC22OHC22r	Fatty acid oxidation	1	CONFIRMATION_HOLDOUT
FAOXC240200x_1	Fatty acid oxidation	1	DEVELOPMENT
FAOXC260240x_1	Fatty acid oxidation	1	DEVELOPMENT
FAOXC5C5OHm	Fatty acid oxidation	1	DEVELOPMENT
FAOXC61C4m	Fatty acid oxidation	1	DEVELOPMENT
FAOXC61C4x	Fatty acid oxidation	1	DEVELOPMENT
FAOXC61m	Fatty acid oxidation	1	DEVELOPMENT
FAOXC61x	Fatty acid oxidation	1	DEVELOPMENT
FAOXC6C4m	Fatty acid oxidation	1	DEVELOPMENT
FAOXC80	Fatty acid oxidation	1	DEVELOPMENT
FAOXC81C61m	Fatty acid oxidation	1	CONFIRMATION_HOLDOUT
FAOXC81C61x	Fatty acid oxidation	1	DEVELOPMENT
FAOXC8C6m	Fatty acid oxidation	1	DEVELOPMENT
FAOXC8DCC6DCx	Fatty acid oxidation	1	DEVELOPMENT
FAOXOHC16C16DCc	Fatty acid oxidation	1	DEVELOPMENT
FAOXOHC22C22DCc	Fatty acid oxidation	1	DEVELOPMENT
FAOXTC101TC102m	Fatty acid oxidation	1	DEVELOPMENT
FAOXTC102C101m	Fatty acid oxidation	1	DEVELOPMENT
FAOXTC122TC101m	Fatty acid oxidation	1	DEVELOPMENT
FAOXTC122m	Fatty acid oxidation	1	DEVELOPMENT
FAOXTC142TC122m	Fatty acid oxidation	1	CONFIRMATION_HOLDOUT
FAOXTC162TC142m	Fatty acid oxidation	1	DEVELOPMENT
FAOXTC182TC162m	Fatty acid oxidation	1	CONFIRMATION_HOLDOUT
FAS180	Fatty acid synthesis	1	CONFIRMATION_HOLDOUT
FATP1t	Transport, extracellular	0	DEVELOPMENT
FATP2t	Transport, extracellular	0	DEVELOPMENT
FATP3t	Transport, extracellular	0	DEVELOPMENT
FBA	Glycolysis/gluconeogenesis	2	DEVELOPMENT
FBA2	Fructose and mannose metabolism	0	DEVELOPMENT
FBA4	UNMAPPED_PATHWAY	2	DEVELOPMENT
FCLT	Heme synthesis	2	CONFIRMATION_HOLDOUT
FCLTm	Heme synthesis	2	DEVELOPMENT
FDH	Fatty acid oxidation	1	DEVELOPMENT
FE2t	Transport, extracellular	0	DEVELOPMENT
FE2utm	Transport, mitochondrial	2	DEVELOPMENT
FE3R2e_1	Heme synthesis	2	DEVELOPMENT
FMNAT	UNMAPPED_PATHWAY	2	DEVELOPMENT
FOAXC122C101x	Fatty acid oxidation	1	DEVELOPMENT
FOLABCCte	Transport, extracellular	0	CONFIRMATION_HOLDOUT
FOLOAT1tc	Transport, extracellular	0	DEVELOPMENT
FOLR2	Folate metabolism	2	CONFIRMATION_HOLDOUT
FOLt2	Transport, extracellular	0	DEVELOPMENT
FORtm	Transport, mitochondrial	2	CONFIRMATION_HOLDOUT
FORtr	Transport, endoplasmic reticular	1	CONFIRMATION_HOLDOUT
FPGS2	Folate metabolism	2	DEVELOPMENT
FPGS2m	Folate metabolism	2	DEVELOPMENT
FPGS3	Folate metabolism	2	CONFIRMATION_HOLDOUT
FPGS3m	Folate metabolism	2	DEVELOPMENT
FPGS4_1	Folate metabolism	2	DEVELOPMENT
FPGS4m_1	Folate metabolism	2	CONFIRMATION_HOLDOUT
FPGS5	Folate metabolism	2	CONFIRMATION_HOLDOUT
FPGS5m	Folate metabolism	2	CONFIRMATION_HOLDOUT
FPGS6	Folate metabolism	2	CONFIRMATION_HOLDOUT
FPGS6m	Folate metabolism	2	DEVELOPMENT
FPGS7_1	Folate metabolism	2	DEVELOPMENT
FPGS7m_1	Folate metabolism	2	DEVELOPMENT
FPGS8	Folate metabolism	2	CONFIRMATION_HOLDOUT
FPGS8m	Folate metabolism	2	CONFIRMATION_HOLDOUT
FPGS9	Folate metabolism	2	DEVELOPMENT
FPGS9m	Folate metabolism	2	DEVELOPMENT
FPGS_1	Folate metabolism	2	DEVELOPMENT
FPGSm_1	Folate metabolism	2	DEVELOPMENT
FRDPtc	Transport, peroxisomal	1	DEVELOPMENT
FRDPtcr	Transport, endoplasmic reticular	1	DEVELOPMENT
FTHFCLm	Folate metabolism	2	CONFIRMATION_HOLDOUT
FTHFDH	Folate metabolism	2	DEVELOPMENT
FTHFLi	Folate metabolism	2	DEVELOPMENT
FTHFLmi	Folate metabolism	2	DEVELOPMENT
FUC13GALACGLCGAL14ACGLCGALGLUSIDEte	Transport, extracellular	0	DEVELOPMENT
FUC14GALACGLCGALGLUSIDEte	Transport, extracellular	0	DEVELOPMENT
FUC14GALACGLCGALGLUSIDEtg	UNMAPPED_PATHWAY	2	DEVELOPMENT
FUCACNGAL14ACGLCGALGLUSIDEte	Transport, extracellular	0	DEVELOPMENT
FUM	Citric acid cycle	0	DEVELOPMENT
FUMAC	Tyrosine metabolism	0	CONFIRMATION_HOLDOUT
FUMSO4tm	Transport, mitochondrial	2	CONFIRMATION_HOLDOUT
FUMm	Citric acid cycle	0	DEVELOPMENT
FUT12g	UNMAPPED_PATHWAY	2	DEVELOPMENT
FUT92g	UNMAPPED_PATHWAY	2	DEVELOPMENT
G14T18g	UNMAPPED_PATHWAY	2	CONFIRMATION_HOLDOUT
G14T19g	UNMAPPED_PATHWAY	2	CONFIRMATION_HOLDOUT
G14T20g	UNMAPPED_PATHWAY	2	DEVELOPMENT
G14T21g	UNMAPPED_PATHWAY	2	CONFIRMATION_HOLDOUT
G14T2g	UNMAPPED_PATHWAY	2	DEVELOPMENT
G14T3g	UNMAPPED_PATHWAY	2	DEVELOPMENT
G14T4g	UNMAPPED_PATHWAY	2	CONFIRMATION_HOLDOUT
G14T5g	UNMAPPED_PATHWAY	2	DEVELOPMENT
G3PD	Glycerophospholipid metabolism	0	DEVELOPMENT
G3PD1ir	Glycerophospholipid metabolism	0	DEVELOPMENT
G3PD1irm	Glycerophospholipid metabolism	0	CONFIRMATION_HOLDOUT
G3PD2	Glycerophospholipid metabolism	0	DEVELOPMENT
G3PD2m	Glycolysis/gluconeogenesis	2	DEVELOPMENT
G5SADs	Urea cycle	0	DEVELOPMENT
G5SDym	Urea cycle	0	CONFIRMATION_HOLDOUT
G6PDA	Aminosugar metabolism	2	CONFIRMATION_HOLDOUT
G6PDH2c	Pentose phosphate pathway	0	CONFIRMATION_HOLDOUT
G6PDH2er	Pentose phosphate pathway	0	CONFIRMATION_HOLDOUT
G6PDH2r	Pentose phosphate pathway	0	DEVELOPMENT
G6PPer	Glycolysis/gluconeogenesis	2	DEVELOPMENT
G6Pt6er	Transport, endoplasmic reticular	1	CONFIRMATION_HOLDOUT
G6Pter	Transport, endoplasmic reticular	1	DEVELOPMENT
GA1tl	Transport, extracellular	0	CONFIRMATION_HOLDOUT
GACMTRc	Urea cycle	0	CONFIRMATION_HOLDOUT
GAL3ST11	Sphingolipid metabolism	2	DEVELOPMENT
GAL3ST12	Sphingolipid metabolism	2	DEVELOPMENT
GALASE16ly	Keratan sulfate degradation	1	DEVELOPMENT
GALASE17ly	Keratan sulfate degradation	1	DEVELOPMENT
GALASE18ly	Keratan sulfate degradation	1	DEVELOPMENT
GALASE19ly	Keratan sulfate degradation	1	CONFIRMATION_HOLDOUT
GALASE20ly	Keratan sulfate degradation	1	CONFIRMATION_HOLDOUT
GALGLUSIDEtg	UNMAPPED_PATHWAY	2	DEVELOPMENT
GALGLUSIDEtl	UNMAPPED_PATHWAY	2	CONFIRMATION_HOLDOUT
GALGT1	Sphingolipid metabolism	2	DEVELOPMENT
GALGT2	Sphingolipid metabolism	2	DEVELOPMENT
GALGT3	Sphingolipid metabolism	2	CONFIRMATION_HOLDOUT
GALGT4	Sphingolipid metabolism	2	DEVELOPMENT
GALKr	Galactose metabolism	0	DEVELOPMENT
GALNACT1g	Chondroitin synthesis	1	DEVELOPMENT
GALNACT2g	Chondroitin synthesis	1	DEVELOPMENT
GALNACT3g	Chondroitin synthesis	1	CONFIRMATION_HOLDOUT
GALNACT4g	Chondroitin synthesis	1	CONFIRMATION_HOLDOUT
GALNACT5g	Chondroitin synthesis	1	DEVELOPMENT
GALNTg	UNMAPPED_PATHWAY	2	DEVELOPMENT
GALOR	Galactose metabolism	0	DEVELOPMENT
GALSIDEtl	UNMAPPED_PATHWAY	2	DEVELOPMENT
GALT	Galactose metabolism	0	CONFIRMATION_HOLDOUT
GALT2g	Chondroitin synthesis	1	DEVELOPMENT
GALTg	Chondroitin synthesis	1	DEVELOPMENT
GALUi	Galactose metabolism	0	DEVELOPMENT
GALt1r	Transport, extracellular	0	DEVELOPMENT
GALtly	UNMAPPED_PATHWAY	2	CONFIRMATION_HOLDOUT
GAMt1r	Transport, extracellular	0	DEVELOPMENT
GAO1	Sphingolipid metabolism	2	DEVELOPMENT
GAO1g	Sphingolipid metabolism	2	CONFIRMATION_HOLDOUT
GAO2	Sphingolipid metabolism	2	DEVELOPMENT
GAO2g	Sphingolipid metabolism	2	CONFIRMATION_HOLDOUT
GAPD	Glycolysis/gluconeogenesis	2	CONFIRMATION_HOLDOUT
GARFT	Purine synthesis	2	DEVELOPMENT
GBA	Sphingolipid metabolism	2	DEVELOPMENT
GBAl	Sphingolipid metabolism	2	DEVELOPMENT
GBGT1	Sphingolipid metabolism	2	DEVELOPMENT
GBSIDEtl	UNMAPPED_PATHWAY	2	DEVELOPMENT
GCA3Sabc	Transport, extracellular	0	DEVELOPMENT
GCA3St	Transport, extracellular	0	CONFIRMATION_HOLDOUT
GCALDD	UNMAPPED_PATHWAY	2	CONFIRMATION_HOLDOUT
GCALDDm	UNMAPPED_PATHWAY	2	CONFIRMATION_HOLDOUT
GCC2cm	Glycine, serine, alanine, and threonine metabolism	2	DEVELOPMENT
GCCam	Glycine, serine, alanine, and threonine metabolism	2	DEVELOPMENT
GCCbim	Glycine, serine, alanine, and threonine metabolism	2	DEVELOPMENT
GCCcm	Glycine, serine, alanine, and threonine metabolism	2	DEVELOPMENT
GCDCA3Sabc	Transport, extracellular	0	DEVELOPMENT
GCDCA3St	Transport, extracellular	0	DEVELOPMENT
GCPNn	Nucleotide interconversion	2	DEVELOPMENT
GD1Atg	UNMAPPED_PATHWAY	2	CONFIRMATION_HOLDOUT
GD1Btl	UNMAPPED_PATHWAY	2	DEVELOPMENT
GD1Cte	Transport, extracellular	0	DEVELOPMENT
GD3tlc	UNMAPPED_PATHWAY	2	DEVELOPMENT
GDCA3Sabc	Transport, extracellular	0	DEVELOPMENT
GDCA3St	Transport, extracellular	0	DEVELOPMENT
GDHm	Glutamate metabolism	0	DEVELOPMENT
GDPFUCtg	UNMAPPED_PATHWAY	2	CONFIRMATION_HOLDOUT
GDPtg	UNMAPPED_PATHWAY	2	DEVELOPMENT
GDR	Glutathione metabolism	1	DEVELOPMENT
GDRm	Glutathione metabolism	1	DEVELOPMENT
GF6PTA	Aminosugar metabolism	2	DEVELOPMENT
GGH_10FTHF5GLUl	Folate metabolism	2	DEVELOPMENT
GGH_10FTHF6GLUl	Folate metabolism	2	DEVELOPMENT
GGH_10FTHF7GLUl	Folate metabolism	2	DEVELOPMENT
GGH_5DHFl	Folate metabolism	2	DEVELOPMENT
GGH_5THFl	Folate metabolism	2	DEVELOPMENT
GGH_6DHFl	Folate metabolism	2	DEVELOPMENT
GGH_6THFl	Folate metabolism	2	DEVELOPMENT
GGH_7DHFl	Folate metabolism	2	DEVELOPMENT
GGH_7THFl	Folate metabolism	2	CONFIRMATION_HOLDOUT
GGLUCT	Glutathione metabolism	1	DEVELOPMENT
GGT5r	Eicosanoid metabolism	0	DEVELOPMENT
GGTAe2	Glutathione metabolism	1	DEVELOPMENT
GGTe_1	Tyrosine metabolism	0	CONFIRMATION_HOLDOUT
GHMT2r	Glycine, serine, alanine, and threonine metabolism	2	DEVELOPMENT
GHMT2rm	Glycine, serine, alanine, and threonine metabolism	2	DEVELOPMENT
GK1	Nucleotide interconversion	2	DEVELOPMENT
GLA2l	Sphingolipid metabolism	2	DEVELOPMENT
GLACter	Transport, endoplasmic reticular	1	DEVELOPMENT
GLAl	Sphingolipid metabolism	2	DEVELOPMENT
GLB1	Sphingolipid metabolism	2	DEVELOPMENT
GLCAASE1ly	UNMAPPED_PATHWAY	2	CONFIRMATION_HOLDOUT
GLCAASE4ly	Chondroitin sulfate degradation	0	DEVELOPMENT
GLCAASE5ly	Chondroitin sulfate degradation	0	DEVELOPMENT
GLCAASE6ly	Chondroitin sulfate degradation	0	DEVELOPMENT
GLCAASE7ly	Chondroitin sulfate degradation	0	DEVELOPMENT
GLCAASE8ly	UNMAPPED_PATHWAY	2	DEVELOPMENT
GLCAASE9ly	UNMAPPED_PATHWAY	2	DEVELOPMENT
GLCAE1g	Chondroitin synthesis	1	DEVELOPMENT
GLCAE2g	Chondroitin synthesis	1	DEVELOPMENT
GLCAT2g	Chondroitin synthesis	1	DEVELOPMENT
GLCAT3g	Chondroitin synthesis	1	CONFIRMATION_HOLDOUT
GLCAT4g	Chondroitin synthesis	1	DEVELOPMENT
GLCAT5g	Chondroitin synthesis	1	CONFIRMATION_HOLDOUT
GLCAT6g	Chondroitin synthesis	1	DEVELOPMENT
GLCAT7g	Chondroitin synthesis	1	CONFIRMATION_HOLDOUT
GLCAT8g	Chondroitin synthesis	1	DEVELOPMENT
GLCAT9g	Chondroitin synthesis	1	DEVELOPMENT
GLCATg	Chondroitin synthesis	1	DEVELOPMENT
GLCNACASE1ly	UNMAPPED_PATHWAY	2	DEVELOPMENT
GLCNACASE2ly	UNMAPPED_PATHWAY	2	DEVELOPMENT
GLCNACASE3ly	UNMAPPED_PATHWAY	2	DEVELOPMENT
GLCNACASE4ly	UNMAPPED_PATHWAY	2	CONFIRMATION_HOLDOUT
GLCNACASE5ly	UNMAPPED_PATHWAY	2	DEVELOPMENT
GLCNACDASg	Chondroitin synthesis	1	DEVELOPMENT
GLCNACT1g	Chondroitin synthesis	1	DEVELOPMENT
GLCNACT2g	Chondroitin synthesis	1	CONFIRMATION_HOLDOUT
GLCNACT3g	Chondroitin synthesis	1	CONFIRMATION_HOLDOUT
GLCNACT4g	Chondroitin synthesis	1	DEVELOPMENT
GLCNACT5g	Chondroitin synthesis	1	DEVELOPMENT
GLCRt1	Transport, extracellular	0	CONFIRMATION_HOLDOUT
GLCURter	Transport, endoplasmic reticular	1	CONFIRMATION_HOLDOUT
GLCURtly	UNMAPPED_PATHWAY	2	CONFIRMATION_HOLDOUT
GLCURtr	Transport, extracellular	0	DEVELOPMENT
GLCt1	Transport, extracellular	0	DEVELOPMENT
GLCter	Transport, endoplasmic reticular	1	CONFIRMATION_HOLDOUT
GLCtg	UNMAPPED_PATHWAY	2	DEVELOPMENT
GLCtly	UNMAPPED_PATHWAY	2	DEVELOPMENT
GLNALANaEx	Transport, extracellular	0	CONFIRMATION_HOLDOUT
GLNASNGLNt	Transport, extracellular	0	DEVELOPMENT
GLNASNNaEx	Transport, extracellular	0	DEVELOPMENT
GLNCYSNaEx	Transport, extracellular	0	DEVELOPMENT
GLNHISHISt	Transport, extracellular	0	CONFIRMATION_HOLDOUT
GLNHISLYSt	Transport, extracellular	0	DEVELOPMENT
GLNLYSLYSt	Transport, extracellular	0	DEVELOPMENT
GLNLYSTRPt	Transport, extracellular	0	DEVELOPMENT
GLNPROGLUt	Transport, extracellular	0	CONFIRMATION_HOLDOUT
GLNS	Glutamate metabolism	0	DEVELOPMENT
GLNSERNaEx	Transport, extracellular	0	CONFIRMATION_HOLDOUT
GLNTHRNaEx	Transport, extracellular	0	CONFIRMATION_HOLDOUT
GLNTRPGLUt	Transport, extracellular	0	CONFIRMATION_HOLDOUT
GLNTYRLEUt	Transport, extracellular	0	DEVELOPMENT
GLNt4	Transport, extracellular	0	DEVELOPMENT
GLNtm	Transport, mitochondrial	2	DEVELOPMENT
GLU5Km	Urea cycle	0	CONFIRMATION_HOLDOUT
GLU5SAtmc	Transport, mitochondrial	2	DEVELOPMENT
GLUARGLEUt	Transport, extracellular	0	DEVELOPMENT
GLUASNLEUt	Transport, extracellular	0	DEVELOPMENT
GLUCYS	Glutathione metabolism	1	DEVELOPMENT
GLUDC	Glutamate metabolism	0	DEVELOPMENT
GLUDym	Glutamate metabolism	0	DEVELOPMENT
GLUGLUt	Transport, extracellular	0	DEVELOPMENT
GLUILELYSt	Transport, extracellular	0	DEVELOPMENT
GLULEUt	Transport, extracellular	0	DEVELOPMENT
GLUMETHISt	Transport, extracellular	0	DEVELOPMENT
GLUMETt	Transport, extracellular	0	DEVELOPMENT
GLUNm	Glutamate metabolism	0	DEVELOPMENT
GLUPRT	Purine synthesis	2	CONFIRMATION_HOLDOUT
GLUTCOAACBP	Fatty acid oxidation	1	DEVELOPMENT
GLUTCOADHm	Tryptophan metabolism	0	DEVELOPMENT
GLUTHRLYSt	Transport, extracellular	0	CONFIRMATION_HOLDOUT
GLUTHRt	Transport, extracellular	0	DEVELOPMENT
GLUTRPALAt	Transport, extracellular	0	CONFIRMATION_HOLDOUT
GLUVESSEC	Transport, extracellular	0	DEVELOPMENT
GLUt2m	Transport, mitochondrial	2	DEVELOPMENT
GLUt6	Transport, extracellular	0	DEVELOPMENT
GLUt7l	UNMAPPED_PATHWAY	2	DEVELOPMENT
GLUtr	Transport, endoplasmic reticular	1	DEVELOPMENT
GLXO1	UNMAPPED_PATHWAY	2	DEVELOPMENT
GLXtm	Transport, mitochondrial	2	DEVELOPMENT
GLXtp	Transport, peroxisomal	1	DEVELOPMENT
GLY3Pt	Transport, peroxisomal	1	DEVELOPMENT
GLYALDDr	Miscellaneous	0	CONFIRMATION_HOLDOUT
GLYAMDTRc	Urea cycle	0	DEVELOPMENT
GLYC2P3Pc	Transport, extracellular	0	DEVELOPMENT
GLYC3Ptm	Transport, mitochondrial	2	DEVELOPMENT
GLYCK2	UNMAPPED_PATHWAY	2	DEVELOPMENT
GLYCLTDy	UNMAPPED_PATHWAY	2	DEVELOPMENT
GLYCLTt	Transport, extracellular	0	DEVELOPMENT
GLYCLTtm	Transport, mitochondrial	2	CONFIRMATION_HOLDOUT
GLYCLm	Transport, extracellular	0	DEVELOPMENT
GLYC_St	Transport, extracellular	0	DEVELOPMENT
GLYCtm	Transport, mitochondrial	2	DEVELOPMENT
GLYGLYCNc	Transport, extracellular	0	DEVELOPMENT
GLYHISASNt	Transport, extracellular	0	CONFIRMATION_HOLDOUT
GLYHISLYSt	Transport, extracellular	0	CONFIRMATION_HOLDOUT
GLYK	Glycerophospholipid metabolism	0	DEVELOPMENT
GLYKm	Glycerophospholipid metabolism	0	DEVELOPMENT
GLYLEUHYDROc	Transport, extracellular	0	DEVELOPMENT
GLYLYSCYSt	Transport, extracellular	0	DEVELOPMENT
GLYLYSPHEt	Transport, extracellular	0	CONFIRMATION_HOLDOUT
GLYOX	Pyruvate metabolism	0	CONFIRMATION_HOLDOUT
GLYOXm	Pyruvate metabolism	0	DEVELOPMENT
GLYOp	Glycine, serine, alanine, and threonine metabolism	2	CONFIRMATION_HOLDOUT
GLYPROPRO1c	Transport, extracellular	0	DEVELOPMENT
GLYSARCNc	Transport, extracellular	0	DEVELOPMENT
GLYTYRLYSt	Transport, extracellular	0	CONFIRMATION_HOLDOUT
GLYVALHISt	Transport, extracellular	0	CONFIRMATION_HOLDOUT
GLYt4	Transport, extracellular	0	DEVELOPMENT
GLYtm	Transport, mitochondrial	2	DEVELOPMENT
GLYtp	Transport, peroxisomal	1	CONFIRMATION_HOLDOUT
GMAND	Fructose and mannose metabolism	0	DEVELOPMENT
GMPR	Nucleotide interconversion	2	DEVELOPMENT
GMPS	Bile acid synthesis	1	DEVELOPMENT
GMPS2	Nucleotide interconversion	2	CONFIRMATION_HOLDOUT
GMPtg	UNMAPPED_PATHWAY	2	DEVELOPMENT
GND	Pentose phosphate pathway	0	DEVELOPMENT
GNDc	Pentose phosphate pathway	0	CONFIRMATION_HOLDOUT
GNDer	Pentose phosphate pathway	0	DEVELOPMENT
GNMT	Glycine, serine, alanine, and threonine metabolism	2	DEVELOPMENT
GPAM_hs_1	Triacylglycerol synthesis	2	DEVELOPMENT
GPDDA1	Glycerophospholipid metabolism	0	CONFIRMATION_HOLDOUT
GPDDACHOL	Glycerophospholipid metabolism	0	DEVELOPMENT
GQ1Btg	UNMAPPED_PATHWAY	2	DEVELOPMENT
GRTT	Cholesterol metabolism	2	DEVELOPMENT
GRTTx	Cholesterol metabolism	2	CONFIRMATION_HOLDOUT
GSNt	Transport, extracellular	0	CONFIRMATION_HOLDOUT
GSNtl	UNMAPPED_PATHWAY	2	DEVELOPMENT
GTHOm	Glutamate metabolism	0	DEVELOPMENT
GTHOr	Glutamate metabolism	0	DEVELOPMENT
GTHPe	Glutathione metabolism	1	DEVELOPMENT
GTHPi	Glutathione metabolism	1	CONFIRMATION_HOLDOUT
GTHPm	Glutathione metabolism	1	CONFIRMATION_HOLDOUT
GTHRDt	Glutathione metabolism	1	CONFIRMATION_HOLDOUT
GTHRDtr	Transport, endoplasmic reticular	1	DEVELOPMENT
GTHS	Glutathione metabolism	1	DEVELOPMENT
GTMLTe	Glutathione metabolism	1	DEVELOPMENT
GTPCI	Tetrahydrobiopterin metabolism	2	DEVELOPMENT
GUACYC	Nucleotide interconversion	2	DEVELOPMENT
GUDCA3Sabc	Transport, extracellular	0	DEVELOPMENT
GUDCA3St	Transport, extracellular	0	DEVELOPMENT
GULN3D	Pentose phosphate pathway	0	CONFIRMATION_HOLDOUT
GULND	Miscellaneous	0	CONFIRMATION_HOLDOUT
H2O2t	Transport, extracellular	0	DEVELOPMENT
H2O2tm	Transport, mitochondrial	2	CONFIRMATION_HOLDOUT
H2O2tp	Transport, peroxisomal	1	DEVELOPMENT
H2Ot	Transport, extracellular	0	DEVELOPMENT
H2Oter	Transport, endoplasmic reticular	1	CONFIRMATION_HOLDOUT
H2Otg	UNMAPPED_PATHWAY	2	DEVELOPMENT
H2Otly	UNMAPPED_PATHWAY	2	DEVELOPMENT
H2Otp	Transport, peroxisomal	1	CONFIRMATION_HOLDOUT
HACD1m	Tryptophan metabolism	0	DEVELOPMENT
HACD1x	Tryptophan metabolism	0	DEVELOPMENT
HACD4m	Fatty acid oxidation	1	CONFIRMATION_HOLDOUT
HACD5m	Fatty acid oxidation	1	CONFIRMATION_HOLDOUT
HACD6m	Fatty acid oxidation	1	CONFIRMATION_HOLDOUT
HACD6p	Fatty acid oxidation	1	DEVELOPMENT
HACD9m	Valine, leucine, and isoleucine metabolism	0	DEVELOPMENT
HAS1	UNMAPPED_PATHWAY	2	DEVELOPMENT
HAS2	UNMAPPED_PATHWAY	2	CONFIRMATION_HOLDOUT
HAtly	UNMAPPED_PATHWAY	2	DEVELOPMENT
HBZOPT10m	UNMAPPED_PATHWAY	2	DEVELOPMENT
HC02220t	Transport, extracellular	0	CONFIRMATION_HOLDOUT
HC02220te	Transport, extracellular	0	CONFIRMATION_HOLDOUT
HCA24GSc	Bile acid synthesis	1	DEVELOPMENT
HCA24Gte	Transport, extracellular	0	DEVELOPMENT
HCA6GSc	Bile acid synthesis	1	DEVELOPMENT
HCA6Gte	Transport, extracellular	0	CONFIRMATION_HOLDOUT
HCO3E	Miscellaneous	0	CONFIRMATION_HOLDOUT
HCO3Ee	Miscellaneous	0	CONFIRMATION_HOLDOUT
HDCACBP	Fatty acid oxidation	1	CONFIRMATION_HOLDOUT
HDCAter	Transport, endoplasmic reticular	1	DEVELOPMENT
HDD2COAtx	Transport, peroxisomal	1	DEVELOPMENT
HDD2CRNte	Transport, extracellular	0	DEVELOPMENT
HDD2CRNte2	Transport, extracellular	0	DEVELOPMENT
HDDACBP	Fatty acid oxidation	1	DEVELOPMENT
HDECAACBP	Fatty acid oxidation	1	DEVELOPMENT
HDECEACBP	Fatty acid oxidation	1	DEVELOPMENT
HEX7	Fructose and mannose metabolism	0	DEVELOPMENT
HEXA1l	Sphingolipid metabolism	2	DEVELOPMENT
HEXA2l	Sphingolipid metabolism	2	DEVELOPMENT
HEXAHBl	Sphingolipid metabolism	2	DEVELOPMENT
HEXCCOAtx	Transport, peroxisomal	1	CONFIRMATION_HOLDOUT
HEXCOAACBP	Fatty acid oxidation	1	DEVELOPMENT
HEXDIACtd	Transport, extracellular	0	CONFIRMATION_HOLDOUT
HEXDIACtr	Fatty acid oxidation	1	DEVELOPMENT
HEXDICOAACBP	Fatty acid oxidation	1	DEVELOPMENT
HEXDICOAACBPx	Fatty acid oxidation	1	DEVELOPMENT
HEXDTRm	Fatty acid oxidation	1	DEVELOPMENT
HEXDTRte	Transport, extracellular	0	CONFIRMATION_HOLDOUT
HEXDTRtm	Transport, mitochondrial	2	DEVELOPMENT
HGENTISt	Transport, extracellular	0	DEVELOPMENT
HGNTOR	Tyrosine metabolism	0	CONFIRMATION_HOLDOUT
HIBDm	Valine, leucine, and isoleucine metabolism	0	CONFIRMATION_HOLDOUT
HISARGCYSt	Transport, extracellular	0	DEVELOPMENT
HISARGSERt	Transport, extracellular	0	DEVELOPMENT
HISASPt	Transport, extracellular	0	CONFIRMATION_HOLDOUT
HISCYSCYSt	Transport, extracellular	0	DEVELOPMENT
HISDC	UNMAPPED_PATHWAY	2	DEVELOPMENT
HISGLNALAt	Transport, extracellular	0	DEVELOPMENT
HISGLUGLNt	Transport, extracellular	0	DEVELOPMENT
HISGLUt	Transport, extracellular	0	DEVELOPMENT
HISGLYLYSt	Transport, extracellular	0	DEVELOPMENT
HISHISLYSt	Transport, extracellular	0	CONFIRMATION_HOLDOUT
HISLYSALAt	Transport, extracellular	0	CONFIRMATION_HOLDOUT
HISLYSGLUt	Transport, extracellular	0	DEVELOPMENT
HISLYSILEt	Transport, extracellular	0	DEVELOPMENT
HISLYSTHRt	Transport, extracellular	0	CONFIRMATION_HOLDOUT
HISLYSVALt	Transport, extracellular	0	CONFIRMATION_HOLDOUT
HISMETGLNt	Transport, extracellular	0	CONFIRMATION_HOLDOUT
HISMETt	Transport, extracellular	0	DEVELOPMENT
HISPHEARGt	Transport, extracellular	0	DEVELOPMENT
HISPROLYSt	Transport, extracellular	0	DEVELOPMENT
HISTASE	UNMAPPED_PATHWAY	2	CONFIRMATION_HOLDOUT
HISTRPHISt	Transport, extracellular	0	DEVELOPMENT
HISt4	Transport, extracellular	0	DEVELOPMENT
HIVCACBP	Fatty acid oxidation	1	DEVELOPMENT
HKYNRtr	Transport, extracellular	0	DEVELOPMENT
HMBS	Heme synthesis	2	CONFIRMATION_HOLDOUT
HMGCOAR	Cholesterol metabolism	2	DEVELOPMENT
HMGCOARx	Cholesterol metabolism	2	DEVELOPMENT
HMGCOAS	Cholesterol metabolism	2	DEVELOPMENT
HMGCOASm	Cholesterol metabolism	2	DEVELOPMENT
HMGCOAtm	Transport, mitochondrial	2	CONFIRMATION_HOLDOUT
HMGCOAtx	Transport, peroxisomal	1	CONFIRMATION_HOLDOUT
HMGLm	Cholesterol metabolism	2	DEVELOPMENT
HMGLx	Cholesterol metabolism	2	CONFIRMATION_HOLDOUT
HMR_0019	Transport, extracellular	0	DEVELOPMENT
HMR_0020	Transport, endoplasmic reticular	1	CONFIRMATION_HOLDOUT
HMR_0164	Transport, extracellular	0	DEVELOPMENT
HMR_0167	Transport, extracellular	0	DEVELOPMENT
HMR_0170	Transport, extracellular	0	DEVELOPMENT
HMR_0176	Transport, extracellular	0	CONFIRMATION_HOLDOUT
HMR_0177	Fatty acid synthesis	1	DEVELOPMENT
HMR_0178	Transport, mitochondrial	2	CONFIRMATION_HOLDOUT
HMR_0183	Transport, extracellular	0	DEVELOPMENT
HMR_0188	Fatty acid synthesis	1	DEVELOPMENT
HMR_0191	Transport, extracellular	0	DEVELOPMENT
HMR_0192	Fatty acid synthesis	1	CONFIRMATION_HOLDOUT
HMR_0193	Fatty acid oxidation	1	DEVELOPMENT
HMR_0194	Transport, extracellular	0	CONFIRMATION_HOLDOUT
HMR_0200	Fatty acid synthesis	1	CONFIRMATION_HOLDOUT
HMR_0201	Fatty acid oxidation	1	DEVELOPMENT
HMR_0203	Transport, extracellular	0	CONFIRMATION_HOLDOUT
HMR_0204	Fatty acid synthesis	1	CONFIRMATION_HOLDOUT
HMR_0206	Fatty acid oxidation	1	CONFIRMATION_HOLDOUT
HMR_0207	Transport, extracellular	0	DEVELOPMENT
HMR_0208	Transport, extracellular	0	DEVELOPMENT
HMR_0209	Fatty acid synthesis	1	CONFIRMATION_HOLDOUT
HMR_0210	Fatty acid oxidation	1	DEVELOPMENT
HMR_0211	Transport, extracellular	0	CONFIRMATION_HOLDOUT
HMR_0214	Fatty acid oxidation	1	CONFIRMATION_HOLDOUT
HMR_0232	Transport, extracellular	0	DEVELOPMENT
HMR_0233	Fatty acid synthesis	1	DEVELOPMENT
HMR_0234	Fatty acid oxidation	1	DEVELOPMENT
HMR_0235	Transport, extracellular	0	DEVELOPMENT
HMR_0238	Fatty acid oxidation	1	CONFIRMATION_HOLDOUT
HMR_0240	Transport, extracellular	0	DEVELOPMENT
HMR_0241	Fatty acid synthesis	1	DEVELOPMENT
HMR_0242	Fatty acid oxidation	1	DEVELOPMENT
HMR_0243	Transport, extracellular	0	DEVELOPMENT
HMR_0244	Transport, extracellular	0	CONFIRMATION_HOLDOUT
HMR_0245	Fatty acid synthesis	1	DEVELOPMENT
HMR_0246	Fatty acid oxidation	1	DEVELOPMENT
HMR_0247	Transport, extracellular	0	DEVELOPMENT
HMR_0254	Transport, extracellular	0	CONFIRMATION_HOLDOUT
HMR_0255	Fatty acid synthesis	1	CONFIRMATION_HOLDOUT
HMR_0256	Fatty acid oxidation	1	DEVELOPMENT
HMR_0257	Transport, extracellular	0	DEVELOPMENT
HMR_0260	Fatty acid oxidation	1	DEVELOPMENT
HMR_0267	Fatty acid synthesis	1	DEVELOPMENT
HMR_0268	Fatty acid oxidation	1	CONFIRMATION_HOLDOUT
HMR_0270	Transport, extracellular	0	DEVELOPMENT
HMR_0271	Fatty acid synthesis	1	DEVELOPMENT
HMR_0272	Fatty acid oxidation	1	DEVELOPMENT
HMR_0273	Transport, extracellular	0	DEVELOPMENT
HMR_0276	Fatty acid oxidation	1	DEVELOPMENT
HMR_0278	Transport, extracellular	0	DEVELOPMENT
HMR_0279	Fatty acid synthesis	1	DEVELOPMENT
HMR_0280	Fatty acid oxidation	1	CONFIRMATION_HOLDOUT
HMR_0281	Transport, extracellular	0	DEVELOPMENT
HMR_0288	Transport, extracellular	0	DEVELOPMENT
HMR_0289	Fatty acid synthesis	1	DEVELOPMENT
HMR_0290	Fatty acid oxidation	1	DEVELOPMENT
HMR_0291	Transport, extracellular	0	DEVELOPMENT
HMR_0292	Transport, extracellular	0	DEVELOPMENT
HMR_0293	Fatty acid synthesis	1	CONFIRMATION_HOLDOUT
HMR_0296	Transport, extracellular	0	DEVELOPMENT
HMR_0297	Fatty acid synthesis	1	CONFIRMATION_HOLDOUT
HMR_0298	Fatty acid oxidation	1	DEVELOPMENT
HMR_0299	Transport, extracellular	0	DEVELOPMENT
HMR_0300	Transport, extracellular	0	DEVELOPMENT
HMR_0301	Fatty acid synthesis	1	CONFIRMATION_HOLDOUT
HMR_0302	Fatty acid oxidation	1	CONFIRMATION_HOLDOUT
HMR_0303	Transport, extracellular	0	CONFIRMATION_HOLDOUT
HMR_0304	Transport, extracellular	0	DEVELOPMENT
HMR_0305	Fatty acid synthesis	1	CONFIRMATION_HOLDOUT
HMR_0306	Fatty acid oxidation	1	DEVELOPMENT
HMR_0307	Transport, extracellular	0	DEVELOPMENT
HMR_0308	Transport, extracellular	0	DEVELOPMENT
HMR_0309	Fatty acid synthesis	1	DEVELOPMENT
HMR_0310	Fatty acid oxidation	1	DEVELOPMENT
HMR_0311	Transport, extracellular	0	DEVELOPMENT
HMR_0319	Fatty acid synthesis	1	DEVELOPMENT
HMR_0322	Transport, extracellular	0	DEVELOPMENT
HMR_0323	Fatty acid synthesis	1	DEVELOPMENT
HMR_0324	Fatty acid oxidation	1	DEVELOPMENT
HMR_0325	Transport, extracellular	0	CONFIRMATION_HOLDOUT
HMR_0326	Transport, extracellular	0	DEVELOPMENT
HMR_0327	Fatty acid synthesis	1	DEVELOPMENT
HMR_0328	Fatty acid oxidation	1	CONFIRMATION_HOLDOUT
HMR_0329	Transport, extracellular	0	CONFIRMATION_HOLDOUT
HMR_0344	Transport, extracellular	0	DEVELOPMENT
HMR_0345	Fatty acid synthesis	1	DEVELOPMENT
HMR_0346	Fatty acid oxidation	1	CONFIRMATION_HOLDOUT
HMR_0347	Transport, extracellular	0	CONFIRMATION_HOLDOUT
HMR_0354	Fatty acid oxidation	1	DEVELOPMENT
HMR_0358	Fatty acid oxidation	1	DEVELOPMENT
HMR_0362	Fatty acid oxidation	1	DEVELOPMENT
HMR_0366	Fatty acid oxidation	1	DEVELOPMENT
HMR_0370	Fatty acid oxidation	1	CONFIRMATION_HOLDOUT
HMR_0374	Fatty acid oxidation	1	CONFIRMATION_HOLDOUT
HMR_0378	Fatty acid oxidation	1	DEVELOPMENT
HMR_0380	Transport, extracellular	0	CONFIRMATION_HOLDOUT
HMR_0381	Fatty acid synthesis	1	DEVELOPMENT
HMR_0382	Fatty acid oxidation	1	DEVELOPMENT
HMR_0383	Transport, extracellular	0	DEVELOPMENT
HMR_0384	Transport, extracellular	0	DEVELOPMENT
HMR_0385	Fatty acid synthesis	1	DEVELOPMENT
HMR_0386	Fatty acid oxidation	1	DEVELOPMENT
HMR_0387	Transport, extracellular	0	DEVELOPMENT
HMR_0388	Transport, extracellular	0	DEVELOPMENT
HMR_0389	Fatty acid synthesis	1	DEVELOPMENT
HMR_0390	Fatty acid oxidation	1	DEVELOPMENT
HMR_0391	Transport, extracellular	0	DEVELOPMENT
HMR_0392	Transport, extracellular	0	DEVELOPMENT
HMR_0393	Fatty acid synthesis	1	CONFIRMATION_HOLDOUT
HMR_0394	Fatty acid oxidation	1	DEVELOPMENT
HMR_0395	Transport, extracellular	0	DEVELOPMENT
HMR_0406	Fatty acid oxidation	1	DEVELOPMENT
HMR_0410	Fatty acid oxidation	1	DEVELOPMENT
HMR_0414	Fatty acid oxidation	1	DEVELOPMENT
HMR_0418	Fatty acid oxidation	1	DEVELOPMENT
HMR_0422	Fatty acid oxidation	1	DEVELOPMENT
HMR_0426	Fatty acid oxidation	1	DEVELOPMENT
HMR_0428	Transport, extracellular	0	CONFIRMATION_HOLDOUT
HMR_0429	Fatty acid synthesis	1	CONFIRMATION_HOLDOUT
HMR_0430	Fatty acid oxidation	1	DEVELOPMENT
HMR_0431	Transport, extracellular	0	DEVELOPMENT
HMR_0432	Transport, extracellular	0	DEVELOPMENT
HMR_0433	Fatty acid synthesis	1	DEVELOPMENT
HMR_0434	Fatty acid oxidation	1	DEVELOPMENT
HMR_0435	Transport, extracellular	0	DEVELOPMENT
HMR_0436	Transport, extracellular	0	DEVELOPMENT
HMR_0437	Fatty acid synthesis	1	CONFIRMATION_HOLDOUT
HMR_0438	Fatty acid oxidation	1	DEVELOPMENT
HMR_0439	Transport, extracellular	0	CONFIRMATION_HOLDOUT
HMR_0582	Glycerophospholipid metabolism	0	DEVELOPMENT
HMR_0586	Glycerophospholipid metabolism	0	DEVELOPMENT
HMR_0593	Glycerophospholipid metabolism	0	DEVELOPMENT
HMR_0597	Glycerophospholipid metabolism	0	DEVELOPMENT
HMR_0598	Glycerophospholipid metabolism	0	DEVELOPMENT
HMR_0601	Glycerophospholipid metabolism	0	DEVELOPMENT
HMR_0614	Glycerophospholipid metabolism	0	CONFIRMATION_HOLDOUT
HMR_0625	Glycerophospholipid metabolism	0	CONFIRMATION_HOLDOUT
HMR_0629	Glycerophospholipid metabolism	0	DEVELOPMENT
HMR_0634	Glycerophospholipid metabolism	0	DEVELOPMENT
HMR_0642	Glycerophospholipid metabolism	0	DEVELOPMENT
HMR_0653	Glycerophospholipid metabolism	0	CONFIRMATION_HOLDOUT
HMR_0654	Glycerophospholipid metabolism	0	DEVELOPMENT
HMR_0657	Glycerophospholipid metabolism	0	DEVELOPMENT
HMR_0672	Glycerophospholipid metabolism	0	DEVELOPMENT
HMR_0678	Glycerophospholipid metabolism	0	CONFIRMATION_HOLDOUT
HMR_0750	Sphingolipid metabolism	2	DEVELOPMENT
HMR_0753	Sphingolipid metabolism	2	DEVELOPMENT
HMR_0758	Sphingolipid metabolism	2	DEVELOPMENT
HMR_0761	Sphingolipid metabolism	2	DEVELOPMENT
HMR_0765	Sphingolipid metabolism	2	CONFIRMATION_HOLDOUT
HMR_0767	Sphingolipid metabolism	2	CONFIRMATION_HOLDOUT
HMR_0769	UNMAPPED_PATHWAY	2	CONFIRMATION_HOLDOUT
HMR_0770	Transport, extracellular	0	CONFIRMATION_HOLDOUT
HMR_0783	Sphingolipid metabolism	2	DEVELOPMENT
HMR_0793	Glycosphingolipid metabolism	2	DEVELOPMENT
HMR_0795	Sphingolipid metabolism	2	DEVELOPMENT
HMR_0803	Glycosphingolipid metabolism	2	DEVELOPMENT
HMR_0805	Glycosphingolipid metabolism	2	CONFIRMATION_HOLDOUT
HMR_0806	Glycosphingolipid metabolism	2	DEVELOPMENT
HMR_0807	Glycosphingolipid metabolism	2	DEVELOPMENT
HMR_0808	Glycosphingolipid metabolism	2	DEVELOPMENT
HMR_0810	Glycosphingolipid metabolism	2	DEVELOPMENT
HMR_0811	Glycosphingolipid metabolism	2	CONFIRMATION_HOLDOUT
HMR_0812	Glycosphingolipid metabolism	2	DEVELOPMENT
HMR_0814	Glycosphingolipid metabolism	2	DEVELOPMENT
HMR_0815	Glycosphingolipid metabolism	2	DEVELOPMENT
HMR_0816	Glycosphingolipid metabolism	2	CONFIRMATION_HOLDOUT
HMR_0817	Glycosphingolipid metabolism	2	CONFIRMATION_HOLDOUT
HMR_0819	Glycosphingolipid metabolism	2	DEVELOPMENT
HMR_0820	Glycosphingolipid metabolism	2	DEVELOPMENT
HMR_0821	Glycosphingolipid metabolism	2	DEVELOPMENT
HMR_0822	Glycosphingolipid metabolism	2	CONFIRMATION_HOLDOUT
HMR_0823	Glycosphingolipid metabolism	2	CONFIRMATION_HOLDOUT
HMR_0824	Glycosphingolipid metabolism	2	DEVELOPMENT
HMR_0825	Glycosphingolipid metabolism	2	DEVELOPMENT
HMR_0827	Glycosphingolipid metabolism	2	DEVELOPMENT
HMR_0828	Glycosphingolipid metabolism	2	DEVELOPMENT
HMR_0829	Glycosphingolipid metabolism	2	DEVELOPMENT
HMR_0830	Glycosphingolipid metabolism	2	CONFIRMATION_HOLDOUT
HMR_0831	UNMAPPED_PATHWAY	2	DEVELOPMENT
HMR_0835	Glycosphingolipid metabolism	2	CONFIRMATION_HOLDOUT
HMR_0836	Glycosphingolipid metabolism	2	DEVELOPMENT
HMR_0837	Glycosphingolipid metabolism	2	CONFIRMATION_HOLDOUT
HMR_0841	Glycosphingolipid metabolism	2	CONFIRMATION_HOLDOUT
HMR_0842	Glycosphingolipid metabolism	2	CONFIRMATION_HOLDOUT
HMR_0843	Glycosphingolipid metabolism	2	DEVELOPMENT
HMR_0844	Glycosphingolipid metabolism	2	DEVELOPMENT
HMR_0846	Glycosphingolipid metabolism	2	DEVELOPMENT
HMR_0847	Glycosphingolipid metabolism	2	DEVELOPMENT
HMR_0849	Glycosphingolipid metabolism	2	DEVELOPMENT
HMR_0855	Glycosphingolipid metabolism	2	DEVELOPMENT
HMR_0859	Glycosphingolipid metabolism	2	DEVELOPMENT
HMR_0875	Glycosphingolipid metabolism	2	CONFIRMATION_HOLDOUT
HMR_0876	Glycosphingolipid metabolism	2	CONFIRMATION_HOLDOUT
HMR_0878	Glycosphingolipid metabolism	2	DEVELOPMENT
HMR_0889	Glycosphingolipid metabolism	2	DEVELOPMENT
HMR_0890	Glycosphingolipid metabolism	2	DEVELOPMENT
HMR_0910	Glycosphingolipid metabolism	2	DEVELOPMENT
HMR_0911	Glycosphingolipid metabolism	2	DEVELOPMENT
HMR_0942	UNMAPPED_PATHWAY	2	DEVELOPMENT
HMR_0946	UNMAPPED_PATHWAY	2	CONFIRMATION_HOLDOUT
HMR_0950	UNMAPPED_PATHWAY	2	DEVELOPMENT
HMR_0954	UNMAPPED_PATHWAY	2	CONFIRMATION_HOLDOUT
HMR_0960	UNMAPPED_PATHWAY	2	CONFIRMATION_HOLDOUT
HMR_0962	Transport, mitochondrial	2	DEVELOPMENT
HMR_0963	UNMAPPED_PATHWAY	2	CONFIRMATION_HOLDOUT
HMR_0980	UNMAPPED_PATHWAY	2	DEVELOPMENT
HMR_0981	UNMAPPED_PATHWAY	2	DEVELOPMENT
HMR_1081	Leukotriene metabolism	1	DEVELOPMENT
HMR_1085	Leukotriene metabolism	1	DEVELOPMENT
HMR_1102	Leukotriene metabolism	1	DEVELOPMENT
HMR_1126	Leukotriene metabolism	1	DEVELOPMENT
HMR_1127	Leukotriene metabolism	1	CONFIRMATION_HOLDOUT
HMR_1129	Leukotriene metabolism	1	DEVELOPMENT
HMR_1280	Leukotriene metabolism	1	CONFIRMATION_HOLDOUT
HMR_1284	Transport, mitochondrial	2	CONFIRMATION_HOLDOUT
HMR_1305	Eicosanoid metabolism	0	CONFIRMATION_HOLDOUT
HMR_1307	Eicosanoid metabolism	0	DEVELOPMENT
HMR_1311	Transport, endoplasmic reticular	1	DEVELOPMENT
HMR_1321	Eicosanoid metabolism	0	DEVELOPMENT
HMR_1390	Eicosanoid metabolism	0	DEVELOPMENT
HMR_1392	Transport, endoplasmic reticular	1	CONFIRMATION_HOLDOUT
HMR_1465	Cholesterol metabolism	2	DEVELOPMENT
HMR_1467	Cholesterol metabolism	2	DEVELOPMENT
HMR_1477	Cholesterol metabolism	2	DEVELOPMENT
HMR_1478	Cholesterol metabolism	2	DEVELOPMENT
HMR_1479	Cholesterol metabolism	2	DEVELOPMENT
HMR_1490	Cholesterol metabolism	2	DEVELOPMENT
HMR_1493	Cholesterol metabolism	2	DEVELOPMENT
HMR_1494	Cholesterol metabolism	2	DEVELOPMENT
HMR_1495	Cholesterol metabolism	2	DEVELOPMENT
HMR_1500	Cholesterol metabolism	2	DEVELOPMENT
HMR_1502	Cholesterol metabolism	2	DEVELOPMENT
HMR_1503	Cholesterol metabolism	2	CONFIRMATION_HOLDOUT
HMR_1504	Cholesterol metabolism	2	DEVELOPMENT
HMR_1505	Cholesterol metabolism	2	DEVELOPMENT
HMR_1509	Cholesterol metabolism	2	DEVELOPMENT
HMR_1516	Cholesterol metabolism	2	DEVELOPMENT
HMR_1536	Cholesterol metabolism	2	DEVELOPMENT
HMR_1538	Cholesterol metabolism	2	DEVELOPMENT
HMR_1539	Cholesterol metabolism	2	DEVELOPMENT
HMR_1540	Cholesterol metabolism	2	DEVELOPMENT
HMR_1543	Cholesterol metabolism	2	DEVELOPMENT
HMR_1544	Cholesterol metabolism	2	DEVELOPMENT
HMR_1545	Cholesterol metabolism	2	DEVELOPMENT
HMR_1546	Cholesterol metabolism	2	CONFIRMATION_HOLDOUT
HMR_1547	Cholesterol metabolism	2	DEVELOPMENT
HMR_1548	Cholesterol metabolism	2	DEVELOPMENT
HMR_1549	Cholesterol metabolism	2	CONFIRMATION_HOLDOUT
HMR_1550	Cholesterol metabolism	2	DEVELOPMENT
HMR_1551	Cholesterol metabolism	2	DEVELOPMENT
HMR_1552	Cholesterol metabolism	2	DEVELOPMENT
HMR_1557	Cholesterol metabolism	2	CONFIRMATION_HOLDOUT
HMR_1565	Cholesterol metabolism	2	DEVELOPMENT
HMR_1623	Transport, peroxisomal	1	DEVELOPMENT
HMR_1627	Bile acid synthesis	1	DEVELOPMENT
HMR_1630	Transport, mitochondrial	2	DEVELOPMENT
HMR_1635	Bile acid synthesis	1	DEVELOPMENT
HMR_1637	Bile acid synthesis	1	CONFIRMATION_HOLDOUT
HMR_1644	Steroid metabolism	1	DEVELOPMENT
HMR_1651	Steroid metabolism	1	DEVELOPMENT
HMR_1653	Bile acid synthesis	1	DEVELOPMENT
HMR_1701	Transport, peroxisomal	1	DEVELOPMENT
HMR_1706	Bile acid synthesis	1	DEVELOPMENT
HMR_1738	Bile acid synthesis	1	CONFIRMATION_HOLDOUT
HMR_1739	Bile acid synthesis	1	DEVELOPMENT
HMR_1740	Bile acid synthesis	1	CONFIRMATION_HOLDOUT
HMR_1742	Bile acid synthesis	1	DEVELOPMENT
HMR_1744	Transport, mitochondrial	2	DEVELOPMENT
HMR_1746	Bile acid synthesis	1	CONFIRMATION_HOLDOUT
HMR_1748	Bile acid synthesis	1	CONFIRMATION_HOLDOUT
HMR_1750	Bile acid synthesis	1	DEVELOPMENT
HMR_1752	Transport, mitochondrial	2	CONFIRMATION_HOLDOUT
HMR_1754	Bile acid synthesis	1	DEVELOPMENT
HMR_1758	Transport, peroxisomal	1	CONFIRMATION_HOLDOUT
HMR_1760	Bile acid synthesis	1	CONFIRMATION_HOLDOUT
HMR_1766	Bile acid synthesis	1	DEVELOPMENT
HMR_1767	Bile acid synthesis	1	DEVELOPMENT
HMR_1768	Bile acid synthesis	1	DEVELOPMENT
HMR_1769	Bile acid synthesis	1	DEVELOPMENT
HMR_1770	Bile acid synthesis	1	DEVELOPMENT
HMR_1771	Bile acid synthesis	1	CONFIRMATION_HOLDOUT
HMR_1781	Bile acid synthesis	1	DEVELOPMENT
HMR_1785	Bile acid synthesis	1	DEVELOPMENT
HMR_1786	Bile acid synthesis	1	DEVELOPMENT
HMR_1916	UNMAPPED_PATHWAY	2	DEVELOPMENT
HMR_1927	Steroid metabolism	1	CONFIRMATION_HOLDOUT
HMR_1928	Steroid metabolism	1	DEVELOPMENT
HMR_1929	Steroid metabolism	1	DEVELOPMENT
HMR_1944	UNMAPPED_PATHWAY	2	DEVELOPMENT
HMR_1968	UNMAPPED_PATHWAY	2	CONFIRMATION_HOLDOUT
HMR_1971	UNMAPPED_PATHWAY	2	DEVELOPMENT
HMR_1976	UNMAPPED_PATHWAY	2	CONFIRMATION_HOLDOUT
HMR_1981	Steroid metabolism	1	DEVELOPMENT
HMR_1996	Steroid metabolism	1	DEVELOPMENT
HMR_2029	UNMAPPED_PATHWAY	2	DEVELOPMENT
HMR_2041	Steroid metabolism	1	DEVELOPMENT
HMR_2088	UNMAPPED_PATHWAY	2	CONFIRMATION_HOLDOUT
HMR_2089	UNMAPPED_PATHWAY	2	DEVELOPMENT
HMR_2190	Fatty acid synthesis	1	CONFIRMATION_HOLDOUT
HMR_2193	Fatty acid synthesis	1	CONFIRMATION_HOLDOUT
HMR_2210	Fatty acid synthesis	1	DEVELOPMENT
HMR_2211	Fatty acid synthesis	1	DEVELOPMENT
HMR_2215	Fatty acid synthesis	1	CONFIRMATION_HOLDOUT
HMR_2217	Fatty acid synthesis	1	DEVELOPMENT
HMR_2218	Fatty acid synthesis	1	DEVELOPMENT
HMR_2219	Fatty acid synthesis	1	DEVELOPMENT
HMR_2259	Fatty acid synthesis	1	DEVELOPMENT
HMR_2260	Fatty acid synthesis	1	DEVELOPMENT
HMR_2261	Fatty acid synthesis	1	DEVELOPMENT
HMR_2262	Fatty acid synthesis	1	CONFIRMATION_HOLDOUT
HMR_2263	Fatty acid synthesis	1	DEVELOPMENT
HMR_2264	Fatty acid synthesis	1	DEVELOPMENT
HMR_2265	Fatty acid synthesis	1	DEVELOPMENT
HMR_2266	Fatty acid synthesis	1	DEVELOPMENT
HMR_2281	Fatty acid synthesis	1	DEVELOPMENT
HMR_2282	Fatty acid synthesis	1	CONFIRMATION_HOLDOUT
HMR_2284	Fatty acid synthesis	1	CONFIRMATION_HOLDOUT
HMR_2287	Fatty acid synthesis	1	DEVELOPMENT
HMR_2292	Fatty acid synthesis	1	CONFIRMATION_HOLDOUT
HMR_2293	Fatty acid synthesis	1	DEVELOPMENT
HMR_2295	Fatty acid synthesis	1	DEVELOPMENT
HMR_2296	Fatty acid synthesis	1	CONFIRMATION_HOLDOUT
HMR_2332	Fatty acid synthesis	1	CONFIRMATION_HOLDOUT
HMR_2334	Fatty acid synthesis	1	CONFIRMATION_HOLDOUT
HMR_2336	Fatty acid synthesis	1	DEVELOPMENT
HMR_2338	Fatty acid synthesis	1	CONFIRMATION_HOLDOUT
HMR_2342	Fatty acid synthesis	1	CONFIRMATION_HOLDOUT
HMR_2343	Fatty acid synthesis	1	DEVELOPMENT
HMR_2344	Fatty acid synthesis	1	DEVELOPMENT
HMR_2345	Fatty acid synthesis	1	DEVELOPMENT
HMR_2347	Fatty acid synthesis	1	DEVELOPMENT
HMR_2348	Fatty acid synthesis	1	CONFIRMATION_HOLDOUT
HMR_2349	Fatty acid synthesis	1	CONFIRMATION_HOLDOUT
HMR_2350	Fatty acid synthesis	1	CONFIRMATION_HOLDOUT
HMR_2353	Fatty acid synthesis	1	DEVELOPMENT
HMR_2354	Fatty acid synthesis	1	DEVELOPMENT
HMR_2355	Fatty acid synthesis	1	DEVELOPMENT
HMR_2356	Fatty acid synthesis	1	DEVELOPMENT
HMR_2359	Fatty acid synthesis	1	DEVELOPMENT
HMR_2361	Fatty acid synthesis	1	DEVELOPMENT
HMR_2362	Fatty acid synthesis	1	DEVELOPMENT
HMR_2363	Fatty acid synthesis	1	CONFIRMATION_HOLDOUT
HMR_2364	Fatty acid synthesis	1	CONFIRMATION_HOLDOUT
HMR_2365	Fatty acid synthesis	1	DEVELOPMENT
HMR_2368	Fatty acid synthesis	1	CONFIRMATION_HOLDOUT
HMR_2374	Fatty acid synthesis	1	DEVELOPMENT
HMR_2376	Fatty acid synthesis	1	CONFIRMATION_HOLDOUT
HMR_2380	Fatty acid synthesis	1	DEVELOPMENT
HMR_2391	Fatty acid synthesis	1	DEVELOPMENT
HMR_2393	Fatty acid synthesis	1	CONFIRMATION_HOLDOUT
HMR_2395	Fatty acid synthesis	1	DEVELOPMENT
HMR_2433	Fatty acid synthesis	1	CONFIRMATION_HOLDOUT
HMR_2434	Fatty acid synthesis	1	DEVELOPMENT
HMR_2435	Fatty acid synthesis	1	DEVELOPMENT
HMR_2436	Fatty acid synthesis	1	DEVELOPMENT
HMR_2472	Fatty acid synthesis	1	DEVELOPMENT
HMR_2484	Fatty acid synthesis	1	DEVELOPMENT
HMR_2495	Fatty acid synthesis	1	DEVELOPMENT
HMR_2530	Fatty acid synthesis	1	DEVELOPMENT
HMR_2533	Fatty acid synthesis	1	DEVELOPMENT
HMR_2535	Fatty acid synthesis	1	DEVELOPMENT
HMR_2537	Fatty acid synthesis	1	DEVELOPMENT
HMR_2540	Fatty acid synthesis	1	DEVELOPMENT
HMR_2541	Fatty acid synthesis	1	DEVELOPMENT
HMR_2542	Fatty acid synthesis	1	CONFIRMATION_HOLDOUT
HMR_2543	Fatty acid synthesis	1	CONFIRMATION_HOLDOUT
HMR_2581	Fatty acid synthesis	1	DEVELOPMENT
HMR_2603	Transport, mitochondrial	2	DEVELOPMENT
HMR_2604	Transport, mitochondrial	2	DEVELOPMENT
HMR_2608	Fatty acid oxidation	1	DEVELOPMENT
HMR_2609	Transport, mitochondrial	2	DEVELOPMENT
HMR_2610	Transport, mitochondrial	2	DEVELOPMENT
HMR_2611	Fatty acid oxidation	1	CONFIRMATION_HOLDOUT
HMR_2613	Transport, mitochondrial	2	DEVELOPMENT
HMR_2621	Transport, mitochondrial	2	DEVELOPMENT
HMR_2622	Transport, mitochondrial	2	DEVELOPMENT
HMR_2624	Transport, mitochondrial	2	CONFIRMATION_HOLDOUT
HMR_2633	Fatty acid oxidation	1	DEVELOPMENT
HMR_2634	Transport, mitochondrial	2	DEVELOPMENT
HMR_2635	Transport, mitochondrial	2	CONFIRMATION_HOLDOUT
HMR_2644	Transport, mitochondrial	2	DEVELOPMENT
HMR_2649	Transport, mitochondrial	2	DEVELOPMENT
HMR_2650	Transport, mitochondrial	2	DEVELOPMENT
HMR_2652	Transport, mitochondrial	2	CONFIRMATION_HOLDOUT
HMR_2653	Transport, mitochondrial	2	DEVELOPMENT
HMR_2657	Fatty acid oxidation	1	DEVELOPMENT
HMR_2659	Transport, mitochondrial	2	DEVELOPMENT
HMR_2661	Transport, mitochondrial	2	DEVELOPMENT
HMR_2666	Fatty acid oxidation	1	DEVELOPMENT
HMR_2667	Transport, mitochondrial	2	DEVELOPMENT
HMR_2668	Transport, mitochondrial	2	CONFIRMATION_HOLDOUT
HMR_2669	Fatty acid oxidation	1	CONFIRMATION_HOLDOUT
HMR_2670	Transport, mitochondrial	2	CONFIRMATION_HOLDOUT
HMR_2671	Transport, mitochondrial	2	DEVELOPMENT
HMR_2673	Transport, mitochondrial	2	DEVELOPMENT
HMR_2675	Fatty acid oxidation	1	CONFIRMATION_HOLDOUT
HMR_2676	Transport, mitochondrial	2	CONFIRMATION_HOLDOUT
HMR_2677	Transport, mitochondrial	2	CONFIRMATION_HOLDOUT
HMR_2679	Transport, mitochondrial	2	DEVELOPMENT
HMR_2681	Fatty acid oxidation	1	DEVELOPMENT
HMR_2682	Transport, mitochondrial	2	DEVELOPMENT
HMR_2683	Transport, mitochondrial	2	DEVELOPMENT
HMR_2684	Fatty acid oxidation	1	DEVELOPMENT
HMR_2685	Transport, mitochondrial	2	DEVELOPMENT
HMR_2686	Transport, mitochondrial	2	DEVELOPMENT
HMR_2687	Fatty acid oxidation	1	DEVELOPMENT
HMR_2688	Transport, mitochondrial	2	DEVELOPMENT
HMR_2689	Transport, mitochondrial	2	CONFIRMATION_HOLDOUT
HMR_2690	Fatty acid oxidation	1	DEVELOPMENT
HMR_2691	Transport, mitochondrial	2	DEVELOPMENT
HMR_2692	Transport, mitochondrial	2	DEVELOPMENT
HMR_2693	Fatty acid oxidation	1	DEVELOPMENT
HMR_2695	Transport, mitochondrial	2	DEVELOPMENT
HMR_2697	Transport, mitochondrial	2	DEVELOPMENT
HMR_2699	Fatty acid oxidation	1	DEVELOPMENT
HMR_2700	Transport, mitochondrial	2	CONFIRMATION_HOLDOUT
HMR_2701	Transport, mitochondrial	2	CONFIRMATION_HOLDOUT
HMR_2702	Fatty acid oxidation	1	DEVELOPMENT
HMR_2703	Transport, mitochondrial	2	DEVELOPMENT
HMR_2704	Transport, mitochondrial	2	CONFIRMATION_HOLDOUT
HMR_2705	Fatty acid oxidation	1	DEVELOPMENT
HMR_2706	Transport, mitochondrial	2	DEVELOPMENT
HMR_2707	Transport, mitochondrial	2	CONFIRMATION_HOLDOUT
HMR_2708	Fatty acid oxidation	1	DEVELOPMENT
HMR_2709	Transport, mitochondrial	2	DEVELOPMENT
HMR_2710	Transport, mitochondrial	2	DEVELOPMENT
HMR_2711	Fatty acid oxidation	1	DEVELOPMENT
HMR_2712	Transport, mitochondrial	2	DEVELOPMENT
HMR_2713	Transport, mitochondrial	2	CONFIRMATION_HOLDOUT
HMR_2715	Transport, mitochondrial	2	DEVELOPMENT
HMR_2718	Transport, mitochondrial	2	DEVELOPMENT
HMR_2722	Transport, mitochondrial	2	DEVELOPMENT
HMR_2727	Transport, mitochondrial	2	DEVELOPMENT
HMR_2731	Transport, mitochondrial	2	DEVELOPMENT
HMR_2733	Fatty acid oxidation	1	DEVELOPMENT
HMR_2734	Transport, mitochondrial	2	DEVELOPMENT
HMR_2735	Transport, mitochondrial	2	DEVELOPMENT
HMR_2736	Fatty acid oxidation	1	DEVELOPMENT
HMR_2737	Transport, mitochondrial	2	DEVELOPMENT
HMR_2738	Transport, mitochondrial	2	DEVELOPMENT
HMR_2739	Fatty acid oxidation	1	DEVELOPMENT
HMR_2740	Transport, mitochondrial	2	DEVELOPMENT
HMR_2741	Transport, mitochondrial	2	DEVELOPMENT
HMR_2753	Transport, mitochondrial	2	DEVELOPMENT
HMR_2757	Transport, mitochondrial	2	DEVELOPMENT
HMR_2760	Transport, mitochondrial	2	DEVELOPMENT
HMR_2764	Transport, mitochondrial	2	DEVELOPMENT
HMR_2768	Fatty acid oxidation	1	DEVELOPMENT
HMR_2769	Transport, mitochondrial	2	DEVELOPMENT
HMR_2770	Transport, mitochondrial	2	DEVELOPMENT
HMR_2771	Fatty acid oxidation	1	DEVELOPMENT
HMR_2772	Transport, mitochondrial	2	DEVELOPMENT
HMR_2773	Transport, mitochondrial	2	DEVELOPMENT
HMR_2774	Fatty acid oxidation	1	DEVELOPMENT
HMR_2775	Transport, mitochondrial	2	DEVELOPMENT
HMR_2776	Transport, mitochondrial	2	DEVELOPMENT
HMR_2817	Transport, endoplasmic reticular	1	DEVELOPMENT
HMR_2819	Transport, endoplasmic reticular	1	DEVELOPMENT
HMR_2857	Transport, endoplasmic reticular	1	DEVELOPMENT
HMR_2859	Transport, endoplasmic reticular	1	DEVELOPMENT
HMR_2942	Fatty acid synthesis	1	DEVELOPMENT
HMR_2943	Fatty acid synthesis	1	DEVELOPMENT
HMR_2944	Fatty acid synthesis	1	DEVELOPMENT
HMR_2945	Fatty acid synthesis	1	CONFIRMATION_HOLDOUT
HMR_2946	Fatty acid synthesis	1	DEVELOPMENT
HMR_2947	Fatty acid synthesis	1	CONFIRMATION_HOLDOUT
HMR_2948	Fatty acid synthesis	1	DEVELOPMENT
HMR_2951	Fatty acid synthesis	1	CONFIRMATION_HOLDOUT
HMR_2954	Fatty acid synthesis	1	CONFIRMATION_HOLDOUT
HMR_2955	Fatty acid synthesis	1	CONFIRMATION_HOLDOUT
HMR_2956	Fatty acid synthesis	1	DEVELOPMENT
HMR_2957	Fatty acid synthesis	1	DEVELOPMENT
HMR_2961	Fatty acid synthesis	1	DEVELOPMENT
HMR_2962	Fatty acid synthesis	1	CONFIRMATION_HOLDOUT
HMR_2963	Fatty acid synthesis	1	CONFIRMATION_HOLDOUT
HMR_2964	Fatty acid synthesis	1	DEVELOPMENT
HMR_2965	Fatty acid synthesis	1	DEVELOPMENT
HMR_2966	Fatty acid synthesis	1	CONFIRMATION_HOLDOUT
HMR_2967	Fatty acid synthesis	1	DEVELOPMENT
HMR_2968	Fatty acid synthesis	1	DEVELOPMENT
HMR_2969	Fatty acid synthesis	1	CONFIRMATION_HOLDOUT
HMR_2970	Fatty acid synthesis	1	DEVELOPMENT
HMR_2971	Fatty acid synthesis	1	DEVELOPMENT
HMR_2972	Fatty acid synthesis	1	DEVELOPMENT
HMR_2973	Fatty acid synthesis	1	DEVELOPMENT
HMR_2974	Fatty acid synthesis	1	CONFIRMATION_HOLDOUT
HMR_2975	Fatty acid synthesis	1	DEVELOPMENT
HMR_2976	Fatty acid synthesis	1	DEVELOPMENT
HMR_2977	Fatty acid synthesis	1	DEVELOPMENT
HMR_2978	Fatty acid synthesis	1	CONFIRMATION_HOLDOUT
HMR_2979	Fatty acid synthesis	1	DEVELOPMENT
HMR_2980	Fatty acid synthesis	1	DEVELOPMENT
HMR_2982	Fatty acid synthesis	1	DEVELOPMENT
HMR_2983	Fatty acid synthesis	1	DEVELOPMENT
HMR_2985	Fatty acid synthesis	1	DEVELOPMENT
HMR_2986	Fatty acid synthesis	1	DEVELOPMENT
HMR_2988	Fatty acid synthesis	1	DEVELOPMENT
HMR_2989	Fatty acid synthesis	1	DEVELOPMENT
HMR_2990	Fatty acid synthesis	1	DEVELOPMENT
HMR_2994	Fatty acid synthesis	1	CONFIRMATION_HOLDOUT
HMR_2998	Fatty acid synthesis	1	DEVELOPMENT
HMR_2999	Fatty acid synthesis	1	DEVELOPMENT
HMR_3001	Fatty acid synthesis	1	CONFIRMATION_HOLDOUT
HMR_3002	Fatty acid synthesis	1	DEVELOPMENT
HMR_3003	Fatty acid synthesis	1	CONFIRMATION_HOLDOUT
HMR_3021	Transport, peroxisomal	1	CONFIRMATION_HOLDOUT
HMR_3023	Transport, peroxisomal	1	DEVELOPMENT
HMR_3053	Fatty acid oxidation	1	DEVELOPMENT
HMR_3057	Fatty acid oxidation	1	DEVELOPMENT
HMR_3058	Fatty acid oxidation	1	DEVELOPMENT
HMR_3059	Fatty acid oxidation	1	CONFIRMATION_HOLDOUT
HMR_3062	Fatty acid oxidation	1	DEVELOPMENT
HMR_3063	Fatty acid oxidation	1	CONFIRMATION_HOLDOUT
HMR_3064	Fatty acid oxidation	1	DEVELOPMENT
HMR_3065	Fatty acid oxidation	1	DEVELOPMENT
HMR_3066	Fatty acid oxidation	1	DEVELOPMENT
HMR_3067	Fatty acid oxidation	1	DEVELOPMENT
HMR_3068	Fatty acid oxidation	1	DEVELOPMENT
HMR_3069	Fatty acid oxidation	1	DEVELOPMENT
HMR_3070	Fatty acid oxidation	1	DEVELOPMENT
HMR_3071	Fatty acid oxidation	1	CONFIRMATION_HOLDOUT
HMR_3072	Fatty acid oxidation	1	DEVELOPMENT
HMR_3073	Fatty acid oxidation	1	CONFIRMATION_HOLDOUT
HMR_3075	Fatty acid oxidation	1	DEVELOPMENT
HMR_3076	Fatty acid oxidation	1	DEVELOPMENT
HMR_3094	Fatty acid oxidation	1	DEVELOPMENT
HMR_3095	Fatty acid oxidation	1	DEVELOPMENT
HMR_3096	Fatty acid oxidation	1	DEVELOPMENT
HMR_3097	Fatty acid oxidation	1	CONFIRMATION_HOLDOUT
HMR_3098	Fatty acid oxidation	1	DEVELOPMENT
HMR_3099	Fatty acid oxidation	1	CONFIRMATION_HOLDOUT
HMR_3100	Fatty acid oxidation	1	DEVELOPMENT
HMR_3101	Fatty acid oxidation	1	CONFIRMATION_HOLDOUT
HMR_3102	Fatty acid oxidation	1	DEVELOPMENT
HMR_3106	Transport, peroxisomal	1	CONFIRMATION_HOLDOUT
HMR_3107	Fatty acid oxidation	1	DEVELOPMENT
HMR_3108	Fatty acid oxidation	1	DEVELOPMENT
HMR_3109	Fatty acid oxidation	1	DEVELOPMENT
HMR_3110	Fatty acid oxidation	1	CONFIRMATION_HOLDOUT
HMR_3111	Fatty acid oxidation	1	DEVELOPMENT
HMR_3112	Fatty acid oxidation	1	CONFIRMATION_HOLDOUT
HMR_3113	Fatty acid oxidation	1	DEVELOPMENT
HMR_3114	Fatty acid oxidation	1	DEVELOPMENT
HMR_3115	Fatty acid oxidation	1	DEVELOPMENT
HMR_3116	Fatty acid oxidation	1	DEVELOPMENT
HMR_3117	Fatty acid oxidation	1	DEVELOPMENT
HMR_3128	Fatty acid oxidation	1	CONFIRMATION_HOLDOUT
HMR_3149	Fatty acid oxidation	1	DEVELOPMENT
HMR_3170	Fatty acid oxidation	1	DEVELOPMENT
HMR_3171	Fatty acid oxidation	1	DEVELOPMENT
HMR_3172	Fatty acid oxidation	1	DEVELOPMENT
HMR_3173	Fatty acid oxidation	1	DEVELOPMENT
HMR_3174	Fatty acid oxidation	1	DEVELOPMENT
HMR_3175	Fatty acid oxidation	1	CONFIRMATION_HOLDOUT
HMR_3176	Fatty acid oxidation	1	DEVELOPMENT
HMR_3177	Fatty acid oxidation	1	DEVELOPMENT
HMR_3194	Fatty acid oxidation	1	DEVELOPMENT
HMR_3195	Fatty acid oxidation	1	DEVELOPMENT
HMR_3196	Fatty acid oxidation	1	DEVELOPMENT
HMR_3197	Fatty acid oxidation	1	CONFIRMATION_HOLDOUT
HMR_3198	Fatty acid oxidation	1	CONFIRMATION_HOLDOUT
HMR_3199	Fatty acid oxidation	1	DEVELOPMENT
HMR_3200	Fatty acid oxidation	1	DEVELOPMENT
HMR_3201	Fatty acid oxidation	1	DEVELOPMENT
HMR_3202	Fatty acid oxidation	1	DEVELOPMENT
HMR_3203	Fatty acid oxidation	1	DEVELOPMENT
HMR_3204	Fatty acid oxidation	1	DEVELOPMENT
HMR_3205	Fatty acid oxidation	1	DEVELOPMENT
HMR_3218	Fatty acid oxidation	1	CONFIRMATION_HOLDOUT
HMR_3219	Fatty acid oxidation	1	CONFIRMATION_HOLDOUT
HMR_3220	Fatty acid oxidation	1	DEVELOPMENT
HMR_3221	Fatty acid oxidation	1	CONFIRMATION_HOLDOUT
HMR_3222	Fatty acid oxidation	1	DEVELOPMENT
HMR_3223	Fatty acid oxidation	1	DEVELOPMENT
HMR_3224	Fatty acid oxidation	1	CONFIRMATION_HOLDOUT
HMR_3225	Fatty acid oxidation	1	DEVELOPMENT
HMR_3229	Fatty acid oxidation	1	DEVELOPMENT
HMR_3230	Fatty acid oxidation	1	DEVELOPMENT
HMR_3231	Fatty acid oxidation	1	DEVELOPMENT
HMR_3232	Fatty acid oxidation	1	DEVELOPMENT
HMR_3233	Fatty acid oxidation	1	DEVELOPMENT
HMR_3234	Fatty acid oxidation	1	CONFIRMATION_HOLDOUT
HMR_3235	Fatty acid oxidation	1	DEVELOPMENT
HMR_3236	Fatty acid oxidation	1	CONFIRMATION_HOLDOUT
HMR_3237	Fatty acid oxidation	1	DEVELOPMENT
HMR_3240	Fatty acid oxidation	1	CONFIRMATION_HOLDOUT
HMR_3241	Fatty acid oxidation	1	DEVELOPMENT
HMR_3242	Fatty acid oxidation	1	DEVELOPMENT
HMR_3243	Fatty acid oxidation	1	DEVELOPMENT
HMR_3244	Fatty acid oxidation	1	DEVELOPMENT
HMR_3245	Fatty acid oxidation	1	DEVELOPMENT
HMR_3246	Fatty acid oxidation	1	DEVELOPMENT
HMR_3247	Fatty acid oxidation	1	DEVELOPMENT
HMR_3296	Fatty acid oxidation	1	DEVELOPMENT
HMR_3321	Fatty acid oxidation	1	DEVELOPMENT
HMR_3322	Fatty acid oxidation	1	DEVELOPMENT
HMR_3326	Fatty acid oxidation	1	DEVELOPMENT
HMR_3327	Fatty acid oxidation	1	DEVELOPMENT
HMR_3328	Fatty acid oxidation	1	DEVELOPMENT
HMR_3329	Fatty acid oxidation	1	DEVELOPMENT
HMR_3330	Fatty acid oxidation	1	DEVELOPMENT
HMR_3331	Fatty acid oxidation	1	DEVELOPMENT
HMR_3332	Fatty acid oxidation	1	DEVELOPMENT
HMR_3333	Fatty acid oxidation	1	DEVELOPMENT
HMR_3334	Fatty acid oxidation	1	DEVELOPMENT
HMR_3335	Fatty acid oxidation	1	DEVELOPMENT
HMR_3336	Fatty acid oxidation	1	DEVELOPMENT
HMR_3337	Fatty acid oxidation	1	CONFIRMATION_HOLDOUT
HMR_3338	Fatty acid oxidation	1	DEVELOPMENT
HMR_3339	Fatty acid oxidation	1	CONFIRMATION_HOLDOUT
HMR_3340	Fatty acid oxidation	1	DEVELOPMENT
HMR_3341	Fatty acid oxidation	1	DEVELOPMENT
HMR_3342	Fatty acid oxidation	1	CONFIRMATION_HOLDOUT
HMR_3343	Fatty acid oxidation	1	CONFIRMATION_HOLDOUT
HMR_3344	Fatty acid oxidation	1	CONFIRMATION_HOLDOUT
HMR_3345	Fatty acid oxidation	1	CONFIRMATION_HOLDOUT
HMR_3346	Fatty acid oxidation	1	DEVELOPMENT
HMR_3347	Fatty acid oxidation	1	CONFIRMATION_HOLDOUT
HMR_3348	Fatty acid oxidation	1	CONFIRMATION_HOLDOUT
HMR_3349	Fatty acid oxidation	1	DEVELOPMENT
HMR_3350	Fatty acid oxidation	1	DEVELOPMENT
HMR_3351	Fatty acid oxidation	1	DEVELOPMENT
HMR_3352	Fatty acid oxidation	1	DEVELOPMENT
HMR_3353	Fatty acid oxidation	1	CONFIRMATION_HOLDOUT
HMR_3398	Fatty acid oxidation	1	DEVELOPMENT
HMR_3406	Fatty acid oxidation	1	DEVELOPMENT
HMR_3407	Fatty acid oxidation	1	DEVELOPMENT
HMR_3408	Fatty acid oxidation	1	DEVELOPMENT
HMR_3409	Fatty acid oxidation	1	DEVELOPMENT
HMR_3411	Fatty acid oxidation	1	CONFIRMATION_HOLDOUT
HMR_3413	Fatty acid oxidation	1	CONFIRMATION_HOLDOUT
HMR_3414	Fatty acid oxidation	1	DEVELOPMENT
HMR_3416	Fatty acid oxidation	1	DEVELOPMENT
HMR_3421	Fatty acid oxidation	1	CONFIRMATION_HOLDOUT
HMR_3422	Fatty acid oxidation	1	DEVELOPMENT
HMR_3423	Fatty acid oxidation	1	CONFIRMATION_HOLDOUT
HMR_3424	Fatty acid oxidation	1	DEVELOPMENT
HMR_3425	Fatty acid oxidation	1	CONFIRMATION_HOLDOUT
HMR_3426	Fatty acid oxidation	1	DEVELOPMENT
HMR_3427	Fatty acid oxidation	1	DEVELOPMENT
HMR_3428	Fatty acid oxidation	1	CONFIRMATION_HOLDOUT
HMR_3429	Fatty acid oxidation	1	DEVELOPMENT
HMR_3431	Fatty acid oxidation	1	DEVELOPMENT
HMR_3432	Fatty acid oxidation	1	CONFIRMATION_HOLDOUT
HMR_3433	Fatty acid oxidation	1	DEVELOPMENT
HMR_3446	Fatty acid synthesis	1	DEVELOPMENT
HMR_3447	Fatty acid synthesis	1	DEVELOPMENT
HMR_3448	Fatty acid synthesis	1	DEVELOPMENT
HMR_3449	Fatty acid synthesis	1	CONFIRMATION_HOLDOUT
HMR_3450	Fatty acid synthesis	1	DEVELOPMENT
HMR_3451	Fatty acid synthesis	1	DEVELOPMENT
HMR_3452	Fatty acid synthesis	1	CONFIRMATION_HOLDOUT
HMR_3453	Fatty acid synthesis	1	DEVELOPMENT
HMR_3454	Fatty acid synthesis	1	DEVELOPMENT
HMR_3455	Fatty acid synthesis	1	DEVELOPMENT
HMR_3456	Fatty acid synthesis	1	DEVELOPMENT
HMR_3457	Fatty acid synthesis	1	DEVELOPMENT
HMR_3491	Fatty acid oxidation	1	DEVELOPMENT
HMR_3597	UNMAPPED_PATHWAY	2	DEVELOPMENT
HMR_3625	Cholesterol metabolism	2	DEVELOPMENT
HMR_3626	Cholesterol metabolism	2	DEVELOPMENT
HMR_3627	Cholesterol metabolism	2	CONFIRMATION_HOLDOUT
HMR_3628	Cholesterol metabolism	2	DEVELOPMENT
HMR_3629	Cholesterol metabolism	2	DEVELOPMENT
HMR_3630	Cholesterol metabolism	2	DEVELOPMENT
HMR_3631	Cholesterol metabolism	2	CONFIRMATION_HOLDOUT
HMR_3633	Cholesterol metabolism	2	DEVELOPMENT
HMR_3635	Cholesterol metabolism	2	DEVELOPMENT
HMR_3636	Cholesterol metabolism	2	CONFIRMATION_HOLDOUT
HMR_3637	Cholesterol metabolism	2	DEVELOPMENT
HMR_3639	Cholesterol metabolism	2	DEVELOPMENT
HMR_3640	Cholesterol metabolism	2	DEVELOPMENT
HMR_3642	Cholesterol metabolism	2	DEVELOPMENT
HMR_3644	Cholesterol metabolism	2	CONFIRMATION_HOLDOUT
HMR_3645	Cholesterol metabolism	2	CONFIRMATION_HOLDOUT
HMR_3646	Cholesterol metabolism	2	DEVELOPMENT
HMR_3647	Cholesterol metabolism	2	DEVELOPMENT
HMR_3648	Cholesterol metabolism	2	CONFIRMATION_HOLDOUT
HMR_3649	Cholesterol metabolism	2	DEVELOPMENT
HMR_3650	Cholesterol metabolism	2	CONFIRMATION_HOLDOUT
HMR_3651	Cholesterol metabolism	2	DEVELOPMENT
HMR_3652	Cholesterol metabolism	2	DEVELOPMENT
HMR_3653	Cholesterol metabolism	2	CONFIRMATION_HOLDOUT
HMR_3654	Cholesterol metabolism	2	DEVELOPMENT
HMR_3655	Cholesterol metabolism	2	DEVELOPMENT
HMR_3656	Cholesterol metabolism	2	DEVELOPMENT
HMR_3657	Cholesterol metabolism	2	DEVELOPMENT
HMR_3658	Cholesterol metabolism	2	DEVELOPMENT
HMR_3659	Cholesterol metabolism	2	DEVELOPMENT
HMR_3660	Cholesterol metabolism	2	DEVELOPMENT
HMR_3662	Cholesterol metabolism	2	DEVELOPMENT
HMR_3663	Cholesterol metabolism	2	CONFIRMATION_HOLDOUT
HMR_3664	Cholesterol metabolism	2	DEVELOPMENT
HMR_3665	Cholesterol metabolism	2	DEVELOPMENT
HMR_3666	Cholesterol metabolism	2	CONFIRMATION_HOLDOUT
HMR_3667	Cholesterol metabolism	2	DEVELOPMENT
HMR_3668	Cholesterol metabolism	2	DEVELOPMENT
HMR_3669	Cholesterol metabolism	2	DEVELOPMENT
HMR_3670	Cholesterol metabolism	2	DEVELOPMENT
HMR_3675	Cholesterol metabolism	2	DEVELOPMENT
HMR_3677	Cholesterol metabolism	2	DEVELOPMENT
HMR_3678	Cholesterol metabolism	2	DEVELOPMENT
HMR_3679	Cholesterol metabolism	2	CONFIRMATION_HOLDOUT
HMR_3680	Cholesterol metabolism	2	DEVELOPMENT
HMR_3681	Cholesterol metabolism	2	CONFIRMATION_HOLDOUT
HMR_3682	Cholesterol metabolism	2	CONFIRMATION_HOLDOUT
HMR_3684	Cholesterol metabolism	2	DEVELOPMENT
HMR_3685	Cholesterol metabolism	2	DEVELOPMENT
HMR_3686	Cholesterol metabolism	2	DEVELOPMENT
HMR_3687	Cholesterol metabolism	2	DEVELOPMENT
HMR_3688	Cholesterol metabolism	2	CONFIRMATION_HOLDOUT
HMR_3689	Cholesterol metabolism	2	DEVELOPMENT
HMR_3690	Cholesterol metabolism	2	DEVELOPMENT
HMR_3692	Cholesterol metabolism	2	CONFIRMATION_HOLDOUT
HMR_3694	Cholesterol metabolism	2	CONFIRMATION_HOLDOUT
HMR_3695	Cholesterol metabolism	2	CONFIRMATION_HOLDOUT
HMR_3696	Cholesterol metabolism	2	DEVELOPMENT
HMR_3698	Cholesterol metabolism	2	DEVELOPMENT
HMR_3699	Cholesterol metabolism	2	DEVELOPMENT
HMR_3701	Cholesterol metabolism	2	DEVELOPMENT
HMR_3703	Cholesterol metabolism	2	DEVELOPMENT
HMR_3704	Cholesterol metabolism	2	DEVELOPMENT
HMR_3705	Cholesterol metabolism	2	CONFIRMATION_HOLDOUT
HMR_3706	Cholesterol metabolism	2	DEVELOPMENT
HMR_3707	Cholesterol metabolism	2	DEVELOPMENT
HMR_3708	Cholesterol metabolism	2	DEVELOPMENT
HMR_3709	Cholesterol metabolism	2	CONFIRMATION_HOLDOUT
HMR_3710	Cholesterol metabolism	2	DEVELOPMENT
HMR_3711	Cholesterol metabolism	2	DEVELOPMENT
HMR_3712	Cholesterol metabolism	2	DEVELOPMENT
HMR_3713	Cholesterol metabolism	2	CONFIRMATION_HOLDOUT
HMR_3714	Cholesterol metabolism	2	DEVELOPMENT
HMR_3715	Cholesterol metabolism	2	CONFIRMATION_HOLDOUT
HMR_3716	Cholesterol metabolism	2	CONFIRMATION_HOLDOUT
HMR_3717	Cholesterol metabolism	2	DEVELOPMENT
HMR_3718	Cholesterol metabolism	2	DEVELOPMENT
HMR_3719	Cholesterol metabolism	2	DEVELOPMENT
HMR_3721	Cholesterol metabolism	2	CONFIRMATION_HOLDOUT
HMR_3722	Cholesterol metabolism	2	DEVELOPMENT
HMR_3723	Cholesterol metabolism	2	DEVELOPMENT
HMR_3724	Cholesterol metabolism	2	DEVELOPMENT
HMR_3725	Cholesterol metabolism	2	DEVELOPMENT
HMR_3726	Cholesterol metabolism	2	DEVELOPMENT
HMR_3727	Cholesterol metabolism	2	DEVELOPMENT
HMR_3728	Cholesterol metabolism	2	DEVELOPMENT
HMR_3729	Cholesterol metabolism	2	CONFIRMATION_HOLDOUT
HMR_3734	Cholesterol metabolism	2	DEVELOPMENT
HMR_3736	Cholesterol metabolism	2	DEVELOPMENT
HMR_3737	Cholesterol metabolism	2	DEVELOPMENT
HMR_3738	Cholesterol metabolism	2	DEVELOPMENT
HMR_3739	Cholesterol metabolism	2	DEVELOPMENT
HMR_3740	Cholesterol metabolism	2	DEVELOPMENT
HMR_3741	Cholesterol metabolism	2	DEVELOPMENT
HMR_3855	Pyruvate metabolism	0	DEVELOPMENT
HMR_3864	Transport, mitochondrial	2	CONFIRMATION_HOLDOUT
HMR_3867	Transport, peroxisomal	1	DEVELOPMENT
HMR_3951	Transport, extracellular	0	DEVELOPMENT
HMR_3953	Transport, endoplasmic reticular	1	DEVELOPMENT
HMR_4079	UNMAPPED_PATHWAY	2	DEVELOPMENT
HMR_4124	Aminosugar metabolism	2	DEVELOPMENT
HMR_4422	Arginine and proline metabolism	2	DEVELOPMENT
HMR_4756	Transport, mitochondrial	2	DEVELOPMENT
HMR_4771	Heme synthesis	2	DEVELOPMENT
HMR_4772	Heme synthesis	2	CONFIRMATION_HOLDOUT
HMR_4777	Arginine and proline metabolism	2	DEVELOPMENT
HMR_4783	Arginine and proline metabolism	2	DEVELOPMENT
HMR_4964	Transport, mitochondrial	2	DEVELOPMENT
HMR_5387	Methionine and cysteine metabolism	1	CONFIRMATION_HOLDOUT
HMR_5389	Methionine and cysteine metabolism	1	CONFIRMATION_HOLDOUT
HMR_6363	Transport, extracellular	0	DEVELOPMENT
HMR_6365	Transport, extracellular	0	DEVELOPMENT
HMR_6385	Transport, endoplasmic reticular	1	DEVELOPMENT
HMR_6545	Inositol phosphate metabolism	2	CONFIRMATION_HOLDOUT
HMR_6550	Inositol phosphate metabolism	2	DEVELOPMENT
HMR_6558	Inositol phosphate metabolism	2	DEVELOPMENT
HMR_6580	Inositol phosphate metabolism	2	DEVELOPMENT
HMR_6583	Inositol phosphate metabolism	2	CONFIRMATION_HOLDOUT
HMR_6584	Inositol phosphate metabolism	2	DEVELOPMENT
HMR_6595	Inositol phosphate metabolism	2	DEVELOPMENT
HMR_6647	Vitamin A metabolism	1	DEVELOPMENT
HMR_6728	Phenylalanine metabolism	2	DEVELOPMENT
HMR_6747	Phenylalanine metabolism	2	DEVELOPMENT
HMR_6755	Phenylalanine metabolism	2	CONFIRMATION_HOLDOUT
HMR_6785	Phenylalanine metabolism	2	CONFIRMATION_HOLDOUT
HMR_6786	Phenylalanine metabolism	2	CONFIRMATION_HOLDOUT
HMR_6826	Phenylalanine metabolism	2	DEVELOPMENT
HMR_6834	Phenylalanine metabolism	2	CONFIRMATION_HOLDOUT
HMR_6838	Phenylalanine metabolism	2	DEVELOPMENT
HMR_6839	Phenylalanine metabolism	2	CONFIRMATION_HOLDOUT
HMR_6844	Phenylalanine metabolism	2	DEVELOPMENT
HMR_6850	Phenylalanine metabolism	2	DEVELOPMENT
HMR_6907	UNMAPPED_PATHWAY	2	DEVELOPMENT
HMR_6908	UNMAPPED_PATHWAY	2	DEVELOPMENT
HMR_6909	UNMAPPED_PATHWAY	2	DEVELOPMENT
HMR_6910	UNMAPPED_PATHWAY	2	CONFIRMATION_HOLDOUT
HMR_7197	UNMAPPED_PATHWAY	2	DEVELOPMENT
HMR_7198	UNMAPPED_PATHWAY	2	DEVELOPMENT
HMR_7199	UNMAPPED_PATHWAY	2	DEVELOPMENT
HMR_7257	Transport, endoplasmic reticular	1	DEVELOPMENT
HMR_7628	Phenylalanine metabolism	2	CONFIRMATION_HOLDOUT
HMR_7715	UNMAPPED_PATHWAY	2	DEVELOPMENT
HMR_7724	UNMAPPED_PATHWAY	2	DEVELOPMENT
HMR_7748	Glycolysis/gluconeogenesis	2	CONFIRMATION_HOLDOUT
HMR_7749	Glycolysis/gluconeogenesis	2	CONFIRMATION_HOLDOUT
HMR_7755	Glycerophospholipid metabolism	0	DEVELOPMENT
HMR_7756	Phenylalanine metabolism	2	DEVELOPMENT
HMR_7757	Transport, mitochondrial	2	DEVELOPMENT
HMR_7758	Transport, mitochondrial	2	DEVELOPMENT
HMR_8271	UNMAPPED_PATHWAY	2	DEVELOPMENT
HMR_8505	Transport, mitochondrial	2	DEVELOPMENT
HMR_8510	Transport, mitochondrial	2	CONFIRMATION_HOLDOUT
HMR_8762	Galactose metabolism	0	DEVELOPMENT
HMR_8776	Transport, mitochondrial	2	CONFIRMATION_HOLDOUT
HMR_9191	Transport, extracellular	0	DEVELOPMENT
HMR_9613	Transport, extracellular	0	DEVELOPMENT
HMR_9614	Transport, extracellular	0	DEVELOPMENT
HMR_9627	Transport, endoplasmic reticular	1	DEVELOPMENT
HMR_9638	Transport, extracellular	0	CONFIRMATION_HOLDOUT
HMR_9640	Transport, extracellular	0	DEVELOPMENT
HMR_9652	Transport, extracellular	0	CONFIRMATION_HOLDOUT
HMR_9680	Transport, peroxisomal	1	CONFIRMATION_HOLDOUT
HMR_9719	Fatty acid oxidation	1	DEVELOPMENT
HMR_9720	Transport, extracellular	0	CONFIRMATION_HOLDOUT
HMR_9803	UNMAPPED_PATHWAY	2	DEVELOPMENT
HMR_9804	UNMAPPED_PATHWAY	2	DEVELOPMENT
HOCDACBP	Fatty acid oxidation	1	DEVELOPMENT
HOCTDACBP	Fatty acid oxidation	1	DEVELOPMENT
HPDCACRNCPT1	Fatty acid oxidation	1	CONFIRMATION_HOLDOUT
HPDCACRNCPT2	Fatty acid oxidation	1	DEVELOPMENT
HPDCACRNt	Fatty acid oxidation	1	DEVELOPMENT
HPROb	Arginine and proline metabolism	2	DEVELOPMENT
HPROx	Arginine and proline metabolism	2	CONFIRMATION_HOLDOUT
HPROxm	Arginine and proline metabolism	2	CONFIRMATION_HOLDOUT
HPROym	Arginine and proline metabolism	2	DEVELOPMENT
HPYRDC	UNMAPPED_PATHWAY	2	CONFIRMATION_HOLDOUT
HPYRDCm	UNMAPPED_PATHWAY	2	DEVELOPMENT
HPYRR2x_1	UNMAPPED_PATHWAY	2	CONFIRMATION_HOLDOUT
HPYRRy	UNMAPPED_PATHWAY	2	DEVELOPMENT
HS1ly	UNMAPPED_PATHWAY	2	CONFIRMATION_HOLDOUT
HS2ly	UNMAPPED_PATHWAY	2	DEVELOPMENT
HS3ly	UNMAPPED_PATHWAY	2	DEVELOPMENT
HS4ly	UNMAPPED_PATHWAY	2	DEVELOPMENT
HSAT1ly	UNMAPPED_PATHWAY	2	DEVELOPMENT
HSAT2ly	UNMAPPED_PATHWAY	2	DEVELOPMENT
HSAT3ly	UNMAPPED_PATHWAY	2	DEVELOPMENT
HSAT4ly	UNMAPPED_PATHWAY	2	DEVELOPMENT
HSD11B1r	Steroid metabolism	1	DEVELOPMENT
HSD17B1	Steroid metabolism	1	DEVELOPMENT
HSD17B2r	Steroid metabolism	1	DEVELOPMENT
HSD17B42x_1	Bile acid synthesis	1	DEVELOPMENT
HSD17B4x	Bile acid synthesis	1	DEVELOPMENT
HSD17B8r	Steroid metabolism	1	DEVELOPMENT
HSD17B9r	Steroid metabolism	1	CONFIRMATION_HOLDOUT
HSD3A1r	Steroid metabolism	1	CONFIRMATION_HOLDOUT
HSD3A2r	Steroid metabolism	1	DEVELOPMENT
HSD3B11	Steroid metabolism	1	CONFIRMATION_HOLDOUT
HSD3B7	Bile acid synthesis	1	DEVELOPMENT
HSD3B7P	Bile acid synthesis	1	CONFIRMATION_HOLDOUT
HSPASEly	UNMAPPED_PATHWAY	2	DEVELOPMENT
HSPGt	Transport, extracellular	0	DEVELOPMENT
HSPGtly	UNMAPPED_PATHWAY	2	DEVELOPMENT
HTDCACBP	Fatty acid oxidation	1	DEVELOPMENT
HXCOAtx	Transport, peroxisomal	1	DEVELOPMENT
Htg	UNMAPPED_PATHWAY	2	CONFIRMATION_HOLDOUT
Htmi	Transport, mitochondrial	2	DEVELOPMENT
Htr	Transport, endoplasmic reticular	1	DEVELOPMENT
Htx	Transport, peroxisomal	1	DEVELOPMENT
ICDHxm	Citric acid cycle	0	DEVELOPMENT
ICDHym	Citric acid cycle	0	DEVELOPMENT
ICDHyp	Citric acid cycle	0	CONFIRMATION_HOLDOUT
ICDHyr	Citric acid cycle	0	DEVELOPMENT
IDOAASE1ly	UNMAPPED_PATHWAY	2	DEVELOPMENT
IDOAASE2ly	UNMAPPED_PATHWAY	2	DEVELOPMENT
IDOAASE3ly	UNMAPPED_PATHWAY	2	CONFIRMATION_HOLDOUT
IDOAASE4ly	Chondroitin sulfate degradation	0	DEVELOPMENT
IDOURte	Transport, extracellular	0	DEVELOPMENT
IDOURtly	UNMAPPED_PATHWAY	2	DEVELOPMENT
ILEARGILEt	Transport, extracellular	0	DEVELOPMENT
ILEASNHISt	Transport, extracellular	0	DEVELOPMENT
ILEASPt	Transport, extracellular	0	CONFIRMATION_HOLDOUT
ILEGLNGLUt	Transport, extracellular	0	DEVELOPMENT
ILEGLYARGt	Transport, extracellular	0	DEVELOPMENT
ILELAT1tc	Transport, extracellular	0	DEVELOPMENT
ILEPROLYSt	Transport, extracellular	0	CONFIRMATION_HOLDOUT
ILESERARGt	Transport, extracellular	0	CONFIRMATION_HOLDOUT
ILETA	Valine, leucine, and isoleucine metabolism	0	CONFIRMATION_HOLDOUT
ILETRPTYRt	Transport, extracellular	0	DEVELOPMENT
IM4ACte	Transport, extracellular	0	DEVELOPMENT
IMACTD	UNMAPPED_PATHWAY	2	DEVELOPMENT
IMPC	Purine synthesis	2	DEVELOPMENT
IMPD	Nucleotide interconversion	2	DEVELOPMENT
IND3ACt	Transport, extracellular	0	DEVELOPMENT
INSK	Purine synthesis	2	DEVELOPMENT
INSTt2	Transport, extracellular	0	CONFIRMATION_HOLDOUT
INSTt4	Transport, extracellular	0	DEVELOPMENT
INSt	Transport, extracellular	0	DEVELOPMENT
IPDDI	UNMAPPED_PATHWAY	2	DEVELOPMENT
IPDDIx	Cholesterol metabolism	2	CONFIRMATION_HOLDOUT
IPDPtx	Transport, peroxisomal	1	DEVELOPMENT
ITKPK	Inositol phosphate metabolism	2	DEVELOPMENT
KAT180_m	Fatty acid oxidation	1	CONFIRMATION_HOLDOUT
KCC2t	Transport, extracellular	0	DEVELOPMENT
KCCt	Transport, extracellular	0	DEVELOPMENT
KDNH	Aminosugar metabolism	2	DEVELOPMENT
KHK	Fructose and mannose metabolism	0	CONFIRMATION_HOLDOUT
KHK2	UNMAPPED_PATHWAY	2	CONFIRMATION_HOLDOUT
KSII_CORE2t	Transport, extracellular	0	DEVELOPMENT
KSII_CORE2tly	UNMAPPED_PATHWAY	2	DEVELOPMENT
KSII_CORE4t	Transport, extracellular	0	DEVELOPMENT
KSII_CORE4tly	UNMAPPED_PATHWAY	2	DEVELOPMENT
L2AADPtr	Transport, extracellular	0	DEVELOPMENT
LACROX	Tyrosine metabolism	0	DEVELOPMENT
LACZe	Galactose metabolism	0	DEVELOPMENT
LALDO	Pyruvate metabolism	0	CONFIRMATION_HOLDOUT
LALDO2	Pyruvate metabolism	0	DEVELOPMENT
LANOSTt	Transport, extracellular	0	DEVELOPMENT
LANOSTtr	Transport, endoplasmic reticular	1	DEVELOPMENT
LCA3Sabc	Transport, extracellular	0	DEVELOPMENT
LCA3St	Transport, extracellular	0	DEVELOPMENT
LCADi	Pyruvate metabolism	0	DEVELOPMENT
LCADi_D	Pyruvate metabolism	0	CONFIRMATION_HOLDOUT
LCADm	Pyruvate metabolism	0	DEVELOPMENT
LCARS	Pyruvate metabolism	0	DEVELOPMENT
LCAT10e	Cholesterol metabolism	2	DEVELOPMENT
LCAT11e	Cholesterol metabolism	2	DEVELOPMENT
LCAT12e	Cholesterol metabolism	2	DEVELOPMENT
LCAT13e	Cholesterol metabolism	2	DEVELOPMENT
LCAT14e	Cholesterol metabolism	2	CONFIRMATION_HOLDOUT
LCAT15e	Cholesterol metabolism	2	DEVELOPMENT
LCAT16e	Cholesterol metabolism	2	CONFIRMATION_HOLDOUT
LCAT17e	Cholesterol metabolism	2	CONFIRMATION_HOLDOUT
LCAT18e	Cholesterol metabolism	2	DEVELOPMENT
LCAT19e	Cholesterol metabolism	2	DEVELOPMENT
LCAT1e	Fatty acid oxidation	1	DEVELOPMENT
LCAT20e	Cholesterol metabolism	2	CONFIRMATION_HOLDOUT
LCAT21e	Cholesterol metabolism	2	DEVELOPMENT
LCAT22e	Cholesterol metabolism	2	DEVELOPMENT
LCAT23e	Cholesterol metabolism	2	DEVELOPMENT
LCAT25e	Cholesterol metabolism	2	CONFIRMATION_HOLDOUT
LCAT27e	Cholesterol metabolism	2	DEVELOPMENT
LCAT29e	Cholesterol metabolism	2	DEVELOPMENT
LCAT2e	Cholesterol metabolism	2	DEVELOPMENT
LCAT30e	Cholesterol metabolism	2	DEVELOPMENT
LCAT31e	Cholesterol metabolism	2	CONFIRMATION_HOLDOUT
LCAT32e	Cholesterol metabolism	2	DEVELOPMENT
LCAT33e	Cholesterol metabolism	2	DEVELOPMENT
LCAT34e	Cholesterol metabolism	2	CONFIRMATION_HOLDOUT
LCAT35e	Cholesterol metabolism	2	DEVELOPMENT
LCAT36e	Cholesterol metabolism	2	DEVELOPMENT
LCAT37e	Cholesterol metabolism	2	CONFIRMATION_HOLDOUT
LCAT38e	Cholesterol metabolism	2	CONFIRMATION_HOLDOUT
LCAT39e	Cholesterol metabolism	2	CONFIRMATION_HOLDOUT
LCAT3e	Cholesterol metabolism	2	DEVELOPMENT
LCAT40e	Cholesterol metabolism	2	DEVELOPMENT
LCAT41e	Cholesterol metabolism	2	DEVELOPMENT
LCAT42e	Cholesterol metabolism	2	CONFIRMATION_HOLDOUT
LCAT43e	Cholesterol metabolism	2	DEVELOPMENT
LCAT44e	Cholesterol metabolism	2	DEVELOPMENT
LCAT45e	Cholesterol metabolism	2	CONFIRMATION_HOLDOUT
LCAT46e	Cholesterol metabolism	2	DEVELOPMENT
LCAT47e	Cholesterol metabolism	2	DEVELOPMENT
LCAT48e	Cholesterol metabolism	2	DEVELOPMENT
LCAT49e	Cholesterol metabolism	2	DEVELOPMENT
LCAT4e	Cholesterol metabolism	2	DEVELOPMENT
LCAT50e	Cholesterol metabolism	2	CONFIRMATION_HOLDOUT
LCAT51e	Cholesterol metabolism	2	DEVELOPMENT
LCAT52e	Cholesterol metabolism	2	CONFIRMATION_HOLDOUT
LCAT53e	Cholesterol metabolism	2	CONFIRMATION_HOLDOUT
LCAT54e	Cholesterol metabolism	2	DEVELOPMENT
LCAT55e	Cholesterol metabolism	2	DEVELOPMENT
LCAT56e	Cholesterol metabolism	2	DEVELOPMENT
LCAT57e	Cholesterol metabolism	2	DEVELOPMENT
LCAT5e	Cholesterol metabolism	2	CONFIRMATION_HOLDOUT
LCAT6e	Cholesterol metabolism	2	DEVELOPMENT
LCAT7e	Cholesterol metabolism	2	DEVELOPMENT
LCAT8e	Cholesterol metabolism	2	DEVELOPMENT
LCAT9e	Cholesterol metabolism	2	DEVELOPMENT
LCYSTAT	Methionine and cysteine metabolism	1	DEVELOPMENT
LDH_Lm	Pyruvate metabolism	0	DEVELOPMENT
LEUALAARGt	Transport, extracellular	0	DEVELOPMENT
LEUASNASPt	Transport, extracellular	0	CONFIRMATION_HOLDOUT
LEUASPLYSt	Transport, extracellular	0	DEVELOPMENT
LEUKTRA4tr	Transport, endoplasmic reticular	1	DEVELOPMENT
LEUKTRB4WCOOHt	Transport, extracellular	0	DEVELOPMENT
LEUKTRB4WOHt	Transport, extracellular	0	CONFIRMATION_HOLDOUT
LEUKTRD4t	Transport, extracellular	0	DEVELOPMENT
LEUKTRD4tr	Transport, endoplasmic reticular	1	DEVELOPMENT
LEUKTRE4t	Transport, extracellular	0	DEVELOPMENT
LEULEULAPc	Transport, extracellular	0	DEVELOPMENT
LEULEUTRPt	Transport, extracellular	0	DEVELOPMENT
LEUPROARGt	Transport, extracellular	0	DEVELOPMENT
LEUPROt	Transport, extracellular	0	DEVELOPMENT
LEUSERTRPt	Transport, extracellular	0	CONFIRMATION_HOLDOUT
LEUTA	Valine, leucine, and isoleucine metabolism	0	DEVELOPMENT
LEUTRPARGt	Transport, extracellular	0	CONFIRMATION_HOLDOUT
LEUTRPt	Transport, extracellular	0	CONFIRMATION_HOLDOUT
LEUTYRTYRt	Transport, extracellular	0	DEVELOPMENT
LEUVALt	Transport, extracellular	0	DEVELOPMENT
LEUt4	Transport, extracellular	0	DEVELOPMENT
LGNCFATPtc	Transport, extracellular	0	DEVELOPMENT
LGNCt	Transport, extracellular	0	CONFIRMATION_HOLDOUT
LGTHL	Pyruvate metabolism	0	DEVELOPMENT
LHCYSTIN	Methionine and cysteine metabolism	1	DEVELOPMENT
LHCYSTINt	Transport, extracellular	0	DEVELOPMENT
LINKDEG1ly	UNMAPPED_PATHWAY	2	DEVELOPMENT
LINKDEG2ly	Chondroitin sulfate degradation	0	DEVELOPMENT
LINKDEG3ly	Chondroitin sulfate degradation	0	DEVELOPMENT
LINKDEG4ly	Chondroitin sulfate degradation	0	DEVELOPMENT
LINOFATPtc	Transport, extracellular	0	DEVELOPMENT
LNELDCCPT1	Fatty acid oxidation	1	DEVELOPMENT
LNELDCCPT2	Fatty acid oxidation	1	DEVELOPMENT
LNELDCCRNt	Fatty acid oxidation	1	DEVELOPMENT
LNLCCPT1	Fatty acid oxidation	1	DEVELOPMENT
LNLCCPT2	Fatty acid oxidation	1	DEVELOPMENT
LNLCCRNt	Fatty acid oxidation	1	CONFIRMATION_HOLDOUT
LNLNCACPT1	Fatty acid oxidation	1	DEVELOPMENT
LNLNCACPT2	Fatty acid oxidation	1	CONFIRMATION_HOLDOUT
LNLNCACRNt	Fatty acid oxidation	1	DEVELOPMENT
LNLNCAt	Transport, extracellular	0	DEVELOPMENT
LNLNCGCPT1	Fatty acid oxidation	1	DEVELOPMENT
LNLNCGCPT2	Fatty acid oxidation	1	DEVELOPMENT
LNLNCGCRNt	Fatty acid oxidation	1	DEVELOPMENT
LNS14DMr	Cholesterol metabolism	2	DEVELOPMENT
LNSTLS	Cholesterol metabolism	2	DEVELOPMENT
LNSTLSr	Cholesterol metabolism	2	DEVELOPMENT
LPASE	Glycerophospholipid metabolism	0	CONFIRMATION_HOLDOUT
LPCHOLt	Transport, extracellular	0	DEVELOPMENT
LPCOXp	UNMAPPED_PATHWAY	2	DEVELOPMENT
LPS2	Triacylglycerol synthesis	2	DEVELOPMENT
LPS3	Triacylglycerol synthesis	2	DEVELOPMENT
LSTNtd	Drug metabolism	2	CONFIRMATION_HOLDOUT
LSTNtu	Drug metabolism	2	DEVELOPMENT
LSTO1r	Cholesterol metabolism	2	DEVELOPMENT
LSTO2r	Cholesterol metabolism	2	CONFIRMATION_HOLDOUT
LTA4H	Eicosanoid metabolism	0	DEVELOPMENT
LTC4CP	Eicosanoid metabolism	0	DEVELOPMENT
LTC4Sr	Eicosanoid metabolism	0	DEVELOPMENT
LTD4DP	Eicosanoid metabolism	0	DEVELOPMENT
LTDCL	Tryptophan metabolism	0	DEVELOPMENT
LTHSTRLOR	Cholesterol metabolism	2	DEVELOPMENT
LTHSTRLt	Transport, extracellular	0	DEVELOPMENT
LTHSTRLtr	Transport, endoplasmic reticular	1	DEVELOPMENT
LVSTACIDhep	Drug metabolism	2	DEVELOPMENT
LVSTPGPtu	Drug metabolism	2	DEVELOPMENT
LYSACm	UNMAPPED_PATHWAY	2	CONFIRMATION_HOLDOUT
LYSARGLEUt	Transport, extracellular	0	CONFIRMATION_HOLDOUT
LYSCYSHISt	Transport, extracellular	0	DEVELOPMENT
LYSGLNPHEt	Transport, extracellular	0	CONFIRMATION_HOLDOUT
LYSGLUGLUt	Transport, extracellular	0	DEVELOPMENT
LYSLYSLYSt	Transport, extracellular	0	DEVELOPMENT
LYSOXp	UNMAPPED_PATHWAY	2	CONFIRMATION_HOLDOUT
LYSPHEILEt	Transport, extracellular	0	DEVELOPMENT
LYSTRPARGt	Transport, extracellular	0	CONFIRMATION_HOLDOUT
LYSTYRILEt	Transport, extracellular	0	DEVELOPMENT
LYSVALPHEt	Transport, extracellular	0	DEVELOPMENT
LYSVALTRPt	Transport, extracellular	0	DEVELOPMENT
LYStip	Transport, peroxisomal	1	DEVELOPMENT
LYStm	Transport, mitochondrial	2	CONFIRMATION_HOLDOUT
L_LACt2r	Transport, extracellular	0	DEVELOPMENT
MACACI	Tyrosine metabolism	0	DEVELOPMENT
MACOXO	UNMAPPED_PATHWAY	2	CONFIRMATION_HOLDOUT
MALICITtm	Transport, mitochondrial	2	DEVELOPMENT
MALOAAtm	Transport, mitochondrial	2	DEVELOPMENT
MAL_Ltx	Transport, peroxisomal	1	DEVELOPMENT
MAN1PT	Fructose and mannose metabolism	0	DEVELOPMENT
MAN1PT2	Fructose and mannose metabolism	0	DEVELOPMENT
MAN6PI	Fructose and mannose metabolism	0	DEVELOPMENT
MANt1r	Transport, extracellular	0	DEVELOPMENT
MAOLNOR	Tyrosine metabolism	0	DEVELOPMENT
MAOX	Tyrosine metabolism	0	DEVELOPMENT
MCITS	UNMAPPED_PATHWAY	2	CONFIRMATION_HOLDOUT
MCLORi	Methionine and cysteine metabolism	1	DEVELOPMENT
MDH	Citric acid cycle	0	DEVELOPMENT
MDHm	Citric acid cycle	0	CONFIRMATION_HOLDOUT
MDHp	Citric acid cycle	0	DEVELOPMENT
MDRPD	Arginine and proline metabolism	2	DEVELOPMENT
MDZtu	Drug metabolism	2	DEVELOPMENT
ME1m	Pyruvate metabolism	0	DEVELOPMENT
ME2m	Pyruvate metabolism	0	CONFIRMATION_HOLDOUT
MEPIt	Transport, extracellular	0	CONFIRMATION_HOLDOUT
METARGLEUt	Transport, extracellular	0	CONFIRMATION_HOLDOUT
METASNTYRt	Transport, extracellular	0	DEVELOPMENT
METAT	Methionine and cysteine metabolism	1	DEVELOPMENT
METGLNTYRt	Transport, extracellular	0	CONFIRMATION_HOLDOUT
METGLYARGt	Transport, extracellular	0	CONFIRMATION_HOLDOUT
METHISLYSt	Transport, extracellular	0	DEVELOPMENT
METLEUex	Transport, extracellular	0	CONFIRMATION_HOLDOUT
METMETILEt	Transport, extracellular	0	DEVELOPMENT
METPHEARGt	Transport, extracellular	0	DEVELOPMENT
METTRPPHEt	Transport, extracellular	0	DEVELOPMENT
METt4	Transport, extracellular	0	DEVELOPMENT
MEVK1	UNMAPPED_PATHWAY	2	DEVELOPMENT
MEVK1x	Cholesterol metabolism	2	DEVELOPMENT
MGCHrm	Valine, leucine, and isoleucine metabolism	0	CONFIRMATION_HOLDOUT
MGSA2	Pyruvate metabolism	0	DEVELOPMENT
MHISOR	UNMAPPED_PATHWAY	2	DEVELOPMENT
MI1345PP	Inositol phosphate metabolism	2	DEVELOPMENT
MI134PP	Inositol phosphate metabolism	2	DEVELOPMENT
MI145PK	Inositol phosphate metabolism	2	DEVELOPMENT
MI145PP	Inositol phosphate metabolism	2	DEVELOPMENT
MI14PP	Inositol phosphate metabolism	2	DEVELOPMENT
MI1PP	Inositol phosphate metabolism	2	DEVELOPMENT
MI1PS	Inositol phosphate metabolism	2	DEVELOPMENT
MI34PP	Inositol phosphate metabolism	2	DEVELOPMENT
MI3PP	Inositol phosphate metabolism	2	DEVELOPMENT
MI3PS	Inositol phosphate metabolism	2	DEVELOPMENT
MI4PP	Inositol phosphate metabolism	2	DEVELOPMENT
MITKP	Inositol phosphate metabolism	2	CONFIRMATION_HOLDOUT
MLTHFte1	Transport, extracellular	0	DEVELOPMENT
MLTHFte3	Transport, extracellular	0	DEVELOPMENT
MLTHFtm	Transport, mitochondrial	2	DEVELOPMENT
MMEm	Valine, leucine, and isoleucine metabolism	0	DEVELOPMENT
MMMm	Valine, leucine, and isoleucine metabolism	0	DEVELOPMENT
MOGAT	Triacylglycerol synthesis	2	DEVELOPMENT
MTAP	Arginine and proline metabolism	2	DEVELOPMENT
MTHFC	Folate metabolism	2	DEVELOPMENT
MTHFCm	Folate metabolism	2	DEVELOPMENT
MTHFD	Folate metabolism	2	CONFIRMATION_HOLDOUT
MTHFD2i	Folate metabolism	2	DEVELOPMENT
MTHFD2m	Folate metabolism	2	DEVELOPMENT
MTHFDm	Folate metabolism	2	DEVELOPMENT
MTRI	Arginine and proline metabolism	2	DEVELOPMENT
N3Tg	UNMAPPED_PATHWAY	2	DEVELOPMENT
N4Tg	UNMAPPED_PATHWAY	2	DEVELOPMENT
NABTNO	Arginine and proline metabolism	2	DEVELOPMENT
NACASPAH	UNMAPPED_PATHWAY	2	DEVELOPMENT
NACASPtm	Transport, mitochondrial	2	DEVELOPMENT
NACHEX1ly	Chondroitin sulfate degradation	0	DEVELOPMENT
NACHEX23ly	Keratan sulfate degradation	1	CONFIRMATION_HOLDOUT
NACHEX24ly	Keratan sulfate degradation	1	CONFIRMATION_HOLDOUT
NACHEX25ly	Keratan sulfate degradation	1	DEVELOPMENT
NACHEX26ly	Keratan sulfate degradation	1	DEVELOPMENT
NACHEX27ly	UNMAPPED_PATHWAY	2	DEVELOPMENT
NACHEX2ly	Chondroitin sulfate degradation	0	DEVELOPMENT
NACHEX3ly	Chondroitin sulfate degradation	0	DEVELOPMENT
NACHEX4ly	Chondroitin sulfate degradation	0	DEVELOPMENT
NACHEX5ly	Chondroitin sulfate degradation	0	DEVELOPMENT
NACHEX6ly	Chondroitin sulfate degradation	0	DEVELOPMENT
NACHEX7ly	Chondroitin sulfate degradation	0	DEVELOPMENT
NACHEX8ly	Chondroitin sulfate degradation	0	DEVELOPMENT
NACHEX9ly	Chondroitin sulfate degradation	0	DEVELOPMENT
NACHEXA1ly	Chondroitin sulfate degradation	0	CONFIRMATION_HOLDOUT
NACHEXA20ly	Keratan sulfate degradation	1	DEVELOPMENT
NACHEXA21ly	Keratan sulfate degradation	1	DEVELOPMENT
NACHEXA22ly	Keratan sulfate degradation	1	DEVELOPMENT
NACHEXA2ly	Chondroitin sulfate degradation	0	CONFIRMATION_HOLDOUT
NACHEXA3ly	Chondroitin sulfate degradation	0	DEVELOPMENT
NACHEXA4ly	Chondroitin sulfate degradation	0	CONFIRMATION_HOLDOUT
NACHEXA5ly	Chondroitin sulfate degradation	0	DEVELOPMENT
NACHEXA6ly	Chondroitin sulfate degradation	0	DEVELOPMENT
NACHEXA7ly	Chondroitin sulfate degradation	0	DEVELOPMENT
NACHEXA8ly	Chondroitin sulfate degradation	0	DEVELOPMENT
NADHtpu	Transport, peroxisomal	1	DEVELOPMENT
NADHtru	Transport, endoplasmic reticular	1	DEVELOPMENT
NADK	NAD metabolism	1	DEVELOPMENT
NADN	NAD metabolism	1	DEVELOPMENT
NADPHtru	Transport, endoplasmic reticular	1	DEVELOPMENT
NADPHtxu	Transport, peroxisomal	1	DEVELOPMENT
NADPPPS	NAD metabolism	1	DEVELOPMENT
NADPQNOXR	Tyrosine metabolism	0	DEVELOPMENT
NADPtru	Transport, endoplasmic reticular	1	DEVELOPMENT
NADPtxu	Transport, peroxisomal	1	CONFIRMATION_HOLDOUT
NADQNOXR	Tyrosine metabolism	0	DEVELOPMENT
NADtru	Transport, endoplasmic reticular	1	DEVELOPMENT
NADtx	Transport, peroxisomal	1	CONFIRMATION_HOLDOUT
NAGA2ly	Keratan sulfate degradation	1	DEVELOPMENT
NAGAly	Sphingolipid metabolism	2	DEVELOPMENT
NAGLCAly	Keratan sulfate degradation	1	DEVELOPMENT
NAHCO3_HCLt	Transport, extracellular	0	CONFIRMATION_HOLDOUT
NAPRT	NAD metabolism	1	CONFIRMATION_HOLDOUT
NAtx	Transport, peroxisomal	1	DEVELOPMENT
NBAHH_ir	UNMAPPED_PATHWAY	2	CONFIRMATION_HOLDOUT
NCAMUP	Transport, extracellular	0	DEVELOPMENT
NDP1	Purine catabolism	1	CONFIRMATION_HOLDOUT
NDP6	Nucleotide interconversion	2	CONFIRMATION_HOLDOUT
NDP7er	Nucleotide interconversion	2	DEVELOPMENT
NDP7ex	Nucleotide interconversion	2	DEVELOPMENT
NDP7g	Nucleotide interconversion	2	DEVELOPMENT
NDP8	Nucleotide interconversion	2	DEVELOPMENT
NDP8ex	Nucleotide interconversion	2	DEVELOPMENT
NDPK1	Nucleotide interconversion	2	DEVELOPMENT
NDPK10	Nucleotide interconversion	2	DEVELOPMENT
NDPK10n	Nucleotide interconversion	2	DEVELOPMENT
NDPK1m	Nucleotide interconversion	2	CONFIRMATION_HOLDOUT
NDPK1n	Nucleotide interconversion	2	DEVELOPMENT
NDPK2	Nucleotide interconversion	2	DEVELOPMENT
NDPK2n	Nucleotide interconversion	2	DEVELOPMENT
NDPK3	Nucleotide interconversion	2	DEVELOPMENT
NDPK3m	Nucleotide interconversion	2	DEVELOPMENT
NDPK3n	Nucleotide interconversion	2	DEVELOPMENT
NDPK4	Nucleotide interconversion	2	CONFIRMATION_HOLDOUT
NDPK4m	Nucleotide interconversion	2	CONFIRMATION_HOLDOUT
NDPK4n	Nucleotide interconversion	2	DEVELOPMENT
NDPK5	Nucleotide interconversion	2	DEVELOPMENT
NDPK5m	Nucleotide interconversion	2	CONFIRMATION_HOLDOUT
NDPK5n	Nucleotide interconversion	2	CONFIRMATION_HOLDOUT
NDPK6	Nucleotide interconversion	2	DEVELOPMENT
NDPK6m	Nucleotide interconversion	2	CONFIRMATION_HOLDOUT
NDPK6n	Nucleotide interconversion	2	DEVELOPMENT
NDPK7	Nucleotide interconversion	2	CONFIRMATION_HOLDOUT
NDPK7m	Nucleotide interconversion	2	DEVELOPMENT
NDPK7n	Nucleotide interconversion	2	DEVELOPMENT
NDPK8	Nucleotide interconversion	2	DEVELOPMENT
NDPK8m	Nucleotide interconversion	2	DEVELOPMENT
NDPK8n	Nucleotide interconversion	2	DEVELOPMENT
NDPK9	Nucleotide interconversion	2	DEVELOPMENT
NDPK9n	Nucleotide interconversion	2	DEVELOPMENT
NEU11l	Sphingolipid metabolism	2	DEVELOPMENT
NEU21	Sphingolipid metabolism	2	DEVELOPMENT
NEU22	Sphingolipid metabolism	2	DEVELOPMENT
NEU23	Sphingolipid metabolism	2	CONFIRMATION_HOLDOUT
NEU310e	Sphingolipid metabolism	2	DEVELOPMENT
NEU38n	Sphingolipid metabolism	2	DEVELOPMENT
NEU39e	Sphingolipid metabolism	2	DEVELOPMENT
NH4tm	Transport, mitochondrial	2	DEVELOPMENT
NH4tp	Transport, peroxisomal	1	DEVELOPMENT
NH4tr	Transport, endoplasmic reticular	1	DEVELOPMENT
NICRNS	NAD metabolism	1	DEVELOPMENT
NMNAT	NAD metabolism	1	CONFIRMATION_HOLDOUT
NMNATn	NAD metabolism	1	DEVELOPMENT
NMNHYD	UNMAPPED_PATHWAY	2	DEVELOPMENT
NMNS	NAD metabolism	1	DEVELOPMENT
NNATn	NAD metabolism	1	DEVELOPMENT
NNATr	NAD metabolism	1	DEVELOPMENT
NNMT	NAD metabolism	1	CONFIRMATION_HOLDOUT
NORANMT	Tyrosine metabolism	0	DEVELOPMENT
NP1	NAD metabolism	1	DEVELOPMENT
NRPPHRSFt	Transport, extracellular	0	CONFIRMATION_HOLDOUT
NRPPHRSULT	Tyrosine metabolism	0	CONFIRMATION_HOLDOUT
NRVNCABCt	Transport, extracellular	0	CONFIRMATION_HOLDOUT
NRVNCCOAtx	Transport, peroxisomal	1	DEVELOPMENT
NRVNCt	Transport, extracellular	0	DEVELOPMENT
NT5C	NAD metabolism	1	DEVELOPMENT
NTD1	Pyrimidine catabolism	1	CONFIRMATION_HOLDOUT
NTD10	Nucleotide interconversion	2	DEVELOPMENT
NTD11	Purine catabolism	1	DEVELOPMENT
NTD1m	Nucleotide interconversion	2	CONFIRMATION_HOLDOUT
NTD2	Pyrimidine catabolism	1	CONFIRMATION_HOLDOUT
NTD2e	Nucleotide interconversion	2	DEVELOPMENT
NTD2l	Pyrimidine catabolism	1	DEVELOPMENT
NTD3	Pyrimidine catabolism	1	DEVELOPMENT
NTD4	Pyrimidine catabolism	1	CONFIRMATION_HOLDOUT
NTD4l	Pyrimidine catabolism	1	DEVELOPMENT
NTD5	Pyrimidine catabolism	1	DEVELOPMENT
NTD5l	Pyrimidine catabolism	1	DEVELOPMENT
NTD5m	Nucleotide interconversion	2	DEVELOPMENT
NTD6	Nucleotide interconversion	2	CONFIRMATION_HOLDOUT
NTD7	Nucleotide interconversion	2	DEVELOPMENT
NTD7e	Nucleotide interconversion	2	DEVELOPMENT
NTD7l	Purine catabolism	1	DEVELOPMENT
NTD8	Nucleotide interconversion	2	DEVELOPMENT
NTD9	Nucleotide interconversion	2	DEVELOPMENT
NTD9l	Purine catabolism	1	DEVELOPMENT
NTPP2	Purine catabolism	1	CONFIRMATION_HOLDOUT
NaKt_1	Transport, extracellular	0	DEVELOPMENT
O2Stm	Transport, mitochondrial	2	DEVELOPMENT
O2Stx	Transport, peroxisomal	1	DEVELOPMENT
O2t	Transport, extracellular	0	DEVELOPMENT
O2ter	Transport, endoplasmic reticular	1	DEVELOPMENT
O2tm	Transport, mitochondrial	2	DEVELOPMENT
O2tp	Transport, peroxisomal	1	CONFIRMATION_HOLDOUT
OAADC	Miscellaneous	0	DEVELOPMENT
OCCOAtm	Transport, mitochondrial	2	DEVELOPMENT
OCCOAtx	Transport, peroxisomal	1	CONFIRMATION_HOLDOUT
OCD11COACPT1_1	Fatty acid oxidation	1	CONFIRMATION_HOLDOUT
OCD11CRNCACT	Fatty acid oxidation	1	DEVELOPMENT
OCD11CRNCPT2_1	Fatty acid oxidation	1	DEVELOPMENT
OCOAT1m	Valine, leucine, and isoleucine metabolism	0	CONFIRMATION_HOLDOUT
OCT11EFATP_1	Fatty acid oxidation	1	DEVELOPMENT
OCTDEC2ACBP	Fatty acid oxidation	1	DEVELOPMENT
OCTDECCACT	Fatty acid oxidation	1	DEVELOPMENT
OCTDECCPT2	Fatty acid oxidation	1	DEVELOPMENT
ODECOAtx	Transport, peroxisomal	1	CONFIRMATION_HOLDOUT
OIVD1m	Valine, leucine, and isoleucine metabolism	0	CONFIRMATION_HOLDOUT
OIVD2m	Valine, leucine, and isoleucine metabolism	0	DEVELOPMENT
OIVD3m	Valine, leucine, and isoleucine metabolism	0	DEVELOPMENT
OMHPALTD	Fatty acid oxidation	1	DEVELOPMENT
OMPDC	Pyrimidine synthesis	1	DEVELOPMENT
ORNDC	Urea cycle	0	CONFIRMATION_HOLDOUT
ORNTArm	Urea cycle	0	CONFIRMATION_HOLDOUT
ORPT	Pyrimidine synthesis	1	CONFIRMATION_HOLDOUT
P45011A1m	Steroid metabolism	1	DEVELOPMENT
P45019A1r	Steroid metabolism	1	CONFIRMATION_HOLDOUT
P45019A2r	Steroid metabolism	1	CONFIRMATION_HOLDOUT
P45039A1r	Bile acid synthesis	1	DEVELOPMENT
P45046A1r	Bile acid synthesis	1	CONFIRMATION_HOLDOUT
P4504F122r	Eicosanoid metabolism	0	DEVELOPMENT
P5CR	Arginine and proline metabolism	2	DEVELOPMENT
PACALDtm	Transport, mitochondrial	2	DEVELOPMENT
PACCOALm	Phenylalanine metabolism	2	DEVELOPMENT
PAFABCt	Transport, extracellular	0	DEVELOPMENT
PAFH	Glycerophospholipid metabolism	0	DEVELOPMENT
PAFHe	Glycerophospholipid metabolism	0	CONFIRMATION_HOLDOUT
PAFS	Glycerophospholipid metabolism	0	DEVELOPMENT
PAFt	Transport, extracellular	0	DEVELOPMENT
PAILAR_HSPLA2	Glycerophospholipid metabolism	0	CONFIRMATION_HOLDOUT
PAILPALM_HSPLA2	Glycerophospholipid metabolism	0	DEVELOPMENT
PAILPALM_HSSECt	Transport, extracellular	0	DEVELOPMENT
PAILR_HSSECt	Transport, extracellular	0	DEVELOPMENT
PAIL_hs_SECt	Transport, extracellular	0	DEVELOPMENT
PAPStg	UNMAPPED_PATHWAY	2	DEVELOPMENT
PAPtg	UNMAPPED_PATHWAY	2	DEVELOPMENT
PA_HStm	Transport, mitochondrial	2	DEVELOPMENT
PCFLOPm	Transport, mitochondrial	2	CONFIRMATION_HOLDOUT
PCHLN225_HSABCt	Transport, extracellular	0	DEVELOPMENT
PCHLN225_HSt1e	Transport, extracellular	0	DEVELOPMENT
PCHOL2LINL_HSABCt	Transport, extracellular	0	CONFIRMATION_HOLDOUT
PCHOL2LINL_HSPLA2	Glycerophospholipid metabolism	0	DEVELOPMENT
PCHOL2LINL_HSt1e	Transport, extracellular	0	DEVELOPMENT
PCHOL2OLE_HSABCt	Transport, extracellular	0	CONFIRMATION_HOLDOUT
PCHOL2OLE_HSPLA2	Glycerophospholipid metabolism	0	DEVELOPMENT
PCHOL2OLE_HSt1e	Transport, extracellular	0	CONFIRMATION_HOLDOUT
PCHOL2PALM_HSPLA2	Glycerophospholipid metabolism	0	DEVELOPMENT
PCHOL2PALM_HSte	Transport, extracellular	0	CONFIRMATION_HOLDOUT
PCHOL2STE_HSABCt	Transport, extracellular	0	DEVELOPMENT
PCHOL2STE_HSPLA2	Glycerophospholipid metabolism	0	DEVELOPMENT
PCHOL2STE_HSt1e	Transport, extracellular	0	CONFIRMATION_HOLDOUT
PCHOLAR_HSABCt	Transport, extracellular	0	DEVELOPMENT
PCHOLAR_HSPLA2	Glycerophospholipid metabolism	0	DEVELOPMENT
PCHOLAR_HSt1e	Transport, extracellular	0	DEVELOPMENT
PCHOLDEIC_HSPLA2	Glycerophospholipid metabolism	0	DEVELOPMENT
PCHOLDET_HSPLA2	Glycerophospholipid metabolism	0	DEVELOPMENT
PCHOLDOC_HSABCt	Transport, extracellular	0	DEVELOPMENT
PCHOLDOC_HSPLA2	Glycerophospholipid metabolism	0	DEVELOPMENT
PCHOLDOC_HSt1e	Transport, extracellular	0	DEVELOPMENT
PCHOLEIC_HSABCt	Transport, extracellular	0	DEVELOPMENT
PCHOLEIC_HSt1e	Transport, extracellular	0	CONFIRMATION_HOLDOUT
PCHOLET_HSABCt	Transport, extracellular	0	CONFIRMATION_HOLDOUT
PCHOLET_HSt1e	Transport, extracellular	0	DEVELOPMENT
PCHOLHEP_HSABCt	Transport, extracellular	0	CONFIRMATION_HOLDOUT
PCHOLHEP_HSPLA2	Glycerophospholipid metabolism	0	DEVELOPMENT
PCHOLHEP_HSt1e	Transport, extracellular	0	DEVELOPMENT
PCHOLHSTDe_1	Transport, extracellular	0	DEVELOPMENT
PCHOLLINL_HSABCt	Transport, extracellular	0	DEVELOPMENT
PCHOLLINL_HSPLA2	Glycerophospholipid metabolism	0	CONFIRMATION_HOLDOUT
PCHOLLINL_HSt1e	Transport, extracellular	0	CONFIRMATION_HOLDOUT
PCHOLMYR_HSPLA2	Glycerophospholipid metabolism	0	DEVELOPMENT
PCHOLMYR_HsABCt	Transport, extracellular	0	CONFIRMATION_HOLDOUT
PCHOLMYR_Hst1e	Transport, extracellular	0	DEVELOPMENT
PCHOLN15_HSABCt	Transport, extracellular	0	CONFIRMATION_HOLDOUT
PCHOLN15_HSPLA2	Glycerophospholipid metabolism	0	DEVELOPMENT
PCHOLN15_HSt1e	Transport, extracellular	0	DEVELOPMENT
PCHOLN1836_HSABCt	Transport, extracellular	0	DEVELOPMENT
PCHOLN1836_HSPLA2	Glycerophospholipid metabolism	0	CONFIRMATION_HOLDOUT
PCHOLN1836_HSt1e	Transport, extracellular	0	DEVELOPMENT
PCHOLN183_HSABCt	Transport, extracellular	0	DEVELOPMENT
PCHOLN183_HSPLA2	Glycerophospholipid metabolism	0	DEVELOPMENT
PCHOLN183_HSt1e	Transport, extracellular	0	DEVELOPMENT
PCHOLN19_HSABCt	Transport, extracellular	0	DEVELOPMENT
PCHOLN19_HSPLA2	Glycerophospholipid metabolism	0	CONFIRMATION_HOLDOUT
PCHOLN19_HSt1e	Transport, extracellular	0	DEVELOPMENT
PCHOLN201_HSABCt	Transport, extracellular	0	DEVELOPMENT
PCHOLN201_HSPLA2	Glycerophospholipid metabolism	0	DEVELOPMENT
PCHOLN201_HSt1e	Transport, extracellular	0	DEVELOPMENT
PCHOLN203_HSABCt	Transport, extracellular	0	CONFIRMATION_HOLDOUT
PCHOLN203_HSPLA2	Glycerophospholipid metabolism	0	DEVELOPMENT
PCHOLN203_HSt1e	Transport, extracellular	0	CONFIRMATION_HOLDOUT
PCHOLN204_HSABCt	Transport, extracellular	0	DEVELOPMENT
PCHOLN204_HSPLA2	Glycerophospholipid metabolism	0	DEVELOPMENT
PCHOLN204_HSt1e	Transport, extracellular	0	DEVELOPMENT
PCHOLN205_HSABCt	Transport, extracellular	0	DEVELOPMENT
PCHOLN205_HSPLA2	Glycerophospholipid metabolism	0	CONFIRMATION_HOLDOUT
PCHOLN205_HSt1e	Transport, extracellular	0	DEVELOPMENT
PCHOLN224_HSABCt	Transport, extracellular	0	DEVELOPMENT
PCHOLN224_HSPLA2	Glycerophospholipid metabolism	0	DEVELOPMENT
PCHOLN224_HSt1e	Transport, extracellular	0	CONFIRMATION_HOLDOUT
PCHOLN2254_HSABCt	Transport, extracellular	0	DEVELOPMENT
PCHOLN2254_HSPLA2	Glycerophospholipid metabolism	0	DEVELOPMENT
PCHOLN2254_HSt1e	Transport, extracellular	0	DEVELOPMENT
PCHOLN225_HSABCt	Transport, extracellular	0	DEVELOPMENT
PCHOLN225_HSPLA2	Glycerophospholipid metabolism	0	DEVELOPMENT
PCHOLN225_HSt1e	Transport, extracellular	0	CONFIRMATION_HOLDOUT
PCHOLN226_HSPLA2	Glycerophospholipid metabolism	0	DEVELOPMENT
PCHOLN24_HSPLA2	Glycerophospholipid metabolism	0	CONFIRMATION_HOLDOUT
PCHOLN261_HSPLA2	Glycerophospholipid metabolism	0	CONFIRMATION_HOLDOUT
PCHOLN261_HSte	Transport, extracellular	0	DEVELOPMENT
PCHOLN264_HSABCt	Transport, extracellular	0	DEVELOPMENT
PCHOLN264_HSt1e	Transport, extracellular	0	DEVELOPMENT
PCHOLN281_HSPLA2	Glycerophospholipid metabolism	0	DEVELOPMENT
PCHOLN281_HSte	Transport, extracellular	0	DEVELOPMENT
PCHOLN28_HSPLA2	Glycerophospholipid metabolism	0	CONFIRMATION_HOLDOUT
PCHOLN28_HSte	Transport, extracellular	0	DEVELOPMENT
PCHOLOLE_HSABCt	Transport, extracellular	0	DEVELOPMENT
PCHOLOLE_HSPLA2	Glycerophospholipid metabolism	0	DEVELOPMENT
PCHOLOLE_HSt1e	Transport, extracellular	0	DEVELOPMENT
PCHOLPALME_HSABCt	Transport, extracellular	0	DEVELOPMENT
PCHOLPALME_HSPLA2	Glycerophospholipid metabolism	0	DEVELOPMENT
PCHOLPALME_HSt1e	Transport, extracellular	0	DEVELOPMENT
PCHOLPALM_HSPLA2	Glycerophospholipid metabolism	0	DEVELOPMENT
PCHOLSTE_HSABCt	Transport, extracellular	0	DEVELOPMENT
PCHOLSTE_HSPLA2	Glycerophospholipid metabolism	0	DEVELOPMENT
PCHOLSTE_HSt1e	Transport, extracellular	0	CONFIRMATION_HOLDOUT
PCHOL_HSter	Transport, endoplasmic reticular	1	DEVELOPMENT
PCHOL_HStg	UNMAPPED_PATHWAY	2	CONFIRMATION_HOLDOUT
PCREATtmdiffir	Urea cycle	0	CONFIRMATION_HOLDOUT
PCRNtm	Fatty acid oxidation	1	CONFIRMATION_HOLDOUT
PDE1	Nucleotide interconversion	2	DEVELOPMENT
PDE4	Nucleotide interconversion	2	DEVELOPMENT
PDHm	Glycolysis/gluconeogenesis	2	DEVELOPMENT
PE12_HSABCt	Transport, extracellular	0	DEVELOPMENT
PE12_HSt1e	Transport, extracellular	0	CONFIRMATION_HOLDOUT
PE14_HSABCt	Transport, extracellular	0	DEVELOPMENT
PE14_HSt1e	Transport, extracellular	0	CONFIRMATION_HOLDOUT
PE15_HSABCt	Transport, extracellular	0	DEVELOPMENT
PE15_HSt1e	Transport, extracellular	0	DEVELOPMENT
PE161_HSABCt	Transport, extracellular	0	DEVELOPMENT
PE161_HSt1e	Transport, extracellular	0	DEVELOPMENT
PE17_HSABCt	Transport, extracellular	0	DEVELOPMENT
PE17_HSt1e	Transport, extracellular	0	DEVELOPMENT
PE203_HSABCt	Transport, extracellular	0	CONFIRMATION_HOLDOUT
PE203_HSPLA2	Glycerophospholipid metabolism	0	DEVELOPMENT
PE203_HSt1e	Transport, extracellular	0	CONFIRMATION_HOLDOUT
PE224_HSPLA2	Glycerophospholipid metabolism	0	DEVELOPMENT
PE224_HSte	Transport, extracellular	0	CONFIRMATION_HOLDOUT
PE226_HSABCt	Transport, extracellular	0	DEVELOPMENT
PE226_HSPLA2	Glycerophospholipid metabolism	0	DEVELOPMENT
PE226_HSt1e	Transport, extracellular	0	DEVELOPMENT
PE2LINL_HSABCt	Transport, extracellular	0	DEVELOPMENT
PE2LINL_HSPLA2	Glycerophospholipid metabolism	0	CONFIRMATION_HOLDOUT
PE2LINL_HSt1e	Transport, extracellular	0	DEVELOPMENT
PEAMNO	Phenylalanine metabolism	2	DEVELOPMENT
PEAR_HSABCt	Transport, extracellular	0	DEVELOPMENT
PEAR_HSPLA2	Glycerophospholipid metabolism	0	CONFIRMATION_HOLDOUT
PEAR_HSt1e	Transport, extracellular	0	DEVELOPMENT
PEDH12_HSPLA2	Glycerophospholipid metabolism	0	DEVELOPMENT
PEDH13_HSPLA2	Glycerophospholipid metabolism	0	DEVELOPMENT
PEDH14_HSPLA2	Glycerophospholipid metabolism	0	DEVELOPMENT
PEDH15_HSPLA2	Glycerophospholipid metabolism	0	DEVELOPMENT
PEDH161_HSPLA2	Glycerophospholipid metabolism	0	DEVELOPMENT
PEDH17_HSPLA2	Glycerophospholipid metabolism	0	CONFIRMATION_HOLDOUT
PEDH203_HSABCt	Transport, extracellular	0	DEVELOPMENT
PEDH203_HSPLA2	Glycerophospholipid metabolism	0	DEVELOPMENT
PEDH203_HSt1e	Transport, extracellular	0	CONFIRMATION_HOLDOUT
PEHSFABPe	Transport, endoplasmic reticular	1	DEVELOPMENT
PELINL_HSABCt	Transport, extracellular	0	DEVELOPMENT
PELINL_HSPLA2	Glycerophospholipid metabolism	0	DEVELOPMENT
PELINL_HSt1e	Transport, extracellular	0	DEVELOPMENT
PELPALM_HSABCt	Transport, extracellular	0	DEVELOPMENT
PELPALM_HSt1e	Transport, extracellular	0	CONFIRMATION_HOLDOUT
PEOLE_HSABCt	Transport, extracellular	0	CONFIRMATION_HOLDOUT
PEOLE_HSPLA2	Glycerophospholipid metabolism	0	DEVELOPMENT
PEOLE_HSt1e	Transport, extracellular	0	CONFIRMATION_HOLDOUT
PEPALM_HSASBCt	Transport, extracellular	0	CONFIRMATION_HOLDOUT
PEPALM_HSPLA2	Glycerophospholipid metabolism	0	DEVELOPMENT
PEPALM_HSt1e	Transport, extracellular	0	CONFIRMATION_HOLDOUT
PESTE_HSABCt	Transport, extracellular	0	DEVELOPMENT
PETHCT	Glycerophospholipid metabolism	0	DEVELOPMENT
PETOHMm_hs	Glycerophospholipid metabolism	0	DEVELOPMENT
PETOHMr_hs	Glycerophospholipid metabolism	0	CONFIRMATION_HOLDOUT
PE_HStm	Transport, mitochondrial	2	DEVELOPMENT
PEt	Transport, extracellular	0	CONFIRMATION_HOLDOUT
PFK	Glycolysis/gluconeogenesis	2	CONFIRMATION_HOLDOUT
PGCD	Glycine, serine, alanine, and threonine metabolism	2	DEVELOPMENT
PGDI	Eicosanoid metabolism	0	DEVELOPMENT
PGDIr	Eicosanoid metabolism	0	DEVELOPMENT
PGESc	Eicosanoid metabolism	0	DEVELOPMENT
PGI	Glycolysis/gluconeogenesis	2	DEVELOPMENT
PGK	Glycolysis/gluconeogenesis	2	DEVELOPMENT
PGL	Pentose phosphate pathway	0	DEVELOPMENT
PGLYCt	Transport, extracellular	0	CONFIRMATION_HOLDOUT
PGLYCtm	Transport, mitochondrial	2	CONFIRMATION_HOLDOUT
PGLc	Pentose phosphate pathway	0	DEVELOPMENT
PGM	Glycolysis/gluconeogenesis	2	DEVELOPMENT
PGMT	Glycolysis/gluconeogenesis	2	DEVELOPMENT
PGPPT	Glycerophospholipid metabolism	0	DEVELOPMENT
PGPP_hs	Glycerophospholipid metabolism	0	DEVELOPMENT
PGP_hs_tm	Transport, mitochondrial	2	DEVELOPMENT
PGS	Eicosanoid metabolism	0	DEVELOPMENT
PGSr	Eicosanoid metabolism	0	DEVELOPMENT
PHACCOAGLYACm	Phenylalanine metabolism	2	DEVELOPMENT
PHCDm	Arginine and proline metabolism	2	DEVELOPMENT
PHEACGLYsec	Transport, extracellular	0	DEVELOPMENT
PHEACGLYtm	Transport, mitochondrial	2	DEVELOPMENT
PHEASNMETt	Transport, extracellular	0	CONFIRMATION_HOLDOUT
PHEASPt	Transport, extracellular	0	DEVELOPMENT
PHEGLNPHEt	Transport, extracellular	0	DEVELOPMENT
PHELEUASPt	Transport, extracellular	0	DEVELOPMENT
PHELEUHISt	Transport, extracellular	0	DEVELOPMENT
PHELEUt	Transport, extracellular	0	DEVELOPMENT
PHELYSALAt	Transport, extracellular	0	DEVELOPMENT
PHELYSPROt	Transport, extracellular	0	CONFIRMATION_HOLDOUT
PHEMEABCte	Transport, extracellular	0	DEVELOPMENT
PHEMEtm	Transport, mitochondrial	2	CONFIRMATION_HOLDOUT
PHEPHEASNt	Transport, extracellular	0	CONFIRMATION_HOLDOUT
PHEPHETHRt	Transport, extracellular	0	DEVELOPMENT
PHEPHEt	Transport, extracellular	0	CONFIRMATION_HOLDOUT
PHEPROARGt	Transport, extracellular	0	DEVELOPMENT
PHESERTRPt	Transport, extracellular	0	DEVELOPMENT
PHETA1	Phenylalanine metabolism	2	DEVELOPMENT
PHETA1m	Phenylalanine metabolism	2	DEVELOPMENT
PHETHRLYSt	Transport, extracellular	0	DEVELOPMENT
PHETRPLEUt	Transport, extracellular	0	CONFIRMATION_HOLDOUT
PHETYRGLNt	Transport, extracellular	0	CONFIRMATION_HOLDOUT
PHETYRLYSt	Transport, extracellular	0	DEVELOPMENT
PHETYRt	Transport, extracellular	0	DEVELOPMENT
PHEt4	Transport, extracellular	0	DEVELOPMENT
PHPYRtm	Transport, mitochondrial	2	DEVELOPMENT
PHYCBOXL	Phenylalanine metabolism	2	DEVELOPMENT
PI345P3P	Inositol phosphate metabolism	2	DEVELOPMENT
PI345P3Pn	Inositol phosphate metabolism	2	DEVELOPMENT
PI345P5P	Inositol phosphate metabolism	2	DEVELOPMENT
PI34P5K	Inositol phosphate metabolism	2	DEVELOPMENT
PI3P4K	Inositol phosphate metabolism	2	CONFIRMATION_HOLDOUT
PI3P5K	Inositol phosphate metabolism	2	DEVELOPMENT
PI45P3K	Inositol phosphate metabolism	2	CONFIRMATION_HOLDOUT
PI45P5P	Inositol phosphate metabolism	2	DEVELOPMENT
PI45PLC	Inositol phosphate metabolism	2	DEVELOPMENT
PI4P3K	Inositol phosphate metabolism	2	DEVELOPMENT
PI4P5K	Glycerophospholipid metabolism	0	CONFIRMATION_HOLDOUT
PI4PLC	Inositol phosphate metabolism	2	DEVELOPMENT
PI4PLCn	Inositol phosphate metabolism	2	DEVELOPMENT
PI5P3K	Inositol phosphate metabolism	2	DEVELOPMENT
PI5P4K	Inositol phosphate metabolism	2	CONFIRMATION_HOLDOUT
PIK3	Inositol phosphate metabolism	2	CONFIRMATION_HOLDOUT
PIK4	Glycerophospholipid metabolism	0	CONFIRMATION_HOLDOUT
PIK5	Inositol phosphate metabolism	2	CONFIRMATION_HOLDOUT
PIPLC	Inositol phosphate metabolism	2	DEVELOPMENT
PIPLCn	Inositol phosphate metabolism	2	DEVELOPMENT
PIt8	Transport, extracellular	0	DEVELOPMENT
PIter	Transport, endoplasmic reticular	1	DEVELOPMENT
PItg	UNMAPPED_PATHWAY	2	DEVELOPMENT
PItx	Transport, peroxisomal	1	CONFIRMATION_HOLDOUT
PLA2_2	Glycerophospholipid metabolism	0	DEVELOPMENT
PLA2_2e	Glycerophospholipid metabolism	0	DEVELOPMENT
PMANM	Fructose and mannose metabolism	0	DEVELOPMENT
PMEVK	UNMAPPED_PATHWAY	2	CONFIRMATION_HOLDOUT
PMEVKx	Cholesterol metabolism	2	DEVELOPMENT
PMI12346PH	Inositol phosphate metabolism	2	DEVELOPMENT
PMI12346PHn	Inositol phosphate metabolism	2	CONFIRMATION_HOLDOUT
PMI12346PS	Inositol phosphate metabolism	2	DEVELOPMENT
PMTCOAFABP1tc_1	Transport, endoplasmic reticular	1	DEVELOPMENT
PMTCOAtx	Transport, peroxisomal	1	DEVELOPMENT
PNP	NAD metabolism	1	DEVELOPMENT
PNTK	UNMAPPED_PATHWAY	2	DEVELOPMENT
PNTOt4	Transport, extracellular	0	DEVELOPMENT
PPA2	Miscellaneous	0	DEVELOPMENT
PPAP	Triacylglycerol synthesis	2	DEVELOPMENT
PPAer	Miscellaneous	0	DEVELOPMENT
PPAtr	Transport, extracellular	0	DEVELOPMENT
PPBNGS	Heme synthesis	2	DEVELOPMENT
PPCDC	UNMAPPED_PATHWAY	2	DEVELOPMENT
PPD2CSPp	UNMAPPED_PATHWAY	2	DEVELOPMENT
PPDOy	Pyruvate metabolism	0	DEVELOPMENT
PPItm	Transport, mitochondrial	2	DEVELOPMENT
PPItr	Transport, endoplasmic reticular	1	DEVELOPMENT
PPItx	Transport, peroxisomal	1	DEVELOPMENT
PPM	Pentose phosphate pathway	0	DEVELOPMENT
PPM2	Pentose phosphate pathway	0	DEVELOPMENT
PPNCL2	UNMAPPED_PATHWAY	2	DEVELOPMENT
PPNCL3	UNMAPPED_PATHWAY	2	DEVELOPMENT
PPP9ABCte	Transport, extracellular	0	CONFIRMATION_HOLDOUT
PPPGO	Heme synthesis	2	CONFIRMATION_HOLDOUT
PRAGSr	Purine synthesis	2	DEVELOPMENT
PRAIS	Purine synthesis	2	DEVELOPMENT
PRASCSi	Purine synthesis	2	DEVELOPMENT
PRDX	Miscellaneous	0	CONFIRMATION_HOLDOUT
PRFGS	Purine synthesis	2	DEVELOPMENT
PRGNLONESULT	Steroid metabolism	1	DEVELOPMENT
PRGNLONESte	Transport, extracellular	0	DEVELOPMENT
PRGNLONEte	Transport, extracellular	0	DEVELOPMENT
PRGNLONEtm	Transport, mitochondrial	2	DEVELOPMENT
PRISTANALtx	Transport, peroxisomal	1	CONFIRMATION_HOLDOUT
PRISTCOAtcx	Transport, peroxisomal	1	CONFIRMATION_HOLDOUT
PRISTtx	Transport, peroxisomal	1	DEVELOPMENT
PRO1x	Transport, extracellular	0	DEVELOPMENT
PROAKGOX1	Arginine and proline metabolism	2	DEVELOPMENT
PROARGASPt	Transport, extracellular	0	DEVELOPMENT
PROARGCYSt	Transport, extracellular	0	DEVELOPMENT
PROASNCYSt	Transport, extracellular	0	DEVELOPMENT
PROCYSt	Transport, extracellular	0	CONFIRMATION_HOLDOUT
PROD2	Arginine and proline metabolism	2	DEVELOPMENT
PROGLNPROt	Transport, extracellular	0	DEVELOPMENT
PROGLULYSt	Transport, extracellular	0	DEVELOPMENT
PROHISTYRt	Transport, extracellular	0	CONFIRMATION_HOLDOUT
PROHISt	Transport, extracellular	0	DEVELOPMENT
PROLEUARGt	Transport, extracellular	0	DEVELOPMENT
PROLYSPROt	Transport, extracellular	0	DEVELOPMENT
PROPHEt	Transport, extracellular	0	CONFIRMATION_HOLDOUT
PROPROARGt	Transport, extracellular	0	CONFIRMATION_HOLDOUT
PROPROPROt	Transport, extracellular	0	DEVELOPMENT
PROSTGH2t	Transport, extracellular	0	CONFIRMATION_HOLDOUT
PROSTGI2t	Transport, extracellular	0	DEVELOPMENT
PROTRPLYSt	Transport, extracellular	0	DEVELOPMENT
PROTRPTHRt	Transport, extracellular	0	CONFIRMATION_HOLDOUT
PROVALGLNt	Transport, extracellular	0	DEVELOPMENT
PROt4	Transport, extracellular	0	DEVELOPMENT
PROtm	Transport, mitochondrial	2	CONFIRMATION_HOLDOUT
PRPPS	Pentose phosphate pathway	0	DEVELOPMENT
PSDm_hs	Glycerophospholipid metabolism	0	CONFIRMATION_HOLDOUT
PSDm_hsc	Glycerophospholipid metabolism	0	DEVELOPMENT
PSERT	Glycine, serine, alanine, and threonine metabolism	2	DEVELOPMENT
PSFLIPm	Transport, mitochondrial	2	DEVELOPMENT
PSP_L	Glycine, serine, alanine, and threonine metabolism	2	DEVELOPMENT
PSSA1_hs	Glycerophospholipid metabolism	0	DEVELOPMENT
PTDCACRNCPT2	Fatty acid oxidation	1	CONFIRMATION_HOLDOUT
PTDCACRNt	Fatty acid oxidation	1	DEVELOPMENT
PTE2x	Fatty acid oxidation	1	CONFIRMATION_HOLDOUT
PTE3x	Fatty acid oxidation	1	DEVELOPMENT
PTE4x	Fatty acid oxidation	1	DEVELOPMENT
PTHPS	Tetrahydrobiopterin metabolism	2	DEVELOPMENT
PTPATi	UNMAPPED_PATHWAY	2	DEVELOPMENT
PTPATim	UNMAPPED_PATHWAY	2	DEVELOPMENT
PTRCAT1	Arginine and proline metabolism	2	DEVELOPMENT
PTRCtex2	Transport, extracellular	0	DEVELOPMENT
PTVSTATPtu	Drug metabolism	2	DEVELOPMENT
PTVSTGLUChc	Drug metabolism	2	CONFIRMATION_HOLDOUT
PTVSThc	Drug metabolism	2	CONFIRMATION_HOLDOUT
PTVSTtep	Drug metabolism	2	DEVELOPMENT
PUNP1	Nucleotide interconversion	2	DEVELOPMENT
PUNP2	Purine catabolism	1	DEVELOPMENT
PUNP3	Purine catabolism	1	DEVELOPMENT
PUNP4	Purine catabolism	1	DEVELOPMENT
PUNP5	Purine catabolism	1	DEVELOPMENT
PUNP6	Purine catabolism	1	CONFIRMATION_HOLDOUT
PUNP7	Nucleotide interconversion	2	CONFIRMATION_HOLDOUT
PVSATPtu	Drug metabolism	2	DEVELOPMENT
PVSGLUCteb	Drug metabolism	2	DEVELOPMENT
PVSGLUCtev	Drug metabolism	2	CONFIRMATION_HOLDOUT
PVStep	Drug metabolism	2	DEVELOPMENT
PYDXNtr	Transport, extracellular	0	DEVELOPMENT
PYK	Glycolysis/gluconeogenesis	2	CONFIRMATION_HOLDOUT
PYK6	Pyrimidine synthesis	1	CONFIRMATION_HOLDOUT
PYNP2r	Pyrimidine catabolism	1	DEVELOPMENT
Pe13_HSABCt	Transport, extracellular	0	DEVELOPMENT
Pe13_HSt1e	Transport, extracellular	0	CONFIRMATION_HOLDOUT
Q10H2e	Transport, extracellular	0	DEVELOPMENT
R01115	Aminosugar metabolism	2	DEVELOPMENT
R01803	Aminosugar metabolism	2	CONFIRMATION_HOLDOUT
R04215	Aminosugar metabolism	2	DEVELOPMENT
RAI3	Vitamin A metabolism	1	DEVELOPMENT
RBFK	UNMAPPED_PATHWAY	2	CONFIRMATION_HOLDOUT
RDH1	Vitamin A metabolism	1	DEVELOPMENT
RDH1a	Vitamin A metabolism	1	CONFIRMATION_HOLDOUT
RDH2	Vitamin A metabolism	1	CONFIRMATION_HOLDOUT
RDH2a	Vitamin A metabolism	1	CONFIRMATION_HOLDOUT
RDH3	Vitamin A metabolism	1	DEVELOPMENT
RDH3a	Vitamin A metabolism	1	DEVELOPMENT
RDH4	Vitamin A metabolism	1	DEVELOPMENT
RE0452M	Pyrimidine synthesis	1	DEVELOPMENT
RE0453M	Pyrimidine synthesis	1	DEVELOPMENT
RE0453N	Pyrimidine synthesis	1	CONFIRMATION_HOLDOUT
RE0456N	Pyrimidine synthesis	1	DEVELOPMENT
RE0512M	Fatty acid oxidation	1	DEVELOPMENT
RE0512X	Fatty acid oxidation	1	DEVELOPMENT
RE0565C	Fatty acid synthesis	1	DEVELOPMENT
RE0566C	Fatty acid synthesis	1	CONFIRMATION_HOLDOUT
RE0567C	Fatty acid synthesis	1	DEVELOPMENT
RE0568C	Fatty acid synthesis	1	DEVELOPMENT
RE0569C	Fatty acid synthesis	1	DEVELOPMENT
RE0570C	Fatty acid synthesis	1	DEVELOPMENT
RE0571C	Fatty acid synthesis	1	DEVELOPMENT
RE0574C	Fatty acid synthesis	1	DEVELOPMENT
RE0575C	Fatty acid synthesis	1	CONFIRMATION_HOLDOUT
RE0576C_1	Fatty acid synthesis	1	DEVELOPMENT
RE0578C	Fatty acid synthesis	1	DEVELOPMENT
RE0579C_1	Fatty acid synthesis	1	DEVELOPMENT
RE0581C	Fatty acid synthesis	1	DEVELOPMENT
RE0830N	Tetrahydrobiopterin metabolism	2	DEVELOPMENT
RE0908C	Tyrosine metabolism	0	DEVELOPMENT
RE0912C	Tyrosine metabolism	0	DEVELOPMENT
RE0916C	Tyrosine metabolism	0	DEVELOPMENT
RE0918C	Tyrosine metabolism	0	CONFIRMATION_HOLDOUT
RE1096C	Steroid metabolism	1	DEVELOPMENT
RE1099C	Steroid metabolism	1	DEVELOPMENT
RE1134C	Steroid metabolism	1	DEVELOPMENT
RE1516M	Fatty acid oxidation	1	DEVELOPMENT
RE1516X	Fatty acid oxidation	1	DEVELOPMENT
RE1517M	Fatty acid oxidation	1	CONFIRMATION_HOLDOUT
RE1517X	Fatty acid oxidation	1	DEVELOPMENT
RE1518M	Fatty acid oxidation	1	DEVELOPMENT
RE1518X	Fatty acid oxidation	1	CONFIRMATION_HOLDOUT
RE1519X	Fatty acid oxidation	1	DEVELOPMENT
RE1520M	Fatty acid oxidation	1	DEVELOPMENT
RE1520X	Fatty acid oxidation	1	CONFIRMATION_HOLDOUT
RE1521M	Fatty acid oxidation	1	CONFIRMATION_HOLDOUT
RE1521X	Fatty acid oxidation	1	DEVELOPMENT
RE1522M	Fatty acid oxidation	1	DEVELOPMENT
RE1522X	Fatty acid oxidation	1	DEVELOPMENT
RE1523M	Fatty acid oxidation	1	DEVELOPMENT
RE1523X	Fatty acid oxidation	1	CONFIRMATION_HOLDOUT
RE1525M	Fatty acid oxidation	1	DEVELOPMENT
RE1525X	Fatty acid oxidation	1	DEVELOPMENT
RE1526M	Fatty acid oxidation	1	DEVELOPMENT
RE1526X	Fatty acid oxidation	1	DEVELOPMENT
RE1527M	Fatty acid oxidation	1	CONFIRMATION_HOLDOUT
RE1527X	Fatty acid oxidation	1	DEVELOPMENT
RE1530M	Pyrimidine synthesis	1	CONFIRMATION_HOLDOUT
RE1531M	Fatty acid oxidation	1	DEVELOPMENT
RE1531X	Fatty acid oxidation	1	DEVELOPMENT
RE1532M	Fatty acid oxidation	1	DEVELOPMENT
RE1532X	Fatty acid oxidation	1	DEVELOPMENT
RE1533M	Fatty acid oxidation	1	DEVELOPMENT
RE1533X	Fatty acid oxidation	1	CONFIRMATION_HOLDOUT
RE1534M	Fatty acid oxidation	1	DEVELOPMENT
RE1534X	Fatty acid oxidation	1	CONFIRMATION_HOLDOUT
RE1573M	Fatty acid oxidation	1	DEVELOPMENT
RE1573X	Fatty acid oxidation	1	CONFIRMATION_HOLDOUT
RE1709N	Tetrahydrobiopterin metabolism	2	DEVELOPMENT
RE1803C	Bile acid synthesis	1	DEVELOPMENT
RE1804M	Bile acid synthesis	1	DEVELOPMENT
RE1807M	Bile acid synthesis	1	DEVELOPMENT
RE1834C	Bile acid synthesis	1	DEVELOPMENT
RE1834M	Bile acid synthesis	1	DEVELOPMENT
RE1835C	Bile acid synthesis	1	CONFIRMATION_HOLDOUT
RE1836C	Bile acid synthesis	1	DEVELOPMENT
RE1860E	Miscellaneous	0	DEVELOPMENT
RE1915C	Tyrosine metabolism	0	DEVELOPMENT
RE1916C	Tyrosine metabolism	0	DEVELOPMENT
RE2112C	Bile acid synthesis	1	DEVELOPMENT
RE2235R	UNMAPPED_PATHWAY	2	CONFIRMATION_HOLDOUT
RE2296C	Tyrosine metabolism	0	DEVELOPMENT
RE2407C	Cholesterol metabolism	2	CONFIRMATION_HOLDOUT
RE2410C	Cholesterol metabolism	2	DEVELOPMENT
RE2526C	Miscellaneous	0	DEVELOPMENT
RE2624M	Fatty acid oxidation	1	DEVELOPMENT
RE2624X	Fatty acid oxidation	1	DEVELOPMENT
RE2625C	Bile acid synthesis	1	DEVELOPMENT
RE2626M	Bile acid synthesis	1	DEVELOPMENT
RE2640C	Methionine and cysteine metabolism	1	DEVELOPMENT
RE2649M	Bile acid synthesis	1	DEVELOPMENT
RE2655R	Vitamin A metabolism	1	DEVELOPMENT
RE2660N	Tetrahydrobiopterin metabolism	2	DEVELOPMENT
RE2666C_1	Glycosphingolipid metabolism	2	DEVELOPMENT
RE2677C_1	Glycosphingolipid metabolism	2	CONFIRMATION_HOLDOUT
RE2677R_1	Glycosphingolipid metabolism	2	CONFIRMATION_HOLDOUT
RE2759X	Fatty acid oxidation	1	DEVELOPMENT
RE2799C	Eicosanoid metabolism	0	DEVELOPMENT
RE2814R	Bile acid synthesis	1	DEVELOPMENT
RE2888C_1	Purine catabolism	1	DEVELOPMENT
RE2912M	Fatty acid oxidation	1	CONFIRMATION_HOLDOUT
RE2985M	Fatty acid oxidation	1	DEVELOPMENT
RE2985X	Fatty acid oxidation	1	DEVELOPMENT
RE2986X	Fatty acid oxidation	1	DEVELOPMENT
RE2987X	Fatty acid oxidation	1	DEVELOPMENT
RE2988X	Fatty acid oxidation	1	CONFIRMATION_HOLDOUT
RE2989X	Fatty acid oxidation	1	DEVELOPMENT
RE2990X	Fatty acid oxidation	1	DEVELOPMENT
RE2991X	Fatty acid oxidation	1	DEVELOPMENT
RE2992M	Fatty acid oxidation	1	DEVELOPMENT
RE2992X	Fatty acid oxidation	1	DEVELOPMENT
RE2993X	Fatty acid oxidation	1	DEVELOPMENT
RE2994X	Fatty acid oxidation	1	DEVELOPMENT
RE2996X	Fatty acid oxidation	1	DEVELOPMENT
RE2997X	Fatty acid oxidation	1	DEVELOPMENT
RE2998M	Fatty acid oxidation	1	DEVELOPMENT
RE2999M	Fatty acid oxidation	1	CONFIRMATION_HOLDOUT
RE3000M	Fatty acid oxidation	1	CONFIRMATION_HOLDOUT
RE3001M	Fatty acid oxidation	1	CONFIRMATION_HOLDOUT
RE3002X	Fatty acid oxidation	1	DEVELOPMENT
RE3003M	Fatty acid oxidation	1	DEVELOPMENT
RE3004M	Fatty acid oxidation	1	DEVELOPMENT
RE3005M	Fatty acid oxidation	1	DEVELOPMENT
RE3006M	Fatty acid oxidation	1	DEVELOPMENT
RE3010C	Eicosanoid metabolism	0	CONFIRMATION_HOLDOUT
RE3010M	Eicosanoid metabolism	0	DEVELOPMENT
RE3011M	Eicosanoid metabolism	0	DEVELOPMENT
RE3011R	Eicosanoid metabolism	0	DEVELOPMENT
RE3012C	Eicosanoid metabolism	0	DEVELOPMENT
RE3012M	Eicosanoid metabolism	0	DEVELOPMENT
RE3012R	Eicosanoid metabolism	0	DEVELOPMENT
RE3014R	Eicosanoid metabolism	0	DEVELOPMENT
RE3015R	Eicosanoid metabolism	0	DEVELOPMENT
RE3016R	Eicosanoid metabolism	0	CONFIRMATION_HOLDOUT
RE3017R	Eicosanoid metabolism	0	DEVELOPMENT
RE3050R	Vitamin A metabolism	1	DEVELOPMENT
RE3051C	Heme synthesis	2	DEVELOPMENT
RE3052C	Heme synthesis	2	DEVELOPMENT
RE3074X	Fatty acid oxidation	1	DEVELOPMENT
RE3076X	Fatty acid oxidation	1	CONFIRMATION_HOLDOUT
RE3082X	Fatty acid oxidation	1	DEVELOPMENT
RE3095C	Tyrosine metabolism	0	DEVELOPMENT
RE3103C	Fatty acid oxidation	1	DEVELOPMENT
RE3104C	Fatty acid oxidation	1	DEVELOPMENT
RE3106C	Fatty acid oxidation	1	DEVELOPMENT
RE3110C	Fatty acid oxidation	1	DEVELOPMENT
RE3112C	Fatty acid oxidation	1	DEVELOPMENT
RE3113C	Fatty acid oxidation	1	CONFIRMATION_HOLDOUT
RE3114R	Fatty acid oxidation	1	DEVELOPMENT
RE3119C	Fatty acid oxidation	1	CONFIRMATION_HOLDOUT
RE3120C	Fatty acid oxidation	1	CONFIRMATION_HOLDOUT
RE3121C	Fatty acid oxidation	1	CONFIRMATION_HOLDOUT
RE3122C	Fatty acid oxidation	1	DEVELOPMENT
RE3132R	Fatty acid oxidation	1	DEVELOPMENT
RE3134C	Cholesterol metabolism	2	CONFIRMATION_HOLDOUT
RE3146R	Fatty acid oxidation	1	DEVELOPMENT
RE3151C	Fatty acid oxidation	1	DEVELOPMENT
RE3152C	Fatty acid oxidation	1	DEVELOPMENT
RE3153C	Fatty acid oxidation	1	DEVELOPMENT
RE3154C	Fatty acid oxidation	1	DEVELOPMENT
RE3156X	Fatty acid oxidation	1	CONFIRMATION_HOLDOUT
RE3160R	Fatty acid oxidation	1	DEVELOPMENT
RE3161C	Fatty acid oxidation	1	CONFIRMATION_HOLDOUT
RE3162C	Fatty acid oxidation	1	DEVELOPMENT
RE3163C	Fatty acid oxidation	1	DEVELOPMENT
RE3164C	Fatty acid oxidation	1	DEVELOPMENT
RE3165C	Fatty acid oxidation	1	DEVELOPMENT
RE3166C	Fatty acid oxidation	1	CONFIRMATION_HOLDOUT
RE3167C	Fatty acid oxidation	1	DEVELOPMENT
RE3168C	Fatty acid oxidation	1	DEVELOPMENT
RE3169C	Fatty acid oxidation	1	DEVELOPMENT
RE3170C	Fatty acid oxidation	1	CONFIRMATION_HOLDOUT
RE3171C	Fatty acid oxidation	1	DEVELOPMENT
RE3172C	Fatty acid oxidation	1	CONFIRMATION_HOLDOUT
RE3173C	Fatty acid oxidation	1	CONFIRMATION_HOLDOUT
RE3174C	Fatty acid oxidation	1	DEVELOPMENT
RE3176C	Fatty acid oxidation	1	DEVELOPMENT
RE3177M	Fatty acid oxidation	1	DEVELOPMENT
RE3178M	Fatty acid oxidation	1	DEVELOPMENT
RE3179M	Fatty acid oxidation	1	DEVELOPMENT
RE3185M	Fatty acid oxidation	1	DEVELOPMENT
RE3186M	Fatty acid oxidation	1	DEVELOPMENT
RE3189M	Fatty acid oxidation	1	DEVELOPMENT
RE3190M	Fatty acid oxidation	1	DEVELOPMENT
RE3191M	Fatty acid oxidation	1	DEVELOPMENT
RE3192M	Fatty acid oxidation	1	DEVELOPMENT
RE3193M	Fatty acid oxidation	1	CONFIRMATION_HOLDOUT
RE3194M	Fatty acid oxidation	1	DEVELOPMENT
RE3218C	UNMAPPED_PATHWAY	2	CONFIRMATION_HOLDOUT
RE3224C	Fatty acid synthesis	1	DEVELOPMENT
RE3225C	Fatty acid synthesis	1	DEVELOPMENT
RE3226C	Fatty acid synthesis	1	DEVELOPMENT
RE3227C	Fatty acid synthesis	1	DEVELOPMENT
RE3228C	Fatty acid synthesis	1	DEVELOPMENT
RE3229C	Fatty acid synthesis	1	DEVELOPMENT
RE3230C	Fatty acid synthesis	1	DEVELOPMENT
RE3231C	Fatty acid synthesis	1	CONFIRMATION_HOLDOUT
RE3232C	Fatty acid synthesis	1	DEVELOPMENT
RE3234C	Fatty acid synthesis	1	DEVELOPMENT
RE3235C	Fatty acid synthesis	1	DEVELOPMENT
RE3236C	Fatty acid synthesis	1	DEVELOPMENT
RE3238C	Fatty acid synthesis	1	DEVELOPMENT
RE3239C	Fatty acid synthesis	1	DEVELOPMENT
RE3241C	Fatty acid synthesis	1	DEVELOPMENT
RE3242C	Fatty acid synthesis	1	CONFIRMATION_HOLDOUT
RE3243C	Fatty acid synthesis	1	CONFIRMATION_HOLDOUT
RE3244C	Fatty acid synthesis	1	DEVELOPMENT
RE3247M	Fatty acid oxidation	1	DEVELOPMENT
RE3247X	Fatty acid oxidation	1	DEVELOPMENT
RE3307C	Eicosanoid metabolism	0	DEVELOPMENT
RE3346C	Bile acid synthesis	1	DEVELOPMENT
RE3346M	Bile acid synthesis	1	CONFIRMATION_HOLDOUT
RE3430C_1	Eicosanoid metabolism	0	DEVELOPMENT
RE3430M	Eicosanoid metabolism	0	DEVELOPMENT
RE3432C	Eicosanoid metabolism	0	CONFIRMATION_HOLDOUT
RE3432M	Eicosanoid metabolism	0	DEVELOPMENT
RE3470C	UNMAPPED_PATHWAY	2	CONFIRMATION_HOLDOUT
RE3476C	UNMAPPED_PATHWAY	2	DEVELOPMENT
RE3488R	Eicosanoid metabolism	0	CONFIRMATION_HOLDOUT
RE3496C	Eicosanoid metabolism	0	CONFIRMATION_HOLDOUT
RE3520E	UNMAPPED_PATHWAY	2	DEVELOPMENT
RE3525M	UNMAPPED_PATHWAY	2	DEVELOPMENT
RE3597C	Eicosanoid metabolism	0	DEVELOPMENT
RE3597M	Eicosanoid metabolism	0	DEVELOPMENT
RE3624M	Fatty acid oxidation	1	DEVELOPMENT
RE3626M	Fatty acid oxidation	1	CONFIRMATION_HOLDOUT
RE3628M	Fatty acid oxidation	1	DEVELOPMENT
RNDR1	Nucleotide interconversion	2	CONFIRMATION_HOLDOUT
RNDR2	Nucleotide interconversion	2	CONFIRMATION_HOLDOUT
RNDR3	Nucleotide interconversion	2	DEVELOPMENT
RNDR4	Nucleotide interconversion	2	DEVELOPMENT
RNMK	NAD metabolism	1	DEVELOPMENT
RNTR1	Nucleotide interconversion	2	DEVELOPMENT
RNTR2	Nucleotide interconversion	2	DEVELOPMENT
RNTR3	Nucleotide interconversion	2	DEVELOPMENT
RNTR4	Nucleotide interconversion	2	DEVELOPMENT
RPEc	Pentose phosphate pathway	0	DEVELOPMENT
RPI	Pentose phosphate pathway	0	DEVELOPMENT
RSVATPtu	Drug metabolism	2	CONFIRMATION_HOLDOUT
RSVSPONhc	Drug metabolism	2	CONFIRMATION_HOLDOUT
RSVtev	Drug metabolism	2	CONFIRMATION_HOLDOUT
RTOTAL2t	Transport, extracellular	0	DEVELOPMENT
RTOTAL3CRNCPT2	Fatty acid oxidation	1	DEVELOPMENT
RTOTAL3CRNt	Fatty acid oxidation	1	CONFIRMATION_HOLDOUT
RTOTALt	Transport, extracellular	0	CONFIRMATION_HOLDOUT
R_group_phosphotase_1	Miscellaneous	0	DEVELOPMENT
R_group_phosphotase_2	Miscellaneous	0	DEVELOPMENT
Rtotaltl	UNMAPPED_PATHWAY	2	DEVELOPMENT
S23T2g	UNMAPPED_PATHWAY	2	DEVELOPMENT
S23T4g	UNMAPPED_PATHWAY	2	DEVELOPMENT
S2T1g	Chondroitin synthesis	1	DEVELOPMENT
S2T2g	Chondroitin synthesis	1	DEVELOPMENT
S2T3g	Chondroitin synthesis	1	CONFIRMATION_HOLDOUT
S2T4g	Chondroitin synthesis	1	DEVELOPMENT
S2TASE1ly	UNMAPPED_PATHWAY	2	DEVELOPMENT
S2TASE2ly	UNMAPPED_PATHWAY	2	DEVELOPMENT
S2TASE3ly	Chondroitin sulfate degradation	0	DEVELOPMENT
S2TASE4ly	Chondroitin sulfate degradation	0	DEVELOPMENT
S2TASE5ly	Chondroitin sulfate degradation	0	CONFIRMATION_HOLDOUT
S3T1g	Chondroitin synthesis	1	DEVELOPMENT
S3T2g	Chondroitin synthesis	1	DEVELOPMENT
S3T3g	Chondroitin synthesis	1	DEVELOPMENT
S3TASE1ly	UNMAPPED_PATHWAY	2	DEVELOPMENT
S3TASE2ly	UNMAPPED_PATHWAY	2	DEVELOPMENT
S3TASE3ly	UNMAPPED_PATHWAY	2	CONFIRMATION_HOLDOUT
S4T1g	Chondroitin synthesis	1	CONFIRMATION_HOLDOUT
S4T2g	Chondroitin synthesis	1	DEVELOPMENT
S4T3g	Chondroitin synthesis	1	DEVELOPMENT
S4T4g	Chondroitin synthesis	1	DEVELOPMENT
S4T6g	Chondroitin synthesis	1	DEVELOPMENT
S4TASE1ly	Chondroitin sulfate degradation	0	DEVELOPMENT
S4TASE2ly	Chondroitin sulfate degradation	0	DEVELOPMENT
S4TASE3ly	Chondroitin sulfate degradation	0	DEVELOPMENT
S4TASE4ly	Chondroitin sulfate degradation	0	CONFIRMATION_HOLDOUT
S4TASE5ly	Chondroitin sulfate degradation	0	DEVELOPMENT
S6T16g	UNMAPPED_PATHWAY	2	DEVELOPMENT
S6T17g	UNMAPPED_PATHWAY	2	DEVELOPMENT
S6T18g	UNMAPPED_PATHWAY	2	CONFIRMATION_HOLDOUT
S6T19g	Chondroitin synthesis	1	DEVELOPMENT
S6T1g	UNMAPPED_PATHWAY	2	DEVELOPMENT
S6T20g	Chondroitin synthesis	1	DEVELOPMENT
S6T21g	Chondroitin synthesis	1	DEVELOPMENT
S6T23g	Chondroitin synthesis	1	DEVELOPMENT
S6T25g	Chondroitin synthesis	1	DEVELOPMENT
S6T2g	UNMAPPED_PATHWAY	2	CONFIRMATION_HOLDOUT
S6T3g	UNMAPPED_PATHWAY	2	DEVELOPMENT
S6TASE10ly	Keratan sulfate degradation	1	DEVELOPMENT
S6TASE11ly	Keratan sulfate degradation	1	CONFIRMATION_HOLDOUT
S6TASE12ly	Keratan sulfate degradation	1	DEVELOPMENT
S6TASE13ly	Keratan sulfate degradation	1	DEVELOPMENT
S6TASE14ly	Keratan sulfate degradation	1	CONFIRMATION_HOLDOUT
S6TASE15ly	Keratan sulfate degradation	1	DEVELOPMENT
S6TASE16ly	Keratan sulfate degradation	1	DEVELOPMENT
S6TASE17ly	Keratan sulfate degradation	1	CONFIRMATION_HOLDOUT
S6TASE18ly	Keratan sulfate degradation	1	DEVELOPMENT
S6TASE19ly	Keratan sulfate degradation	1	DEVELOPMENT
S6TASE1ly	UNMAPPED_PATHWAY	2	DEVELOPMENT
S6TASE20ly	Keratan sulfate degradation	1	CONFIRMATION_HOLDOUT
S6TASE21ly	Keratan sulfate degradation	1	DEVELOPMENT
S6TASE22ly	Keratan sulfate degradation	1	DEVELOPMENT
S6TASE23ly	Keratan sulfate degradation	1	CONFIRMATION_HOLDOUT
S6TASE24ly	Keratan sulfate degradation	1	CONFIRMATION_HOLDOUT
S6TASE25ly	Keratan sulfate degradation	1	DEVELOPMENT
S6TASE26ly	Keratan sulfate degradation	1	DEVELOPMENT
S6TASE2ly	UNMAPPED_PATHWAY	2	DEVELOPMENT
S6TASE3ly	UNMAPPED_PATHWAY	2	DEVELOPMENT
S6TASE4ly	Chondroitin sulfate degradation	0	CONFIRMATION_HOLDOUT
S6TASE5ly	Chondroitin sulfate degradation	0	DEVELOPMENT
S6TASE6ly	Chondroitin sulfate degradation	0	DEVELOPMENT
S6TASE7ly	Chondroitin sulfate degradation	0	DEVELOPMENT
S6TASE8ly	Chondroitin sulfate degradation	0	CONFIRMATION_HOLDOUT
S6TASE9ly	Chondroitin sulfate degradation	0	CONFIRMATION_HOLDOUT
SACCD3m	UNMAPPED_PATHWAY	2	CONFIRMATION_HOLDOUT
SACCD4m	UNMAPPED_PATHWAY	2	DEVELOPMENT
SADT	Nucleotide interconversion	2	CONFIRMATION_HOLDOUT
SALMCOM	Tyrosine metabolism	0	CONFIRMATION_HOLDOUT
SALMCOM2	Tyrosine metabolism	0	DEVELOPMENT
SAMHISTA	UNMAPPED_PATHWAY	2	DEVELOPMENT
SARCOXp	Glycine, serine, alanine, and threonine metabolism	2	DEVELOPMENT
SARCStp	Transport, peroxisomal	1	CONFIRMATION_HOLDOUT
SBPP1	Sphingolipid metabolism	2	CONFIRMATION_HOLDOUT
SBPP3	Sphingolipid metabolism	2	DEVELOPMENT
SBTD_D2	Fructose and mannose metabolism	0	DEVELOPMENT
SBTR	Fructose and mannose metabolism	0	DEVELOPMENT
SCP21cx	Transport, peroxisomal	1	DEVELOPMENT
SCP21x	Transport, peroxisomal	1	DEVELOPMENT
SCP22x	Transport, peroxisomal	1	DEVELOPMENT
SCP2x_1	Bile acid synthesis	1	DEVELOPMENT
SCP3x	Bile acid synthesis	1	CONFIRMATION_HOLDOUT
SCPx	Bile acid synthesis	1	DEVELOPMENT
SEBCOACROT	Fatty acid oxidation	1	DEVELOPMENT
SELMETHt2e	Transport, extracellular	0	DEVELOPMENT
SELMETHte	Transport, extracellular	0	DEVELOPMENT
SERALANaEx	Transport, extracellular	0	DEVELOPMENT
SERARGALAt	Transport, extracellular	0	DEVELOPMENT
SERARGTRPt	Transport, extracellular	0	DEVELOPMENT
SERASNNaEx	Transport, extracellular	0	DEVELOPMENT
SERCYSARGt	Transport, extracellular	0	DEVELOPMENT
SERCYSNaEx	Transport, extracellular	0	DEVELOPMENT
SERDGLNexR	Transport, extracellular	0	DEVELOPMENT
SERDGLYexR	Transport, extracellular	0	DEVELOPMENT
SERGLNNaEx	Transport, extracellular	0	DEVELOPMENT
SERGLNexR	Transport, extracellular	0	DEVELOPMENT
SERGLYGLUt	Transport, extracellular	0	DEVELOPMENT
SERGLYexR	Transport, extracellular	0	CONFIRMATION_HOLDOUT
SERHL	Glycine, serine, alanine, and threonine metabolism	2	DEVELOPMENT
SERLYSHISt	Transport, extracellular	0	DEVELOPMENT
SERPHELYSt	Transport, extracellular	0	DEVELOPMENT
SERPT	Sphingolipid metabolism	2	DEVELOPMENT
SERTHRNaEx	Transport, extracellular	0	DEVELOPMENT
SERTRPHISt	Transport, extracellular	0	CONFIRMATION_HOLDOUT
SERt4	Transport, extracellular	0	DEVELOPMENT
SFGTHi	Tyrosine metabolism	0	DEVELOPMENT
SGPL12r	Sphingolipid metabolism	2	DEVELOPMENT
SIAASE3ly	Keratan sulfate degradation	1	DEVELOPMENT
SIAASE4ly	Keratan sulfate degradation	1	DEVELOPMENT
SIAT4Bg	Sphingolipid metabolism	2	DEVELOPMENT
SIAT9g	Sphingolipid metabolism	2	CONFIRMATION_HOLDOUT
SLDx	Methionine and cysteine metabolism	1	DEVELOPMENT
SMO	Cholesterol metabolism	2	DEVELOPMENT
SMOX	UNMAPPED_PATHWAY	2	DEVELOPMENT
SMPD3g	Sphingolipid metabolism	2	DEVELOPMENT
SMPD3l	Sphingolipid metabolism	2	DEVELOPMENT
SMPD4	Sphingolipid metabolism	2	DEVELOPMENT
SMS1	Glycerophospholipid metabolism	0	CONFIRMATION_HOLDOUT
SMS10	Glycerophospholipid metabolism	0	DEVELOPMENT
SMS11	Glycerophospholipid metabolism	0	DEVELOPMENT
SMS12	Glycerophospholipid metabolism	0	CONFIRMATION_HOLDOUT
SMS13	Glycerophospholipid metabolism	0	DEVELOPMENT
SMS14	Glycerophospholipid metabolism	0	DEVELOPMENT
SMS15	Glycerophospholipid metabolism	0	DEVELOPMENT
SMS16	Glycerophospholipid metabolism	0	DEVELOPMENT
SMS1S2	Sphingolipid metabolism	2	DEVELOPMENT
SMS2	Glycerophospholipid metabolism	0	CONFIRMATION_HOLDOUT
SMS3	Glycerophospholipid metabolism	0	CONFIRMATION_HOLDOUT
SMS4	Glycerophospholipid metabolism	0	CONFIRMATION_HOLDOUT
SMS5	Glycerophospholipid metabolism	0	DEVELOPMENT
SMS6	Glycerophospholipid metabolism	0	DEVELOPMENT
SMS7	Glycerophospholipid metabolism	0	DEVELOPMENT
SMS8	Glycerophospholipid metabolism	0	CONFIRMATION_HOLDOUT
SMS9	Glycerophospholipid metabolism	0	DEVELOPMENT
SMVACIDATPteb	Drug metabolism	2	DEVELOPMENT
SMVACIDhep	Drug metabolism	2	DEVELOPMENT
SMVGLUChep	Drug metabolism	2	DEVELOPMENT
SMVHYDROhep	Drug metabolism	2	DEVELOPMENT
SMVtu	Drug metabolism	2	DEVELOPMENT
SMVtv	Drug metabolism	2	DEVELOPMENT
SO4CLtex2	Transport, extracellular	0	CONFIRMATION_HOLDOUT
SO4OXAtex2	Transport, extracellular	0	DEVELOPMENT
SO4tl	UNMAPPED_PATHWAY	2	DEVELOPMENT
SOAT12	Cholesterol metabolism	2	DEVELOPMENT
SPHGNSte	Transport, extracellular	0	DEVELOPMENT
SPHGNtr	Transport, endoplasmic reticular	1	DEVELOPMENT
SPHINGStl	UNMAPPED_PATHWAY	2	CONFIRMATION_HOLDOUT
SPHK11	Sphingolipid metabolism	2	CONFIRMATION_HOLDOUT
SPHK21c	Sphingolipid metabolism	2	CONFIRMATION_HOLDOUT
SPHMYLN180241_hs_ATPt	Transport, extracellular	0	DEVELOPMENT
SPHMYLN18114_hs_ATPt	Transport, extracellular	0	CONFIRMATION_HOLDOUT
SPHMYLN18115_hs_ATPt	Transport, extracellular	0	CONFIRMATION_HOLDOUT
SPHMYLN181161_hs_ATPt	Transport, extracellular	0	DEVELOPMENT
SPHMYLN18116_hs_ATPt	Transport, extracellular	0	DEVELOPMENT
SPHMYLN18117_hs_ATPt	Transport, extracellular	0	CONFIRMATION_HOLDOUT
SPHMYLN181181_hs_ATPt	Transport, extracellular	0	DEVELOPMENT
SPHMYLN18118_hs_ATPt	Transport, extracellular	0	DEVELOPMENT
SPHMYLN181201_hs_ATPt	Transport, extracellular	0	DEVELOPMENT
SPHMYLN18120_hs_ATPt	Transport, extracellular	0	DEVELOPMENT
SPHMYLN18121_hs_ATPt	Transport, extracellular	0	DEVELOPMENT
SPHMYLN181221_hs_ATPt	Transport, extracellular	0	DEVELOPMENT
SPHMYLN18122_hs_ATPt	Transport, extracellular	0	DEVELOPMENT
SPHMYLN18123_hs_ATPt	Transport, extracellular	0	DEVELOPMENT
SPHMYLN1824_hs_ATPt	Transport, extracellular	0	DEVELOPMENT
SPHMYLN1825_hs_ATPt	Transport, extracellular	0	DEVELOPMENT
SPHMYLN_HsATPte	Transport, extracellular	0	DEVELOPMENT
SPHMYLNtg	UNMAPPED_PATHWAY	2	CONFIRMATION_HOLDOUT
SPHMYLNtl	UNMAPPED_PATHWAY	2	DEVELOPMENT
SPHPL	Sphingolipid metabolism	2	DEVELOPMENT
SPHS1Ptr	Transport, endoplasmic reticular	1	DEVELOPMENT
SPMDtex2	Transport, extracellular	0	DEVELOPMENT
SPMS	Urea cycle	0	CONFIRMATION_HOLDOUT
SPODM	ROS detoxification	2	DEVELOPMENT
SPODMm	ROS detoxification	2	DEVELOPMENT
SPODMn	ROS detoxification	2	DEVELOPMENT
SPODMx	ROS detoxification	2	DEVELOPMENT
SPR	Tetrahydrobiopterin metabolism	2	CONFIRMATION_HOLDOUT
SPRMS	Urea cycle	0	CONFIRMATION_HOLDOUT
SPTc	Glycine, serine, alanine, and threonine metabolism	2	DEVELOPMENT
SQLEr	Cholesterol metabolism	2	DEVELOPMENT
SQLSr	Cholesterol metabolism	2	DEVELOPMENT
SQLte	Transport, extracellular	0	DEVELOPMENT
SR5AR2r	Steroid metabolism	1	DEVELOPMENT
ST3GAL21g	Sphingolipid metabolism	2	CONFIRMATION_HOLDOUT
ST3GAL22g	Sphingolipid metabolism	2	DEVELOPMENT
ST3GAL23g	Sphingolipid metabolism	2	DEVELOPMENT
ST3GAL61g	UNMAPPED_PATHWAY	2	CONFIRMATION_HOLDOUT
ST3GAL62g	UNMAPPED_PATHWAY	2	DEVELOPMENT
ST6GALNAC21	Sphingolipid metabolism	2	DEVELOPMENT
ST6GALNAC22	Sphingolipid metabolism	2	DEVELOPMENT
ST6GALNAC27	Sphingolipid metabolism	2	DEVELOPMENT
ST6GALNAC28	Sphingolipid metabolism	2	DEVELOPMENT
ST6GALNAC31_1	Sphingolipid metabolism	2	DEVELOPMENT
ST8SIA12	Sphingolipid metabolism	2	DEVELOPMENT
ST8SIA51g	Sphingolipid metabolism	2	DEVELOPMENT
ST8SIA52g	Sphingolipid metabolism	2	CONFIRMATION_HOLDOUT
STCOAtx	Transport, peroxisomal	1	DEVELOPMENT
STRDNCCOAtxc	Transport, peroxisomal	1	CONFIRMATION_HOLDOUT
STRDNCCPT1	Fatty acid oxidation	1	DEVELOPMENT
STRDNCCPT2	Fatty acid oxidation	1	CONFIRMATION_HOLDOUT
STRDNCCRNt	Fatty acid oxidation	1	DEVELOPMENT
STS1	Steroid metabolism	1	DEVELOPMENT
STS2	Steroid metabolism	1	DEVELOPMENT
STS3	Steroid metabolism	1	DEVELOPMENT
STS4	Steroid metabolism	1	DEVELOPMENT
SUBERCACT	Fatty acid oxidation	1	CONFIRMATION_HOLDOUT
SUBERCROT	Fatty acid oxidation	1	DEVELOPMENT
SUCCACT	Fatty acid oxidation	1	CONFIRMATION_HOLDOUT
SUCCCROT	Fatty acid oxidation	1	DEVELOPMENT
SUCD1m	Citric acid cycle	0	CONFIRMATION_HOLDOUT
SUCOAS1m	Citric acid cycle	0	DEVELOPMENT
SUCOASm	Citric acid cycle	0	DEVELOPMENT
SULFOX	Methionine and cysteine metabolism	1	CONFIRMATION_HOLDOUT
Ser_Thrtg	UNMAPPED_PATHWAY	2	DEVELOPMENT
T4HCINNMFM	UNMAPPED_PATHWAY	2	DEVELOPMENT
T4HCINNMtm	Transport, mitochondrial	2	DEVELOPMENT
TACRtu	Drug metabolism	2	CONFIRMATION_HOLDOUT
TALA	Pentose phosphate pathway	0	DEVELOPMENT
TAUBETAtc	Transport, extracellular	0	DEVELOPMENT
TAURt4_2_r	Transport, extracellular	0	DEVELOPMENT
TCA3Sabc	Transport, extracellular	0	DEVELOPMENT
TCA3St	Transport, extracellular	0	DEVELOPMENT
TCDCA3Sabc	Transport, extracellular	0	DEVELOPMENT
TCDCA3St	Transport, extracellular	0	DEVELOPMENT
TDCA3Sabc	Transport, extracellular	0	CONFIRMATION_HOLDOUT
TDCA3St	Transport, extracellular	0	DEVELOPMENT
TETPENT3CPT2	Fatty acid oxidation	1	CONFIRMATION_HOLDOUT
TETPENT3CRNt	Fatty acid oxidation	1	DEVELOPMENT
TETPENT6CPT2	Fatty acid oxidation	1	DEVELOPMENT
TETPENT6CRNt	Fatty acid oxidation	1	DEVELOPMENT
TETTET6CPT2	Fatty acid oxidation	1	CONFIRMATION_HOLDOUT
TETTET6CRNt	Fatty acid oxidation	1	DEVELOPMENT
THBPT4ACAMDASE	Tetrahydrobiopterin metabolism	2	DEVELOPMENT
THBPTt	Transport, extracellular	0	DEVELOPMENT
THCRMtl	UNMAPPED_PATHWAY	2	DEVELOPMENT
THD1m	NAD metabolism	1	DEVELOPMENT
THEXDDm	Fatty acid oxidation	1	CONFIRMATION_HOLDOUT
THEXDDte	Transport, extracellular	0	DEVELOPMENT
THEXDDtm	Transport, mitochondrial	2	DEVELOPMENT
THFATm	Folate metabolism	2	DEVELOPMENT
THFtl	UNMAPPED_PATHWAY	2	CONFIRMATION_HOLDOUT
THFtm	Transport, mitochondrial	2	CONFIRMATION_HOLDOUT
THMDt2	Transport, extracellular	0	DEVELOPMENT
THP2Ctp	Transport, peroxisomal	1	DEVELOPMENT
THRALANaEx	Transport, extracellular	0	DEVELOPMENT
THRARGTYRt	Transport, extracellular	0	DEVELOPMENT
THRASNNaEx	Transport, extracellular	0	DEVELOPMENT
THRASNTYRt	Transport, extracellular	0	DEVELOPMENT
THRCYSNaEx	Transport, extracellular	0	CONFIRMATION_HOLDOUT
THRGLNGLUt	Transport, extracellular	0	DEVELOPMENT
THRGLNNaEx	Transport, extracellular	0	DEVELOPMENT
THRGLNTYRt	Transport, extracellular	0	DEVELOPMENT
THRGLNexR	Transport, extracellular	0	DEVELOPMENT
THRGLYexR	Transport, extracellular	0	DEVELOPMENT
THRHISHISt	Transport, extracellular	0	DEVELOPMENT
THRILEARGt	Transport, extracellular	0	DEVELOPMENT
THRMETARGt	Transport, extracellular	0	DEVELOPMENT
THRPHEARGt	Transport, extracellular	0	CONFIRMATION_HOLDOUT
THRSERARGt	Transport, extracellular	0	DEVELOPMENT
THRSERNaEx	Transport, extracellular	0	DEVELOPMENT
THRTHRARGt	Transport, extracellular	0	DEVELOPMENT
THRTYRMETt	Transport, extracellular	0	DEVELOPMENT
THRt4	Transport, extracellular	0	DEVELOPMENT
THYMDt1	Transport, extracellular	0	CONFIRMATION_HOLDOUT
THYMDtl	UNMAPPED_PATHWAY	2	CONFIRMATION_HOLDOUT
THYMDtm	Transport, mitochondrial	2	DEVELOPMENT
TKT1	Pentose phosphate pathway	0	DEVELOPMENT
TKT2	Pentose phosphate pathway	0	DEVELOPMENT
TMDK1	Nucleotide interconversion	2	CONFIRMATION_HOLDOUT
TMDS	Nucleotide interconversion	2	DEVELOPMENT
TMNDNCCPT1	Fatty acid oxidation	1	DEVELOPMENT
TMNDNCCPT2	Fatty acid oxidation	1	DEVELOPMENT
TMNDNCCRNt	Fatty acid oxidation	1	CONFIRMATION_HOLDOUT
TPI	Glycolysis/gluconeogenesis	2	CONFIRMATION_HOLDOUT
TRDR	Nucleotide interconversion	2	DEVELOPMENT
TRDR2	Miscellaneous	0	DEVELOPMENT
TRDR3	Miscellaneous	0	DEVELOPMENT
TRIODTHYSULT	Tyrosine metabolism	0	DEVELOPMENT
TRIOK	Fructose and mannose metabolism	0	DEVELOPMENT
TRIPVSteb	Drug metabolism	2	DEVELOPMENT
TRIPVStev	Drug metabolism	2	CONFIRMATION_HOLDOUT
TRPALAPROt	Transport, extracellular	0	DEVELOPMENT
TRPARGALAt	Transport, extracellular	0	DEVELOPMENT
TRPASPASPt	Transport, extracellular	0	DEVELOPMENT
TRPGLNGLNt	Transport, extracellular	0	DEVELOPMENT
TRPGLUGLYt	Transport, extracellular	0	DEVELOPMENT
TRPGLULEUt	Transport, extracellular	0	DEVELOPMENT
TRPGLUPROt	Transport, extracellular	0	DEVELOPMENT
TRPGLUTYRt	Transport, extracellular	0	DEVELOPMENT
TRPGLYASPt	Transport, extracellular	0	DEVELOPMENT
TRPGLYLEUt	Transport, extracellular	0	DEVELOPMENT
TRPGLYPHEt	Transport, extracellular	0	DEVELOPMENT
TRPGLYVALt	Transport, extracellular	0	DEVELOPMENT
TRPHISMETt	Transport, extracellular	0	DEVELOPMENT
TRPILELYSt	Transport, extracellular	0	CONFIRMATION_HOLDOUT
TRPILETRPt	Transport, extracellular	0	DEVELOPMENT
TRPLEUVALt	Transport, extracellular	0	DEVELOPMENT
TRPLYSt	Transport, extracellular	0	CONFIRMATION_HOLDOUT
TRPMETARGt	Transport, extracellular	0	CONFIRMATION_HOLDOUT
TRPMETVALt	Transport, extracellular	0	DEVELOPMENT
TRPPHEt	Transport, extracellular	0	DEVELOPMENT
TRPPROGLYt	Transport, extracellular	0	DEVELOPMENT
TRPPROLEUt	Transport, extracellular	0	DEVELOPMENT
TRPPROVALt	Transport, extracellular	0	DEVELOPMENT
TRPSERTYRt	Transport, extracellular	0	DEVELOPMENT
TRPTHRGLUt	Transport, extracellular	0	DEVELOPMENT
TRPTHRILEt	Transport, extracellular	0	DEVELOPMENT
TRPTHRTYRt	Transport, extracellular	0	CONFIRMATION_HOLDOUT
TRPTYRGLNt	Transport, extracellular	0	DEVELOPMENT
TRPTYRTYRt	Transport, extracellular	0	DEVELOPMENT
TRPVALASPt	Transport, extracellular	0	CONFIRMATION_HOLDOUT
TRYPTAOX	Tryptophan metabolism	0	DEVELOPMENT
TSTSTERONESULT	Steroid metabolism	1	DEVELOPMENT
TSTSTERONESte	Transport, extracellular	0	DEVELOPMENT
TSTSTERONEtr	Transport, endoplasmic reticular	1	CONFIRMATION_HOLDOUT
TTCCOAtx	Transport, peroxisomal	1	CONFIRMATION_HOLDOUT
TTDCPT1	Fatty acid oxidation	1	DEVELOPMENT
TTDCPT2	Fatty acid oxidation	1	DEVELOPMENT
TTDCRNt	Fatty acid oxidation	1	CONFIRMATION_HOLDOUT
TUDCA3Sabc	Transport, extracellular	0	DEVELOPMENT
TUDCA3St	Transport, extracellular	0	DEVELOPMENT
TYMSFt	Transport, extracellular	0	DEVELOPMENT
TYMSULT	Tyrosine metabolism	0	DEVELOPMENT
TYMc	Tyrosine metabolism	0	DEVELOPMENT
TYR3MO2	Tyrosine metabolism	0	DEVELOPMENT
TYRALAPHEt	Transport, extracellular	0	DEVELOPMENT
TYRALAt	Transport, extracellular	0	DEVELOPMENT
TYRARGGLUt	Transport, extracellular	0	DEVELOPMENT
TYRARGSERt	Transport, extracellular	0	DEVELOPMENT
TYRASPARGt	Transport, extracellular	0	CONFIRMATION_HOLDOUT
TYRCBOX	Tyrosine metabolism	0	DEVELOPMENT
TYRCYSGLYt	Transport, extracellular	0	DEVELOPMENT
TYRCYSTHRt	Transport, extracellular	0	DEVELOPMENT
TYRGLUt	Transport, extracellular	0	CONFIRMATION_HOLDOUT
TYRLEUARGt	Transport, extracellular	0	CONFIRMATION_HOLDOUT
TYROXDAc	Tyrosine metabolism	0	DEVELOPMENT
TYRPHETYRt	Transport, extracellular	0	DEVELOPMENT
TYRTA	Tyrosine metabolism	0	DEVELOPMENT
TYRTAim	Tyrosine metabolism	0	DEVELOPMENT
TYRTHRt	Transport, extracellular	0	DEVELOPMENT
TYRTRPPHEt	Transport, extracellular	0	DEVELOPMENT
TYRTYRt	Transport, extracellular	0	DEVELOPMENT
TYRVALMETt	Transport, extracellular	0	CONFIRMATION_HOLDOUT
UAG2EMA	Aminosugar metabolism	2	CONFIRMATION_HOLDOUT
UAG4Ei	Aminosugar metabolism	2	DEVELOPMENT
UAGALDP	Aminosugar metabolism	2	CONFIRMATION_HOLDOUT
UAGDP	Aminosugar metabolism	2	DEVELOPMENT
UDCA3Sabc	Transport, extracellular	0	DEVELOPMENT
UDCA3St	Transport, extracellular	0	DEVELOPMENT
UDPACGALtl	UNMAPPED_PATHWAY	2	DEVELOPMENT
UDPG4E	Galactose metabolism	0	DEVELOPMENT
UDPGALtg	UNMAPPED_PATHWAY	2	DEVELOPMENT
UDPGLCAtg	UNMAPPED_PATHWAY	2	DEVELOPMENT
UDPGLCter	Transport, endoplasmic reticular	1	DEVELOPMENT
UDPGNP	Pentose phosphate pathway	0	DEVELOPMENT
UDPXYLter	Transport, endoplasmic reticular	1	DEVELOPMENT
UDPXYLtg	UNMAPPED_PATHWAY	2	DEVELOPMENT
UDPtl	UNMAPPED_PATHWAY	2	DEVELOPMENT
UGALGTg	Galactose metabolism	0	DEVELOPMENT
UGALNACtg	UNMAPPED_PATHWAY	2	DEVELOPMENT
UGCG	Sphingolipid metabolism	2	DEVELOPMENT
UGLCNACtg	UNMAPPED_PATHWAY	2	CONFIRMATION_HOLDOUT
UGLT	Galactose metabolism	0	DEVELOPMENT
UMPK	Nucleotide interconversion	2	DEVELOPMENT
UMPK2	Nucleotide interconversion	2	DEVELOPMENT
UMPK2n	Nucleotide interconversion	2	DEVELOPMENT
UMPK3	Nucleotide interconversion	2	DEVELOPMENT
UMPK3n	Nucleotide interconversion	2	CONFIRMATION_HOLDOUT
UMPK4	Nucleotide interconversion	2	DEVELOPMENT
UMPK4n	Nucleotide interconversion	2	CONFIRMATION_HOLDOUT
UMPK5	Nucleotide interconversion	2	DEVELOPMENT
UMPK5n	Nucleotide interconversion	2	CONFIRMATION_HOLDOUT
UMPK6	Nucleotide interconversion	2	DEVELOPMENT
UMPK6n	Nucleotide interconversion	2	DEVELOPMENT
UMPK7	Nucleotide interconversion	2	DEVELOPMENT
UMPK7n	Nucleotide interconversion	2	DEVELOPMENT
UMPKn	Nucleotide interconversion	2	DEVELOPMENT
UMPtr	Transport, endoplasmic reticular	1	CONFIRMATION_HOLDOUT
UNK3	Methionine and cysteine metabolism	1	DEVELOPMENT
UPP3S	Heme synthesis	2	DEVELOPMENT
UPPDC1	Heme synthesis	2	DEVELOPMENT
UREAt	Transport, extracellular	0	DEVELOPMENT
URIDK2m	Nucleotide interconversion	2	CONFIRMATION_HOLDOUT
URIK1	Pyrimidine synthesis	1	DEVELOPMENT
URIK2	Purine synthesis	2	DEVELOPMENT
URIt	Transport, extracellular	0	DEVELOPMENT
Uritl	UNMAPPED_PATHWAY	2	DEVELOPMENT
VACCCPT1	Fatty acid oxidation	1	DEVELOPMENT
VACCCPT2	Transport, mitochondrial	2	DEVELOPMENT
VACCt	Transport, extracellular	0	DEVELOPMENT
VALARGGLYt	Transport, extracellular	0	DEVELOPMENT
VALHISASNt	Transport, extracellular	0	DEVELOPMENT
VALLAT1tc	Transport, extracellular	0	DEVELOPMENT
VALLEUPHEt	Transport, extracellular	0	CONFIRMATION_HOLDOUT
VALLYSTYRt	Transport, extracellular	0	CONFIRMATION_HOLDOUT
VALPHEARGt	Transport, extracellular	0	DEVELOPMENT
VALPROTRPt	Transport, extracellular	0	DEVELOPMENT
VALSERARGt	Transport, extracellular	0	DEVELOPMENT
VALTA	Valine, leucine, and isoleucine metabolism	0	CONFIRMATION_HOLDOUT
VALTRPPHEt	Transport, extracellular	0	DEVELOPMENT
VALTRPVALt	Transport, extracellular	0	DEVELOPMENT
VALVALt	Transport, extracellular	0	DEVELOPMENT
VANILPYRc	Tyrosine metabolism	0	DEVELOPMENT
VLCSp	Bile acid synthesis	1	CONFIRMATION_HOLDOUT
VLCSr	Bile acid synthesis	1	CONFIRMATION_HOLDOUT
XOL24OHte	Transport, extracellular	0	DEVELOPMENT
XOL24OHtr	Transport, endoplasmic reticular	1	DEVELOPMENT
XOL7AONEtr	Transport, endoplasmic reticular	1	DEVELOPMENT
XOLEST183CEH	Cholesterol metabolism	2	CONFIRMATION_HOLDOUT
XOLEST183te	Transport, extracellular	0	DEVELOPMENT
XOLEST183tl	UNMAPPED_PATHWAY	2	DEVELOPMENT
XOLEST2te	Transport, extracellular	0	DEVELOPMENT
XOLESTte	Transport, extracellular	0	DEVELOPMENT
XOLTRI24tc	Transport, endoplasmic reticular	1	CONFIRMATION_HOLDOUT
XOLTRI24te	Transport, extracellular	0	DEVELOPMENT
XSERtg	UNMAPPED_PATHWAY	2	CONFIRMATION_HOLDOUT
XYLR	Pentose phosphate pathway	0	DEVELOPMENT
XYLTD_D	Pentose phosphate pathway	0	DEVELOPMENT
XYLTer	Chondroitin synthesis	1	DEVELOPMENT
XYLTt	Transport, extracellular	0	DEVELOPMENT
XYLUR	Pentose phosphate pathway	0	DEVELOPMENT
XYLtly	UNMAPPED_PATHWAY	2	DEVELOPMENT
pac	Transport, extracellular	0	DEVELOPMENT
q10h2tc	Transport, mitochondrial	2	DEVELOPMENT
q10tm	Transport, mitochondrial	2	DEVELOPMENT
r0002	Transport, endoplasmic reticular	1	CONFIRMATION_HOLDOUT
r0009	Purine catabolism	1	DEVELOPMENT
r0016	Miscellaneous	0	CONFIRMATION_HOLDOUT
r0023	Miscellaneous	0	DEVELOPMENT
r0027	Methionine and cysteine metabolism	1	DEVELOPMENT
r0047	Purine catabolism	1	DEVELOPMENT
r0082	Miscellaneous	0	CONFIRMATION_HOLDOUT
r0083	Miscellaneous	0	DEVELOPMENT
r0084	Miscellaneous	0	DEVELOPMENT
r0085	Urea cycle	0	DEVELOPMENT
r0086	Urea cycle	0	DEVELOPMENT
r0139	Pyrimidine catabolism	1	DEVELOPMENT
r0142	Methionine and cysteine metabolism	1	DEVELOPMENT
r0149	Pyrimidine catabolism	1	CONFIRMATION_HOLDOUT
r0156	Urea cycle	0	CONFIRMATION_HOLDOUT
r0157	Urea cycle	0	DEVELOPMENT
r0166	Pyrimidine catabolism	1	CONFIRMATION_HOLDOUT
r0170	Cholesterol metabolism	2	CONFIRMATION_HOLDOUT
r0173	Glycolysis/gluconeogenesis	2	DEVELOPMENT
r0181	Purine catabolism	1	DEVELOPMENT
r0191	Fructose and mannose metabolism	0	DEVELOPMENT
r0193	Methionine and cysteine metabolism	1	DEVELOPMENT
r0196	Miscellaneous	0	CONFIRMATION_HOLDOUT
r0202	Glycolysis/gluconeogenesis	2	CONFIRMATION_HOLDOUT
r0242	Miscellaneous	0	DEVELOPMENT
r0246	Miscellaneous	0	DEVELOPMENT
r0249	Pentose phosphate pathway	0	CONFIRMATION_HOLDOUT
r0281	Methionine and cysteine metabolism	1	DEVELOPMENT
r0283	UNMAPPED_PATHWAY	2	DEVELOPMENT
r0287	Fatty acid oxidation	1	CONFIRMATION_HOLDOUT
r0308	Fatty acid oxidation	1	DEVELOPMENT
r0310	Fatty acid oxidation	1	DEVELOPMENT
r0311	Fatty acid oxidation	1	CONFIRMATION_HOLDOUT
r0317	Miscellaneous	0	DEVELOPMENT
r0340	Miscellaneous	0	DEVELOPMENT
r0354	Glycolysis/gluconeogenesis	2	DEVELOPMENT
r0355	Glycolysis/gluconeogenesis	2	DEVELOPMENT
r0357	Fructose and mannose metabolism	0	DEVELOPMENT
r0358	Fructose and mannose metabolism	0	DEVELOPMENT
r0383	Miscellaneous	0	DEVELOPMENT
r0385	Miscellaneous	0	CONFIRMATION_HOLDOUT
r0386	Miscellaneous	0	CONFIRMATION_HOLDOUT
r0393	Miscellaneous	0	DEVELOPMENT
r0398	Tetrahydrobiopterin metabolism	2	DEVELOPMENT
r0402	Tetrahydrobiopterin metabolism	2	DEVELOPMENT
r0403	Tetrahydrobiopterin metabolism	2	CONFIRMATION_HOLDOUT
r0407	Miscellaneous	0	CONFIRMATION_HOLDOUT
r0408	Miscellaneous	0	DEVELOPMENT
r0409	Miscellaneous	0	DEVELOPMENT
r0410	Pyrimidine catabolism	1	CONFIRMATION_HOLDOUT
r0422	Miscellaneous	0	CONFIRMATION_HOLDOUT
r0423	Miscellaneous	0	DEVELOPMENT
r0424	Miscellaneous	0	DEVELOPMENT
r0425	Miscellaneous	0	CONFIRMATION_HOLDOUT
r0426	Miscellaneous	0	DEVELOPMENT
r0431_1	Fatty acid oxidation	1	CONFIRMATION_HOLDOUT
r0432_1	Fatty acid oxidation	1	DEVELOPMENT
r0434	Fatty acid oxidation	1	DEVELOPMENT
r0437	Fatty acid oxidation	1	DEVELOPMENT
r0438	Fatty acid oxidation	1	DEVELOPMENT
r0440	Fatty acid oxidation	1	CONFIRMATION_HOLDOUT
r0444	Fatty acid oxidation	1	CONFIRMATION_HOLDOUT
r0450	UNMAPPED_PATHWAY	2	DEVELOPMENT
r0451	Miscellaneous	0	DEVELOPMENT
r0463	Cholesterol metabolism	2	DEVELOPMENT
r0480	Glycerophospholipid metabolism	0	DEVELOPMENT
r0483	Pyrimidine catabolism	1	CONFIRMATION_HOLDOUT
r0494	Pyrimidine catabolism	1	DEVELOPMENT
r0497	Pyrimidine catabolism	1	DEVELOPMENT
r0509	Citric acid cycle	0	DEVELOPMENT
r0510	Miscellaneous	0	DEVELOPMENT
r0511	Miscellaneous	0	CONFIRMATION_HOLDOUT
r0512	Folate metabolism	2	DEVELOPMENT
r0514	Folate metabolism	2	DEVELOPMENT
r0517	Miscellaneous	0	DEVELOPMENT
r0525	UNMAPPED_PATHWAY	2	DEVELOPMENT
r0541	Tryptophan metabolism	0	DEVELOPMENT
r0546	Miscellaneous	0	DEVELOPMENT
r0548	Miscellaneous	0	DEVELOPMENT
r0555	Miscellaneous	0	DEVELOPMENT
r0557	Miscellaneous	0	DEVELOPMENT
r0568	Glutathione metabolism	1	DEVELOPMENT
r0571	Valine, leucine, and isoleucine metabolism	0	DEVELOPMENT
r0575	Cholesterol metabolism	2	DEVELOPMENT
r0579	UNMAPPED_PATHWAY	2	DEVELOPMENT
r0596	UNMAPPED_PATHWAY	2	CONFIRMATION_HOLDOUT
r0603	Valine, leucine, and isoleucine metabolism	0	DEVELOPMENT
r0604	Miscellaneous	0	DEVELOPMENT
r0610	Miscellaneous	0	DEVELOPMENT
r0611	Miscellaneous	0	DEVELOPMENT
r0627	Miscellaneous	0	DEVELOPMENT
r0633	Fatty acid oxidation	1	DEVELOPMENT
r0636	Fatty acid oxidation	1	CONFIRMATION_HOLDOUT
r0637	Fatty acid oxidation	1	DEVELOPMENT
r0642	Miscellaneous	0	DEVELOPMENT
r0643	Valine, leucine, and isoleucine metabolism	0	CONFIRMATION_HOLDOUT
r0652_1	Fatty acid oxidation	1	DEVELOPMENT
r0655	Valine, leucine, and isoleucine metabolism	0	DEVELOPMENT
r0656	Miscellaneous	0	DEVELOPMENT
r0669	Valine, leucine, and isoleucine metabolism	0	DEVELOPMENT
r0670	Miscellaneous	0	CONFIRMATION_HOLDOUT
r0672	Bile acid synthesis	1	DEVELOPMENT
r0673	Tetrahydrobiopterin metabolism	2	CONFIRMATION_HOLDOUT
r0688	Bile acid synthesis	1	DEVELOPMENT
r0698	Bile acid synthesis	1	DEVELOPMENT
r0706	Bile acid synthesis	1	CONFIRMATION_HOLDOUT
r0714_1	Fatty acid oxidation	1	CONFIRMATION_HOLDOUT
r0716_1	Miscellaneous	0	DEVELOPMENT
r0721	Fatty acid oxidation	1	DEVELOPMENT
r0730	Fatty acid oxidation	1	DEVELOPMENT
r0731	Fatty acid oxidation	1	DEVELOPMENT
r0732	Fatty acid oxidation	1	CONFIRMATION_HOLDOUT
r0733	Fatty acid oxidation	1	DEVELOPMENT
r0734	Fatty acid oxidation	1	DEVELOPMENT
r0739	Bile acid synthesis	1	DEVELOPMENT
r0743	Bile acid synthesis	1	DEVELOPMENT
r0744	Bile acid synthesis	1	DEVELOPMENT
r0752	Miscellaneous	0	DEVELOPMENT
r0753	Miscellaneous	0	DEVELOPMENT
r0754	Miscellaneous	0	DEVELOPMENT
r0755	Miscellaneous	0	DEVELOPMENT
r0756	Miscellaneous	0	CONFIRMATION_HOLDOUT
r0757	Miscellaneous	0	DEVELOPMENT
r0774	Miscellaneous	0	DEVELOPMENT
r0779	Miscellaneous	0	DEVELOPMENT
r0782	Aminosugar metabolism	2	DEVELOPMENT
r0783	Cholesterol metabolism	2	DEVELOPMENT
r0786	Sphingolipid metabolism	2	CONFIRMATION_HOLDOUT
r0788	Sphingolipid metabolism	2	DEVELOPMENT
r0789	Sphingolipid metabolism	2	DEVELOPMENT
r0812	Purine catabolism	1	DEVELOPMENT
r0818	Pyruvate metabolism	0	DEVELOPMENT
r0830	Transport, mitochondrial	2	CONFIRMATION_HOLDOUT
r0840	Transport, endoplasmic reticular	1	DEVELOPMENT
r0841	Transport, endoplasmic reticular	1	DEVELOPMENT
r0853	Purine catabolism	1	DEVELOPMENT
r0860	Purine catabolism	1	CONFIRMATION_HOLDOUT
r0870	Transport, extracellular	0	DEVELOPMENT
r0879	Transport, extracellular	0	DEVELOPMENT
r0892	Transport, extracellular	0	CONFIRMATION_HOLDOUT
r0899	Transport, extracellular	0	CONFIRMATION_HOLDOUT
r0915	Transport, mitochondrial	2	DEVELOPMENT
r0926	Transport, mitochondrial	2	CONFIRMATION_HOLDOUT
r0927	Transport, mitochondrial	2	DEVELOPMENT
r0934	Transport, peroxisomal	1	DEVELOPMENT
r0942	Transport, extracellular	0	DEVELOPMENT
r0950	Transport, mitochondrial	2	DEVELOPMENT
r0954	Transport, peroxisomal	1	CONFIRMATION_HOLDOUT
r0960	Transport, endoplasmic reticular	1	DEVELOPMENT
r0961	Transport, extracellular	0	DEVELOPMENT
r0962	Transport, mitochondrial	2	DEVELOPMENT
r0963	Transport, extracellular	0	DEVELOPMENT
r0990	Transport, peroxisomal	1	DEVELOPMENT
r0995	Transport, endoplasmic reticular	1	DEVELOPMENT
r0997	Transport, peroxisomal	1	DEVELOPMENT
r0998	Transport, endoplasmic reticular	1	DEVELOPMENT
r0999	Transport, peroxisomal	1	DEVELOPMENT
r1000	Transport, endoplasmic reticular	1	DEVELOPMENT
r1002	Transport, endoplasmic reticular	1	DEVELOPMENT
r1003	Transport, peroxisomal	1	CONFIRMATION_HOLDOUT
r1005	Transport, mitochondrial	2	DEVELOPMENT
r1013	Transport, endoplasmic reticular	1	DEVELOPMENT
r1014	Transport, peroxisomal	1	DEVELOPMENT
r1019	Transport, peroxisomal	1	DEVELOPMENT
r1020	Transport, mitochondrial	2	DEVELOPMENT
r1051	Transport, endoplasmic reticular	1	CONFIRMATION_HOLDOUT
r1052	UNMAPPED_PATHWAY	2	DEVELOPMENT
r1078	Transport, mitochondrial	2	DEVELOPMENT
r1106	Transport, extracellular	0	DEVELOPMENT
r1116	Transport, extracellular	0	CONFIRMATION_HOLDOUT
r1117	Transport, mitochondrial	2	DEVELOPMENT
r1134	Miscellaneous	0	CONFIRMATION_HOLDOUT
r1148	Transport, peroxisomal	1	CONFIRMATION_HOLDOUT
r1150	UNMAPPED_PATHWAY	2	CONFIRMATION_HOLDOUT
r1164	Miscellaneous	0	CONFIRMATION_HOLDOUT
r1165	Miscellaneous	0	CONFIRMATION_HOLDOUT
r1166	Miscellaneous	0	DEVELOPMENT
r1167	Miscellaneous	0	DEVELOPMENT
r1168	Miscellaneous	0	CONFIRMATION_HOLDOUT
r1169	Miscellaneous	0	DEVELOPMENT
r1170	Miscellaneous	0	CONFIRMATION_HOLDOUT
r1171	Miscellaneous	0	DEVELOPMENT
r1172	Miscellaneous	0	DEVELOPMENT
r1174	Miscellaneous	0	DEVELOPMENT
r1175	Miscellaneous	0	DEVELOPMENT
r1177	Miscellaneous	0	DEVELOPMENT
r1179	Miscellaneous	0	DEVELOPMENT
r1181	Miscellaneous	0	DEVELOPMENT
r1182	Miscellaneous	0	DEVELOPMENT
r1183	Miscellaneous	0	CONFIRMATION_HOLDOUT
r1251	Fatty acid oxidation	1	DEVELOPMENT
r1252	Fatty acid oxidation	1	DEVELOPMENT
r1253	Fatty acid oxidation	1	DEVELOPMENT
r1254	Fatty acid oxidation	1	DEVELOPMENT
r1255	Fatty acid oxidation	1	DEVELOPMENT
r1257	Fatty acid oxidation	1	DEVELOPMENT
r1259	Fatty acid oxidation	1	DEVELOPMENT
r1260	Fatty acid oxidation	1	CONFIRMATION_HOLDOUT
r1262	Fatty acid oxidation	1	DEVELOPMENT
r1292	Transport, peroxisomal	1	DEVELOPMENT
r1298	UNMAPPED_PATHWAY	2	DEVELOPMENT
r1303	Transport, endoplasmic reticular	1	DEVELOPMENT
r1304	UNMAPPED_PATHWAY	2	DEVELOPMENT
r1318	Transport, endoplasmic reticular	1	DEVELOPMENT
r1364	UNMAPPED_PATHWAY	2	DEVELOPMENT
r1365	UNMAPPED_PATHWAY	2	DEVELOPMENT
r1367	UNMAPPED_PATHWAY	2	CONFIRMATION_HOLDOUT
r1368	UNMAPPED_PATHWAY	2	DEVELOPMENT
r1378	Miscellaneous	0	CONFIRMATION_HOLDOUT
r1380	Cholesterol metabolism	2	CONFIRMATION_HOLDOUT
r1382_1	Folate metabolism	2	CONFIRMATION_HOLDOUT
r1383_1	Folate metabolism	2	CONFIRMATION_HOLDOUT
r1384	Nucleotide interconversion	2	DEVELOPMENT
r1428	Transport, peroxisomal	1	DEVELOPMENT
r1435	Transport, mitochondrial	2	CONFIRMATION_HOLDOUT
r1444	Fatty acid oxidation	1	DEVELOPMENT
r1446	Miscellaneous	0	DEVELOPMENT
r1447	Fatty acid oxidation	1	CONFIRMATION_HOLDOUT
r1448	Fatty acid oxidation	1	DEVELOPMENT
r1449	Fatty acid oxidation	1	DEVELOPMENT
r1450	Fatty acid oxidation	1	DEVELOPMENT
r1451	Fatty acid oxidation	1	DEVELOPMENT
r1456	Transport, mitochondrial	2	DEVELOPMENT
r1457	Sphingolipid metabolism	2	DEVELOPMENT
r1467	Transport, mitochondrial	2	DEVELOPMENT
r1468	Transport, mitochondrial	2	DEVELOPMENT
r1472	Fatty acid oxidation	1	CONFIRMATION_HOLDOUT
r1474	Fatty acid oxidation	1	DEVELOPMENT
r1477	Fatty acid oxidation	1	DEVELOPMENT
r1481	Fatty acid oxidation	1	DEVELOPMENT
r1487	Fatty acid oxidation	1	DEVELOPMENT
r1520	Transport, extracellular	0	DEVELOPMENT
r1530	Transport, extracellular	0	DEVELOPMENT
r1531_1	Transport, extracellular	0	CONFIRMATION_HOLDOUT
r1532_1	Transport, extracellular	0	DEVELOPMENT
r1533_1	Transport, extracellular	0	DEVELOPMENT
r1540	Transport, extracellular	0	DEVELOPMENT
r1544	Transport, extracellular	0	DEVELOPMENT
r1546	Transport, extracellular	0	DEVELOPMENT
r1547	Transport, extracellular	0	DEVELOPMENT
r1548	Transport, extracellular	0	DEVELOPMENT
r1549	Transport, extracellular	0	DEVELOPMENT
r1551	Transport, extracellular	0	DEVELOPMENT
r1552	Transport, extracellular	0	DEVELOPMENT
r1553	Transport, extracellular	0	DEVELOPMENT
r1554	Transport, extracellular	0	DEVELOPMENT
r1556	Transport, extracellular	0	DEVELOPMENT
r1557	Transport, extracellular	0	CONFIRMATION_HOLDOUT
r1559	Transport, extracellular	0	CONFIRMATION_HOLDOUT
r1560	Transport, extracellular	0	CONFIRMATION_HOLDOUT
r1561	Transport, extracellular	0	DEVELOPMENT
r1562	Transport, extracellular	0	DEVELOPMENT
r1563	Transport, extracellular	0	DEVELOPMENT
r1564	Transport, extracellular	0	DEVELOPMENT
r1565	Transport, extracellular	0	DEVELOPMENT
r1566	Transport, extracellular	0	DEVELOPMENT
r1567	Transport, extracellular	0	DEVELOPMENT
r1568	Transport, extracellular	0	CONFIRMATION_HOLDOUT
r1569	Transport, extracellular	0	DEVELOPMENT
r1570	Transport, extracellular	0	DEVELOPMENT
r1571	Transport, extracellular	0	DEVELOPMENT
r1573	Transport, extracellular	0	CONFIRMATION_HOLDOUT
r1574	Transport, extracellular	0	CONFIRMATION_HOLDOUT
r1575	Transport, extracellular	0	CONFIRMATION_HOLDOUT
r1576	Transport, extracellular	0	DEVELOPMENT
r1578	Transport, extracellular	0	DEVELOPMENT
r1579	Transport, extracellular	0	DEVELOPMENT
r1580	Transport, extracellular	0	DEVELOPMENT
r1581	Transport, extracellular	0	DEVELOPMENT
r1583	Transport, extracellular	0	CONFIRMATION_HOLDOUT
r1584	Transport, extracellular	0	CONFIRMATION_HOLDOUT
r1585	Transport, extracellular	0	DEVELOPMENT
r1586	Transport, extracellular	0	DEVELOPMENT
r1587	Transport, extracellular	0	DEVELOPMENT
r1588	Transport, extracellular	0	DEVELOPMENT
r1589	Transport, extracellular	0	DEVELOPMENT
r1590	Transport, extracellular	0	DEVELOPMENT
r1591	Transport, extracellular	0	DEVELOPMENT
r1592	Transport, extracellular	0	CONFIRMATION_HOLDOUT
r1593	Transport, extracellular	0	DEVELOPMENT
r1594	Transport, extracellular	0	DEVELOPMENT
r1595	Transport, extracellular	0	CONFIRMATION_HOLDOUT
r1596	Transport, extracellular	0	CONFIRMATION_HOLDOUT
r1597	Transport, extracellular	0	DEVELOPMENT
r1598	Transport, extracellular	0	DEVELOPMENT
r1599	Transport, extracellular	0	CONFIRMATION_HOLDOUT
r1600	Transport, extracellular	0	DEVELOPMENT
r1602	Transport, extracellular	0	DEVELOPMENT
r1603	Transport, extracellular	0	DEVELOPMENT
r1604	Transport, extracellular	0	CONFIRMATION_HOLDOUT
r1605	Transport, extracellular	0	DEVELOPMENT
r1606	Transport, extracellular	0	DEVELOPMENT
r1607	Transport, extracellular	0	DEVELOPMENT
r1608	Transport, extracellular	0	DEVELOPMENT
r1609	Transport, extracellular	0	CONFIRMATION_HOLDOUT
r1610	Transport, extracellular	0	DEVELOPMENT
r1611	Transport, extracellular	0	DEVELOPMENT
r1612	Transport, extracellular	0	DEVELOPMENT
r1613	Transport, extracellular	0	DEVELOPMENT
r1614	Transport, extracellular	0	DEVELOPMENT
r1615	Transport, extracellular	0	CONFIRMATION_HOLDOUT
r1616	Transport, extracellular	0	DEVELOPMENT
r1617	Transport, extracellular	0	DEVELOPMENT
r1621	Transport, extracellular	0	DEVELOPMENT
r1625	Transport, extracellular	0	CONFIRMATION_HOLDOUT
r1627	Transport, extracellular	0	DEVELOPMENT
r1628	Transport, extracellular	0	CONFIRMATION_HOLDOUT
r1629	Transport, extracellular	0	DEVELOPMENT
r1630	Transport, extracellular	0	DEVELOPMENT
r1631	Transport, extracellular	0	DEVELOPMENT
r1632	Transport, extracellular	0	DEVELOPMENT
r1633	Transport, extracellular	0	DEVELOPMENT
r1634	Transport, extracellular	0	DEVELOPMENT
r1635	Transport, extracellular	0	DEVELOPMENT
r1636	Transport, extracellular	0	DEVELOPMENT
r1637	Transport, extracellular	0	CONFIRMATION_HOLDOUT
r1638	Transport, extracellular	0	DEVELOPMENT
r1639	Transport, extracellular	0	DEVELOPMENT
r1640	Transport, extracellular	0	DEVELOPMENT
r1641	Transport, extracellular	0	DEVELOPMENT
r1642	Transport, extracellular	0	DEVELOPMENT
r1643	Transport, extracellular	0	DEVELOPMENT
r1645	Transport, extracellular	0	DEVELOPMENT
r1646	Transport, extracellular	0	DEVELOPMENT
r1648	Transport, extracellular	0	DEVELOPMENT
r1649	Transport, extracellular	0	DEVELOPMENT
r1650	Transport, extracellular	0	DEVELOPMENT
r1651	Transport, extracellular	0	DEVELOPMENT
r1652	Transport, extracellular	0	DEVELOPMENT
r1653	Transport, extracellular	0	CONFIRMATION_HOLDOUT
r1654	Transport, extracellular	0	CONFIRMATION_HOLDOUT
r1655	Transport, extracellular	0	DEVELOPMENT
r1656	Transport, extracellular	0	DEVELOPMENT
r1657	Transport, extracellular	0	CONFIRMATION_HOLDOUT
r1658	Transport, extracellular	0	DEVELOPMENT
r1659	Transport, extracellular	0	DEVELOPMENT
r1660	Transport, extracellular	0	CONFIRMATION_HOLDOUT
r1661	Transport, extracellular	0	DEVELOPMENT
r1662	Transport, extracellular	0	DEVELOPMENT
r1670	Transport, extracellular	0	DEVELOPMENT
r1924	Transport, extracellular	0	DEVELOPMENT
r1992	Transport, extracellular	0	DEVELOPMENT
r1993	Transport, extracellular	0	DEVELOPMENT
r1995	Transport, extracellular	0	DEVELOPMENT
r1996	Transport, extracellular	0	DEVELOPMENT
r1997	Transport, extracellular	0	DEVELOPMENT
r1999	Transport, extracellular	0	CONFIRMATION_HOLDOUT
r2002	Transport, extracellular	0	CONFIRMATION_HOLDOUT
r2003	Transport, extracellular	0	DEVELOPMENT
r2007	Transport, extracellular	0	DEVELOPMENT
r2008	Transport, extracellular	0	DEVELOPMENT
r2010	Transport, extracellular	0	DEVELOPMENT
r2011	Transport, extracellular	0	DEVELOPMENT
r2019	Transport, extracellular	0	DEVELOPMENT
r2020	Transport, extracellular	0	DEVELOPMENT
r2021	Transport, extracellular	0	DEVELOPMENT
r2022	Transport, extracellular	0	DEVELOPMENT
r2023	Transport, extracellular	0	DEVELOPMENT
r2035	Transport, extracellular	0	CONFIRMATION_HOLDOUT
r2116	Transport, extracellular	0	DEVELOPMENT
r2125	Transport, extracellular	0	CONFIRMATION_HOLDOUT
r2193	Transport, extracellular	0	DEVELOPMENT
r2313	Transport, extracellular	0	DEVELOPMENT
r2318	Transport, extracellular	0	DEVELOPMENT
r2334	Transport, extracellular	0	DEVELOPMENT
r2335	Transport, extracellular	0	CONFIRMATION_HOLDOUT
r2338	Transport, extracellular	0	DEVELOPMENT
r2354	Transport, extracellular	0	DEVELOPMENT
r2371	Transport, mitochondrial	2	DEVELOPMENT
r2372	Transport, mitochondrial	2	CONFIRMATION_HOLDOUT
r2374	Transport, mitochondrial	2	DEVELOPMENT
r2375	Transport, mitochondrial	2	DEVELOPMENT
r2376	Transport, mitochondrial	2	CONFIRMATION_HOLDOUT
r2377	Transport, mitochondrial	2	DEVELOPMENT
r2378	Transport, mitochondrial	2	DEVELOPMENT
r2379	Transport, mitochondrial	2	DEVELOPMENT
r2380	Transport, mitochondrial	2	DEVELOPMENT
r2381	Transport, mitochondrial	2	CONFIRMATION_HOLDOUT
r2382	Transport, mitochondrial	2	DEVELOPMENT
r2384	Transport, mitochondrial	2	DEVELOPMENT
r2385	Transport, mitochondrial	2	CONFIRMATION_HOLDOUT
r2386	Transport, mitochondrial	2	DEVELOPMENT
r2387	Transport, mitochondrial	2	DEVELOPMENT
r2388	Transport, mitochondrial	2	DEVELOPMENT
r2389	Transport, mitochondrial	2	DEVELOPMENT
r2390	Transport, mitochondrial	2	DEVELOPMENT
r2391	Transport, mitochondrial	2	DEVELOPMENT
r2392	Transport, mitochondrial	2	CONFIRMATION_HOLDOUT
r2393	Transport, mitochondrial	2	DEVELOPMENT
r2394	Transport, mitochondrial	2	DEVELOPMENT
r2425	Transport, mitochondrial	2	DEVELOPMENT
r2434	Transport, mitochondrial	2	DEVELOPMENT
r2437	Transport, mitochondrial	2	DEVELOPMENT
r2438	Transport, mitochondrial	2	CONFIRMATION_HOLDOUT
r2493	Transport, extracellular	0	DEVELOPMENT
r2494	Transport, extracellular	0	DEVELOPMENT
r2495	Transport, extracellular	0	DEVELOPMENT
r2497	Transport, peroxisomal	1	CONFIRMATION_HOLDOUT
r2502	Transport, peroxisomal	1	CONFIRMATION_HOLDOUT
r2508	Transport, endoplasmic reticular	1	CONFIRMATION_HOLDOUT
r2510	Transport, endoplasmic reticular	1	CONFIRMATION_HOLDOUT
r2512	Transport, endoplasmic reticular	1	DEVELOPMENT
r2513	Transport, endoplasmic reticular	1	DEVELOPMENT
r2514	Transport, endoplasmic reticular	1	DEVELOPMENT
r2514m	Transport, mitochondrial	2	CONFIRMATION_HOLDOUT
r2517	Transport, peroxisomal	1	DEVELOPMENT
r2518	Transport, peroxisomal	1	DEVELOPMENT
r2519	Transport, endoplasmic reticular	1	DEVELOPMENT
r2520	Transport, mitochondrial	2	DEVELOPMENT
r2521	Transport, endoplasmic reticular	1	CONFIRMATION_HOLDOUT
r2537	Transport, endoplasmic reticular	1	DEVELOPMENT
r2538	Transport, endoplasmic reticular	1	DEVELOPMENT
r2539	Transport, mitochondrial	2	DEVELOPMENT
