truth_pair_id	alias_count	quantile_aliases	evaluation_id	algorithm	rna_context_key	ct2a_mouse	gl261_mouse	quantile_alias	ct2a_candidate_id	gl261_candidate_id	ct2a_sample_index	gl261_sample_index	ct2a_post_holdout_mass	gl261_post_holdout_mass	ct2a_post_holdout_ess	gl261_post_holdout_ess	ct2a_holdout_status	gl261_holdout_status	pair_evaluable	pair_status	non_evaluable_reason
007832ad575d14b27e7ece27a672a5ce965dadb1f167bd28d61a2fecc996832e	1	0.90	E0051	CORDA	training_samples=setx1,setx3	C1	G2	0.90	b37add75f03b4f23ac6656dd0c4885d4486ea5d21bec8d5dbb8bc0b75f7b3972	d928590f61fb177ab6a5b0e11cbeca11a10927ce32463c8505150ddf6a21fd31	15	8	0.72259731562376173	0.01282364964166105	5.439773678455583	1.0000633627122968	EVALUABLE	EVALUABLE	true	VALID	
018b0e265b635f2935a91b9977913642782296152362e4c8bb7a8b32fd178624	1	0.50	E0116	GIMME	training_samples=setx1,setx2	C4	G2	0.50	b329f0fd2be35ea618be2d80915238663395d1f9ea256684680fd3e9e29b07b1	f88bd6cf2efb8f44e7d076dd701147d46987ae954fb4b6708b6977e588db41be	13	0	0.65755479192107202	0.0066403373735881566	2.0740594571323734	1.9507343122027494	EVALUABLE	EVALUABLE	true	VALID	
01e70d10e0c231194238164eba7ddb3b2ff575d209cfc2f84cf546aaca07cd33	1	0.50	E0234	RIPTiDe	training_samples=setx1,setx2,setx3	C2	G5	0.50	0ce9f3c2ac8cacca151a431395692262091d1c40960aa953be66fdd4db529db5	d2e77ddb8a929cfcb9b862f9915f2d5a3eb09741f2765ade2b0bcd69a98c741d	17	12	0.3346447039982936	0.85907842082758179	1.8639075724533631	9.1996390100593022	EVALUABLE	EVALUABLE	true	VALID	
029ef99267dbbc1875f7cb11b2be844c6db064b79fa29cdb56b36a9bb66627e1	1	0.90	E0075	CORDA	training_samples=setx2,setx3	C1	G1	0.90	72b247f6826b8e7aec7fae9987164b81f087b64e28ead12694c3984bbcbe4c0e	5aa9dfc3f05d4356dd4aae2f9affd61bee89f17b06004e56c2253e057c5d0c49	17	19	0.70519912879627034	0.0009410314636870698	1.0007764269716513	1.0135451515840099	EVALUABLE	EVALUABLE	true	VALID	
0357449b46caf5a0168d6c5ac169e0ff1a5d9508f01ac5f6854161c9e04b9dbd	1	0.10	E0133	GIMME	training_samples=setx1,setx2,setx3	C2	G4	0.10	266655b6dab32829146ddcc71d87648a3213fd2d014bd900061222549c133c15	9d089ba3b0e645d3e16cc9b9a500224416307f7ee4379f38d87bf989d2174ec1	1	19	0.79950237045586814	0.012115231716883557	5.6907698541554685	1.4811366309352092	EVALUABLE	EVALUABLE	true	VALID	
037025beb6fedfb492075897853722bdea384cd4da26a974aab2c0db24232ce2	1	0.10	E0345	iMAT	training_samples=setx1,setx2,setx3	C5	G1	0.10	6508b7696b03342dad3d181ee2a37181527c2774e8c448101cc01a92eaafb736	0d37965ea995985f614ffc8e8261127f65775a5f6e502c959cba7441f181e37a	11	3	0.56253540792510903	0.89839542635097869	1.132027377557117	3.5328775400729078	EVALUABLE	EVALUABLE	true	VALID	
03a7bab80584ec8a437f149d487a2b8e21a0a76fe59955423a57504d6889ba62	1	0.10	E0074	CORDA	training_samples=setx1,setx3	C5	G5	0.10	28974673bdb36bda1f7bf18ad986236c9a8aec47248f35092cc7d299e61343fd	d928590f61fb177ab6a5b0e11cbeca11a10927ce32463c8505150ddf6a21fd31	7	8	0.64268882957919993	5.0411766523650314e-05	3.8319990649644637	1.0000000000666915	EVALUABLE	EVALUABLE	true	VALID	
046f6bf4d6f7aab4aa6f0317534718289277006b071f8a0d633cd1859c0da354	3	0.10,0.50,0.90	E0124	GIMME	training_samples=setx1,setx2	C5	G5	0.10	28de38258d03212a0d010bf8ac5b5dd9d5bb9878b0d353e342028da17117a4df	f88bd6cf2efb8f44e7d076dd701147d46987ae954fb4b6708b6977e588db41be	11	0	2.5049295970802632e-11	0.00012946688503467918	0.9999990493346953	1.3418135361763321	EVALUABLE	EVALUABLE	true	VALID	
046f6bf4d6f7aab4aa6f0317534718289277006b071f8a0d633cd1859c0da354	3	0.10,0.50,0.90	E0124	GIMME	training_samples=setx1,setx2	C5	G5	0.50	28de38258d03212a0d010bf8ac5b5dd9d5bb9878b0d353e342028da17117a4df	f88bd6cf2efb8f44e7d076dd701147d46987ae954fb4b6708b6977e588db41be	11	0	2.5049295970802632e-11	0.00012946688503467918	0.9999990493346953	1.3418135361763321	EVALUABLE	EVALUABLE	true	VALID	
046f6bf4d6f7aab4aa6f0317534718289277006b071f8a0d633cd1859c0da354	3	0.10,0.50,0.90	E0124	GIMME	training_samples=setx1,setx2	C5	G5	0.90	28de38258d03212a0d010bf8ac5b5dd9d5bb9878b0d353e342028da17117a4df	f88bd6cf2efb8f44e7d076dd701147d46987ae954fb4b6708b6977e588db41be	11	0	2.5049295970802632e-11	0.00012946688503467918	0.9999990493346953	1.3418135361763321	EVALUABLE	EVALUABLE	true	VALID	
047ff68d971144f048852432bbac0cf0e1f8e9c16fada3b0e3d810c4b8a3c827	1	0.90	E0028	CORDA	training_samples=setx1,setx2,setx3	C1	G4	0.90	4d85e0e53f094e3e360e5f150709789f644fae3f51b6152c96087ddc8ae08529	a5e71df85ff7da9f890eb3cd5dcb2b7117ced118c99b3684ee841000c8e0b65d	16	13	0.90707163616675768	0.79338211748389509	1.8336529231800984	5.4896398111172138	EVALUABLE	EVALUABLE	true	VALID	
04a126244d84f7cc51964e92c71961b8d8c9822a2c6abe2de5b8ef1d1235282d	1	0.50	E0357	iMAT	training_samples=setx1,setx3	C2	G3	0.50	f715c48d725df09590892b8a0f532f274829fa59347013d5f282226dd527b95b	bd09497d41ee55e42aaa83e8316d7445fa924f491c973830af83a92070b5fe21	2	11	1.2481609801273663e-07	0.94632453112879367	1.0000691074688512	4.4000664865089565	EVALUABLE	EVALUABLE	true	VALID	
04e3d1a80968091b56689b17d79c014a1adc389094ee7f5d088ca052621d36e5	2	0.10,0.50	E0252	RIPTiDe	training_samples=setx1,setx3	C1	G3	0.10	227fe4afb2202ead22ee9d269e9306fc1462f44fe8ea75b1015ef56783db29e3	ad3ae52546893ca463d0370db5c0243a4cd79da6df16d930a4acee2fee7bf062	3	3	6.3129538027562049e-05	0.50001571387751476	1.317146526385899	1.0001257149743761	EVALUABLE	EVALUABLE	true	VALID	
04e3d1a80968091b56689b17d79c014a1adc389094ee7f5d088ca052621d36e5	2	0.10,0.50	E0252	RIPTiDe	training_samples=setx1,setx3	C1	G3	0.50	227fe4afb2202ead22ee9d269e9306fc1462f44fe8ea75b1015ef56783db29e3	ad3ae52546893ca463d0370db5c0243a4cd79da6df16d930a4acee2fee7bf062	3	3	6.3129538027562049e-05	0.50001571387751476	1.317146526385899	1.0001257149743761	EVALUABLE	EVALUABLE	true	VALID	
04f8dde49c06135ccaa7ea7ba645ba6d3f0db307abb1f7571775c1e6b4278152	2	0.10,0.50	E0308	iMAT	training_samples=setx1,setx2	C2	G4	0.10	646a5c644a59a85946ca3a5bdaa04f073d39a57cae74abbda4fc566e8f03094d	56619b4e4e6013ca0ea5dfecefc8a41771a2787473f82472dde4086101e026ce	1	1	0.42978133871479074	0.28040011114606589	0.99999999999999956	1.0000000000004945	EVALUABLE	EVALUABLE	true	VALID	
04f8dde49c06135ccaa7ea7ba645ba6d3f0db307abb1f7571775c1e6b4278152	2	0.10,0.50	E0308	iMAT	training_samples=setx1,setx2	C2	G4	0.50	646a5c644a59a85946ca3a5bdaa04f073d39a57cae74abbda4fc566e8f03094d	56619b4e4e6013ca0ea5dfecefc8a41771a2787473f82472dde4086101e026ce	1	1	0.42978133871479074	0.28040011114606589	0.99999999999999956	1.0000000000004945	EVALUABLE	EVALUABLE	true	VALID	
055969b5c6f4c7ebbafa699b45ddb04881f0f6229118f95eecf9e4b48d692b4a	1	0.50	E0317	iMAT	training_samples=setx1,setx2	C4	G3	0.50	8f95d37fc5b6314ac49444f700aeebaca5fabad2ed9d263b0a3bc8b912daa437	26bd1960d683b74e709d8ff2a2aab9731820160003488d524219cb81841dd9eb	6	8	0.65314433442224251	0.92395227964227566	2.6790275495428473	4.5966795056667857	EVALUABLE	EVALUABLE	true	VALID	
05a1e07c6dbe6192225824aa608dca124a4b427fc4308bb1ac4d70f884ac3d9f	1	0.90	E0131	GIMME	training_samples=setx1,setx2,setx3	C2	G2	0.90	5e8a0c4892e9698556e454389aaa6a2b6ca7ec28c8f86829df78dbc7a396e38e	3112b8d4aded8669cde397953cf284b43fec3262a7981bef090ac70d789c2f05	2	0	0.88610058363863164	0.33744810376728684	5.6265060409851131	2.9147549106155339	EVALUABLE	EVALUABLE	true	VALID	
05a397b8674789f4605dad6c62f28e55df16f3b0e12ad95fc684010c5e7701da	1	0.90	E0370	iMAT	training_samples=setx1,setx3	C5	G1	0.90	5e0bd4de471984c8757d52c33b2e66b55d81a00be7c5d5379d7344b8a2650a64	5adee773b070f41e31484efe24458fa5c480e0f237b88e9bae1dff6c2c042cf8	7	3	0.59190321205225982	0.87594694349532132	1.3292690976461641	2.0029053161322734	EVALUABLE	EVALUABLE	true	VALID	
064a39f8c2985065596ffe4706652b0c38f2d3ce21566ba622c9e42134bb23e1	1	0.90	E0079	CORDA	training_samples=setx2,setx3	C1	G5	0.90	72b247f6826b8e7aec7fae9987164b81f087b64e28ead12694c3984bbcbe4c0e	1da91e6cbc1ec44f0d5dcba4f1de73f1c00882c5b1d520c8967a9b59c82629c7	17	15	0.70519912879627034	5.0681681074138396e-12	1.0007764269716513	1.0045891512775165	EVALUABLE	EVALUABLE	true	VALID	
065e57b3216c2c1204b776fa69db5518a6b42722afc5278bbbc09238078f28d5	1	0.90	E0013	CORDA	training_samples=setx1,setx2	C3	G4	0.90	9b3eb60c2fcc4a9ae62238b0c2f7954eee420bb3818ca6ad9cbf97843e48628a	4e3f6d6ceeb0b403b1b2482130d0f49869cd9e2da46c27f2006cd8893987eb72	0	0	0.78523544334179673	7.4251715886930469e-13	1.0000502661007991	1.0000565526010636	EVALUABLE	EVALUABLE	true	VALID	
0664866c13f88b68e76d33dc8eb1c25c146992bc0ceef1982b25416f8927494c	1	0.90	E0085	CORDA	training_samples=setx2,setx3	C3	G1	0.90	aea3a41483799622bd3b3a2a0650bf7c51696eb5f00fff1b0bcf6f837c40d54a	5aa9dfc3f05d4356dd4aae2f9affd61bee89f17b06004e56c2253e057c5d0c49	0	19	0.78787034393484667	0.0009410314636870698	1.0000112105189656	1.0135451515840099	EVALUABLE	EVALUABLE	true	VALID	
070da83e494cdf4140381603356f80ffbca2b8c48f9dc5ef028f25df8a8dada8	1	0.10	E0158	GIMME	training_samples=setx1,setx3	C2	G4	0.10	7d84eb225b8def23833824a5db45b74528179b1bd889afa1812a7b3af34d5dd1	f80ad607c1575d29cbb710927847afa0dfca390b07439baab0f53ee25e267754	0	18	1.0966116903432521e-10	0.72121267768445296	1.0000011716829813	1.081251933910268	EVALUABLE	EVALUABLE	true	VALID	
0743c810e8df51dc1ef1816e151242d772ed8bc2d04874dc2f9b949545051aa3	1	0.90	E0259	RIPTiDe	training_samples=setx1,setx3	C2	G5	0.90	227fe4afb2202ead22ee9d269e9306fc1462f44fe8ea75b1015ef56783db29e3	deff62e02ba886762368ef91d7c5a863a4429df48e2f355d224c8d1fd18fccdc	3	11	0.34889986098278924	0.50214230774207302	3.8506118423343687	1.0172132358409181	EVALUABLE	EVALUABLE	true	VALID	
0759ab61b28894be5ac394913a2230bcc325bcee46fdd1641213f7142503b955	2	0.50,0.90	E0099	CORDA	training_samples=setx2,setx3	C5	G5	0.50	b4ae76366e987fab217f0c6c55185c04e34463b12c4b0011689de6c987c02b7d	1da91e6cbc1ec44f0d5dcba4f1de73f1c00882c5b1d520c8967a9b59c82629c7	16	15	0.42413596054309666	5.0681681074138396e-12	1.494941906620354	1.0045891512775165	EVALUABLE	EVALUABLE	true	VALID	
0759ab61b28894be5ac394913a2230bcc325bcee46fdd1641213f7142503b955	2	0.50,0.90	E0099	CORDA	training_samples=setx2,setx3	C5	G5	0.90	b4ae76366e987fab217f0c6c55185c04e34463b12c4b0011689de6c987c02b7d	1da91e6cbc1ec44f0d5dcba4f1de73f1c00882c5b1d520c8967a9b59c82629c7	16	15	0.42413596054309666	5.0681681074138396e-12	1.494941906620354	1.0045891512775165	EVALUABLE	EVALUABLE	true	VALID	
07da6102c6828e929991a3c89f872c850589da69db79d5f92f8b29d144007588	1	0.10	E0054	CORDA	training_samples=setx1,setx3	C1	G5	0.10	188a2a07d3b1a67be4abb28cc85a852f1e92bdcda3a689e25dc9d58f9c4ffb18	d928590f61fb177ab6a5b0e11cbeca11a10927ce32463c8505150ddf6a21fd31	12	8	0.92926946461505378	5.0411766523650314e-05	5.1420785924352614	1.0000000000666915	EVALUABLE	EVALUABLE	true	VALID	
09044c402d5b399bd686cc07f37d7e2e5295951f467bfade36bcec923be55d21	2	0.10,0.50	E0365	iMAT	training_samples=setx1,setx3	C4	G1	0.10	f748cd6aeca05446d28a19c599fcdda457fbd8a29c4d8a73e760985713b9f609	4b4cf4267fcb04925be0dfbb09053360ba7fe7c53232c32dfae0571e12ddfcbf	1	12	0.00036740755356445831	0.50576549219192124	1.0163496554444107	1.6588070231194156	EVALUABLE	EVALUABLE	true	VALID	
09044c402d5b399bd686cc07f37d7e2e5295951f467bfade36bcec923be55d21	2	0.10,0.50	E0365	iMAT	training_samples=setx1,setx3	C4	G1	0.50	f748cd6aeca05446d28a19c599fcdda457fbd8a29c4d8a73e760985713b9f609	4b4cf4267fcb04925be0dfbb09053360ba7fe7c53232c32dfae0571e12ddfcbf	1	12	0.00036740755356445831	0.50576549219192124	1.0163496554444107	1.6588070231194156	EVALUABLE	EVALUABLE	true	VALID	
091024c87f9fa9786518b7125ede54c8032240da9930c69b2ff4d9588dd51967	1	0.90	E0105	GIMME	training_samples=setx1,setx2	C2	G1	0.90	23292304d2d32b2fdbaff4ee52762d292782269c9b4414137b63abfae0a20815	4500acff7cff7bd2c0197f246185188706160736fb30b9bd89dc5dc0dd135971	1	15	0.50789810306854799	0.0032765027800679691	1.0003582622506058	1.000003721612587	EVALUABLE	EVALUABLE	true	VALID	
09b1849980da505c5f2f6cadca8d381213a0f6ba1ddbe4a8a8e1535c9d01565e	1	0.50	E0249	RIPTiDe	training_samples=setx1,setx2,setx3	C5	G5	0.50	0ce9f3c2ac8cacca151a431395692262091d1c40960aa953be66fdd4db529db5	d2e77ddb8a929cfcb9b862f9915f2d5a3eb09741f2765ade2b0bcd69a98c741d	17	12	0	0.85907842082758179	nan	9.1996390100593022	NON_EVALUABLE_ZERO_POST_HOLDOUT_MASS under the frozen normalized-weight representation	EVALUABLE	false	NON_EVALUABLE_ZERO_POST_HOLDOUT_MASS under the frozen normalized-weight representation	zero post-holdout mass on one or both condition distributions under frozen normalized weights
09e58415f99cfcdf3f3907c8127c15bea9ed51c18629b30d889692dd47aee53e	1	0.90	E0074	CORDA	training_samples=setx1,setx3	C5	G5	0.90	f477e3d5e656111b38ff39e23e8311ca8a8abd935c292bccfcb769f43f87ef81	d928590f61fb177ab6a5b0e11cbeca11a10927ce32463c8505150ddf6a21fd31	4	8	0.7970173818869577	5.0411766523650314e-05	3.2700546606042038	1.0000000000666915	EVALUABLE	EVALUABLE	true	VALID	
0ab5e9fc7e1a9afe5a3c1f488ef59f4034c117a8f1f0506b363f7e708efafa5e	2	0.10,0.50	E0368	iMAT	training_samples=setx1,setx3	C4	G4	0.10	f748cd6aeca05446d28a19c599fcdda457fbd8a29c4d8a73e760985713b9f609	ef2e92a37a43cdeb483ca701d692b31c75c771f57aa04380d12d46ee48c01c2d	1	1	0.00036740755356445831	0.46081063860694638	1.0163496554444107	1.0000000000000004	EVALUABLE	EVALUABLE	true	VALID	
0ab5e9fc7e1a9afe5a3c1f488ef59f4034c117a8f1f0506b363f7e708efafa5e	2	0.10,0.50	E0368	iMAT	training_samples=setx1,setx3	C4	G4	0.50	f748cd6aeca05446d28a19c599fcdda457fbd8a29c4d8a73e760985713b9f609	ef2e92a37a43cdeb483ca701d692b31c75c771f57aa04380d12d46ee48c01c2d	1	1	0.00036740755356445831	0.46081063860694638	1.0163496554444107	1.0000000000000004	EVALUABLE	EVALUABLE	true	VALID	
0ac77edf4f3be65f7da311b8bcc73fcff38c4b67d1aae99ea24604ba76ec32c5	1	0.50	E0052	CORDA	training_samples=setx1,setx3	C1	G3	0.50	45b591180b8b5b11f8d85d22498adbe0df7ea752ceb90d14dcfd3cbb2a110684	f3e9af567444075a63b7c2a2854ddee5538bfb4c47245f27578a66e389b5a9bc	19	18	0.8565859748903244	0.022000495467268677	4.815463046796018	1.7790276667250031	EVALUABLE	EVALUABLE	true	VALID	
0b2d8541ca3836a37c98f2c9acfd90917b686c9e45673ecee8ac15b2a77b8d71	2	0.50,0.90	E0143	GIMME	training_samples=setx1,setx2,setx3	C4	G4	0.50	820066d04598da3d239f0d23bd4e39ef57a720e88a443581bcf565cd8d99566b	9d089ba3b0e645d3e16cc9b9a500224416307f7ee4379f38d87bf989d2174ec1	18	19	0.19574959809029879	0.012115231716883557	1.0012851510453191	1.4811366309352092	EVALUABLE	EVALUABLE	true	VALID	
0b2d8541ca3836a37c98f2c9acfd90917b686c9e45673ecee8ac15b2a77b8d71	2	0.50,0.90	E0143	GIMME	training_samples=setx1,setx2,setx3	C4	G4	0.90	820066d04598da3d239f0d23bd4e39ef57a720e88a443581bcf565cd8d99566b	9d089ba3b0e645d3e16cc9b9a500224416307f7ee4379f38d87bf989d2174ec1	18	19	0.19574959809029879	0.012115231716883557	1.0012851510453191	1.4811366309352092	EVALUABLE	EVALUABLE	true	VALID	
0bad5fa85162fc0b06b835844cb8b0a99b76146981f39e17dfbe47f5b44d543d	1	0.50	E0296	RIPTiDe	training_samples=setx2,setx3	C5	G2	0.50	7ce358edc3a4bd7c08bb6daaad38e6b004b2499c6d5cdc3112e7a7dfa0faee9a	92005096ea629b019ec57ef0964c5143fb562d0bde9fd48f441494468c8f81e1	2	17	1.609823385706477e-14	0.96801318064576458	1.0028739228934218	8.2908095304682856	EVALUABLE	EVALUABLE	true	VALID	
0bc760cebac4e452caa8a22ac5d7414b399f6816057598eedc0e12ae1d713e57	1	0.90	E0050	CORDA	training_samples=setx1,setx3	C1	G1	0.90	b37add75f03b4f23ac6656dd0c4885d4486ea5d21bec8d5dbb8bc0b75f7b3972	64ab1614c0c568b77bd29ca3d3623f3ba1823bd3bf91fd0f4dc032039ade4cc3	15	15	0.72259731562376173	0.023826284701584988	5.439773678455583	2.2103814319660819	EVALUABLE	EVALUABLE	true	VALID	
0d6f726e02a56c9d4ff8ee29ba07191cbf37c5a1c1b30c79ee37c9e4d2917d47	1	0.10	E0256	RIPTiDe	training_samples=setx1,setx3	C2	G2	0.10	308e6dd45a60ade8ee3647a3d186551365d6bdb0fe10c43efc88e4d195371e2e	9acb751aab297b05dffcce05ba0d4171965f31bed5e6496fa98e638081ccf731	4	17	0.86464957893918115	0.8667019526653208	1.709917595977211	10.185841515284103	EVALUABLE	EVALUABLE	true	VALID	
0d764e0da10675ed79facd7ac453fa0be93aff7f281a27dd7262cb78a11869a7	1	0.10	E0380	iMAT	training_samples=setx2,setx3	C2	G1	0.10	e0894b04544dae489a65af0d3d2e6b796b8d625f6b5e2a273115d0c767e3e693	5a5cf99d6f8010ddefea6328d295b132f1e3bd6948dec2cdfdd312ee66482068	6	11	0.099830003389147048	0.90661312010804174	1.0000000003998513	4.1555660429881884	EVALUABLE	EVALUABLE	true	VALID	
0d9188b54f1dbf646be912a3ea5e51859b7bc7864e2d10904cc29aa49cae9b68	1	0.10	E0277	RIPTiDe	training_samples=setx2,setx3	C1	G3	0.10	7ce358edc3a4bd7c08bb6daaad38e6b004b2499c6d5cdc3112e7a7dfa0faee9a	473d4f1bd46e522454faaf88efcb4858d6c533e112800f714ecae23ee6efc94e	2	3	8.2088737566321512e-06	0.8878080887183899	1.0000000035867078	1.0377305099016489	EVALUABLE	EVALUABLE	true	VALID	
0dd4c715acb201778b37d7a6a6330a8f1067422da3bff4063829f275fb34e0ab	1	0.10	E0189	GIMME	training_samples=setx2,setx3	C3	G5	0.10	f644340953d72bb12da093189853db0ff0fc86bb66134a4f3d0a44308555f75e	475729c033b518a09675629939712759dc9a8ad22e9075cf75933b7b2ce22400	1	10	0.020924796634955611	0.89765771640880787	1.171543382551951	5.1521551567521406	EVALUABLE	EVALUABLE	true	VALID	
0e08af1d7caa649eccfa7316b24e37012e3f98d2a8df08c9d8d8465e302add2e	1	0.10	E0299	RIPTiDe	training_samples=setx2,setx3	C5	G5	0.10	7ce358edc3a4bd7c08bb6daaad38e6b004b2499c6d5cdc3112e7a7dfa0faee9a	473d4f1bd46e522454faaf88efcb4858d6c533e112800f714ecae23ee6efc94e	2	3	1.609823385706477e-14	0.74241171201616196	1.0028739228934218	2.0421436316409589	EVALUABLE	EVALUABLE	true	VALID	
0e441eaf7fdc0e611c4651bdf144cc59be182d53eb85ef9513c335c24b6276a7	1	0.50	E0218	RIPTiDe	training_samples=setx1,setx2	C4	G4	0.50	4989824e2df2467b6e60573ab17ca31c35d0a30f6e54c8dfeb87847ca960b723	a7e9e73c64d9d3f1375205efa617218792e4925fade6c0b5b1060f1e99eea4db	17	15	0.075853675461016845	0.66666667819853065	1.1579328287091351	2.000000207573553	EVALUABLE	EVALUABLE	true	VALID	
0ee10236227a9bae7eeffb4ef5bd29491222bc9ca7f51fa939625450d6729ff8	3	0.10,0.50,0.90	E0009	CORDA	training_samples=setx1,setx2	C2	G5	0.10	55c97010acdd0cdc52f98f416746a96a3e453dfff25d0e9f08e270f4213bea20	4e3f6d6ceeb0b403b1b2482130d0f49869cd9e2da46c27f2006cd8893987eb72	1	0	0.064745544342134309	0	1.0000000063236132	nan	EVALUABLE	NON_EVALUABLE_ZERO_POST_HOLDOUT_MASS under the frozen normalized-weight representation	false	NON_EVALUABLE_ZERO_POST_HOLDOUT_MASS under the frozen normalized-weight representation	zero post-holdout mass on one or both condition distributions under frozen normalized weights
0ee10236227a9bae7eeffb4ef5bd29491222bc9ca7f51fa939625450d6729ff8	3	0.10,0.50,0.90	E0009	CORDA	training_samples=setx1,setx2	C2	G5	0.50	55c97010acdd0cdc52f98f416746a96a3e453dfff25d0e9f08e270f4213bea20	4e3f6d6ceeb0b403b1b2482130d0f49869cd9e2da46c27f2006cd8893987eb72	1	0	0.064745544342134309	0	1.0000000063236132	nan	EVALUABLE	NON_EVALUABLE_ZERO_POST_HOLDOUT_MASS under the frozen normalized-weight representation	false	NON_EVALUABLE_ZERO_POST_HOLDOUT_MASS under the frozen normalized-weight representation	zero post-holdout mass on one or both condition distributions under frozen normalized weights
0ee10236227a9bae7eeffb4ef5bd29491222bc9ca7f51fa939625450d6729ff8	3	0.10,0.50,0.90	E0009	CORDA	training_samples=setx1,setx2	C2	G5	0.90	55c97010acdd0cdc52f98f416746a96a3e453dfff25d0e9f08e270f4213bea20	4e3f6d6ceeb0b403b1b2482130d0f49869cd9e2da46c27f2006cd8893987eb72	1	0	0.064745544342134309	0	1.0000000063236132	nan	EVALUABLE	NON_EVALUABLE_ZERO_POST_HOLDOUT_MASS under the frozen normalized-weight representation	false	NON_EVALUABLE_ZERO_POST_HOLDOUT_MASS under the frozen normalized-weight representation	zero post-holdout mass on one or both condition distributions under frozen normalized weights
0eee5d1216979a274845c7ed293675f824ba663f9746c7f2e3f7687edbe3156e	1	0.50	E0285	RIPTiDe	training_samples=setx2,setx3	C3	G1	0.50	af28908304c57ace3b9aa0eaa9c9dcd3e2342c81cda26873352a9f5c202c71e4	c14d5ed0f81e787adc1913c3553bf14df5bb157bc649ea2040ac26996164fde7	13	14	0.89987413651968662	0.0033918223198557973	10.036857512813949	1.0065955413257699	EVALUABLE	EVALUABLE	true	VALID	
0f0e118beaa5fa60a6b37a71d460f3117fc3dfef0223c482cbb677ee1fa58c4d	2	0.50,0.90	E0242	RIPTiDe	training_samples=setx1,setx2,setx3	C4	G3	0.50	0ce9f3c2ac8cacca151a431395692262091d1c40960aa953be66fdd4db529db5	d2e77ddb8a929cfcb9b862f9915f2d5a3eb09741f2765ade2b0bcd69a98c741d	17	12	6.0031857262998756e-10	0.15043988227475114	1.0072243059833268	1.3508344594581947	EVALUABLE	EVALUABLE	true	VALID	
0f0e118beaa5fa60a6b37a71d460f3117fc3dfef0223c482cbb677ee1fa58c4d	2	0.50,0.90	E0242	RIPTiDe	training_samples=setx1,setx2,setx3	C4	G3	0.90	0ce9f3c2ac8cacca151a431395692262091d1c40960aa953be66fdd4db529db5	d2e77ddb8a929cfcb9b862f9915f2d5a3eb09741f2765ade2b0bcd69a98c741d	17	12	6.0031857262998756e-10	0.15043988227475114	1.0072243059833268	1.3508344594581947	EVALUABLE	EVALUABLE	true	VALID	
0f21b66a8f75d064f94e9f7fe11834f5f01bf7ad5184cd6b49967c9040d38187	1	0.90	E0390	iMAT	training_samples=setx2,setx3	C4	G1	0.90	7694a9e011d4ebf44d303658c7154c14143b3e30ce56570e30c917120cb8c5fd	02480ee2203a7247dc60b5c7ed203477c48ce766af288d2f669fd6d280f81869	11	16	0.14429939582273443	0.87992959543985894	1.4390303388080905	4.0306196705740591	EVALUABLE	EVALUABLE	true	VALID	
0fd125311e2f140205a324ec1dd774d58f15d370cdba7b95c998d2398df14256	1	0.10	E0281	RIPTiDe	training_samples=setx2,setx3	C2	G2	0.10	7ce358edc3a4bd7c08bb6daaad38e6b004b2499c6d5cdc3112e7a7dfa0faee9a	4b2c3f16a0d3fbf7b6d87ef249f7efb1bdfa3f5fc28bbef84e8bbba5e259dd2e	2	18	0.16854445976471022	0.88122804850436987	1.0125137867719272	7.7703639321897553	EVALUABLE	EVALUABLE	true	VALID	
10916ac10c870aa1da6f0354dc9f49c278f02697c534a8928888b0f830d9c754	2	0.10,0.50	E0105	GIMME	training_samples=setx1,setx2	C2	G1	0.10	215aaec06194c85fc8915c4bae4f109c54d8498704d0279ad091b0f04037250b	4500acff7cff7bd2c0197f246185188706160736fb30b9bd89dc5dc0dd135971	0	15	0.49219286033357124	0.0032765027800679691	1.0003696961380542	1.000003721612587	EVALUABLE	EVALUABLE	true	VALID	
10916ac10c870aa1da6f0354dc9f49c278f02697c534a8928888b0f830d9c754	2	0.10,0.50	E0105	GIMME	training_samples=setx1,setx2	C2	G1	0.50	215aaec06194c85fc8915c4bae4f109c54d8498704d0279ad091b0f04037250b	4500acff7cff7bd2c0197f246185188706160736fb30b9bd89dc5dc0dd135971	0	15	0.49219286033357124	0.0032765027800679691	1.0003696961380542	1.000003721612587	EVALUABLE	EVALUABLE	true	VALID	
1187830a68a9013a78d7a33e87395361b9c8946b6fbcc32ce0f9c1e822c642ca	2	0.10,0.50	E0363	iMAT	training_samples=setx1,setx3	C3	G4	0.10	f715c48d725df09590892b8a0f532f274829fa59347013d5f282226dd527b95b	ef2e92a37a43cdeb483ca701d692b31c75c771f57aa04380d12d46ee48c01c2d	2	1	1.8678217881373804e-05	0.46081063860694638	1.0035262886233158	1.0000000000000004	EVALUABLE	EVALUABLE	true	VALID	
1187830a68a9013a78d7a33e87395361b9c8946b6fbcc32ce0f9c1e822c642ca	2	0.10,0.50	E0363	iMAT	training_samples=setx1,setx3	C3	G4	0.50	f715c48d725df09590892b8a0f532f274829fa59347013d5f282226dd527b95b	ef2e92a37a43cdeb483ca701d692b31c75c771f57aa04380d12d46ee48c01c2d	2	1	1.8678217881373804e-05	0.46081063860694638	1.0035262886233158	1.0000000000000004	EVALUABLE	EVALUABLE	true	VALID	
11ba6a3cbe7e008419cbfeacd4e954ee0f4a17bc06f0d39dca93f7a7da0c7b1f	1	0.50	E0352	iMAT	training_samples=setx1,setx3	C1	G3	0.50	34b996ca187b21a6172a8aab384066223b8fe5a1df3761648e1a25a5d93e0572	bd09497d41ee55e42aaa83e8316d7445fa924f491c973830af83a92070b5fe21	15	11	0.76364406360875536	0.94632453112879367	1.9893780099118554	4.4000664865089565	EVALUABLE	EVALUABLE	true	VALID	
11f197ce9b23d940f142a22b7e961972efd58ea8452b4919c124ef8ab88dba8e	1	0.10	E0383	iMAT	training_samples=setx2,setx3	C2	G4	0.10	e0894b04544dae489a65af0d3d2e6b796b8d625f6b5e2a273115d0c767e3e693	80a784effa6b3b2aafa37d724569e27dd6d62f8297103775ff360d41d6331aab	6	2	0.099830003389147048	0.92764349502186594	1.0000000003998513	3.2091963869354778	EVALUABLE	EVALUABLE	true	VALID	
121a6441351b0c8de24a08b682197070acc00a863d9f2c9f3ae5e22c1c3681ad	2	0.10,0.50	E0086	CORDA	training_samples=setx2,setx3	C3	G2	0.10	11c92eb5eefda7cc64e53694479d802bc86526faac5ec503ffca49ddb81a3886	1da91e6cbc1ec44f0d5dcba4f1de73f1c00882c5b1d520c8967a9b59c82629c7	1	15	0.21213407225811065	5.9220414986294045e-06	1.0000416367334737	1.1646680046001436	EVALUABLE	EVALUABLE	true	VALID	
121a6441351b0c8de24a08b682197070acc00a863d9f2c9f3ae5e22c1c3681ad	2	0.10,0.50	E0086	CORDA	training_samples=setx2,setx3	C3	G2	0.50	11c92eb5eefda7cc64e53694479d802bc86526faac5ec503ffca49ddb81a3886	1da91e6cbc1ec44f0d5dcba4f1de73f1c00882c5b1d520c8967a9b59c82629c7	1	15	0.21213407225811065	5.9220414986294045e-06	1.0000416367334737	1.1646680046001436	EVALUABLE	EVALUABLE	true	VALID	
1251d97ea201eeec20b88c66175b20280a5b05daf4987e0682c75cf360e54956	2	0.50,0.90	E0279	RIPTiDe	training_samples=setx2,setx3	C1	G5	0.50	7ce358edc3a4bd7c08bb6daaad38e6b004b2499c6d5cdc3112e7a7dfa0faee9a	c14d5ed0f81e787adc1913c3553bf14df5bb157bc649ea2040ac26996164fde7	2	14	8.2088737566321512e-06	0.5017784307489479	1.0000000035867078	2.8602677895300759	EVALUABLE	EVALUABLE	true	VALID	
1251d97ea201eeec20b88c66175b20280a5b05daf4987e0682c75cf360e54956	2	0.50,0.90	E0279	RIPTiDe	training_samples=setx2,setx3	C1	G5	0.90	7ce358edc3a4bd7c08bb6daaad38e6b004b2499c6d5cdc3112e7a7dfa0faee9a	c14d5ed0f81e787adc1913c3553bf14df5bb157bc649ea2040ac26996164fde7	2	14	8.2088737566321512e-06	0.5017784307489479	1.0000000035867078	2.8602677895300759	EVALUABLE	EVALUABLE	true	VALID	
12656e7f3d07f544c7eca7204222cb511bcb9cab90b878f31ea74ee9d82cef6a	2	0.10,0.50	E0110	GIMME	training_samples=setx1,setx2	C3	G1	0.10	215aaec06194c85fc8915c4bae4f109c54d8498704d0279ad091b0f04037250b	4500acff7cff7bd2c0197f246185188706160736fb30b9bd89dc5dc0dd135971	0	15	0.34605572077794333	0.0032765027800679691	1.0000002367370673	1.000003721612587	EVALUABLE	EVALUABLE	true	VALID	
12656e7f3d07f544c7eca7204222cb511bcb9cab90b878f31ea74ee9d82cef6a	2	0.10,0.50	E0110	GIMME	training_samples=setx1,setx2	C3	G1	0.50	215aaec06194c85fc8915c4bae4f109c54d8498704d0279ad091b0f04037250b	4500acff7cff7bd2c0197f246185188706160736fb30b9bd89dc5dc0dd135971	0	15	0.34605572077794333	0.0032765027800679691	1.0000002367370673	1.000003721612587	EVALUABLE	EVALUABLE	true	VALID	
12e4ca7956ca65d238fd86bd45df9380eb79ceb443a5150ff9f67d5e518a771d	1	0.50	E0015	CORDA	training_samples=setx1,setx2	C4	G1	0.50	55c97010acdd0cdc52f98f416746a96a3e453dfff25d0e9f08e270f4213bea20	1ea47774d2d57dd56364d073a09b722eb9a57b76f852434934514136b5d1c293	1	1	0.49312951217532808	0.60022474286039484	1.2716030719337326	1.4598470948721514	EVALUABLE	EVALUABLE	true	VALID	
12f2853972ce80524ae719968f6fc1157408ae3ed452cb24398def2d8f412877	1	0.90	E0191	GIMME	training_samples=setx2,setx3	C4	G2	0.90	c242cf78ad007b657e033931f20963643548ea40b4b9a684199bd8744f018ac4	9479e42871e312cc9e8045bad83182066b1281c061fdcd80c3da7974e75e1d5d	18	1	0.92345952870732573	0.74136764643915098	4.25387706311703	2.0920829234955569	EVALUABLE	EVALUABLE	true	VALID	
1336749aec5263e4be585a149e5bf4da4a366b5eadcfaa7cc20d52b2eeca601d	3	0.10,0.50,0.90	E0339	iMAT	training_samples=setx1,setx2,setx3	C3	G5	0.10	73800d86c4f889eaf4f5923c873981e1547c7ce8918bcad431aebb6957e65d8f	ff08294218c297aa70d51d53f700660a24a0daa0e1e0239b74f592559b440776	1	0	4.6432333755674904e-08	1.2734108212342221e-09	1.2795248085257824	1.0000000692349222	EVALUABLE	EVALUABLE	true	VALID	
1336749aec5263e4be585a149e5bf4da4a366b5eadcfaa7cc20d52b2eeca601d	3	0.10,0.50,0.90	E0339	iMAT	training_samples=setx1,setx2,setx3	C3	G5	0.50	73800d86c4f889eaf4f5923c873981e1547c7ce8918bcad431aebb6957e65d8f	ff08294218c297aa70d51d53f700660a24a0daa0e1e0239b74f592559b440776	1	0	4.6432333755674904e-08	1.2734108212342221e-09	1.2795248085257824	1.0000000692349222	EVALUABLE	EVALUABLE	true	VALID	
1336749aec5263e4be585a149e5bf4da4a366b5eadcfaa7cc20d52b2eeca601d	3	0.10,0.50,0.90	E0339	iMAT	training_samples=setx1,setx2,setx3	C3	G5	0.90	73800d86c4f889eaf4f5923c873981e1547c7ce8918bcad431aebb6957e65d8f	ff08294218c297aa70d51d53f700660a24a0daa0e1e0239b74f592559b440776	1	0	4.6432333755674904e-08	1.2734108212342221e-09	1.2795248085257824	1.0000000692349222	EVALUABLE	EVALUABLE	true	VALID	
136576f4c613ba82976b99ac9fe06087a09d1bc3b26d2d12bff29941e1fb9f35	1	0.50	E0284	RIPTiDe	training_samples=setx2,setx3	C2	G5	0.50	7ce358edc3a4bd7c08bb6daaad38e6b004b2499c6d5cdc3112e7a7dfa0faee9a	c14d5ed0f81e787adc1913c3553bf14df5bb157bc649ea2040ac26996164fde7	2	14	0.16854445976471022	0.5017784307489479	1.0125137867719272	2.8602677895300759	EVALUABLE	EVALUABLE	true	VALID	
1369afc677b0dd2111ac5eb4e74a92f71c99eb2d8b51045a7093e586d307bbb2	1	0.10	E0317	iMAT	training_samples=setx1,setx2	C4	G3	0.10	dfc5b1001e2a099d96f69d80c4ea0383590fc7c35f3dcf10e3a8c31cb8e44e5d	bb1036ad8c6848f4f75fe3386020148be563bbaf2bb7551f2b1d8982a523c72f	3	5	0.88806309226433133	0.78554785390116533	2.9536027233789723	4.240790122562875	EVALUABLE	EVALUABLE	true	VALID	
13e231357ac1d6ea4fd996ad00bdd98dc1e8673bea79df1451a7b6053fc0ddf9	3	0.10,0.50,0.90	E0331	iMAT	training_samples=setx1,setx2,setx3	C2	G2	0.10	73800d86c4f889eaf4f5923c873981e1547c7ce8918bcad431aebb6957e65d8f	ff08294218c297aa70d51d53f700660a24a0daa0e1e0239b74f592559b440776	1	0	1.6288439486089601e-09	4.060564726793281e-05	1.1217230781177472	0.99999999999836664	EVALUABLE	EVALUABLE	true	VALID	
13e231357ac1d6ea4fd996ad00bdd98dc1e8673bea79df1451a7b6053fc0ddf9	3	0.10,0.50,0.90	E0331	iMAT	training_samples=setx1,setx2,setx3	C2	G2	0.50	73800d86c4f889eaf4f5923c873981e1547c7ce8918bcad431aebb6957e65d8f	ff08294218c297aa70d51d53f700660a24a0daa0e1e0239b74f592559b440776	1	0	1.6288439486089601e-09	4.060564726793281e-05	1.1217230781177472	0.99999999999836664	EVALUABLE	EVALUABLE	true	VALID	
13e231357ac1d6ea4fd996ad00bdd98dc1e8673bea79df1451a7b6053fc0ddf9	3	0.10,0.50,0.90	E0331	iMAT	training_samples=setx1,setx2,setx3	C2	G2	0.90	73800d86c4f889eaf4f5923c873981e1547c7ce8918bcad431aebb6957e65d8f	ff08294218c297aa70d51d53f700660a24a0daa0e1e0239b74f592559b440776	1	0	1.6288439486089601e-09	4.060564726793281e-05	1.1217230781177472	0.99999999999836664	EVALUABLE	EVALUABLE	true	VALID	
142631039cbe0bfd13d52adb0fdb8642ef41800243c579023b45680898024317	2	0.50,0.90	E0163	GIMME	training_samples=setx1,setx3	C3	G4	0.50	7d84eb225b8def23833824a5db45b74528179b1bd889afa1812a7b3af34d5dd1	e1e50204cde2f03790a3f2e74f66636d0dd7fd397ae5d4775dd61d74ccce0b76	0	19	0.00013933814558175772	0.30666653421198597	1.0000373225614838	1.2045897146422317	EVALUABLE	EVALUABLE	true	VALID	
142631039cbe0bfd13d52adb0fdb8642ef41800243c579023b45680898024317	2	0.50,0.90	E0163	GIMME	training_samples=setx1,setx3	C3	G4	0.90	7d84eb225b8def23833824a5db45b74528179b1bd889afa1812a7b3af34d5dd1	e1e50204cde2f03790a3f2e74f66636d0dd7fd397ae5d4775dd61d74ccce0b76	0	19	0.00013933814558175772	0.30666653421198597	1.0000373225614838	1.2045897146422317	EVALUABLE	EVALUABLE	true	VALID	
150837c8601709207dcaa56c40eb894a340dff78d108ccfa2e42e0aa0afda459	1	0.50	E0119	GIMME	training_samples=setx1,setx2	C4	G5	0.50	b329f0fd2be35ea618be2d80915238663395d1f9ea256684680fd3e9e29b07b1	f88bd6cf2efb8f44e7d076dd701147d46987ae954fb4b6708b6977e588db41be	13	0	0.65755479192107202	0.00012946688503467918	2.0740594571323734	1.3418135361763321	EVALUABLE	EVALUABLE	true	VALID	
1561f74d3a2fd9003574fdc5b51ca3e5284f6ce9d51c4f4bb3cdb03f81037b07	3	0.10,0.50,0.90	E0062	CORDA	training_samples=setx1,setx3	C3	G3	0.10	7f09d6185ac5d193185190172ff78a97a79908108e64a74fa9c0e5c5b7a315dc	f3e9af567444075a63b7c2a2854ddee5538bfb4c47245f27578a66e389b5a9bc	0	18	9.8221430988587599e-13	0.022000495467268677	1.0001067986560188	1.7790276667250031	EVALUABLE	EVALUABLE	true	VALID	
1561f74d3a2fd9003574fdc5b51ca3e5284f6ce9d51c4f4bb3cdb03f81037b07	3	0.10,0.50,0.90	E0062	CORDA	training_samples=setx1,setx3	C3	G3	0.50	7f09d6185ac5d193185190172ff78a97a79908108e64a74fa9c0e5c5b7a315dc	f3e9af567444075a63b7c2a2854ddee5538bfb4c47245f27578a66e389b5a9bc	0	18	9.8221430988587599e-13	0.022000495467268677	1.0001067986560188	1.7790276667250031	EVALUABLE	EVALUABLE	true	VALID	
1561f74d3a2fd9003574fdc5b51ca3e5284f6ce9d51c4f4bb3cdb03f81037b07	3	0.10,0.50,0.90	E0062	CORDA	training_samples=setx1,setx3	C3	G3	0.90	7f09d6185ac5d193185190172ff78a97a79908108e64a74fa9c0e5c5b7a315dc	f3e9af567444075a63b7c2a2854ddee5538bfb4c47245f27578a66e389b5a9bc	0	18	9.8221430988587599e-13	0.022000495467268677	1.0001067986560188	1.7790276667250031	EVALUABLE	EVALUABLE	true	VALID	
15b71ffa6120005b80ea9992aa1bbeb33e7366f754609d0f2f9e43194ee190e8	1	0.50	E0123	GIMME	training_samples=setx1,setx2	C5	G4	0.50	28de38258d03212a0d010bf8ac5b5dd9d5bb9878b0d353e342028da17117a4df	2d63d16cbc55715e365671ffa5dbc939f489f55ff2606c7fc4c1d0b275ed54c2	11	6	2.5049295970802632e-11	0.86317454135817373	0.9999990493346953	2.8734795407308877	EVALUABLE	EVALUABLE	true	VALID	
15e8f525bb87acda91a8b1839fd62a7b6d4696117041a2390560b1311cc93bd2	3	0.10,0.50,0.90	E0008	CORDA	training_samples=setx1,setx2	C2	G4	0.10	55c97010acdd0cdc52f98f416746a96a3e453dfff25d0e9f08e270f4213bea20	4e3f6d6ceeb0b403b1b2482130d0f49869cd9e2da46c27f2006cd8893987eb72	1	0	0.064745544342134309	7.4251715886930469e-13	1.0000000063236132	1.0000565526010636	EVALUABLE	EVALUABLE	true	VALID	
15e8f525bb87acda91a8b1839fd62a7b6d4696117041a2390560b1311cc93bd2	3	0.10,0.50,0.90	E0008	CORDA	training_samples=setx1,setx2	C2	G4	0.50	55c97010acdd0cdc52f98f416746a96a3e453dfff25d0e9f08e270f4213bea20	4e3f6d6ceeb0b403b1b2482130d0f49869cd9e2da46c27f2006cd8893987eb72	1	0	0.064745544342134309	7.4251715886930469e-13	1.0000000063236132	1.0000565526010636	EVALUABLE	EVALUABLE	true	VALID	
15e8f525bb87acda91a8b1839fd62a7b6d4696117041a2390560b1311cc93bd2	3	0.10,0.50,0.90	E0008	CORDA	training_samples=setx1,setx2	C2	G4	0.90	55c97010acdd0cdc52f98f416746a96a3e453dfff25d0e9f08e270f4213bea20	4e3f6d6ceeb0b403b1b2482130d0f49869cd9e2da46c27f2006cd8893987eb72	1	0	0.064745544342134309	7.4251715886930469e-13	1.0000000063236132	1.0000565526010636	EVALUABLE	EVALUABLE	true	VALID	
16088c20df62fa48791143e5fe8f699f0286998b61ebccf4423a2f6cdff448eb	2	0.50,0.90	E0137	GIMME	training_samples=setx1,setx2,setx3	C3	G3	0.50	4eeef1890619aa578845837f43661ee7c19b674ff17bfb6610802a3013e3f2fa	9d089ba3b0e645d3e16cc9b9a500224416307f7ee4379f38d87bf989d2174ec1	0	19	0.29071316070552367	0.0088464214551963183	2.1236601906571737	1.4538459210648693	EVALUABLE	EVALUABLE	true	VALID	
16088c20df62fa48791143e5fe8f699f0286998b61ebccf4423a2f6cdff448eb	2	0.50,0.90	E0137	GIMME	training_samples=setx1,setx2,setx3	C3	G3	0.90	4eeef1890619aa578845837f43661ee7c19b674ff17bfb6610802a3013e3f2fa	9d089ba3b0e645d3e16cc9b9a500224416307f7ee4379f38d87bf989d2174ec1	0	19	0.29071316070552367	0.0088464214551963183	2.1236601906571737	1.4538459210648693	EVALUABLE	EVALUABLE	true	VALID	
161a723256bc1f990f9f0189c4e159801c600014f4582a3413f4614a22e6fcb9	1	0.50	E0319	iMAT	training_samples=setx1,setx2	C4	G5	0.50	8f95d37fc5b6314ac49444f700aeebaca5fabad2ed9d263b0a3bc8b912daa437	4a2fb998e907a76d9911c65dc23b53d134425ac6130d04103f1e03f7be8c05b6	6	0	0.65314433442224251	0	2.6790275495428473	nan	EVALUABLE	NON_EVALUABLE_ZERO_POST_HOLDOUT_MASS under the frozen normalized-weight representation	false	NON_EVALUABLE_ZERO_POST_HOLDOUT_MASS under the frozen normalized-weight representation	zero post-holdout mass on one or both condition distributions under frozen normalized weights
163e2771ea871d5df4a6f21ea6d323a62dbd89891da8f776d7b519e2e025f8e9	1	0.10	E0284	RIPTiDe	training_samples=setx2,setx3	C2	G5	0.10	7ce358edc3a4bd7c08bb6daaad38e6b004b2499c6d5cdc3112e7a7dfa0faee9a	473d4f1bd46e522454faaf88efcb4858d6c533e112800f714ecae23ee6efc94e	2	3	0.16854445976471022	0.74241171201616196	1.0125137867719272	2.0421436316409589	EVALUABLE	EVALUABLE	true	VALID	
1651550f6939551ffa5d4ff685d42dc05e94bb8cd9e1e25a4b805267c92f2ff1	1	0.10	E0048	CORDA	training_samples=setx1,setx2,setx3	C5	G4	0.10	cd8dede3811381f4aad4557d5a03bbea6546afbcf95768c05ee64bcdeb6b9c24	7245d7cae566682e53e552376e5a7ab8b078a0afc829d984b35659d88f02faf9	7	2	0.64094395183080555	0.89318091042304615	2.461010068739427	5.4663262905705885	EVALUABLE	EVALUABLE	true	VALID	
1678868f70256338bb24eb7e833edc4cd32cd1779fc0ceec35954d3f9a258aca	1	0.10	E0249	RIPTiDe	training_samples=setx1,setx2,setx3	C5	G5	0.10	0ce9f3c2ac8cacca151a431395692262091d1c40960aa953be66fdd4db529db5	098b45df89a363d775760f4500de0df44b45bb3a6dcc8574121a64dd9471b9f0	17	0	0	0.88328642193126006	nan	9.0238629751746871	NON_EVALUABLE_ZERO_POST_HOLDOUT_MASS under the frozen normalized-weight representation	EVALUABLE	false	NON_EVALUABLE_ZERO_POST_HOLDOUT_MASS under the frozen normalized-weight representation	zero post-holdout mass on one or both condition distributions under frozen normalized weights
16a2d3ff66f0121cf0ea7bbddcec43809925dcb150b3ad0b68f4463950400e96	2	0.50,0.90	E0031	CORDA	training_samples=setx1,setx2,setx3	C2	G2	0.50	102f69f6fa8557e4e0067accc8216a851f9d96d112c3c1db033468920969167f	a5e71df85ff7da9f890eb3cd5dcb2b7117ced118c99b3684ee841000c8e0b65d	3	13	0.055860077059445623	0.27013871007390233	1.0000178993636453	1.5770567569880014	EVALUABLE	EVALUABLE	true	VALID	
16a2d3ff66f0121cf0ea7bbddcec43809925dcb150b3ad0b68f4463950400e96	2	0.50,0.90	E0031	CORDA	training_samples=setx1,setx2,setx3	C2	G2	0.90	102f69f6fa8557e4e0067accc8216a851f9d96d112c3c1db033468920969167f	a5e71df85ff7da9f890eb3cd5dcb2b7117ced118c99b3684ee841000c8e0b65d	3	13	0.055860077059445623	0.27013871007390233	1.0000178993636453	1.5770567569880014	EVALUABLE	EVALUABLE	true	VALID	
16ae9d511aa6679374f6825b9ff4ceb710a503ba82c5eb8d01b67bed09130ef7	1	0.90	E0019	CORDA	training_samples=setx1,setx2	C4	G5	0.90	9b3eb60c2fcc4a9ae62238b0c2f7954eee420bb3818ca6ad9cbf97843e48628a	4e3f6d6ceeb0b403b1b2482130d0f49869cd9e2da46c27f2006cd8893987eb72	0	0	0.56681023419667553	0	1.2332937864874507	nan	EVALUABLE	NON_EVALUABLE_ZERO_POST_HOLDOUT_MASS under the frozen normalized-weight representation	false	NON_EVALUABLE_ZERO_POST_HOLDOUT_MASS under the frozen normalized-weight representation	zero post-holdout mass on one or both condition distributions under frozen normalized weights
16c9cdbf2922f3253c948598a3bb2314369e26076f56b7256bec3aa2a09ee41b	1	0.90	E0312	iMAT	training_samples=setx1,setx2	C3	G3	0.90	92885b269975050d47b4a5f3645ef173ad8091cce18e3f543380b638cb89c263	fb799d596a8dc63472e08b557f1482c5a976d666fed4a252258ea7640ea54f8e	0	10	0.79048384887259171	0.74709340453341366	0.99999999999999956	4.3762669832554435	EVALUABLE	EVALUABLE	true	VALID	
174456a078ae35ffee93aa3d6264401341bb4717451f636620a1ca9d6e8313e7	2	0.50,0.90	E0392	iMAT	training_samples=setx2,setx3	C4	G3	0.50	7694a9e011d4ebf44d303658c7154c14143b3e30ce56570e30c917120cb8c5fd	7fdc2fa21fea6c28bbc011461e0e1d02cc38dbc1714a1b49baf6218c00d86339	11	17	0.14429939582273443	6.3497605324869255e-06	1.4390303388080905	1.0206033124377409	EVALUABLE	EVALUABLE	true	VALID	
174456a078ae35ffee93aa3d6264401341bb4717451f636620a1ca9d6e8313e7	2	0.50,0.90	E0392	iMAT	training_samples=setx2,setx3	C4	G3	0.90	7694a9e011d4ebf44d303658c7154c14143b3e30ce56570e30c917120cb8c5fd	7fdc2fa21fea6c28bbc011461e0e1d02cc38dbc1714a1b49baf6218c00d86339	11	17	0.14429939582273443	6.3497605324869255e-06	1.4390303388080905	1.0206033124377409	EVALUABLE	EVALUABLE	true	VALID	
175b81fb375b082cedcfced8c3d542e749492f6d13158986083b505f1fb7b959	1	0.10	E0206	RIPTiDe	training_samples=setx1,setx2	C2	G2	0.10	64e14d92b1a5821eccddd0e1e6d5521f0fcaba2977c9eb34cfda886205c3493d	0af4d52ceb5c7b84765092ebe689361bf969900f21c30351e6dea4de03bed02b	8	12	0.80317842331243483	0.84955711912667298	4.3475354604705059	8.0502349044828208	EVALUABLE	EVALUABLE	true	VALID	
1779ad1668660a7d6e406d1849980fc07a0c428a54cea1d7e83b20120c7b9de5	1	0.90	E0311	iMAT	training_samples=setx1,setx2	C3	G2	0.90	92885b269975050d47b4a5f3645ef173ad8091cce18e3f543380b638cb89c263	4a2fb998e907a76d9911c65dc23b53d134425ac6130d04103f1e03f7be8c05b6	0	0	0.79048384887259171	1.6805334901448532e-11	0.99999999999999956	1.0000101044181642	EVALUABLE	EVALUABLE	true	VALID	
1782c7d7eb348fb48e2de9189fbf32fbfc86266fb3437c67b5ffaaabcbfdc994	1	0.10	E0232	RIPTiDe	training_samples=setx1,setx2,setx3	C2	G3	0.10	4ad59181fe7235c9f8799583e6a5926d9a3b391d8c90fd44a50e8f2ee914e297	735464900e0db571bc0bd7f30fe3714c82f07057a86ebdd7484fd97746a089c5	14	8	0.88179206694945556	0.87201550379511916	1.5907262848203458	1.0530162891999366	EVALUABLE	EVALUABLE	true	VALID	
17b7f05a5091c19ca5acf593d62909c7adab52c23d0f806886e8439de5319d67	3	0.10,0.50,0.90	E0023	CORDA	training_samples=setx1,setx2	C5	G4	0.10	c55c11a6e3dc772e3c2e3b973cfb71fd8e41ddd3aef93d8b8367e17dfca95033	4e3f6d6ceeb0b403b1b2482130d0f49869cd9e2da46c27f2006cd8893987eb72	18	0	0.056378013431494511	7.4251715886930469e-13	1.6254008945261684	1.0000565526010636	EVALUABLE	EVALUABLE	true	VALID	
17b7f05a5091c19ca5acf593d62909c7adab52c23d0f806886e8439de5319d67	3	0.10,0.50,0.90	E0023	CORDA	training_samples=setx1,setx2	C5	G4	0.50	c55c11a6e3dc772e3c2e3b973cfb71fd8e41ddd3aef93d8b8367e17dfca95033	4e3f6d6ceeb0b403b1b2482130d0f49869cd9e2da46c27f2006cd8893987eb72	18	0	0.056378013431494511	7.4251715886930469e-13	1.6254008945261684	1.0000565526010636	EVALUABLE	EVALUABLE	true	VALID	
17b7f05a5091c19ca5acf593d62909c7adab52c23d0f806886e8439de5319d67	3	0.10,0.50,0.90	E0023	CORDA	training_samples=setx1,setx2	C5	G4	0.90	c55c11a6e3dc772e3c2e3b973cfb71fd8e41ddd3aef93d8b8367e17dfca95033	4e3f6d6ceeb0b403b1b2482130d0f49869cd9e2da46c27f2006cd8893987eb72	18	0	0.056378013431494511	7.4251715886930469e-13	1.6254008945261684	1.0000565526010636	EVALUABLE	EVALUABLE	true	VALID	
1852e715e2fa5c7f4f1423291afd3d5126f1f13d8b5191deeff2a488478fe5f7	1	0.90	E0073	CORDA	training_samples=setx1,setx3	C5	G4	0.90	f477e3d5e656111b38ff39e23e8311ca8a8abd935c292bccfcb769f43f87ef81	d928590f61fb177ab6a5b0e11cbeca11a10927ce32463c8505150ddf6a21fd31	4	8	0.7970173818869577	0.086696615934440668	3.2700546606042038	1.0030853093304006	EVALUABLE	EVALUABLE	true	VALID	
1860fcea75016b18c58d6d1c206f94d704ac4ec1462d4bcd375e65765260e2ab	1	0.10	E0251	RIPTiDe	training_samples=setx1,setx3	C1	G2	0.10	227fe4afb2202ead22ee9d269e9306fc1462f44fe8ea75b1015ef56783db29e3	9acb751aab297b05dffcce05ba0d4171965f31bed5e6496fa98e638081ccf731	3	17	6.3129538027562049e-05	0.8667019526653208	1.317146526385899	10.185841515284103	EVALUABLE	EVALUABLE	true	VALID	
188dce94c6d667f8ad5d1e5fd2b29b7f5f3350a1e87f138410055aa21994bfb8	3	0.10,0.50,0.90	E0182	GIMME	training_samples=setx2,setx3	C2	G3	0.10	f644340953d72bb12da093189853db0ff0fc86bb66134a4f3d0a44308555f75e	8ecf30a756db2f84cdf96655aeefb4791848aa4abcee2632121fb0bb43d6914f	1	9	0.045548546711112081	0	1.2064484074095803	nan	EVALUABLE	NON_EVALUABLE_ZERO_POST_HOLDOUT_MASS under the frozen normalized-weight representation	false	NON_EVALUABLE_ZERO_POST_HOLDOUT_MASS under the frozen normalized-weight representation	zero post-holdout mass on one or both condition distributions under frozen normalized weights
188dce94c6d667f8ad5d1e5fd2b29b7f5f3350a1e87f138410055aa21994bfb8	3	0.10,0.50,0.90	E0182	GIMME	training_samples=setx2,setx3	C2	G3	0.50	f644340953d72bb12da093189853db0ff0fc86bb66134a4f3d0a44308555f75e	8ecf30a756db2f84cdf96655aeefb4791848aa4abcee2632121fb0bb43d6914f	1	9	0.045548546711112081	0	1.2064484074095803	nan	EVALUABLE	NON_EVALUABLE_ZERO_POST_HOLDOUT_MASS under the frozen normalized-weight representation	false	NON_EVALUABLE_ZERO_POST_HOLDOUT_MASS under the frozen normalized-weight representation	zero post-holdout mass on one or both condition distributions under frozen normalized weights
188dce94c6d667f8ad5d1e5fd2b29b7f5f3350a1e87f138410055aa21994bfb8	3	0.10,0.50,0.90	E0182	GIMME	training_samples=setx2,setx3	C2	G3	0.90	f644340953d72bb12da093189853db0ff0fc86bb66134a4f3d0a44308555f75e	8ecf30a756db2f84cdf96655aeefb4791848aa4abcee2632121fb0bb43d6914f	1	9	0.045548546711112081	0	1.2064484074095803	nan	EVALUABLE	NON_EVALUABLE_ZERO_POST_HOLDOUT_MASS under the frozen normalized-weight representation	false	NON_EVALUABLE_ZERO_POST_HOLDOUT_MASS under the frozen normalized-weight representation	zero post-holdout mass on one or both condition distributions under frozen normalized weights
18a11c33726304ad413f8cb52284d7fdf3bb0d616b88a883288242e492a22dbe	1	0.90	E0035	CORDA	training_samples=setx1,setx2,setx3	C3	G1	0.90	593312d7347feeecef6821743059de3d62c9a9e7bc1e0d7af7214fa92b03e33f	5f016d2a7e8c0ca9be2a0c7a65b58b776f02175e7864b34d3b8946ee4f826f29	4	16	0.7919738396283813	0.94043579767345475	1.0023274635226753	2.1864905156924448	EVALUABLE	EVALUABLE	true	VALID	
194741fb2ff1d2810f5a8396234c1a5afecca08ea478d2f2b43a733721fe6f0c	3	0.10,0.50,0.90	E0065	CORDA	training_samples=setx1,setx3	C4	G1	0.10	7f09d6185ac5d193185190172ff78a97a79908108e64a74fa9c0e5c5b7a315dc	64ab1614c0c568b77bd29ca3d3623f3ba1823bd3bf91fd0f4dc032039ade4cc3	0	15	1.9126485950593519e-09	0.023826284701584988	1.0000004037368553	2.2103814319660819	EVALUABLE	EVALUABLE	true	VALID	
194741fb2ff1d2810f5a8396234c1a5afecca08ea478d2f2b43a733721fe6f0c	3	0.10,0.50,0.90	E0065	CORDA	training_samples=setx1,setx3	C4	G1	0.50	7f09d6185ac5d193185190172ff78a97a79908108e64a74fa9c0e5c5b7a315dc	64ab1614c0c568b77bd29ca3d3623f3ba1823bd3bf91fd0f4dc032039ade4cc3	0	15	1.9126485950593519e-09	0.023826284701584988	1.0000004037368553	2.2103814319660819	EVALUABLE	EVALUABLE	true	VALID	
194741fb2ff1d2810f5a8396234c1a5afecca08ea478d2f2b43a733721fe6f0c	3	0.10,0.50,0.90	E0065	CORDA	training_samples=setx1,setx3	C4	G1	0.90	7f09d6185ac5d193185190172ff78a97a79908108e64a74fa9c0e5c5b7a315dc	64ab1614c0c568b77bd29ca3d3623f3ba1823bd3bf91fd0f4dc032039ade4cc3	0	15	1.9126485950593519e-09	0.023826284701584988	1.0000004037368553	2.2103814319660819	EVALUABLE	EVALUABLE	true	VALID	
1954fe36f19261a7ca13162951a1f118334e695f4b60a0df9c47c98def51e7d3	1	0.50	E0263	RIPTiDe	training_samples=setx1,setx3	C3	G4	0.50	0551a70442c925ed3fd3d5f6f03c23b55a16bc314382c97afcbdcf827ae4123a	ad3ae52546893ca463d0370db5c0243a4cd79da6df16d930a4acee2fee7bf062	18	3	0.78471074937537688	0.50000002594415682	3.900728240933454	1.000000207553265	EVALUABLE	EVALUABLE	true	VALID	
198a0d920d61903262c34e62327b0415da3408dddd60a0ee71f46e4dfb05ae58	1	0.90	E0388	iMAT	training_samples=setx2,setx3	C3	G4	0.90	e0894b04544dae489a65af0d3d2e6b796b8d625f6b5e2a273115d0c767e3e693	b9f5a06ad896dd71ad5bac5e24ed87f72ded680e6d19b3c8d7ef7efafd32eedc	6	8	0.044605963700236728	0.74576922428526848	1.000000004521491	2.664361651913175	EVALUABLE	EVALUABLE	true	VALID	
19cf325fd22afd0c18f32ee5a2ee39032fe55f74089a19ea4ff9d04d45ec8fd3	1	0.90	E0344	iMAT	training_samples=setx1,setx2,setx3	C4	G5	0.90	02a5544e4fc3b887f9768cac0b1d5ae40c8982fd620a763876acef8755995c11	ff08294218c297aa70d51d53f700660a24a0daa0e1e0239b74f592559b440776	2	0	0.57685421516599134	1.2734108212342221e-09	1.7754855518088264	1.0000000692349222	EVALUABLE	EVALUABLE	true	VALID	
19d4367aeb5880f07da073c99a5ec2dbbcf1e7c40beab27ed57dfc4f76200710	3	0.10,0.50,0.90	E0082	CORDA	training_samples=setx2,setx3	C2	G3	0.10	11c92eb5eefda7cc64e53694479d802bc86526faac5ec503ffca49ddb81a3886	5aa9dfc3f05d4356dd4aae2f9affd61bee89f17b06004e56c2253e057c5d0c49	1	19	0.0610433176716626	9.3696706559009968e-05	1.0000000002059644	1.0161934278185878	EVALUABLE	EVALUABLE	true	VALID	
19d4367aeb5880f07da073c99a5ec2dbbcf1e7c40beab27ed57dfc4f76200710	3	0.10,0.50,0.90	E0082	CORDA	training_samples=setx2,setx3	C2	G3	0.50	11c92eb5eefda7cc64e53694479d802bc86526faac5ec503ffca49ddb81a3886	5aa9dfc3f05d4356dd4aae2f9affd61bee89f17b06004e56c2253e057c5d0c49	1	19	0.0610433176716626	9.3696706559009968e-05	1.0000000002059644	1.0161934278185878	EVALUABLE	EVALUABLE	true	VALID	
19d4367aeb5880f07da073c99a5ec2dbbcf1e7c40beab27ed57dfc4f76200710	3	0.10,0.50,0.90	E0082	CORDA	training_samples=setx2,setx3	C2	G3	0.90	11c92eb5eefda7cc64e53694479d802bc86526faac5ec503ffca49ddb81a3886	5aa9dfc3f05d4356dd4aae2f9affd61bee89f17b06004e56c2253e057c5d0c49	1	19	0.0610433176716626	9.3696706559009968e-05	1.0000000002059644	1.0161934278185878	EVALUABLE	EVALUABLE	true	VALID	
1a00fdbbe94c024b9a5631305af04298a22f9b34c6e8145063fd351c65c9171e	2	0.50,0.90	E0304	iMAT	training_samples=setx1,setx2	C1	G5	0.50	a4cf0046a45aa0e47320ab5f4760e69930e9f99bbe85fdfc3b7ead7bafa2baa0	4a2fb998e907a76d9911c65dc23b53d134425ac6130d04103f1e03f7be8c05b6	12	0	0.13839920563351205	0	2.4879086996610398	nan	EVALUABLE	NON_EVALUABLE_ZERO_POST_HOLDOUT_MASS under the frozen normalized-weight representation	false	NON_EVALUABLE_ZERO_POST_HOLDOUT_MASS under the frozen normalized-weight representation	zero post-holdout mass on one or both condition distributions under frozen normalized weights
1a00fdbbe94c024b9a5631305af04298a22f9b34c6e8145063fd351c65c9171e	2	0.50,0.90	E0304	iMAT	training_samples=setx1,setx2	C1	G5	0.90	a4cf0046a45aa0e47320ab5f4760e69930e9f99bbe85fdfc3b7ead7bafa2baa0	4a2fb998e907a76d9911c65dc23b53d134425ac6130d04103f1e03f7be8c05b6	12	0	0.13839920563351205	0	2.4879086996610398	nan	EVALUABLE	NON_EVALUABLE_ZERO_POST_HOLDOUT_MASS under the frozen normalized-weight representation	false	NON_EVALUABLE_ZERO_POST_HOLDOUT_MASS under the frozen normalized-weight representation	zero post-holdout mass on one or both condition distributions under frozen normalized weights
1a0c3b3a0d84aeaa419f272d0c997c61a8ebce48f7b06f5fa7ce913dfcca9b50	1	0.50	E0235	RIPTiDe	training_samples=setx1,setx2,setx3	C3	G1	0.50	19fbb71aa82ced106de3de882f00088ca5f4b1403f565423e5efc7d077ebdee7	d2e77ddb8a929cfcb9b862f9915f2d5a3eb09741f2765ade2b0bcd69a98c741d	18	12	0.83621102513584711	0.0063572334634590666	6.0340320759803108	1.0123976784237918	EVALUABLE	EVALUABLE	true	VALID	
1a6463802230745464a38625f00e0892c2b27442db67eb14c6fc71b98156ccc6	2	0.10,0.50	E0037	CORDA	training_samples=setx1,setx2,setx3	C3	G3	0.10	102f69f6fa8557e4e0067accc8216a851f9d96d112c3c1db033468920969167f	5f016d2a7e8c0ca9be2a0c7a65b58b776f02175e7864b34d3b8946ee4f826f29	3	16	0.20894673440458977	0.020869479776507438	1.0088504246050884	1.0001476877215394	EVALUABLE	EVALUABLE	true	VALID	
1a6463802230745464a38625f00e0892c2b27442db67eb14c6fc71b98156ccc6	2	0.10,0.50	E0037	CORDA	training_samples=setx1,setx2,setx3	C3	G3	0.50	102f69f6fa8557e4e0067accc8216a851f9d96d112c3c1db033468920969167f	5f016d2a7e8c0ca9be2a0c7a65b58b776f02175e7864b34d3b8946ee4f826f29	3	16	0.20894673440458977	0.020869479776507438	1.0088504246050884	1.0001476877215394	EVALUABLE	EVALUABLE	true	VALID	
1ab8233ef497899b78995ceaa475684f4af668b14193b39901876f711c63f6f3	3	0.10,0.50,0.90	E0366	iMAT	training_samples=setx1,setx3	C4	G2	0.10	f748cd6aeca05446d28a19c599fcdda457fbd8a29c4d8a73e760985713b9f609	8919d77fd866b5a1dc2c64f31ddf3d2b0c854b469fdba34f75f79fe51e478517	1	0	0.00036740755356445831	0.078328279385374566	1.0163496554444107	0.99999999999999911	EVALUABLE	EVALUABLE	true	VALID	
1ab8233ef497899b78995ceaa475684f4af668b14193b39901876f711c63f6f3	3	0.10,0.50,0.90	E0366	iMAT	training_samples=setx1,setx3	C4	G2	0.50	f748cd6aeca05446d28a19c599fcdda457fbd8a29c4d8a73e760985713b9f609	8919d77fd866b5a1dc2c64f31ddf3d2b0c854b469fdba34f75f79fe51e478517	1	0	0.00036740755356445831	0.078328279385374566	1.0163496554444107	0.99999999999999911	EVALUABLE	EVALUABLE	true	VALID	
1ab8233ef497899b78995ceaa475684f4af668b14193b39901876f711c63f6f3	3	0.10,0.50,0.90	E0366	iMAT	training_samples=setx1,setx3	C4	G2	0.90	f748cd6aeca05446d28a19c599fcdda457fbd8a29c4d8a73e760985713b9f609	8919d77fd866b5a1dc2c64f31ddf3d2b0c854b469fdba34f75f79fe51e478517	1	0	0.00036740755356445831	0.078328279385374566	1.0163496554444107	0.99999999999999911	EVALUABLE	EVALUABLE	true	VALID	
1af859f415a7d2e5110b4ccbfa51005711db9fbb36eaf91dd95ee9339bd8cf0f	1	0.90	E0150	GIMME	training_samples=setx1,setx3	C1	G1	0.90	e0656ed344a040c1c31d47313c246b5017dfe95469a56b860f75b9359b07ba86	e1e50204cde2f03790a3f2e74f66636d0dd7fd397ae5d4775dd61d74ccce0b76	7	19	0.90744501934742294	0.0026313855300201805	10.280746338260672	1.0000004299623209	EVALUABLE	EVALUABLE	true	VALID	
1b4225911a146e554a5d3e5b58fd778d53143183fecad781ae54d54a02e8dd3e	3	0.10,0.50,0.90	E0161	GIMME	training_samples=setx1,setx3	C3	G2	0.10	7d84eb225b8def23833824a5db45b74528179b1bd889afa1812a7b3af34d5dd1	0613270f4140a02dc933da8f58c1eea1dfd57164ef86989cfbd7dbf0d510376d	0	13	0.00013933814558175772	0.00037537127029696471	1.0000373225614838	1.4909527858096157	EVALUABLE	EVALUABLE	true	VALID	
1b4225911a146e554a5d3e5b58fd778d53143183fecad781ae54d54a02e8dd3e	3	0.10,0.50,0.90	E0161	GIMME	training_samples=setx1,setx3	C3	G2	0.50	7d84eb225b8def23833824a5db45b74528179b1bd889afa1812a7b3af34d5dd1	0613270f4140a02dc933da8f58c1eea1dfd57164ef86989cfbd7dbf0d510376d	0	13	0.00013933814558175772	0.00037537127029696471	1.0000373225614838	1.4909527858096157	EVALUABLE	EVALUABLE	true	VALID	
1b4225911a146e554a5d3e5b58fd778d53143183fecad781ae54d54a02e8dd3e	3	0.10,0.50,0.90	E0161	GIMME	training_samples=setx1,setx3	C3	G2	0.90	7d84eb225b8def23833824a5db45b74528179b1bd889afa1812a7b3af34d5dd1	0613270f4140a02dc933da8f58c1eea1dfd57164ef86989cfbd7dbf0d510376d	0	13	0.00013933814558175772	0.00037537127029696471	1.0000373225614838	1.4909527858096157	EVALUABLE	EVALUABLE	true	VALID	
1bc284de4b6b367040a21288ccab46291f2b44742808677d25b75d7f1782ad26	1	0.50	E0144	GIMME	training_samples=setx1,setx2,setx3	C4	G5	0.50	820066d04598da3d239f0d23bd4e39ef57a720e88a443581bcf565cd8d99566b	22fb33288e2b49401552b365407f2e2a4a6750f0976fa1f8910e2ea85c79b851	18	3	0.19574959809029879	0.88118016041096525	1.0012851510453191	4.5097690167728599	EVALUABLE	EVALUABLE	true	VALID	
1bcbe27d5a67665b987ccb47018e8f4e5ca67f5edb5bdb74d59dde3ac7a0624e	2	0.10,0.50	E0311	iMAT	training_samples=setx1,setx2	C3	G2	0.10	646a5c644a59a85946ca3a5bdaa04f073d39a57cae74abbda4fc566e8f03094d	4a2fb998e907a76d9911c65dc23b53d134425ac6130d04103f1e03f7be8c05b6	1	0	0.20951615112740818	1.6805334901448532e-11	0.99999999999999911	1.0000101044181642	EVALUABLE	EVALUABLE	true	VALID	
1bcbe27d5a67665b987ccb47018e8f4e5ca67f5edb5bdb74d59dde3ac7a0624e	2	0.10,0.50	E0311	iMAT	training_samples=setx1,setx2	C3	G2	0.50	646a5c644a59a85946ca3a5bdaa04f073d39a57cae74abbda4fc566e8f03094d	4a2fb998e907a76d9911c65dc23b53d134425ac6130d04103f1e03f7be8c05b6	1	0	0.20951615112740818	1.6805334901448532e-11	0.99999999999999911	1.0000101044181642	EVALUABLE	EVALUABLE	true	VALID	
1c1f014912a2cc60a7a810d5b8666b5161e23d5fc74a19a01fed088245f46989	1	0.10	E0396	iMAT	training_samples=setx2,setx3	C5	G2	0.10	a1f48ef19613f6a65b331bca98ea3fad70a41cafb8ba8276bafb56980a7ae0e3	2f971692e2765073ae8a6d2f6fd8f4e97e81f95489df3f2946d4c497d94165b9	2	0	0.74479653446455985	3.5171432100078448e-08	2.1537892065097521	1.0000314927854179	EVALUABLE	EVALUABLE	true	VALID	
1c2b94c1a8f02774546da16d5fb5d52ddf5c2ea3ed9a30a0fb20b46527a2159c	1	0.50	E0239	RIPTiDe	training_samples=setx1,setx2,setx3	C3	G5	0.50	19fbb71aa82ced106de3de882f00088ca5f4b1403f565423e5efc7d077ebdee7	d2e77ddb8a929cfcb9b862f9915f2d5a3eb09741f2765ade2b0bcd69a98c741d	18	12	0.83621102513584711	0.85907842082758179	6.0340320759803108	9.1996390100593022	EVALUABLE	EVALUABLE	true	VALID	
1c47883a5778a82be6ca68e11a6035b6eb1d8cfeab4ff4fd504fa6497b3d5231	1	0.90	E0053	CORDA	training_samples=setx1,setx3	C1	G4	0.90	b37add75f03b4f23ac6656dd0c4885d4486ea5d21bec8d5dbb8bc0b75f7b3972	d928590f61fb177ab6a5b0e11cbeca11a10927ce32463c8505150ddf6a21fd31	15	8	0.72259731562376173	0.086696615934440668	5.439773678455583	1.0030853093304006	EVALUABLE	EVALUABLE	true	VALID	
1c47ba25437f99468538605858692308fb755fefb2efca54229f07186bc31319	1	0.50	E0046	CORDA	training_samples=setx1,setx2,setx3	C5	G2	0.50	dbd76666b3084fdec6b1c3315b220417ef6d15d44a34b19cb92d68548716b4ce	a5e71df85ff7da9f890eb3cd5dcb2b7117ced118c99b3684ee841000c8e0b65d	6	13	0.64094395183080555	0.27013871007390233	2.461010068739427	1.5770567569880014	EVALUABLE	EVALUABLE	true	VALID	
1c9514c8ae7296abbf441c0e2faf29d9aeac9a86aa3682c9c04551c54f9a1c54	1	0.10	E0297	RIPTiDe	training_samples=setx2,setx3	C5	G3	0.10	7ce358edc3a4bd7c08bb6daaad38e6b004b2499c6d5cdc3112e7a7dfa0faee9a	473d4f1bd46e522454faaf88efcb4858d6c533e112800f714ecae23ee6efc94e	2	3	1.609823385706477e-14	0.8878080887183899	1.0028739228934218	1.0377305099016489	EVALUABLE	EVALUABLE	true	VALID	
1c9d1c4df0ad749c640b1739a088567461a81d03ea051ce51fe73cf6eff99b60	1	0.10	E0304	iMAT	training_samples=setx1,setx2	C1	G5	0.10	d9bee4ec9dc9d1f3876c1811fcf6f8d020989bd2af3231c4cdaa3df2bbdcd555	4a2fb998e907a76d9911c65dc23b53d134425ac6130d04103f1e03f7be8c05b6	16	0	0.95468904048766001	0	1.2184878993509471	nan	EVALUABLE	NON_EVALUABLE_ZERO_POST_HOLDOUT_MASS under the frozen normalized-weight representation	false	NON_EVALUABLE_ZERO_POST_HOLDOUT_MASS under the frozen normalized-weight representation	zero post-holdout mass on one or both condition distributions under frozen normalized weights
1d4c05ac8779e19a5d6e6969a4f3ad79087c1f04ccff5efece2b8720ea3d061a	1	0.90	E0130	GIMME	training_samples=setx1,setx2,setx3	C2	G1	0.90	5e8a0c4892e9698556e454389aaa6a2b6ca7ec28c8f86829df78dbc7a396e38e	9d089ba3b0e645d3e16cc9b9a500224416307f7ee4379f38d87bf989d2174ec1	2	19	0.88610058363863164	5.333362351089832e-06	5.6265060409851131	1.0331518001100977	EVALUABLE	EVALUABLE	true	VALID	
1d62b199e9f85042634e37c3ff9925f051fecdbdc61ed1e21fac39bdc5ad5f34	1	0.90	E0201	RIPTiDe	training_samples=setx1,setx2	C1	G2	0.90	4989824e2df2467b6e60573ab17ca31c35d0a30f6e54c8dfeb87847ca960b723	fc5a6e7ac9885276c1940614d572c21e145840e761a1b814fe18426f44ee7db0	17	8	0.14891186736446671	0.9095429793183355	1.3401538914421374	7.9464033130762948	EVALUABLE	EVALUABLE	true	VALID	
1da8337ea7f9bfcc84d5b479ad4ec138cf9bd47cd38a0a6309e76d53a27509aa	1	0.10	E0236	RIPTiDe	training_samples=setx1,setx2,setx3	C3	G2	0.10	bc31b2573e3654d69ba4dc987e4d975f87972c67efefef87ebb81d553332baa6	005bcffdca6d9ad2654d0fdf416bb93ff2fd7caea8656ea89564927e99c3d4da	10	3	0.79570625554217833	0.68967358079474295	6.2703437421179968	3.5993535642060053	EVALUABLE	EVALUABLE	true	VALID	
1ddfe4ed10da4b53628b1ae6e001f46fd4d733d8316579b4e625fc779e0a95cc	1	0.50	E0396	iMAT	training_samples=setx2,setx3	C5	G2	0.50	bff5c3f73cf19abc7b717b31e6022fe37f748cfcb5780ff291baeac5a479232d	2f971692e2765073ae8a6d2f6fd8f4e97e81f95489df3f2946d4c497d94165b9	3	0	0.59116975168241681	3.5171432100078448e-08	2.2468508563845031	1.0000314927854179	EVALUABLE	EVALUABLE	true	VALID	
1e1380e9f158f0173398684f90da2e5dffeeaebf63e4fecb239ba58312bc1f1f	1	0.10	E0241	RIPTiDe	training_samples=setx1,setx2,setx3	C4	G2	0.10	0ce9f3c2ac8cacca151a431395692262091d1c40960aa953be66fdd4db529db5	005bcffdca6d9ad2654d0fdf416bb93ff2fd7caea8656ea89564927e99c3d4da	17	3	6.0031857262998756e-10	0.68967358079474295	1.0072243059833268	3.5993535642060053	EVALUABLE	EVALUABLE	true	VALID	
1e198961844664822eb2ebc0cc1e099dca23c094765e704d98ac1965d976372c	1	0.50	E0045	CORDA	training_samples=setx1,setx2,setx3	C5	G1	0.50	dbd76666b3084fdec6b1c3315b220417ef6d15d44a34b19cb92d68548716b4ce	190878c4b80fe628594f55359ecb202fdd3e2ee8bca1b5c56ddcbe21f6e9a053	6	18	0.64094395183080555	0.46290788343359346	2.461010068739427	1.7920793210807067	EVALUABLE	EVALUABLE	true	VALID	
1e3a1570fad673cc5ea81a37dbee043d1107c60ed8c17efbd9e0e47386489ed0	1	0.90	E0274	RIPTiDe	training_samples=setx1,setx3	C5	G5	0.90	227fe4afb2202ead22ee9d269e9306fc1462f44fe8ea75b1015ef56783db29e3	deff62e02ba886762368ef91d7c5a863a4429df48e2f355d224c8d1fd18fccdc	3	11	2.539080057317733e-12	0.50214230774207302	1.0086547612246182	1.0172132358409181	EVALUABLE	EVALUABLE	true	VALID	
1e746d69e54e398c16554478c8829c9ba562a5c53a9deb8e99197ea08f4a9130	1	0.90	E0380	iMAT	training_samples=setx2,setx3	C2	G1	0.90	e0894b04544dae489a65af0d3d2e6b796b8d625f6b5e2a273115d0c767e3e693	02480ee2203a7247dc60b5c7ed203477c48ce766af288d2f669fd6d280f81869	6	16	0.099830003389147048	0.87992959543985894	1.0000000003998513	4.0306196705740591	EVALUABLE	EVALUABLE	true	VALID	
1e83920b9544c8c9b6e111abc0a2a5d73baf38601463fc8782415fe87a8beebe	2	0.50,0.90	E0337	iMAT	training_samples=setx1,setx2,setx3	C3	G3	0.50	73800d86c4f889eaf4f5923c873981e1547c7ce8918bcad431aebb6957e65d8f	1ff3f6f24399029ac6d6407339a7671dc0454a3da0344b173a866dad9366939a	1	17	4.6432333755674904e-08	0.18935926463506469	1.2795248085257824	2.6102075929945316	EVALUABLE	EVALUABLE	true	VALID	
1e83920b9544c8c9b6e111abc0a2a5d73baf38601463fc8782415fe87a8beebe	2	0.50,0.90	E0337	iMAT	training_samples=setx1,setx2,setx3	C3	G3	0.90	73800d86c4f889eaf4f5923c873981e1547c7ce8918bcad431aebb6957e65d8f	1ff3f6f24399029ac6d6407339a7671dc0454a3da0344b173a866dad9366939a	1	17	4.6432333755674904e-08	0.18935926463506469	1.2795248085257824	2.6102075929945316	EVALUABLE	EVALUABLE	true	VALID	
1eaaa3b3cf272c6fc6825d85451674ec3878b86fd709b3406093e67e5693bb6a	1	0.10	E0212	RIPTiDe	training_samples=setx1,setx2	C3	G3	0.10	7f680ec90ffb14e0cf02f3aa48fc2a9480180e3d4bfe2ca3fd207f7277645ac2	4f3ac3dd70092e73abd0358812ec03b156828b637df9f9d81f3fa59635a9cea7	16	2	0.59048583037751756	0.66667367748945972	3.2889586811236944	2.0001261955076726	EVALUABLE	EVALUABLE	true	VALID	
1ed33d06c7cedf7bfa236e30d57af44ad868f52385bfbbb8fdf6038550eb41c9	1	0.90	E0320	iMAT	training_samples=setx1,setx2	C5	G1	0.90	ed0c17f7a22a64be5862f52a396317f78e98d4489d5d4467a22d858c65d1c63f	3d31a5031c10d84a628e3b3461faf26a0859778f1eb541826fe6fca30c271467	9	19	0.67404310497845099	0.67693762766075816	1.0079408158257146	1.9638704725692246	EVALUABLE	EVALUABLE	true	VALID	
1ee9f06b6c7cb494621d33da064f3684253b0d2703b51769b6dd0535ac79d9f1	1	0.10	E0218	RIPTiDe	training_samples=setx1,setx2	C4	G4	0.10	4989824e2df2467b6e60573ab17ca31c35d0a30f6e54c8dfeb87847ca960b723	4f3ac3dd70092e73abd0358812ec03b156828b637df9f9d81f3fa59635a9cea7	17	2	0.075853675461016845	0.66666667819853065	1.1579328287091351	2.000000207573553	EVALUABLE	EVALUABLE	true	VALID	
1f18238435b33b99a338921579ed341ab9ec210ed3b12c4305abe03c5cd3a568	1	0.50	E0210	RIPTiDe	training_samples=setx1,setx2	C3	G1	0.50	3d455bd6c6c1107026e8edf70c2d6d8e202fc5d502a840648e30a9c7f4d8ac8c	a7e9e73c64d9d3f1375205efa617218792e4925fade6c0b5b1060f1e99eea4db	19	15	0.70789375008052768	0.66666666666680796	2.6599917634563011	2.0000000000025433	EVALUABLE	EVALUABLE	true	VALID	
1f3fa07a3adaf8d0a6d4f566dbe932b894e8ba8c512a7ecea94dc347bcdcd340	1	0.50	E0335	iMAT	training_samples=setx1,setx2,setx3	C3	G1	0.50	73800d86c4f889eaf4f5923c873981e1547c7ce8918bcad431aebb6957e65d8f	a29e516f4cdb615164980efb4a5ea439ebd420270dfdbd772cbaba783c759b3a	1	4	4.6432333755674904e-08	0.92808295093907289	1.2795248085257824	3.6870847177348467	EVALUABLE	EVALUABLE	true	VALID	
1f42ff69b385f67c9ad990d35eef98062a291da2a5938d3c09bbdc6fcf7537e5	3	0.10,0.50,0.90	E0197	GIMME	training_samples=setx2,setx3	C5	G3	0.10	ec713323665316d5b12598b96ce058a5cbd45046ed44f9acd156cf13bb158862	8ecf30a756db2f84cdf96655aeefb4791848aa4abcee2632121fb0bb43d6914f	13	9	0.061277558425924306	0	1.0081772947321537	nan	EVALUABLE	NON_EVALUABLE_ZERO_POST_HOLDOUT_MASS under the frozen normalized-weight representation	false	NON_EVALUABLE_ZERO_POST_HOLDOUT_MASS under the frozen normalized-weight representation	zero post-holdout mass on one or both condition distributions under frozen normalized weights
1f42ff69b385f67c9ad990d35eef98062a291da2a5938d3c09bbdc6fcf7537e5	3	0.10,0.50,0.90	E0197	GIMME	training_samples=setx2,setx3	C5	G3	0.50	ec713323665316d5b12598b96ce058a5cbd45046ed44f9acd156cf13bb158862	8ecf30a756db2f84cdf96655aeefb4791848aa4abcee2632121fb0bb43d6914f	13	9	0.061277558425924306	0	1.0081772947321537	nan	EVALUABLE	NON_EVALUABLE_ZERO_POST_HOLDOUT_MASS under the frozen normalized-weight representation	false	NON_EVALUABLE_ZERO_POST_HOLDOUT_MASS under the frozen normalized-weight representation	zero post-holdout mass on one or both condition distributions under frozen normalized weights
1f42ff69b385f67c9ad990d35eef98062a291da2a5938d3c09bbdc6fcf7537e5	3	0.10,0.50,0.90	E0197	GIMME	training_samples=setx2,setx3	C5	G3	0.90	ec713323665316d5b12598b96ce058a5cbd45046ed44f9acd156cf13bb158862	8ecf30a756db2f84cdf96655aeefb4791848aa4abcee2632121fb0bb43d6914f	13	9	0.061277558425924306	0	1.0081772947321537	nan	EVALUABLE	NON_EVALUABLE_ZERO_POST_HOLDOUT_MASS under the frozen normalized-weight representation	false	NON_EVALUABLE_ZERO_POST_HOLDOUT_MASS under the frozen normalized-weight representation	zero post-holdout mass on one or both condition distributions under frozen normalized weights
1fa1258a2a2adce9f732196dc1935a9c30e02645b53fd5196c5b6a9fa983a772	1	0.10	E0176	GIMME	training_samples=setx2,setx3	C1	G2	0.10	ec713323665316d5b12598b96ce058a5cbd45046ed44f9acd156cf13bb158862	0a15d7a32e358b6d318a4305ace35b78c1993f83a33663124679dcd0956673c5	13	3	0.22794341137265994	0.92890121738163578	1.1947376033778843	2.6586045431070406	EVALUABLE	EVALUABLE	true	VALID	
1facb3cf1c97e529c3a88ffc03fecc5624a5b2fabe510edc8181b31d234c9b7f	1	0.10	E0350	iMAT	training_samples=setx1,setx3	C1	G1	0.10	450f27facf5b727caade83033c48b7b5204e2c728b3acdf5c1e72afc35ea97fa	4b4cf4267fcb04925be0dfbb09053360ba7fe7c53232c32dfae0571e12ddfcbf	16	12	0.55696117619449703	0.50576549219192124	2.0312898089044293	1.6588070231194156	EVALUABLE	EVALUABLE	true	VALID	
1fb7fa86080edab76970d869a17f2ea64bcdcaa23bf81e8696c3ce449368dc16	3	0.10,0.50,0.90	E0295	RIPTiDe	training_samples=setx2,setx3	C5	G1	0.10	7ce358edc3a4bd7c08bb6daaad38e6b004b2499c6d5cdc3112e7a7dfa0faee9a	c14d5ed0f81e787adc1913c3553bf14df5bb157bc649ea2040ac26996164fde7	2	14	1.609823385706477e-14	0.0033918223198557973	1.0028739228934218	1.0065955413257699	EVALUABLE	EVALUABLE	true	VALID	
1fb7fa86080edab76970d869a17f2ea64bcdcaa23bf81e8696c3ce449368dc16	3	0.10,0.50,0.90	E0295	RIPTiDe	training_samples=setx2,setx3	C5	G1	0.50	7ce358edc3a4bd7c08bb6daaad38e6b004b2499c6d5cdc3112e7a7dfa0faee9a	c14d5ed0f81e787adc1913c3553bf14df5bb157bc649ea2040ac26996164fde7	2	14	1.609823385706477e-14	0.0033918223198557973	1.0028739228934218	1.0065955413257699	EVALUABLE	EVALUABLE	true	VALID	
1fb7fa86080edab76970d869a17f2ea64bcdcaa23bf81e8696c3ce449368dc16	3	0.10,0.50,0.90	E0295	RIPTiDe	training_samples=setx2,setx3	C5	G1	0.90	7ce358edc3a4bd7c08bb6daaad38e6b004b2499c6d5cdc3112e7a7dfa0faee9a	c14d5ed0f81e787adc1913c3553bf14df5bb157bc649ea2040ac26996164fde7	2	14	1.609823385706477e-14	0.0033918223198557973	1.0028739228934218	1.0065955413257699	EVALUABLE	EVALUABLE	true	VALID	
206de1c04c34badcf71a3e783d75fb0e3eba088052feef96eb9be18a80f8091d	1	0.90	E0106	GIMME	training_samples=setx1,setx2	C2	G2	0.90	23292304d2d32b2fdbaff4ee52762d292782269c9b4414137b63abfae0a20815	f88bd6cf2efb8f44e7d076dd701147d46987ae954fb4b6708b6977e588db41be	1	0	0.50789810306854799	0.0066403373735881566	1.0003582622506058	1.9507343122027494	EVALUABLE	EVALUABLE	true	VALID	
20994f81718b9a1d09c46aa1ee3a8f989e8a0fa6eb42a807aab844c8a516a9b2	1	0.90	E0118	GIMME	training_samples=setx1,setx2	C4	G4	0.90	2484a7b3d30774639d1e8e145aabe81216fe0db96a7c18e649a76b27ca3f4464	4fba6da4fbc50c929ab024c1efd668b46f3e343b86e1bc30479554e6bd9d17c5	18	7	0.74189452229973107	0.82407926903374817	2.1241423777998811	2.7486949967895531	EVALUABLE	EVALUABLE	true	VALID	
20ccc41f004a710c46a4dbf9138f4eb82175cd31ac4dbe82ffd0af70ddb6754a	1	0.90	E0087	CORDA	training_samples=setx2,setx3	C3	G3	0.90	aea3a41483799622bd3b3a2a0650bf7c51696eb5f00fff1b0bcf6f837c40d54a	5aa9dfc3f05d4356dd4aae2f9affd61bee89f17b06004e56c2253e057c5d0c49	0	19	0.78787034393484667	9.3696706559009968e-05	1.0000112105189656	1.0161934278185878	EVALUABLE	EVALUABLE	true	VALID	
213e6735bb06aa06ad6f0fa8f83baab8513f2d27f8d765b8de85fa338caf9aa6	1	0.50	E0132	GIMME	training_samples=setx1,setx2,setx3	C2	G3	0.50	4eeef1890619aa578845837f43661ee7c19b674ff17bfb6610802a3013e3f2fa	9d089ba3b0e645d3e16cc9b9a500224416307f7ee4379f38d87bf989d2174ec1	0	19	0.75018668230390695	0.0088464214551963183	6.2450935658878546	1.4538459210648693	EVALUABLE	EVALUABLE	true	VALID	
21b9be94c0f307e3b4bc29086842d84a9375fb24639f2d0d6c9d8508292a0942	1	0.10	E0347	iMAT	training_samples=setx1,setx2,setx3	C5	G3	0.10	6508b7696b03342dad3d181ee2a37181527c2774e8c448101cc01a92eaafb736	c39666cec50f85c68c411fb7f35fd14dc87818c4e5eb5dcffc093c106d19e93d	11	12	0.56253540792510903	0.9027534092714995	1.132027377557117	1.2321449649549179	EVALUABLE	EVALUABLE	true	VALID	
21bea6ddb731f9445bd9abee3efc3e0992c0862824b3807710c901facb6c8a50	2	0.10,0.50	E0358	iMAT	training_samples=setx1,setx3	C2	G4	0.10	f715c48d725df09590892b8a0f532f274829fa59347013d5f282226dd527b95b	ef2e92a37a43cdeb483ca701d692b31c75c771f57aa04380d12d46ee48c01c2d	2	1	1.2481609801273663e-07	0.46081063860694638	1.0000691074688512	1.0000000000000004	EVALUABLE	EVALUABLE	true	VALID	
21bea6ddb731f9445bd9abee3efc3e0992c0862824b3807710c901facb6c8a50	2	0.10,0.50	E0358	iMAT	training_samples=setx1,setx3	C2	G4	0.50	f715c48d725df09590892b8a0f532f274829fa59347013d5f282226dd527b95b	ef2e92a37a43cdeb483ca701d692b31c75c771f57aa04380d12d46ee48c01c2d	2	1	1.2481609801273663e-07	0.46081063860694638	1.0000691074688512	1.0000000000000004	EVALUABLE	EVALUABLE	true	VALID	
21c08ac932034c1b8265d1cf91c107e09908cf5205dfef537595ff59d285bd9e	2	0.50,0.90	E0232	RIPTiDe	training_samples=setx1,setx2,setx3	C2	G3	0.50	0ce9f3c2ac8cacca151a431395692262091d1c40960aa953be66fdd4db529db5	d2e77ddb8a929cfcb9b862f9915f2d5a3eb09741f2765ade2b0bcd69a98c741d	17	12	0.3346447039982936	0.15043988227475114	1.8639075724533631	1.3508344594581947	EVALUABLE	EVALUABLE	true	VALID	
21c08ac932034c1b8265d1cf91c107e09908cf5205dfef537595ff59d285bd9e	2	0.50,0.90	E0232	RIPTiDe	training_samples=setx1,setx2,setx3	C2	G3	0.90	0ce9f3c2ac8cacca151a431395692262091d1c40960aa953be66fdd4db529db5	d2e77ddb8a929cfcb9b862f9915f2d5a3eb09741f2765ade2b0bcd69a98c741d	17	12	0.3346447039982936	0.15043988227475114	1.8639075724533631	1.3508344594581947	EVALUABLE	EVALUABLE	true	VALID	
2207546bf340f07a0dfd017288ae7df39c53f0b9953e0e886f998b2cf67d9b8a	1	0.90	E0224	RIPTiDe	training_samples=setx1,setx2	C5	G5	0.90	4989824e2df2467b6e60573ab17ca31c35d0a30f6e54c8dfeb87847ca960b723	dcd23c7687b7a968c63bb9675ce7906f58320bde6bc3bfbab7121eccb9334be0	17	14	0.0061606563835081563	0.66765562543414714	1.0120116284821428	2.0178214426618002	EVALUABLE	EVALUABLE	true	VALID	
22124091b61ae3b8cd34766337511692af361dee97dff7eaad573676e22eed54	1	0.90	E0281	RIPTiDe	training_samples=setx2,setx3	C2	G2	0.90	b8fff488dd02060ace5ee1ad971713ffd8ade0edd5a4b26e9d5eac6c4edf1f23	c354317cd806dd34207a630229a6ec6bd2b4c05b4ec94d341d3e30951308f2a8	3	13	0.83250297757793668	0.88122804850436987	1.0025198179079111	7.7703639321897553	EVALUABLE	EVALUABLE	true	VALID	
2273126c82707ac3b29fb88acf95f51d6132463ef755eaf88d492bcbc1375e8e	1	0.50	E0350	iMAT	training_samples=setx1,setx3	C1	G1	0.50	34b996ca187b21a6172a8aab384066223b8fe5a1df3761648e1a25a5d93e0572	4b4cf4267fcb04925be0dfbb09053360ba7fe7c53232c32dfae0571e12ddfcbf	15	12	0.76364406360875536	0.50576549219192124	1.9893780099118554	1.6588070231194156	EVALUABLE	EVALUABLE	true	VALID	
22cfddd36d4b9945e51c0dbb657182a200f6f913034bc33f846334b5218cd48d	1	0.10	E0209	RIPTiDe	training_samples=setx1,setx2	C2	G5	0.10	64e14d92b1a5821eccddd0e1e6d5521f0fcaba2977c9eb34cfda886205c3493d	4f3ac3dd70092e73abd0358812ec03b156828b637df9f9d81f3fa59635a9cea7	8	2	0.80317842331243483	0.66765562543414714	4.3475354604705059	2.0178214426618002	EVALUABLE	EVALUABLE	true	VALID	
22f404c06f7780b48544d7d2f565d95dc7b48de0a507384c3e6db388ecdfc538	1	0.50	E0151	GIMME	training_samples=setx1,setx3	C1	G2	0.50	f6c6381dd019c536c97d40a0b4e86571772940c92642a97185ad8e44114166ba	0613270f4140a02dc933da8f58c1eea1dfd57164ef86989cfbd7dbf0d510376d	14	13	0.91170539885360324	0.00037537127029696471	10.278632768206755	1.4909527858096157	EVALUABLE	EVALUABLE	true	VALID	
230d0e297b0347d3f2ad7978d4d22c3dd7c2a5eed7ac510210657a79995fb857	1	0.10	E0262	RIPTiDe	training_samples=setx1,setx3	C3	G3	0.10	4d1501fe617ab14b6500082cc2042069c909392a1a4618550e7586b5f7a19ef7	ad3ae52546893ca463d0370db5c0243a4cd79da6df16d930a4acee2fee7bf062	17	3	0.77957584268376068	0.50001571387751476	3.9051929981283591	1.0001257149743761	EVALUABLE	EVALUABLE	true	VALID	
2313e76128d1e38cd00022c3e9595607bdc5ac82fe9461cda5a091c3041be01a	3	0.10,0.50,0.90	E0188	GIMME	training_samples=setx2,setx3	C3	G4	0.10	f644340953d72bb12da093189853db0ff0fc86bb66134a4f3d0a44308555f75e	8ecf30a756db2f84cdf96655aeefb4791848aa4abcee2632121fb0bb43d6914f	1	9	0.020924796634955611	1.0442737896632082e-08	1.171543382551951	1.0019172917447461	EVALUABLE	EVALUABLE	true	VALID	
2313e76128d1e38cd00022c3e9595607bdc5ac82fe9461cda5a091c3041be01a	3	0.10,0.50,0.90	E0188	GIMME	training_samples=setx2,setx3	C3	G4	0.50	f644340953d72bb12da093189853db0ff0fc86bb66134a4f3d0a44308555f75e	8ecf30a756db2f84cdf96655aeefb4791848aa4abcee2632121fb0bb43d6914f	1	9	0.020924796634955611	1.0442737896632082e-08	1.171543382551951	1.0019172917447461	EVALUABLE	EVALUABLE	true	VALID	
2313e76128d1e38cd00022c3e9595607bdc5ac82fe9461cda5a091c3041be01a	3	0.10,0.50,0.90	E0188	GIMME	training_samples=setx2,setx3	C3	G4	0.90	f644340953d72bb12da093189853db0ff0fc86bb66134a4f3d0a44308555f75e	8ecf30a756db2f84cdf96655aeefb4791848aa4abcee2632121fb0bb43d6914f	1	9	0.020924796634955611	1.0442737896632082e-08	1.171543382551951	1.0019172917447461	EVALUABLE	EVALUABLE	true	VALID	
23478b0ffcc10e6be5eb4274d19454ef7ac2547996ba63d4a524b8500479932e	2	0.10,0.50	E0272	RIPTiDe	training_samples=setx1,setx3	C5	G3	0.10	227fe4afb2202ead22ee9d269e9306fc1462f44fe8ea75b1015ef56783db29e3	ad3ae52546893ca463d0370db5c0243a4cd79da6df16d930a4acee2fee7bf062	3	3	2.539080057317733e-12	0.50001571387751476	1.0086547612246182	1.0001257149743761	EVALUABLE	EVALUABLE	true	VALID	
23478b0ffcc10e6be5eb4274d19454ef7ac2547996ba63d4a524b8500479932e	2	0.10,0.50	E0272	RIPTiDe	training_samples=setx1,setx3	C5	G3	0.50	227fe4afb2202ead22ee9d269e9306fc1462f44fe8ea75b1015ef56783db29e3	ad3ae52546893ca463d0370db5c0243a4cd79da6df16d930a4acee2fee7bf062	3	3	2.539080057317733e-12	0.50001571387751476	1.0086547612246182	1.0001257149743761	EVALUABLE	EVALUABLE	true	VALID	
234a96bcdc6a2fd264c4a01591bd3fc5a07f4aac76bcdc02e9d3948c03f3c8b3	1	0.90	E0018	CORDA	training_samples=setx1,setx2	C4	G4	0.90	9b3eb60c2fcc4a9ae62238b0c2f7954eee420bb3818ca6ad9cbf97843e48628a	4e3f6d6ceeb0b403b1b2482130d0f49869cd9e2da46c27f2006cd8893987eb72	0	0	0.56681023419667553	7.4251715886930469e-13	1.2332937864874507	1.0000565526010636	EVALUABLE	EVALUABLE	true	VALID	
236d4001cc0b9bdd1da0f086da5e03509dcc5fe8ec2b3e6ed209610177cca9f5	1	0.10	E0279	RIPTiDe	training_samples=setx2,setx3	C1	G5	0.10	7ce358edc3a4bd7c08bb6daaad38e6b004b2499c6d5cdc3112e7a7dfa0faee9a	473d4f1bd46e522454faaf88efcb4858d6c533e112800f714ecae23ee6efc94e	2	3	8.2088737566321512e-06	0.74241171201616196	1.0000000035867078	2.0421436316409589	EVALUABLE	EVALUABLE	true	VALID	
2486ee7df69b4ec6835eff0a37a71ccf9377821ca67943c8e08fdadb79232117	1	0.10	E0399	iMAT	training_samples=setx2,setx3	C5	G5	0.10	a1f48ef19613f6a65b331bca98ea3fad70a41cafb8ba8276bafb56980a7ae0e3	2f971692e2765073ae8a6d2f6fd8f4e97e81f95489df3f2946d4c497d94165b9	2	0	0.74479653446455985	4.3214321010509593e-12	2.1537892065097521	0.99993274541767907	EVALUABLE	EVALUABLE	true	VALID	
24dc3e6b3ffd2f481d9db0b8eb7b516fff26adab8cdfe67a9d04dc5c27f2a250	1	0.90	E0223	RIPTiDe	training_samples=setx1,setx2	C5	G4	0.90	4989824e2df2467b6e60573ab17ca31c35d0a30f6e54c8dfeb87847ca960b723	dcd23c7687b7a968c63bb9675ce7906f58320bde6bc3bfbab7121eccb9334be0	17	14	0.0061606563835081563	0.66666667819853065	1.0120116284821428	2.000000207573553	EVALUABLE	EVALUABLE	true	VALID	
24ef02ace3074e81121bf2bbe3f8555582f3a500cfb9a0ffec024bd67eefefb1	1	0.50	E0315	iMAT	training_samples=setx1,setx2	C4	G1	0.50	8f95d37fc5b6314ac49444f700aeebaca5fabad2ed9d263b0a3bc8b912daa437	0dcb4d9e9f31a415220f9c6fa35ee5c991ee4417708a58a8ae24391de0e15028	6	18	0.65314433442224251	0.7150876179340202	2.6790275495428473	1.9933221327621635	EVALUABLE	EVALUABLE	true	VALID	
24f9b3de93f80d0bce59aa55b2ce4b5a9afacf41effa93c79a2c99e58d7f6a70	1	0.10	E0307	iMAT	training_samples=setx1,setx2	C2	G3	0.10	646a5c644a59a85946ca3a5bdaa04f073d39a57cae74abbda4fc566e8f03094d	bb1036ad8c6848f4f75fe3386020148be563bbaf2bb7551f2b1d8982a523c72f	1	5	0.42978133871479074	0.78554785390116533	0.99999999999999956	4.240790122562875	EVALUABLE	EVALUABLE	true	VALID	
2564c48730f0e6aa521f32cab9e489ce7b9d87da9e9cb82a2df16aeb5f719e8d	3	0.10,0.50,0.90	E0293	RIPTiDe	training_samples=setx2,setx3	C4	G4	0.10	7ce358edc3a4bd7c08bb6daaad38e6b004b2499c6d5cdc3112e7a7dfa0faee9a	c14d5ed0f81e787adc1913c3553bf14df5bb157bc649ea2040ac26996164fde7	2	14	5.6906455547789392e-08	0.041821039936149162	0.99999999897131486	1.0844782954773249	EVALUABLE	EVALUABLE	true	VALID	
2564c48730f0e6aa521f32cab9e489ce7b9d87da9e9cb82a2df16aeb5f719e8d	3	0.10,0.50,0.90	E0293	RIPTiDe	training_samples=setx2,setx3	C4	G4	0.50	7ce358edc3a4bd7c08bb6daaad38e6b004b2499c6d5cdc3112e7a7dfa0faee9a	c14d5ed0f81e787adc1913c3553bf14df5bb157bc649ea2040ac26996164fde7	2	14	5.6906455547789392e-08	0.041821039936149162	0.99999999897131486	1.0844782954773249	EVALUABLE	EVALUABLE	true	VALID	
2564c48730f0e6aa521f32cab9e489ce7b9d87da9e9cb82a2df16aeb5f719e8d	3	0.10,0.50,0.90	E0293	RIPTiDe	training_samples=setx2,setx3	C4	G4	0.90	7ce358edc3a4bd7c08bb6daaad38e6b004b2499c6d5cdc3112e7a7dfa0faee9a	c14d5ed0f81e787adc1913c3553bf14df5bb157bc649ea2040ac26996164fde7	2	14	5.6906455547789392e-08	0.041821039936149162	0.99999999897131486	1.0844782954773249	EVALUABLE	EVALUABLE	true	VALID	
25846cc49fc543da61079a8f9cd8eb781bd40bed8a70a158dfa757c680fcbe13	3	0.10,0.50,0.90	E0382	iMAT	training_samples=setx2,setx3	C2	G3	0.10	e0894b04544dae489a65af0d3d2e6b796b8d625f6b5e2a273115d0c767e3e693	7fdc2fa21fea6c28bbc011461e0e1d02cc38dbc1714a1b49baf6218c00d86339	6	17	0.099830003389147048	6.3497605324869255e-06	1.0000000003998513	1.0206033124377409	EVALUABLE	EVALUABLE	true	VALID	
25846cc49fc543da61079a8f9cd8eb781bd40bed8a70a158dfa757c680fcbe13	3	0.10,0.50,0.90	E0382	iMAT	training_samples=setx2,setx3	C2	G3	0.50	e0894b04544dae489a65af0d3d2e6b796b8d625f6b5e2a273115d0c767e3e693	7fdc2fa21fea6c28bbc011461e0e1d02cc38dbc1714a1b49baf6218c00d86339	6	17	0.099830003389147048	6.3497605324869255e-06	1.0000000003998513	1.0206033124377409	EVALUABLE	EVALUABLE	true	VALID	
25846cc49fc543da61079a8f9cd8eb781bd40bed8a70a158dfa757c680fcbe13	3	0.10,0.50,0.90	E0382	iMAT	training_samples=setx2,setx3	C2	G3	0.90	e0894b04544dae489a65af0d3d2e6b796b8d625f6b5e2a273115d0c767e3e693	7fdc2fa21fea6c28bbc011461e0e1d02cc38dbc1714a1b49baf6218c00d86339	6	17	0.099830003389147048	6.3497605324869255e-06	1.0000000003998513	1.0206033124377409	EVALUABLE	EVALUABLE	true	VALID	
25e69a316695e4e2baffb4c53dc4e24cb8c78fe2ea80c6f383815a5b519a9a0c	1	0.50	E0378	iMAT	training_samples=setx2,setx3	C1	G4	0.50	93bcac7a72697a36bd2ebdfcfec80d11ce9ecaab48365dbcfddc2af85158d388	4aef105489baf9bef63ed97725d1de0a50cea4bd591f4c627ed30ca8b0d0f088	19	3	0.029678835029393169	0.70252741989967427	1.0642276241648672	2.6694229783419354	EVALUABLE	EVALUABLE	true	VALID	
26fd08b8c3b104d705dc2810475320cbca2ccb7a37986d369d0c35334e806acd	1	0.90	E0014	CORDA	training_samples=setx1,setx2	C3	G5	0.90	9b3eb60c2fcc4a9ae62238b0c2f7954eee420bb3818ca6ad9cbf97843e48628a	4e3f6d6ceeb0b403b1b2482130d0f49869cd9e2da46c27f2006cd8893987eb72	0	0	0.78523544334179673	0	1.0000502661007991	nan	EVALUABLE	NON_EVALUABLE_ZERO_POST_HOLDOUT_MASS under the frozen normalized-weight representation	false	NON_EVALUABLE_ZERO_POST_HOLDOUT_MASS under the frozen normalized-weight representation	zero post-holdout mass on one or both condition distributions under frozen normalized weights
27441267da88298ca23fbf5031aff87af1f3cb3d1e0697b3247cb8d82e4c4313	2	0.50,0.90	E0168	GIMME	training_samples=setx1,setx3	C4	G4	0.50	7d84eb225b8def23833824a5db45b74528179b1bd889afa1812a7b3af34d5dd1	e1e50204cde2f03790a3f2e74f66636d0dd7fd397ae5d4775dd61d74ccce0b76	0	19	3.1444521491286181e-05	0.30666653421198597	1.0000028289117537	1.2045897146422317	EVALUABLE	EVALUABLE	true	VALID	
27441267da88298ca23fbf5031aff87af1f3cb3d1e0697b3247cb8d82e4c4313	2	0.50,0.90	E0168	GIMME	training_samples=setx1,setx3	C4	G4	0.90	7d84eb225b8def23833824a5db45b74528179b1bd889afa1812a7b3af34d5dd1	e1e50204cde2f03790a3f2e74f66636d0dd7fd397ae5d4775dd61d74ccce0b76	0	19	3.1444521491286181e-05	0.30666653421198597	1.0000028289117537	1.2045897146422317	EVALUABLE	EVALUABLE	true	VALID	
2749b8532eb866d98a005bcdc90a72b26f12f9baa6888cf45e0158b9149bbd83	1	0.90	E0328	iMAT	training_samples=setx1,setx2,setx3	C1	G4	0.90	e2b2ddf86ed085b30c97911b98143c20b673b5444e88af92be27d19bc9e34b8b	1cd860a2429f051cd189f97b8ee6cd1f9b1fb1288a2d4b3c67e118e3ffcc8e3f	14	1	0.00060723882936886131	0.59314719279813433	1.8488258933314179	0.99999999999999956	EVALUABLE	EVALUABLE	true	VALID	
27603ba5d08f7408c78b1d2669e5543546352d64d5270a2b258ebd67e3f38e9c	2	0.50,0.90	E0297	RIPTiDe	training_samples=setx2,setx3	C5	G3	0.50	7ce358edc3a4bd7c08bb6daaad38e6b004b2499c6d5cdc3112e7a7dfa0faee9a	c14d5ed0f81e787adc1913c3553bf14df5bb157bc649ea2040ac26996164fde7	2	14	1.609823385706477e-14	0.12860087897247086	1.0028739228934218	1.2924726609838963	EVALUABLE	EVALUABLE	true	VALID	
27603ba5d08f7408c78b1d2669e5543546352d64d5270a2b258ebd67e3f38e9c	2	0.50,0.90	E0297	RIPTiDe	training_samples=setx2,setx3	C5	G3	0.90	7ce358edc3a4bd7c08bb6daaad38e6b004b2499c6d5cdc3112e7a7dfa0faee9a	c14d5ed0f81e787adc1913c3553bf14df5bb157bc649ea2040ac26996164fde7	2	14	1.609823385706477e-14	0.12860087897247086	1.0028739228934218	1.2924726609838963	EVALUABLE	EVALUABLE	true	VALID	
27617ef06a95e5cd10ee0104e9272df0a66d03ba1904629cf38a2e684c8f3869	1	0.90	E0287	RIPTiDe	training_samples=setx2,setx3	C3	G3	0.90	1f934b3dc4f2e9a459543f2b3f436ecc7f80c3d79a147a95a65090f563b3f59c	c14d5ed0f81e787adc1913c3553bf14df5bb157bc649ea2040ac26996164fde7	17	14	0.94680661206646111	0.12860087897247086	10.201266743894504	1.2924726609838963	EVALUABLE	EVALUABLE	true	VALID	
277f9c7f19c4d2235f08f2639195e8980c70e53e9fd50ef0f620d1a824bd08bf	1	0.90	E0306	iMAT	training_samples=setx1,setx2	C2	G2	0.90	92885b269975050d47b4a5f3645ef173ad8091cce18e3f543380b638cb89c263	4a2fb998e907a76d9911c65dc23b53d134425ac6130d04103f1e03f7be8c05b6	0	0	0.57021866128520915	1.6805334901448532e-11	0.99999999999999956	1.0000101044181642	EVALUABLE	EVALUABLE	true	VALID	
2781cf08327aef3e828c35bc5f685b9f0f7b9ee196c394076ad2d6e6f2acc345	1	0.10	E0184	GIMME	training_samples=setx2,setx3	C2	G5	0.10	f644340953d72bb12da093189853db0ff0fc86bb66134a4f3d0a44308555f75e	475729c033b518a09675629939712759dc9a8ad22e9075cf75933b7b2ce22400	1	10	0.045548546711112081	0.89765771640880787	1.2064484074095803	5.1521551567521406	EVALUABLE	EVALUABLE	true	VALID	
2790d40b08edc2fd620976827e81e985606cb96fdb4fe065bd63f73dd6f93dbd	1	0.50	E0276	RIPTiDe	training_samples=setx2,setx3	C1	G2	0.50	7ce358edc3a4bd7c08bb6daaad38e6b004b2499c6d5cdc3112e7a7dfa0faee9a	92005096ea629b019ec57ef0964c5143fb562d0bde9fd48f441494468c8f81e1	2	17	8.2088737566321512e-06	0.96801318064576458	1.0000000035867078	8.2908095304682856	EVALUABLE	EVALUABLE	true	VALID	
27a52cd538cf13a66d0d5540f6298550522fe9191480d067e55d0248036b3ab2	1	0.90	E0134	GIMME	training_samples=setx1,setx2,setx3	C2	G5	0.90	5e8a0c4892e9698556e454389aaa6a2b6ca7ec28c8f86829df78dbc7a396e38e	3112b8d4aded8669cde397953cf284b43fec3262a7981bef090ac70d789c2f05	2	0	0.88610058363863164	0.69509148612065297	5.6265060409851131	5.177040148089497	EVALUABLE	EVALUABLE	true	VALID	
27acf233b837fdfcf122a7447219b3f81af9b5612dc222b11ed600cab398491e	1	0.90	E0022	CORDA	training_samples=setx1,setx2	C5	G3	0.90	c55c11a6e3dc772e3c2e3b973cfb71fd8e41ddd3aef93d8b8367e17dfca95033	bb971fe9fb3473bb385b4892616fc071460ab4db03f08657d16552b3fe5c22c3	18	12	0.056378013431494511	0.90947694058747985	1.6254008945261684	7.1892108132457615	EVALUABLE	EVALUABLE	true	VALID	
27bf991ed7e793825902a19a2c82b5d13b51653eb6bc7f2d3fb3a119ea5fd092	1	0.50	E0262	RIPTiDe	training_samples=setx1,setx3	C3	G3	0.50	0551a70442c925ed3fd3d5f6f03c23b55a16bc314382c97afcbdcf827ae4123a	ad3ae52546893ca463d0370db5c0243a4cd79da6df16d930a4acee2fee7bf062	18	3	0.78471074937537688	0.50001571387751476	3.900728240933454	1.0001257149743761	EVALUABLE	EVALUABLE	true	VALID	
281db34bf4aecf7119a87391276dc5a2e1ea2e9c103355711d261a6a13c6296f	2	0.10,0.50	E0371	iMAT	training_samples=setx1,setx3	C5	G2	0.10	662e28e0b1c3c4f253ea0b812ef01c3553f0b90aaf9ca7d4828cb94489f04714	8919d77fd866b5a1dc2c64f31ddf3d2b0c854b469fdba34f75f79fe51e478517	4	0	0.49152509797676203	0.078328279385374566	1.4082216470225564	0.99999999999999911	EVALUABLE	EVALUABLE	true	VALID	
281db34bf4aecf7119a87391276dc5a2e1ea2e9c103355711d261a6a13c6296f	2	0.10,0.50	E0371	iMAT	training_samples=setx1,setx3	C5	G2	0.50	662e28e0b1c3c4f253ea0b812ef01c3553f0b90aaf9ca7d4828cb94489f04714	8919d77fd866b5a1dc2c64f31ddf3d2b0c854b469fdba34f75f79fe51e478517	4	0	0.49152509797676203	0.078328279385374566	1.4082216470225564	0.99999999999999911	EVALUABLE	EVALUABLE	true	VALID	
286fd1adf0dcf74c9831319521c3dc99139527fe2359a413dd75d0889780db24	1	0.10	E0070	CORDA	training_samples=setx1,setx3	C5	G1	0.10	28974673bdb36bda1f7bf18ad986236c9a8aec47248f35092cc7d299e61343fd	64ab1614c0c568b77bd29ca3d3623f3ba1823bd3bf91fd0f4dc032039ade4cc3	7	15	0.64268882957919993	0.023826284701584988	3.8319990649644637	2.2103814319660819	EVALUABLE	EVALUABLE	true	VALID	
289035903f44e714e12ae38d205a47ab8863486d856ff5d0513cd80b663570d4	1	0.90	E0249	RIPTiDe	training_samples=setx1,setx2,setx3	C5	G5	0.90	0ce9f3c2ac8cacca151a431395692262091d1c40960aa953be66fdd4db529db5	4a61ea31056d52077ad2027e285dac5d697cdf600c4f12ff909f1ee64534d595	17	7	0	0.89706794625571706	nan	8.9928000395883512	NON_EVALUABLE_ZERO_POST_HOLDOUT_MASS under the frozen normalized-weight representation	EVALUABLE	false	NON_EVALUABLE_ZERO_POST_HOLDOUT_MASS under the frozen normalized-weight representation	zero post-holdout mass on one or both condition distributions under frozen normalized weights
2912c22b11437de4b5ff0617aaf48421b25ce4463790d3f8991ed563435aed4e	1	0.50	E0206	RIPTiDe	training_samples=setx1,setx2	C2	G2	0.50	11f63e714d51958df651c04076bd5d7f5a2734e4e267f5aec63142685b555224	ea240cb47d0b313f1c494d71ead03c4db28ceb3f21745e3fd6d4055eb5868913	7	19	0.78372615711363514	0.85978921462993108	4.3765091467803003	7.9805899537680958	EVALUABLE	EVALUABLE	true	VALID	
2932445f5ac205ef891a4bfe0d15661675769aad8ab7c2119e1bc89cc3a7008f	1	0.10	E0051	CORDA	training_samples=setx1,setx3	C1	G2	0.10	188a2a07d3b1a67be4abb28cc85a852f1e92bdcda3a689e25dc9d58f9c4ffb18	d928590f61fb177ab6a5b0e11cbeca11a10927ce32463c8505150ddf6a21fd31	12	8	0.92926946461505378	0.01282364964166105	5.1420785924352614	1.0000633627122968	EVALUABLE	EVALUABLE	true	VALID	
29ceab178e01c57867fe18870fd90f106aec238cbf5dd9a3a5cee3f15e94e5eb	1	0.10	E0246	RIPTiDe	training_samples=setx1,setx2,setx3	C5	G2	0.10	0ce9f3c2ac8cacca151a431395692262091d1c40960aa953be66fdd4db529db5	005bcffdca6d9ad2654d0fdf416bb93ff2fd7caea8656ea89564927e99c3d4da	17	3	0	0.68967358079474295	nan	3.5993535642060053	NON_EVALUABLE_ZERO_POST_HOLDOUT_MASS under the frozen normalized-weight representation	EVALUABLE	false	NON_EVALUABLE_ZERO_POST_HOLDOUT_MASS under the frozen normalized-weight representation	zero post-holdout mass on one or both condition distributions under frozen normalized weights
2a5656e8ba449fcb05adad8b1d9aa82f25160057dfa58fa3dc59298d07b85a1d	1	0.90	E0026	CORDA	training_samples=setx1,setx2,setx3	C1	G2	0.90	4d85e0e53f094e3e360e5f150709789f644fae3f51b6152c96087ddc8ae08529	a5e71df85ff7da9f890eb3cd5dcb2b7117ced118c99b3684ee841000c8e0b65d	16	13	0.90707163616675768	0.27013871007390233	1.8336529231800984	1.5770567569880014	EVALUABLE	EVALUABLE	true	VALID	
2aa5d07661aff22fcb44bd6393fa73bc107e5ea9f1bb5f5312413fd85547612d	1	0.90	E0266	RIPTiDe	training_samples=setx1,setx3	C4	G2	0.90	227fe4afb2202ead22ee9d269e9306fc1462f44fe8ea75b1015ef56783db29e3	904a081f7eef1e7cc57d16491196f0d4a843d7e3f52c6a1ec968499a88939007	3	18	7.6612478538962137e-07	0.92760500315089045	1.1135922927589117	9.9734639582738964	EVALUABLE	EVALUABLE	true	VALID	
2ae1e6fe7c61274f3ff256be8da93fe1b24e5f84bbbb156b99cf5f24c89d7364	1	0.10	E0201	RIPTiDe	training_samples=setx1,setx2	C1	G2	0.10	11f63e714d51958df651c04076bd5d7f5a2734e4e267f5aec63142685b555224	0af4d52ceb5c7b84765092ebe689361bf969900f21c30351e6dea4de03bed02b	7	12	0.87278836314849118	0.84955711912667298	1.0511165364348343	8.0502349044828208	EVALUABLE	EVALUABLE	true	VALID	
2b31e55b7b9fce641bfeada26bfd4ae2bf70da359159a660736d8c2c7af09fe4	1	0.10	E0316	iMAT	training_samples=setx1,setx2	C4	G2	0.10	dfc5b1001e2a099d96f69d80c4ea0383590fc7c35f3dcf10e3a8c31cb8e44e5d	4a2fb998e907a76d9911c65dc23b53d134425ac6130d04103f1e03f7be8c05b6	3	0	0.88806309226433133	1.6805334901448532e-11	2.9536027233789723	1.0000101044181642	EVALUABLE	EVALUABLE	true	VALID	
2b3b50f4ce6dc65395df9048b28ee50f33fefa1c3618d54c171fac4410c7aa3a	2	0.10,0.50	E0075	CORDA	training_samples=setx2,setx3	C1	G1	0.10	0e4370312b1abd45e6e65d5775cdbae8cb50208b4f035ea04dbf74dee753fe88	5aa9dfc3f05d4356dd4aae2f9affd61bee89f17b06004e56c2253e057c5d0c49	18	19	0.29507453281500551	0.0009410314636870698	1.0018565846234648	1.0135451515840099	EVALUABLE	EVALUABLE	true	VALID	
2b3b50f4ce6dc65395df9048b28ee50f33fefa1c3618d54c171fac4410c7aa3a	2	0.10,0.50	E0075	CORDA	training_samples=setx2,setx3	C1	G1	0.50	0e4370312b1abd45e6e65d5775cdbae8cb50208b4f035ea04dbf74dee753fe88	5aa9dfc3f05d4356dd4aae2f9affd61bee89f17b06004e56c2253e057c5d0c49	18	19	0.29507453281500551	0.0009410314636870698	1.0018565846234648	1.0135451515840099	EVALUABLE	EVALUABLE	true	VALID	
2b4a29bfd96a209471eeda65169c64a8e71c7e07dba7ff4bdbe51d0251625a62	1	0.10	E0151	GIMME	training_samples=setx1,setx3	C1	G2	0.10	cc54b24afa3a8b0db325b37ba076ef5e11869c45d58d69da37b8bcf5223865f5	0613270f4140a02dc933da8f58c1eea1dfd57164ef86989cfbd7dbf0d510376d	17	13	0.89829762731866869	0.00037537127029696471	10.30309717239945	1.4909527858096157	EVALUABLE	EVALUABLE	true	VALID	
2c0add2817ac059b96fea5dfc2fd7cbfe0ad88a578cf41ff0c76e61575b8bfcd	1	0.50	E0287	RIPTiDe	training_samples=setx2,setx3	C3	G3	0.50	af28908304c57ace3b9aa0eaa9c9dcd3e2342c81cda26873352a9f5c202c71e4	c14d5ed0f81e787adc1913c3553bf14df5bb157bc649ea2040ac26996164fde7	13	14	0.89987413651968662	0.12860087897247086	10.036857512813949	1.2924726609838963	EVALUABLE	EVALUABLE	true	VALID	
2c5de3d57a660cd9335f19d4ec51c612b8dc4264ccc4e1585f446fdfc487e53f	2	0.10,0.50	E0076	CORDA	training_samples=setx2,setx3	C1	G2	0.10	0e4370312b1abd45e6e65d5775cdbae8cb50208b4f035ea04dbf74dee753fe88	1da91e6cbc1ec44f0d5dcba4f1de73f1c00882c5b1d520c8967a9b59c82629c7	18	15	0.29507453281500551	5.9220414986294045e-06	1.0018565846234648	1.1646680046001436	EVALUABLE	EVALUABLE	true	VALID	
2c5de3d57a660cd9335f19d4ec51c612b8dc4264ccc4e1585f446fdfc487e53f	2	0.10,0.50	E0076	CORDA	training_samples=setx2,setx3	C1	G2	0.50	0e4370312b1abd45e6e65d5775cdbae8cb50208b4f035ea04dbf74dee753fe88	1da91e6cbc1ec44f0d5dcba4f1de73f1c00882c5b1d520c8967a9b59c82629c7	18	15	0.29507453281500551	5.9220414986294045e-06	1.0018565846234648	1.1646680046001436	EVALUABLE	EVALUABLE	true	VALID	
2c77b55e5a0e13d628e7cdb70c57e2fac7df4442ca8c225c8272d3f0a40352ed	1	0.50	E0258	RIPTiDe	training_samples=setx1,setx3	C2	G4	0.50	227fe4afb2202ead22ee9d269e9306fc1462f44fe8ea75b1015ef56783db29e3	ad3ae52546893ca463d0370db5c0243a4cd79da6df16d930a4acee2fee7bf062	3	3	0.34889986098278924	0.50000002594415682	3.8506118423343687	1.000000207553265	EVALUABLE	EVALUABLE	true	VALID	
2c946b3301e5c59662765a2ffbdbc8ecfd81e3fbdd68e1ed07c2826dc366ca79	1	0.50	E0325	iMAT	training_samples=setx1,setx2,setx3	C1	G1	0.50	e2b2ddf86ed085b30c97911b98143c20b673b5444e88af92be27d19bc9e34b8b	a29e516f4cdb615164980efb4a5ea439ebd420270dfdbd772cbaba783c759b3a	14	4	0.00060723882936886131	0.92808295093907289	1.8488258933314179	3.6870847177348467	EVALUABLE	EVALUABLE	true	VALID	
2cab2fe42e92c1878a3f58625c914e9dd2c490b6a7cd218e766a3daefec045df	1	0.50	E0251	RIPTiDe	training_samples=setx1,setx3	C1	G2	0.50	227fe4afb2202ead22ee9d269e9306fc1462f44fe8ea75b1015ef56783db29e3	0a9dfbbbf9f389fdfd621ebb50a400f6f5a3ddb9cb5fb51e4859c587846d9633	3	14	6.3129538027562049e-05	0.89293334948723713	1.317146526385899	9.9601742171462728	EVALUABLE	EVALUABLE	true	VALID	
2d0111a801ff3280cf8b9816289b89cf7aaeab2774c7a7c1856800f9e16eedb6	1	0.50	E0342	iMAT	training_samples=setx1,setx2,setx3	C4	G3	0.50	0508eab71a0004ea418e21afa788f5650366bde4b6f23c738ca6f77ea3989883	1ff3f6f24399029ac6d6407339a7671dc0454a3da0344b173a866dad9366939a	4	17	0.86344282254463156	0.18935926463506469	2.1434211475087155	2.6102075929945316	EVALUABLE	EVALUABLE	true	VALID	
2d431143771322712eb0933a824439676f59f2c553f0af9e9aac2c0f64590864	1	0.90	E0363	iMAT	training_samples=setx1,setx3	C3	G4	0.90	f715c48d725df09590892b8a0f532f274829fa59347013d5f282226dd527b95b	8919d77fd866b5a1dc2c64f31ddf3d2b0c854b469fdba34f75f79fe51e478517	2	0	1.8678217881373804e-05	0.53918936139305373	1.0035262886233158	1.0000000000000004	EVALUABLE	EVALUABLE	true	VALID	
2dc1626f8fa692dd5e4195c322876ec20f7b99ffd2df9e650fdb52510648cadb	1	0.10	E0136	GIMME	training_samples=setx1,setx2,setx3	C3	G2	0.10	266655b6dab32829146ddcc71d87648a3213fd2d014bd900061222549c133c15	3b08c569f98a53d7baab098a0459772d2f0dd213c465aab2c08d083356f91457	1	1	0.80902743985602044	0.82891658606438545	1.2924716066872457	1.5310708153005279	EVALUABLE	EVALUABLE	true	VALID	
2e2a269d8766006f10ed3d5ec1ed157afe8e2855bf99f1e43900ca576f862544	1	0.50	E0216	RIPTiDe	training_samples=setx1,setx2	C4	G2	0.50	4989824e2df2467b6e60573ab17ca31c35d0a30f6e54c8dfeb87847ca960b723	ea240cb47d0b313f1c494d71ead03c4db28ceb3f21745e3fd6d4055eb5868913	17	19	0.075853675461016845	0.85978921462993108	1.1579328287091351	7.9805899537680958	EVALUABLE	EVALUABLE	true	VALID	
2e636614fc7100503ae3ef06d6c726a39421b23b2a8488ed62591865a599def9	1	0.90	E0319	iMAT	training_samples=setx1,setx2	C4	G5	0.90	0ade1e6723eba029060099685dac55cbaa4e00ff2f16480fea28e11337f40848	4a2fb998e907a76d9911c65dc23b53d134425ac6130d04103f1e03f7be8c05b6	5	0	0.74665568845653696	0	2.5886464860987317	nan	EVALUABLE	NON_EVALUABLE_ZERO_POST_HOLDOUT_MASS under the frozen normalized-weight representation	false	NON_EVALUABLE_ZERO_POST_HOLDOUT_MASS under the frozen normalized-weight representation	zero post-holdout mass on one or both condition distributions under frozen normalized weights
2e986d1b85575646e8dedb5d8304ea7cb74342d8dea8fbcac8ee948138c23e86	2	0.10,0.50	E0274	RIPTiDe	training_samples=setx1,setx3	C5	G5	0.10	227fe4afb2202ead22ee9d269e9306fc1462f44fe8ea75b1015ef56783db29e3	ad3ae52546893ca463d0370db5c0243a4cd79da6df16d930a4acee2fee7bf062	3	3	2.539080057317733e-12	0.50214230774207302	1.0086547612246182	1.0172132358409181	EVALUABLE	EVALUABLE	true	VALID	
2e986d1b85575646e8dedb5d8304ea7cb74342d8dea8fbcac8ee948138c23e86	2	0.10,0.50	E0274	RIPTiDe	training_samples=setx1,setx3	C5	G5	0.50	227fe4afb2202ead22ee9d269e9306fc1462f44fe8ea75b1015ef56783db29e3	ad3ae52546893ca463d0370db5c0243a4cd79da6df16d930a4acee2fee7bf062	3	3	2.539080057317733e-12	0.50214230774207302	1.0086547612246182	1.0172132358409181	EVALUABLE	EVALUABLE	true	VALID	
2e9b4fca38243f0a290e71c70bdc8a7326a1be2e98d3ab6744adfbe9b95f9e3c	1	0.10	E0204	RIPTiDe	training_samples=setx1,setx2	C1	G5	0.10	11f63e714d51958df651c04076bd5d7f5a2734e4e267f5aec63142685b555224	4f3ac3dd70092e73abd0358812ec03b156828b637df9f9d81f3fa59635a9cea7	7	2	0.87278836314849118	0.66765562543414714	1.0511165364348343	2.0178214426618002	EVALUABLE	EVALUABLE	true	VALID	
2ef844f699fb223a494b98bdeb176260f3fd6a21f7cabfb119c685f74078930a	1	0.50	E0266	RIPTiDe	training_samples=setx1,setx3	C4	G2	0.50	227fe4afb2202ead22ee9d269e9306fc1462f44fe8ea75b1015ef56783db29e3	0a9dfbbbf9f389fdfd621ebb50a400f6f5a3ddb9cb5fb51e4859c587846d9633	3	14	7.6612478538962137e-07	0.89293334948723713	1.1135922927589117	9.9601742171462728	EVALUABLE	EVALUABLE	true	VALID	
2f283268f30e002cfb631b30801f7b6d032fa9ecd9fb1b0d350ed4f3b8a13235	1	0.90	E0203	RIPTiDe	training_samples=setx1,setx2	C1	G4	0.90	4989824e2df2467b6e60573ab17ca31c35d0a30f6e54c8dfeb87847ca960b723	dcd23c7687b7a968c63bb9675ce7906f58320bde6bc3bfbab7121eccb9334be0	17	14	0.14891186736446671	0.66666667819853065	1.3401538914421374	2.000000207573553	EVALUABLE	EVALUABLE	true	VALID	
2fb7eedae6a412700d61b2b77912c967a12af6e3a26a9e3c847d29d035d89ec3	2	0.10,0.50	E0029	CORDA	training_samples=setx1,setx2,setx3	C1	G5	0.10	bb0ad4b3dca9738ed169d4aae2f4f8fd0949efa9bd105de1d71889a580ae2be8	a5e71df85ff7da9f890eb3cd5dcb2b7117ced118c99b3684ee841000c8e0b65d	19	13	0.37337614268516595	0.077931777908435307	2.1550924216373351	1.1521560763699514	EVALUABLE	EVALUABLE	true	VALID	
2fb7eedae6a412700d61b2b77912c967a12af6e3a26a9e3c847d29d035d89ec3	2	0.10,0.50	E0029	CORDA	training_samples=setx1,setx2,setx3	C1	G5	0.50	bb0ad4b3dca9738ed169d4aae2f4f8fd0949efa9bd105de1d71889a580ae2be8	a5e71df85ff7da9f890eb3cd5dcb2b7117ced118c99b3684ee841000c8e0b65d	19	13	0.37337614268516595	0.077931777908435307	2.1550924216373351	1.1521560763699514	EVALUABLE	EVALUABLE	true	VALID	
303083e153515ebf8fa518da9b70ebeef0207a5526c385b80d752f033a6f7979	1	0.10	E0259	RIPTiDe	training_samples=setx1,setx3	C2	G5	0.10	308e6dd45a60ade8ee3647a3d186551365d6bdb0fe10c43efc88e4d195371e2e	ad3ae52546893ca463d0370db5c0243a4cd79da6df16d930a4acee2fee7bf062	4	3	0.86464957893918115	0.50214230774207302	1.709917595977211	1.0172132358409181	EVALUABLE	EVALUABLE	true	VALID	
3039cca051ddfe4cba97ac72c2bfa8f1c839c38d24efe5f736daa9334d2a221d	1	0.90	E0341	iMAT	training_samples=setx1,setx2,setx3	C4	G2	0.90	02a5544e4fc3b887f9768cac0b1d5ae40c8982fd620a763876acef8755995c11	ff08294218c297aa70d51d53f700660a24a0daa0e1e0239b74f592559b440776	2	0	0.57685421516599134	4.060564726793281e-05	1.7754855518088264	0.99999999999836664	EVALUABLE	EVALUABLE	true	VALID	
305deb32c7a632d75d6fa2220fd5bbe8fcd6a5bfd29081e5f0c2cb12a5b7004e	1	0.10	E0028	CORDA	training_samples=setx1,setx2,setx3	C1	G4	0.10	bb0ad4b3dca9738ed169d4aae2f4f8fd0949efa9bd105de1d71889a580ae2be8	7245d7cae566682e53e552376e5a7ab8b078a0afc829d984b35659d88f02faf9	19	2	0.37337614268516595	0.89318091042304615	2.1550924216373351	5.4663262905705885	EVALUABLE	EVALUABLE	true	VALID	
3065bb86ca2a4072fc2264714920b309ca858df99a7502d31540f767422e6087	1	0.50	E0385	iMAT	training_samples=setx2,setx3	C3	G1	0.50	e0894b04544dae489a65af0d3d2e6b796b8d625f6b5e2a273115d0c767e3e693	2399e94f9c2f2213e281a1c60356b9d85bb5023aa4787097cd11d512d71324d9	6	19	0.044605963700236728	0.73665197699419904	1.000000004521491	3.9562794867961912	EVALUABLE	EVALUABLE	true	VALID	
3095edfedcc8ebaa8b4d0d083ad185436e75d3d69c3fd17e8eed1abb28abaa06	1	0.90	E0262	RIPTiDe	training_samples=setx1,setx3	C3	G3	0.90	e844c73dd542d4d132b72865a21c41b6c4f10ecd7b0aaa99437536260376de0e	deff62e02ba886762368ef91d7c5a863a4429df48e2f355d224c8d1fd18fccdc	8	11	0.86876531251054712	0.50001571387751476	4.0363845006979604	1.0001257149743761	EVALUABLE	EVALUABLE	true	VALID	
30fa52ec2bb16e097c792b8f2c841169a7caa62713d33a0d06fae290cd38b541	1	0.90	E0358	iMAT	training_samples=setx1,setx3	C2	G4	0.90	f715c48d725df09590892b8a0f532f274829fa59347013d5f282226dd527b95b	8919d77fd866b5a1dc2c64f31ddf3d2b0c854b469fdba34f75f79fe51e478517	2	0	1.2481609801273663e-07	0.53918936139305373	1.0000691074688512	1.0000000000000004	EVALUABLE	EVALUABLE	true	VALID	
314457939c380fe664d2196a57275c24a7fc0609a89c24fd684bca0c24962927	1	0.10	E0296	RIPTiDe	training_samples=setx2,setx3	C5	G2	0.10	7ce358edc3a4bd7c08bb6daaad38e6b004b2499c6d5cdc3112e7a7dfa0faee9a	4b2c3f16a0d3fbf7b6d87ef249f7efb1bdfa3f5fc28bbef84e8bbba5e259dd2e	2	18	1.609823385706477e-14	0.88122804850436987	1.0028739228934218	7.7703639321897553	EVALUABLE	EVALUABLE	true	VALID	
314af9decc133cb6bdf3ac8d10ac2f6081ef60ca37c614b9259da45dba138dcb	1	0.90	E0000	CORDA	training_samples=setx1,setx2	C1	G1	0.90	c55c11a6e3dc772e3c2e3b973cfb71fd8e41ddd3aef93d8b8367e17dfca95033	32eee7f3879ac12eb2555790d4a68384c8aae85601ce98f8f7c8ad3733eb50c7	18	3	0.0065724073782047476	0.51729867324651413	1.3332420312329403	1.5414126826127266	EVALUABLE	EVALUABLE	true	VALID	
315c6432ad4d33b67631d33817cde8d360fa7c7a3ff166a0d1c596cea9bf5ff4	1	0.90	E0222	RIPTiDe	training_samples=setx1,setx2	C5	G3	0.90	4989824e2df2467b6e60573ab17ca31c35d0a30f6e54c8dfeb87847ca960b723	dcd23c7687b7a968c63bb9675ce7906f58320bde6bc3bfbab7121eccb9334be0	17	14	0.0061606563835081563	0.66667367748945972	1.0120116284821428	2.0001261955076726	EVALUABLE	EVALUABLE	true	VALID	
3170841bc58399c5985f5715cba11ecb240cc85d7f41c8d8323ecad7306118fb	1	0.90	E0263	RIPTiDe	training_samples=setx1,setx3	C3	G4	0.90	e844c73dd542d4d132b72865a21c41b6c4f10ecd7b0aaa99437536260376de0e	deff62e02ba886762368ef91d7c5a863a4429df48e2f355d224c8d1fd18fccdc	8	11	0.86876531251054712	0.50000002594415682	4.0363845006979604	1.000000207553265	EVALUABLE	EVALUABLE	true	VALID	
317d15376d0853a6a689621d9254b48ef0ca654af9301c0cd4349ce0610e99e3	1	0.90	E0010	CORDA	training_samples=setx1,setx2	C3	G1	0.90	9b3eb60c2fcc4a9ae62238b0c2f7954eee420bb3818ca6ad9cbf97843e48628a	32eee7f3879ac12eb2555790d4a68384c8aae85601ce98f8f7c8ad3733eb50c7	0	3	0.78523544334179673	0.51729867324651413	1.0000502661007991	1.5414126826127266	EVALUABLE	EVALUABLE	true	VALID	
319c0e90a471b6610ffef79279f3ae2dc39e2a01c2529be6876d119d11658b8a	1	0.50	E0051	CORDA	training_samples=setx1,setx3	C1	G2	0.50	45b591180b8b5b11f8d85d22498adbe0df7ea752ceb90d14dcfd3cbb2a110684	d928590f61fb177ab6a5b0e11cbeca11a10927ce32463c8505150ddf6a21fd31	19	8	0.8565859748903244	0.01282364964166105	4.815463046796018	1.0000633627122968	EVALUABLE	EVALUABLE	true	VALID	
31bb9ba3d8fed2bb36bafb6ed941e8c2bc158bca72ccf03e933868a9f827a2bb	1	0.50	E0028	CORDA	training_samples=setx1,setx2,setx3	C1	G4	0.50	bb0ad4b3dca9738ed169d4aae2f4f8fd0949efa9bd105de1d71889a580ae2be8	c369920187a75d899f06ea4bdc2750fd086c9e7dff9e33c43812a3ed0dd71628	19	12	0.37337614268516595	0.81196589996307045	2.1550924216373351	5.4041597018660799	EVALUABLE	EVALUABLE	true	VALID	
320165454f46e592df5ca93c1f88d3eacd4e37e949569bef88e9ed79656d5a01	1	0.10	E0196	GIMME	training_samples=setx2,setx3	C5	G2	0.10	ec713323665316d5b12598b96ce058a5cbd45046ed44f9acd156cf13bb158862	0a15d7a32e358b6d318a4305ace35b78c1993f83a33663124679dcd0956673c5	13	3	0.061277558425924306	0.92890121738163578	1.0081772947321537	2.6586045431070406	EVALUABLE	EVALUABLE	true	VALID	
32562138668de2aae5b84af0e9532319c5679cc32d30785d49036c138214d406	1	0.50	E0246	RIPTiDe	training_samples=setx1,setx2,setx3	C5	G2	0.50	0ce9f3c2ac8cacca151a431395692262091d1c40960aa953be66fdd4db529db5	1e4730ea84327c2af00f7bf39dfe64b793d2c667d11063277acbba44643bb602	17	10	0	0.68967358079474295	nan	3.5993535642060053	NON_EVALUABLE_ZERO_POST_HOLDOUT_MASS under the frozen normalized-weight representation	EVALUABLE	false	NON_EVALUABLE_ZERO_POST_HOLDOUT_MASS under the frozen normalized-weight representation	zero post-holdout mass on one or both condition distributions under frozen normalized weights
32595b48cdf36c5a1f5f2d98edf8b7054b5963f0642ab37da712a7549293e4f3	1	0.50	E0022	CORDA	training_samples=setx1,setx2	C5	G3	0.50	c55c11a6e3dc772e3c2e3b973cfb71fd8e41ddd3aef93d8b8367e17dfca95033	9b4dfe2ea6cf46ea72d0be1eb2199b4905b978c9c0654eaa8dc8492982ab6f48	18	8	0.056378013431494511	0.86593782296092314	1.6254008945261684	7.1226985020621267	EVALUABLE	EVALUABLE	true	VALID	
32598c056edc1b04d42a999f6c36aa5066f6d23882482ea367e6b5acb5967785	1	0.50	E0244	RIPTiDe	training_samples=setx1,setx2,setx3	C4	G5	0.50	0ce9f3c2ac8cacca151a431395692262091d1c40960aa953be66fdd4db529db5	d2e77ddb8a929cfcb9b862f9915f2d5a3eb09741f2765ade2b0bcd69a98c741d	17	12	6.0031857262998756e-10	0.85907842082758179	1.0072243059833268	9.1996390100593022	EVALUABLE	EVALUABLE	true	VALID	
32fae66cd5a456869b9d962e7f30266d121af0d628d23fc2e958daf6a217a592	1	0.10	E0203	RIPTiDe	training_samples=setx1,setx2	C1	G4	0.10	11f63e714d51958df651c04076bd5d7f5a2734e4e267f5aec63142685b555224	4f3ac3dd70092e73abd0358812ec03b156828b637df9f9d81f3fa59635a9cea7	7	2	0.87278836314849118	0.66666667819853065	1.0511165364348343	2.000000207573553	EVALUABLE	EVALUABLE	true	VALID	
33049511aba47de7a2cddbdc3c5c634c9ae1250ef18f3bccc96236fa83c241cc	1	0.90	E0342	iMAT	training_samples=setx1,setx2,setx3	C4	G3	0.90	02a5544e4fc3b887f9768cac0b1d5ae40c8982fd620a763876acef8755995c11	1ff3f6f24399029ac6d6407339a7671dc0454a3da0344b173a866dad9366939a	2	17	0.57685421516599134	0.18935926463506469	1.7754855518088264	2.6102075929945316	EVALUABLE	EVALUABLE	true	VALID	
330649b97027c61d5445850b8ecfdc7427c0b21230dd37012799d9b88df9cf00	1	0.10	E0012	CORDA	training_samples=setx1,setx2	C3	G3	0.10	55c97010acdd0cdc52f98f416746a96a3e453dfff25d0e9f08e270f4213bea20	488ec8fc3106ead99d811b4bde0838da48763bd7a1999d8f7629a12ed999f37b	1	17	0.21478429152419132	0.84558012251403403	1.000183781403492	7.1929965179105251	EVALUABLE	EVALUABLE	true	VALID	
331067fb6ef495f229f4a019a63e3b222b1e8f172e74680ac24fa905fa895f0f	2	0.50,0.90	E0146	GIMME	training_samples=setx1,setx2,setx3	C5	G2	0.50	820066d04598da3d239f0d23bd4e39ef57a720e88a443581bcf565cd8d99566b	3112b8d4aded8669cde397953cf284b43fec3262a7981bef090ac70d789c2f05	18	0	0.019322170746960743	0.33744810376728684	1.0000000037674974	2.9147549106155339	EVALUABLE	EVALUABLE	true	VALID	
331067fb6ef495f229f4a019a63e3b222b1e8f172e74680ac24fa905fa895f0f	2	0.50,0.90	E0146	GIMME	training_samples=setx1,setx2,setx3	C5	G2	0.90	820066d04598da3d239f0d23bd4e39ef57a720e88a443581bcf565cd8d99566b	3112b8d4aded8669cde397953cf284b43fec3262a7981bef090ac70d789c2f05	18	0	0.019322170746960743	0.33744810376728684	1.0000000037674974	2.9147549106155339	EVALUABLE	EVALUABLE	true	VALID	
332529e9773b2cfff4bd50524e1647f18453dc3f8a4de42a1e426ef7f861bf54	3	0.10,0.50,0.90	E0364	iMAT	training_samples=setx1,setx3	C3	G5	0.10	f715c48d725df09590892b8a0f532f274829fa59347013d5f282226dd527b95b	8919d77fd866b5a1dc2c64f31ddf3d2b0c854b469fdba34f75f79fe51e478517	2	0	1.8678217881373804e-05	0.0076218572614479285	1.0035262886233158	0.99999999999997868	EVALUABLE	EVALUABLE	true	VALID	
332529e9773b2cfff4bd50524e1647f18453dc3f8a4de42a1e426ef7f861bf54	3	0.10,0.50,0.90	E0364	iMAT	training_samples=setx1,setx3	C3	G5	0.50	f715c48d725df09590892b8a0f532f274829fa59347013d5f282226dd527b95b	8919d77fd866b5a1dc2c64f31ddf3d2b0c854b469fdba34f75f79fe51e478517	2	0	1.8678217881373804e-05	0.0076218572614479285	1.0035262886233158	0.99999999999997868	EVALUABLE	EVALUABLE	true	VALID	
332529e9773b2cfff4bd50524e1647f18453dc3f8a4de42a1e426ef7f861bf54	3	0.10,0.50,0.90	E0364	iMAT	training_samples=setx1,setx3	C3	G5	0.90	f715c48d725df09590892b8a0f532f274829fa59347013d5f282226dd527b95b	8919d77fd866b5a1dc2c64f31ddf3d2b0c854b469fdba34f75f79fe51e478517	2	0	1.8678217881373804e-05	0.0076218572614479285	1.0035262886233158	0.99999999999997868	EVALUABLE	EVALUABLE	true	VALID	
332ba3f8b5a72ea708f7dc63f87599b2d8d8399e6f5f061b9bea8a90ff066ad1	1	0.90	E0017	CORDA	training_samples=setx1,setx2	C4	G3	0.90	9b3eb60c2fcc4a9ae62238b0c2f7954eee420bb3818ca6ad9cbf97843e48628a	bb971fe9fb3473bb385b4892616fc071460ab4db03f08657d16552b3fe5c22c3	0	12	0.56681023419667553	0.90947694058747985	1.2332937864874507	7.1892108132457615	EVALUABLE	EVALUABLE	true	VALID	
3351346f1659bebc77e3b82833f74ef95f1f56e21e11a1094188e923a511b656	1	0.10	E0125	GIMME	training_samples=setx1,setx2,setx3	C1	G1	0.10	317809e9983f9e230612d444ffda8873641fdd297ecceb2017ae93047c48f76f	9d089ba3b0e645d3e16cc9b9a500224416307f7ee4379f38d87bf989d2174ec1	19	19	0.83343000304712966	5.333362351089832e-06	1.0001357277942302	1.0331518001100977	EVALUABLE	EVALUABLE	true	VALID	
336a69316b4489605df0f86fafc79154a34e79597e958f51f6d771c45fd2a8cf	1	0.90	E0375	iMAT	training_samples=setx2,setx3	C1	G1	0.90	93bcac7a72697a36bd2ebdfcfec80d11ce9ecaab48365dbcfddc2af85158d388	02480ee2203a7247dc60b5c7ed203477c48ce766af288d2f669fd6d280f81869	19	16	0.029678835029393169	0.87992959543985894	1.0642276241648672	4.0306196705740591	EVALUABLE	EVALUABLE	true	VALID	
339a25c674fed713f3f25878f03ec3396570338e101869afc8977335f1593545	2	0.50,0.90	E0097	CORDA	training_samples=setx2,setx3	C5	G3	0.50	b4ae76366e987fab217f0c6c55185c04e34463b12c4b0011689de6c987c02b7d	5aa9dfc3f05d4356dd4aae2f9affd61bee89f17b06004e56c2253e057c5d0c49	16	19	0.42413596054309666	9.3696706559009968e-05	1.494941906620354	1.0161934278185878	EVALUABLE	EVALUABLE	true	VALID	
339a25c674fed713f3f25878f03ec3396570338e101869afc8977335f1593545	2	0.50,0.90	E0097	CORDA	training_samples=setx2,setx3	C5	G3	0.90	b4ae76366e987fab217f0c6c55185c04e34463b12c4b0011689de6c987c02b7d	5aa9dfc3f05d4356dd4aae2f9affd61bee89f17b06004e56c2253e057c5d0c49	16	19	0.42413596054309666	9.3696706559009968e-05	1.494941906620354	1.0161934278185878	EVALUABLE	EVALUABLE	true	VALID	
33dbf84b74788aba823403c61c04b95ae0797a7415bbfe3944185dadfaa47d07	2	0.50,0.90	E0349	iMAT	training_samples=setx1,setx2,setx3	C5	G5	0.50	846782759cfa32849b8d0b22aba8597dc284079e90e15443c93dc705c5cdccc4	ff08294218c297aa70d51d53f700660a24a0daa0e1e0239b74f592559b440776	10	0	0.4717913747011071	1.2734108212342221e-09	1.1598504814637762	1.0000000692349222	EVALUABLE	EVALUABLE	true	VALID	
33dbf84b74788aba823403c61c04b95ae0797a7415bbfe3944185dadfaa47d07	2	0.50,0.90	E0349	iMAT	training_samples=setx1,setx2,setx3	C5	G5	0.90	846782759cfa32849b8d0b22aba8597dc284079e90e15443c93dc705c5cdccc4	ff08294218c297aa70d51d53f700660a24a0daa0e1e0239b74f592559b440776	10	0	0.4717913747011071	1.2734108212342221e-09	1.1598504814637762	1.0000000692349222	EVALUABLE	EVALUABLE	true	VALID	
3417369a0d3a3bca892379a0ee9a854831d1544eec8990b35d5c8322667fe54a	1	0.90	E0353	iMAT	training_samples=setx1,setx3	C1	G4	0.90	d14c9a0fe52fd780abbb1ba0cd30f1160d62ab1d241889a0ddaa16a4d9c19165	8919d77fd866b5a1dc2c64f31ddf3d2b0c854b469fdba34f75f79fe51e478517	17	0	0.68886458635510217	0.53918936139305373	1.8816406623420656	1.0000000000000004	EVALUABLE	EVALUABLE	true	VALID	
343831d6430ddf82c35d8c9939698a0db727fecfe1a033a48197f3311b7ee7e6	1	0.10	E0214	RIPTiDe	training_samples=setx1,setx2	C3	G5	0.10	7f680ec90ffb14e0cf02f3aa48fc2a9480180e3d4bfe2ca3fd207f7277645ac2	4f3ac3dd70092e73abd0358812ec03b156828b637df9f9d81f3fa59635a9cea7	16	2	0.59048583037751756	0.66765562543414714	3.2889586811236944	2.0178214426618002	EVALUABLE	EVALUABLE	true	VALID	
34e6645e8567172d253c3d65e30ce3923011fbffdc2870f21889ff606baf1d4a	1	0.90	E0175	GIMME	training_samples=setx2,setx3	C1	G1	0.90	fc9cea3fda62ec8719159e4dbf459bbc28745f0f61c94d0852b10583cb4c27a6	8ecf30a756db2f84cdf96655aeefb4791848aa4abcee2632121fb0bb43d6914f	16	9	0.79201979315062665	0	1.0519709523903003	nan	EVALUABLE	NON_EVALUABLE_ZERO_POST_HOLDOUT_MASS under the frozen normalized-weight representation	false	NON_EVALUABLE_ZERO_POST_HOLDOUT_MASS under the frozen normalized-weight representation	zero post-holdout mass on one or both condition distributions under frozen normalized weights
34f0da084791d0d71b0451f9f9d12fe094e4c46dcdba740efc16b9201c71a25f	1	0.10	E0053	CORDA	training_samples=setx1,setx3	C1	G4	0.10	188a2a07d3b1a67be4abb28cc85a852f1e92bdcda3a689e25dc9d58f9c4ffb18	d928590f61fb177ab6a5b0e11cbeca11a10927ce32463c8505150ddf6a21fd31	12	8	0.92926946461505378	0.086696615934440668	5.1420785924352614	1.0030853093304006	EVALUABLE	EVALUABLE	true	VALID	
34f6008838e764cd3331ba6420a8eb91a4cedf6d03dd2b36a07dfec04fae3e3a	1	0.90	E0216	RIPTiDe	training_samples=setx1,setx2	C4	G2	0.90	4989824e2df2467b6e60573ab17ca31c35d0a30f6e54c8dfeb87847ca960b723	fc5a6e7ac9885276c1940614d572c21e145840e761a1b814fe18426f44ee7db0	17	8	0.075853675461016845	0.9095429793183355	1.1579328287091351	7.9464033130762948	EVALUABLE	EVALUABLE	true	VALID	
3579a3694f95e8529d89ec0bd24e5db5fe0696006596e7283bd93bcb98ea4f39	1	0.50	E0200	RIPTiDe	training_samples=setx1,setx2	C1	G1	0.50	4989824e2df2467b6e60573ab17ca31c35d0a30f6e54c8dfeb87847ca960b723	a7e9e73c64d9d3f1375205efa617218792e4925fade6c0b5b1060f1e99eea4db	17	15	0.14891186736446671	0.66666666666680796	1.3401538914421374	2.0000000000025433	EVALUABLE	EVALUABLE	true	VALID	
35997e5d675e7d2e85fedcc34df778b7ef219bd01afb8c02728be817048d8d14	1	0.50	E0217	RIPTiDe	training_samples=setx1,setx2	C4	G3	0.50	4989824e2df2467b6e60573ab17ca31c35d0a30f6e54c8dfeb87847ca960b723	a7e9e73c64d9d3f1375205efa617218792e4925fade6c0b5b1060f1e99eea4db	17	15	0.075853675461016845	0.66667367748945972	1.1579328287091351	2.0001261955076726	EVALUABLE	EVALUABLE	true	VALID	
35a800f72e0b13b2ae3925d38a705fdbe239c3d22a9494398df5e1c83a6a9cbf	1	0.10	E0135	GIMME	training_samples=setx1,setx2,setx3	C3	G1	0.10	266655b6dab32829146ddcc71d87648a3213fd2d014bd900061222549c133c15	9d089ba3b0e645d3e16cc9b9a500224416307f7ee4379f38d87bf989d2174ec1	1	19	0.80902743985602044	5.333362351089832e-06	1.2924716066872457	1.0331518001100977	EVALUABLE	EVALUABLE	true	VALID	
35e4c020eba2c600944eb050de7e2eec760628c1429bb011112200df56a26dd3	1	0.10	E0276	RIPTiDe	training_samples=setx2,setx3	C1	G2	0.10	7ce358edc3a4bd7c08bb6daaad38e6b004b2499c6d5cdc3112e7a7dfa0faee9a	4b2c3f16a0d3fbf7b6d87ef249f7efb1bdfa3f5fc28bbef84e8bbba5e259dd2e	2	18	8.2088737566321512e-06	0.88122804850436987	1.0000000035867078	7.7703639321897553	EVALUABLE	EVALUABLE	true	VALID	
35f20404b7bb044186be76883847b4bb4465f496473fd04abc87b8dc87d5124b	3	0.10,0.50,0.90	E0195	GIMME	training_samples=setx2,setx3	C5	G1	0.10	ec713323665316d5b12598b96ce058a5cbd45046ed44f9acd156cf13bb158862	8ecf30a756db2f84cdf96655aeefb4791848aa4abcee2632121fb0bb43d6914f	13	9	0.061277558425924306	0	1.0081772947321537	nan	EVALUABLE	NON_EVALUABLE_ZERO_POST_HOLDOUT_MASS under the frozen normalized-weight representation	false	NON_EVALUABLE_ZERO_POST_HOLDOUT_MASS under the frozen normalized-weight representation	zero post-holdout mass on one or both condition distributions under frozen normalized weights
35f20404b7bb044186be76883847b4bb4465f496473fd04abc87b8dc87d5124b	3	0.10,0.50,0.90	E0195	GIMME	training_samples=setx2,setx3	C5	G1	0.50	ec713323665316d5b12598b96ce058a5cbd45046ed44f9acd156cf13bb158862	8ecf30a756db2f84cdf96655aeefb4791848aa4abcee2632121fb0bb43d6914f	13	9	0.061277558425924306	0	1.0081772947321537	nan	EVALUABLE	NON_EVALUABLE_ZERO_POST_HOLDOUT_MASS under the frozen normalized-weight representation	false	NON_EVALUABLE_ZERO_POST_HOLDOUT_MASS under the frozen normalized-weight representation	zero post-holdout mass on one or both condition distributions under frozen normalized weights
35f20404b7bb044186be76883847b4bb4465f496473fd04abc87b8dc87d5124b	3	0.10,0.50,0.90	E0195	GIMME	training_samples=setx2,setx3	C5	G1	0.90	ec713323665316d5b12598b96ce058a5cbd45046ed44f9acd156cf13bb158862	8ecf30a756db2f84cdf96655aeefb4791848aa4abcee2632121fb0bb43d6914f	13	9	0.061277558425924306	0	1.0081772947321537	nan	EVALUABLE	NON_EVALUABLE_ZERO_POST_HOLDOUT_MASS under the frozen normalized-weight representation	false	NON_EVALUABLE_ZERO_POST_HOLDOUT_MASS under the frozen normalized-weight representation	zero post-holdout mass on one or both condition distributions under frozen normalized weights
374c53d318587d488a0e1d5389a629a489a9433ddc3e14aee6690c767d252a8e	1	0.90	E0149	GIMME	training_samples=setx1,setx2,setx3	C5	G5	0.90	820066d04598da3d239f0d23bd4e39ef57a720e88a443581bcf565cd8d99566b	3112b8d4aded8669cde397953cf284b43fec3262a7981bef090ac70d789c2f05	18	0	0.019322170746960743	0.69509148612065297	1.0000000037674974	5.177040148089497	EVALUABLE	EVALUABLE	true	VALID	
3752b217c87a929d08710610acfb84c6576da043c68c18a943ee8b6b4993f64e	3	0.10,0.50,0.90	E0248	RIPTiDe	training_samples=setx1,setx2,setx3	C5	G4	0.10	0ce9f3c2ac8cacca151a431395692262091d1c40960aa953be66fdd4db529db5	d2e77ddb8a929cfcb9b862f9915f2d5a3eb09741f2765ade2b0bcd69a98c741d	17	12	0	0.078292259897551064	nan	1.1641833764420157	NON_EVALUABLE_ZERO_POST_HOLDOUT_MASS under the frozen normalized-weight representation	EVALUABLE	false	NON_EVALUABLE_ZERO_POST_HOLDOUT_MASS under the frozen normalized-weight representation	zero post-holdout mass on one or both condition distributions under frozen normalized weights
3752b217c87a929d08710610acfb84c6576da043c68c18a943ee8b6b4993f64e	3	0.10,0.50,0.90	E0248	RIPTiDe	training_samples=setx1,setx2,setx3	C5	G4	0.50	0ce9f3c2ac8cacca151a431395692262091d1c40960aa953be66fdd4db529db5	d2e77ddb8a929cfcb9b862f9915f2d5a3eb09741f2765ade2b0bcd69a98c741d	17	12	0	0.078292259897551064	nan	1.1641833764420157	NON_EVALUABLE_ZERO_POST_HOLDOUT_MASS under the frozen normalized-weight representation	EVALUABLE	false	NON_EVALUABLE_ZERO_POST_HOLDOUT_MASS under the frozen normalized-weight representation	zero post-holdout mass on one or both condition distributions under frozen normalized weights
3752b217c87a929d08710610acfb84c6576da043c68c18a943ee8b6b4993f64e	3	0.10,0.50,0.90	E0248	RIPTiDe	training_samples=setx1,setx2,setx3	C5	G4	0.90	0ce9f3c2ac8cacca151a431395692262091d1c40960aa953be66fdd4db529db5	d2e77ddb8a929cfcb9b862f9915f2d5a3eb09741f2765ade2b0bcd69a98c741d	17	12	0	0.078292259897551064	nan	1.1641833764420157	NON_EVALUABLE_ZERO_POST_HOLDOUT_MASS under the frozen normalized-weight representation	EVALUABLE	false	NON_EVALUABLE_ZERO_POST_HOLDOUT_MASS under the frozen normalized-weight representation	zero post-holdout mass on one or both condition distributions under frozen normalized weights
37ce0181a9057cebf277072bdfe82a2ab92cb6d16df65312cadb9094bb0d037e	2	0.10,0.50	E0324	iMAT	training_samples=setx1,setx2	C5	G5	0.10	41b88b4ee1d53a5ed347ca7ca6e242f063954bf817489f768d55c5cd466c4a09	4a2fb998e907a76d9911c65dc23b53d134425ac6130d04103f1e03f7be8c05b6	11	0	0.32862257575172626	0	1.0163549833362697	nan	EVALUABLE	NON_EVALUABLE_ZERO_POST_HOLDOUT_MASS under the frozen normalized-weight representation	false	NON_EVALUABLE_ZERO_POST_HOLDOUT_MASS under the frozen normalized-weight representation	zero post-holdout mass on one or both condition distributions under frozen normalized weights
37ce0181a9057cebf277072bdfe82a2ab92cb6d16df65312cadb9094bb0d037e	2	0.10,0.50	E0324	iMAT	training_samples=setx1,setx2	C5	G5	0.50	41b88b4ee1d53a5ed347ca7ca6e242f063954bf817489f768d55c5cd466c4a09	4a2fb998e907a76d9911c65dc23b53d134425ac6130d04103f1e03f7be8c05b6	11	0	0.32862257575172626	0	1.0163549833362697	nan	EVALUABLE	NON_EVALUABLE_ZERO_POST_HOLDOUT_MASS under the frozen normalized-weight representation	false	NON_EVALUABLE_ZERO_POST_HOLDOUT_MASS under the frozen normalized-weight representation	zero post-holdout mass on one or both condition distributions under frozen normalized weights
380e072f3fa1de7d19a96d2a9d84fc028f3699c7e50ba2147915dd6f682df500	3	0.10,0.50,0.90	E0057	CORDA	training_samples=setx1,setx3	C2	G3	0.10	7f09d6185ac5d193185190172ff78a97a79908108e64a74fa9c0e5c5b7a315dc	f3e9af567444075a63b7c2a2854ddee5538bfb4c47245f27578a66e389b5a9bc	0	18	0	0.022000495467268677	nan	1.7790276667250031	NON_EVALUABLE_ZERO_POST_HOLDOUT_MASS under the frozen normalized-weight representation	EVALUABLE	false	NON_EVALUABLE_ZERO_POST_HOLDOUT_MASS under the frozen normalized-weight representation	zero post-holdout mass on one or both condition distributions under frozen normalized weights
380e072f3fa1de7d19a96d2a9d84fc028f3699c7e50ba2147915dd6f682df500	3	0.10,0.50,0.90	E0057	CORDA	training_samples=setx1,setx3	C2	G3	0.50	7f09d6185ac5d193185190172ff78a97a79908108e64a74fa9c0e5c5b7a315dc	f3e9af567444075a63b7c2a2854ddee5538bfb4c47245f27578a66e389b5a9bc	0	18	0	0.022000495467268677	nan	1.7790276667250031	NON_EVALUABLE_ZERO_POST_HOLDOUT_MASS under the frozen normalized-weight representation	EVALUABLE	false	NON_EVALUABLE_ZERO_POST_HOLDOUT_MASS under the frozen normalized-weight representation	zero post-holdout mass on one or both condition distributions under frozen normalized weights
380e072f3fa1de7d19a96d2a9d84fc028f3699c7e50ba2147915dd6f682df500	3	0.10,0.50,0.90	E0057	CORDA	training_samples=setx1,setx3	C2	G3	0.90	7f09d6185ac5d193185190172ff78a97a79908108e64a74fa9c0e5c5b7a315dc	f3e9af567444075a63b7c2a2854ddee5538bfb4c47245f27578a66e389b5a9bc	0	18	0	0.022000495467268677	nan	1.7790276667250031	NON_EVALUABLE_ZERO_POST_HOLDOUT_MASS under the frozen normalized-weight representation	EVALUABLE	false	NON_EVALUABLE_ZERO_POST_HOLDOUT_MASS under the frozen normalized-weight representation	zero post-holdout mass on one or both condition distributions under frozen normalized weights
3877943bfe8cb1158674bda3a134d2931b617279d36ed629c2f8903d64278f23	1	0.10	E0216	RIPTiDe	training_samples=setx1,setx2	C4	G2	0.10	4989824e2df2467b6e60573ab17ca31c35d0a30f6e54c8dfeb87847ca960b723	0af4d52ceb5c7b84765092ebe689361bf969900f21c30351e6dea4de03bed02b	17	12	0.075853675461016845	0.84955711912667298	1.1579328287091351	8.0502349044828208	EVALUABLE	EVALUABLE	true	VALID	
395beaa4d2ae86f6000aea2f3053e6c5b2c7b36d58f2f9fbc740f4a676055177	1	0.90	E0214	RIPTiDe	training_samples=setx1,setx2	C3	G5	0.90	c9f35708db7fcd7ac314493307d80c85de78df9c6ae04b9ca9abdd6664a6ff8e	dcd23c7687b7a968c63bb9675ce7906f58320bde6bc3bfbab7121eccb9334be0	2	14	0.9567130925299222	0.66765562543414714	3.3670360343728247	2.0178214426618002	EVALUABLE	EVALUABLE	true	VALID	
3964455d95a744e7adc302081d34d58f82b178a5266d047cc32e1826d16ec15b	1	0.50	E0343	iMAT	training_samples=setx1,setx2,setx3	C4	G4	0.50	0508eab71a0004ea418e21afa788f5650366bde4b6f23c738ca6f77ea3989883	ff08294218c297aa70d51d53f700660a24a0daa0e1e0239b74f592559b440776	4	0	0.86344282254463156	0.40685280720186556	2.1434211475087155	0.99999999999999956	EVALUABLE	EVALUABLE	true	VALID	
39ed2efd665f0a72055011fdb49001f3485638f46826d720f5df5c8b6117f715	1	0.90	E0271	RIPTiDe	training_samples=setx1,setx3	C5	G2	0.90	227fe4afb2202ead22ee9d269e9306fc1462f44fe8ea75b1015ef56783db29e3	904a081f7eef1e7cc57d16491196f0d4a843d7e3f52c6a1ec968499a88939007	3	18	2.539080057317733e-12	0.92760500315089045	1.0086547612246182	9.9734639582738964	EVALUABLE	EVALUABLE	true	VALID	
3a0530a7aebfbd903ee0332451ae909f856468deed0f197af1313cab01e0d402	1	0.90	E0250	RIPTiDe	training_samples=setx1,setx3	C1	G1	0.90	227fe4afb2202ead22ee9d269e9306fc1462f44fe8ea75b1015ef56783db29e3	deff62e02ba886762368ef91d7c5a863a4429df48e2f355d224c8d1fd18fccdc	3	11	6.3129538027562049e-05	0.50000000000031786	1.317146526385899	1.0000000000025429	EVALUABLE	EVALUABLE	true	VALID	
3a476a5f68a142765c969744dfc9d103b34355ad60801a74f85638b42c00f911	2	0.10,0.50	E0172	GIMME	training_samples=setx1,setx3	C5	G3	0.10	85c320520e0d98911d2eaf5ef5ed30ace600fd4d9d2db08b51ab8abb34878cae	e1e50204cde2f03790a3f2e74f66636d0dd7fd397ae5d4775dd61d74ccce0b76	3	19	0.49789717691233903	0.060660545194369586	1.6492709930741936	1.0023140947557041	EVALUABLE	EVALUABLE	true	VALID	
3a476a5f68a142765c969744dfc9d103b34355ad60801a74f85638b42c00f911	2	0.10,0.50	E0172	GIMME	training_samples=setx1,setx3	C5	G3	0.50	85c320520e0d98911d2eaf5ef5ed30ace600fd4d9d2db08b51ab8abb34878cae	e1e50204cde2f03790a3f2e74f66636d0dd7fd397ae5d4775dd61d74ccce0b76	3	19	0.49789717691233903	0.060660545194369586	1.6492709930741936	1.0023140947557041	EVALUABLE	EVALUABLE	true	VALID	
3a7bf9bd37153a6eea96ea803e643a86c60bc6bd965b41568be96e90b7cfce58	2	0.10,0.50	E0094	CORDA	training_samples=setx2,setx3	C4	G5	0.10	11c92eb5eefda7cc64e53694479d802bc86526faac5ec503ffca49ddb81a3886	1da91e6cbc1ec44f0d5dcba4f1de73f1c00882c5b1d520c8967a9b59c82629c7	1	15	0.45904012662226179	5.0681681074138396e-12	1.1144074360001481	1.0045891512775165	EVALUABLE	EVALUABLE	true	VALID	
3a7bf9bd37153a6eea96ea803e643a86c60bc6bd965b41568be96e90b7cfce58	2	0.10,0.50	E0094	CORDA	training_samples=setx2,setx3	C4	G5	0.50	11c92eb5eefda7cc64e53694479d802bc86526faac5ec503ffca49ddb81a3886	1da91e6cbc1ec44f0d5dcba4f1de73f1c00882c5b1d520c8967a9b59c82629c7	1	15	0.45904012662226179	5.0681681074138396e-12	1.1144074360001481	1.0045891512775165	EVALUABLE	EVALUABLE	true	VALID	
3acb217b748ca60962d1e3723ba7d8f97f64bbef0e13ce2026037e9be6435346	1	0.10	E0223	RIPTiDe	training_samples=setx1,setx2	C5	G4	0.10	4989824e2df2467b6e60573ab17ca31c35d0a30f6e54c8dfeb87847ca960b723	4f3ac3dd70092e73abd0358812ec03b156828b637df9f9d81f3fa59635a9cea7	17	2	0.0061606563835081563	0.66666667819853065	1.0120116284821428	2.000000207573553	EVALUABLE	EVALUABLE	true	VALID	
3af41e13a41de3aead9795c55a70131b2c1d05f4319a02ace01b6402aefe999e	2	0.10,0.50	E0280	RIPTiDe	training_samples=setx2,setx3	C2	G1	0.10	7ce358edc3a4bd7c08bb6daaad38e6b004b2499c6d5cdc3112e7a7dfa0faee9a	c14d5ed0f81e787adc1913c3553bf14df5bb157bc649ea2040ac26996164fde7	2	14	0.16854445976471022	0.0033918223198557973	1.0125137867719272	1.0065955413257699	EVALUABLE	EVALUABLE	true	VALID	
3af41e13a41de3aead9795c55a70131b2c1d05f4319a02ace01b6402aefe999e	2	0.10,0.50	E0280	RIPTiDe	training_samples=setx2,setx3	C2	G1	0.50	7ce358edc3a4bd7c08bb6daaad38e6b004b2499c6d5cdc3112e7a7dfa0faee9a	c14d5ed0f81e787adc1913c3553bf14df5bb157bc649ea2040ac26996164fde7	2	14	0.16854445976471022	0.0033918223198557973	1.0125137867719272	1.0065955413257699	EVALUABLE	EVALUABLE	true	VALID	
3b0399a68111190c5bd81245e82f7fd0c04e8af3d67aca3564967fa24d8dd73c	1	0.10	E0341	iMAT	training_samples=setx1,setx2,setx3	C4	G2	0.10	cdb7fb3b6973618b48e76861beeecf354fd3801d6426160c52656468ed7f7bd7	ff08294218c297aa70d51d53f700660a24a0daa0e1e0239b74f592559b440776	5	0	0.58994108761025377	4.060564726793281e-05	1.7548613309204713	0.99999999999836664	EVALUABLE	EVALUABLE	true	VALID	
3b438de7b6a71bcc0d43415ea6537354da7b726957293c8e012e69b911853680	1	0.50	E0220	RIPTiDe	training_samples=setx1,setx2	C5	G1	0.50	4989824e2df2467b6e60573ab17ca31c35d0a30f6e54c8dfeb87847ca960b723	a7e9e73c64d9d3f1375205efa617218792e4925fade6c0b5b1060f1e99eea4db	17	15	0.0061606563835081563	0.66666666666680796	1.0120116284821428	2.0000000000025433	EVALUABLE	EVALUABLE	true	VALID	
3bced444f5d98b4928791789810db3b6cf0d116e74d2caffc868ebfbf38a0fbb	1	0.50	E0205	RIPTiDe	training_samples=setx1,setx2	C2	G1	0.50	11f63e714d51958df651c04076bd5d7f5a2734e4e267f5aec63142685b555224	a7e9e73c64d9d3f1375205efa617218792e4925fade6c0b5b1060f1e99eea4db	7	15	0.78372615711363514	0.66666666666680796	4.3765091467803003	2.0000000000025433	EVALUABLE	EVALUABLE	true	VALID	
3c23fae6d8408b5036abb6abd7126eea8733cca00cb73e5119d534b03e5cf8e1	1	0.90	E0383	iMAT	training_samples=setx2,setx3	C2	G4	0.90	e0894b04544dae489a65af0d3d2e6b796b8d625f6b5e2a273115d0c767e3e693	b9f5a06ad896dd71ad5bac5e24ed87f72ded680e6d19b3c8d7ef7efafd32eedc	6	8	0.099830003389147048	0.74576922428526848	1.0000000003998513	2.664361651913175	EVALUABLE	EVALUABLE	true	VALID	
3c65e8acfb5fb1e6a7c6c373fd97aa9112f9574a3602f912a32f7b9eb9e5f68b	1	0.90	E0029	CORDA	training_samples=setx1,setx2,setx3	C1	G5	0.90	4d85e0e53f094e3e360e5f150709789f644fae3f51b6152c96087ddc8ae08529	a5e71df85ff7da9f890eb3cd5dcb2b7117ced118c99b3684ee841000c8e0b65d	16	13	0.90707163616675768	0.077931777908435307	1.8336529231800984	1.1521560763699514	EVALUABLE	EVALUABLE	true	VALID	
3c822828461fac0c650c1d75acb246276c071dc719459444acd8a5548f6d71d9	1	0.50	E0103	GIMME	training_samples=setx1,setx2	C1	G4	0.50	28de38258d03212a0d010bf8ac5b5dd9d5bb9878b0d353e342028da17117a4df	2d63d16cbc55715e365671ffa5dbc939f489f55ff2606c7fc4c1d0b275ed54c2	11	6	3.3841141522383822e-07	0.86317454135817373	1.0000000424174929	2.8734795407308877	EVALUABLE	EVALUABLE	true	VALID	
3d06149d64d21dbcd6d7df9ed04998759796953b3d9432924a0438f1c64fb6b1	1	0.90	E0112	GIMME	training_samples=setx1,setx2	C3	G3	0.90	23292304d2d32b2fdbaff4ee52762d292782269c9b4414137b63abfae0a20815	286f012707601f1e660b57acb2076f696d00fd3e81a881142b88a2984425a49b	1	16	0.65394432018415993	0.079126058198425109	1.0000001252770447	1.172333749433865	EVALUABLE	EVALUABLE	true	VALID	
3d774cc700b498e74839bee003d199e1a1940c5fed59b4da461ec9b8d174b4e3	3	0.10,0.50,0.90	E0069	CORDA	training_samples=setx1,setx3	C4	G5	0.10	7f09d6185ac5d193185190172ff78a97a79908108e64a74fa9c0e5c5b7a315dc	d928590f61fb177ab6a5b0e11cbeca11a10927ce32463c8505150ddf6a21fd31	0	8	1.9126485950593519e-09	5.0411766523650314e-05	1.0000004037368553	1.0000000000666915	EVALUABLE	EVALUABLE	true	VALID	
3d774cc700b498e74839bee003d199e1a1940c5fed59b4da461ec9b8d174b4e3	3	0.10,0.50,0.90	E0069	CORDA	training_samples=setx1,setx3	C4	G5	0.50	7f09d6185ac5d193185190172ff78a97a79908108e64a74fa9c0e5c5b7a315dc	d928590f61fb177ab6a5b0e11cbeca11a10927ce32463c8505150ddf6a21fd31	0	8	1.9126485950593519e-09	5.0411766523650314e-05	1.0000004037368553	1.0000000000666915	EVALUABLE	EVALUABLE	true	VALID	
3d774cc700b498e74839bee003d199e1a1940c5fed59b4da461ec9b8d174b4e3	3	0.10,0.50,0.90	E0069	CORDA	training_samples=setx1,setx3	C4	G5	0.90	7f09d6185ac5d193185190172ff78a97a79908108e64a74fa9c0e5c5b7a315dc	d928590f61fb177ab6a5b0e11cbeca11a10927ce32463c8505150ddf6a21fd31	0	8	1.9126485950593519e-09	5.0411766523650314e-05	1.0000004037368553	1.0000000000666915	EVALUABLE	EVALUABLE	true	VALID	
3dc7c6ec2ec31e4a34adeedda60bdc97627d6cf9c11c57698b7f7f871f98a05a	1	0.50	E0049	CORDA	training_samples=setx1,setx2,setx3	C5	G5	0.50	dbd76666b3084fdec6b1c3315b220417ef6d15d44a34b19cb92d68548716b4ce	a5e71df85ff7da9f890eb3cd5dcb2b7117ced118c99b3684ee841000c8e0b65d	6	13	0.64094395183080555	0.077931777908435307	2.461010068739427	1.1521560763699514	EVALUABLE	EVALUABLE	true	VALID	
3df5b7ec2c4173362d8a07727f1db7871b7d8c38fed7c95d5c439905cc71a93b	1	0.10	E0271	RIPTiDe	training_samples=setx1,setx3	C5	G2	0.10	227fe4afb2202ead22ee9d269e9306fc1462f44fe8ea75b1015ef56783db29e3	9acb751aab297b05dffcce05ba0d4171965f31bed5e6496fa98e638081ccf731	3	17	2.539080057317733e-12	0.8667019526653208	1.0086547612246182	10.185841515284103	EVALUABLE	EVALUABLE	true	VALID	
3e087fcf42c4c00a635e8f8b77bee53b4799407e7d9c07b1cf0115eb0f097e8e	1	0.10	E0385	iMAT	training_samples=setx2,setx3	C3	G1	0.10	e0894b04544dae489a65af0d3d2e6b796b8d625f6b5e2a273115d0c767e3e693	5a5cf99d6f8010ddefea6328d295b132f1e3bd6948dec2cdfdd312ee66482068	6	11	0.044605963700236728	0.90661312010804174	1.000000004521491	4.1555660429881884	EVALUABLE	EVALUABLE	true	VALID	
3e12eed8cc9cc3b99f25a39f54b8670d0061c69f976b499bb4c3843646787d96	1	0.90	E0107	GIMME	training_samples=setx1,setx2	C2	G3	0.90	23292304d2d32b2fdbaff4ee52762d292782269c9b4414137b63abfae0a20815	286f012707601f1e660b57acb2076f696d00fd3e81a881142b88a2984425a49b	1	16	0.50789810306854799	0.079126058198425109	1.0003582622506058	1.172333749433865	EVALUABLE	EVALUABLE	true	VALID	
3e4ee1291e23093d1defd3d6be68b123dcd7d6c2458cd8ed22f946f612e0d7e2	2	0.10,0.50	E0078	CORDA	training_samples=setx2,setx3	C1	G4	0.10	0e4370312b1abd45e6e65d5775cdbae8cb50208b4f035ea04dbf74dee753fe88	1da91e6cbc1ec44f0d5dcba4f1de73f1c00882c5b1d520c8967a9b59c82629c7	18	15	0.29507453281500551	0.05223334857319839	1.0018565846234648	2.3284632827992651	EVALUABLE	EVALUABLE	true	VALID	
3e4ee1291e23093d1defd3d6be68b123dcd7d6c2458cd8ed22f946f612e0d7e2	2	0.10,0.50	E0078	CORDA	training_samples=setx2,setx3	C1	G4	0.50	0e4370312b1abd45e6e65d5775cdbae8cb50208b4f035ea04dbf74dee753fe88	1da91e6cbc1ec44f0d5dcba4f1de73f1c00882c5b1d520c8967a9b59c82629c7	18	15	0.29507453281500551	0.05223334857319839	1.0018565846234648	2.3284632827992651	EVALUABLE	EVALUABLE	true	VALID	
3e7a22f67c89c97c6ad3c6684b1867ca404e6be297e216c5b4faaa9d7846c9f2	1	0.50	E0129	GIMME	training_samples=setx1,setx2,setx3	C1	G5	0.50	820066d04598da3d239f0d23bd4e39ef57a720e88a443581bcf565cd8d99566b	22fb33288e2b49401552b365407f2e2a4a6750f0976fa1f8910e2ea85c79b851	18	3	0.16662655239100743	0.88118016041096525	1.0006790910238477	4.5097690167728599	EVALUABLE	EVALUABLE	true	VALID	
3f6de819449de7db0a7b050677f5e69b1d089cddec1a30d7c21533a30f05dad4	2	0.10,0.50	E0171	GIMME	training_samples=setx1,setx3	C5	G2	0.10	85c320520e0d98911d2eaf5ef5ed30ace600fd4d9d2db08b51ab8abb34878cae	0613270f4140a02dc933da8f58c1eea1dfd57164ef86989cfbd7dbf0d510376d	3	13	0.49789717691233903	0.00037537127029696471	1.6492709930741936	1.4909527858096157	EVALUABLE	EVALUABLE	true	VALID	
3f6de819449de7db0a7b050677f5e69b1d089cddec1a30d7c21533a30f05dad4	2	0.10,0.50	E0171	GIMME	training_samples=setx1,setx3	C5	G2	0.50	85c320520e0d98911d2eaf5ef5ed30ace600fd4d9d2db08b51ab8abb34878cae	0613270f4140a02dc933da8f58c1eea1dfd57164ef86989cfbd7dbf0d510376d	3	13	0.49789717691233903	0.00037537127029696471	1.6492709930741936	1.4909527858096157	EVALUABLE	EVALUABLE	true	VALID	
3fdda18592e906cb03d6b7c5c8f9d8f429bd5944ebaec59e615ba389166c9452	1	0.10	E0031	CORDA	training_samples=setx1,setx2,setx3	C2	G2	0.10	102f69f6fa8557e4e0067accc8216a851f9d96d112c3c1db033468920969167f	fc27b6af092e285d50c1968dde0a42a6920a84a660be54cb08c63990c795644b	3	7	0.055860077059445623	0.79297857385101167	1.0000178993636453	1.1729161906221426	EVALUABLE	EVALUABLE	true	VALID	
400cac039d71883404b37ab4230424033047835ac4190eb71da6cd33f9be022d	1	0.90	E0345	iMAT	training_samples=setx1,setx2,setx3	C5	G1	0.90	846782759cfa32849b8d0b22aba8597dc284079e90e15443c93dc705c5cdccc4	de6789b73fad901aa5115f8766bed663440158b44f4333e039ed0b84098afacb	10	5	0.4717913747011071	0.92808295093907289	1.1598504814637762	3.6870847177348458	EVALUABLE	EVALUABLE	true	VALID	
4049aa5084bf4fd1f97b7a759b429fb622dc7fa1637161a2ddc1cca5e32f8cba	3	0.10,0.50,0.90	E0187	GIMME	training_samples=setx2,setx3	C3	G3	0.10	f644340953d72bb12da093189853db0ff0fc86bb66134a4f3d0a44308555f75e	8ecf30a756db2f84cdf96655aeefb4791848aa4abcee2632121fb0bb43d6914f	1	9	0.020924796634955611	0	1.171543382551951	nan	EVALUABLE	NON_EVALUABLE_ZERO_POST_HOLDOUT_MASS under the frozen normalized-weight representation	false	NON_EVALUABLE_ZERO_POST_HOLDOUT_MASS under the frozen normalized-weight representation	zero post-holdout mass on one or both condition distributions under frozen normalized weights
4049aa5084bf4fd1f97b7a759b429fb622dc7fa1637161a2ddc1cca5e32f8cba	3	0.10,0.50,0.90	E0187	GIMME	training_samples=setx2,setx3	C3	G3	0.50	f644340953d72bb12da093189853db0ff0fc86bb66134a4f3d0a44308555f75e	8ecf30a756db2f84cdf96655aeefb4791848aa4abcee2632121fb0bb43d6914f	1	9	0.020924796634955611	0	1.171543382551951	nan	EVALUABLE	NON_EVALUABLE_ZERO_POST_HOLDOUT_MASS under the frozen normalized-weight representation	false	NON_EVALUABLE_ZERO_POST_HOLDOUT_MASS under the frozen normalized-weight representation	zero post-holdout mass on one or both condition distributions under frozen normalized weights
4049aa5084bf4fd1f97b7a759b429fb622dc7fa1637161a2ddc1cca5e32f8cba	3	0.10,0.50,0.90	E0187	GIMME	training_samples=setx2,setx3	C3	G3	0.90	f644340953d72bb12da093189853db0ff0fc86bb66134a4f3d0a44308555f75e	8ecf30a756db2f84cdf96655aeefb4791848aa4abcee2632121fb0bb43d6914f	1	9	0.020924796634955611	0	1.171543382551951	nan	EVALUABLE	NON_EVALUABLE_ZERO_POST_HOLDOUT_MASS under the frozen normalized-weight representation	false	NON_EVALUABLE_ZERO_POST_HOLDOUT_MASS under the frozen normalized-weight representation	zero post-holdout mass on one or both condition distributions under frozen normalized weights
40670f5baa6df8a267182334791fca87944c90fc975ddaf2294c32772cf1ab97	1	0.10	E0337	iMAT	training_samples=setx1,setx2,setx3	C3	G3	0.10	73800d86c4f889eaf4f5923c873981e1547c7ce8918bcad431aebb6957e65d8f	c39666cec50f85c68c411fb7f35fd14dc87818c4e5eb5dcffc093c106d19e93d	1	12	4.6432333755674904e-08	0.9027534092714995	1.2795248085257824	1.2321449649549179	EVALUABLE	EVALUABLE	true	VALID	
409f0ee1e64b8d5c1babd09ad04369cfb99dacfbedc81ab9e48d135516a3c225	1	0.10	E0349	iMAT	training_samples=setx1,setx2,setx3	C5	G5	0.10	6508b7696b03342dad3d181ee2a37181527c2774e8c448101cc01a92eaafb736	ff08294218c297aa70d51d53f700660a24a0daa0e1e0239b74f592559b440776	11	0	0.56253540792510903	1.2734108212342221e-09	1.132027377557117	1.0000000692349222	EVALUABLE	EVALUABLE	true	VALID	
40d3727a916a00032df40f497c432fee746ffe635827de3cfd72888c73c8f1ef	1	0.10	E0301	iMAT	training_samples=setx1,setx2	C1	G2	0.10	d9bee4ec9dc9d1f3876c1811fcf6f8d020989bd2af3231c4cdaa3df2bbdcd555	4a2fb998e907a76d9911c65dc23b53d134425ac6130d04103f1e03f7be8c05b6	16	0	0.95468904048766001	1.6805334901448532e-11	1.2184878993509471	1.0000101044181642	EVALUABLE	EVALUABLE	true	VALID	
40f250930aa3f5c80a0e60ede3e2f935867bede42c292e03cd7fe408e131ce9c	1	0.90	E0291	RIPTiDe	training_samples=setx2,setx3	C4	G2	0.90	7ce358edc3a4bd7c08bb6daaad38e6b004b2499c6d5cdc3112e7a7dfa0faee9a	c354317cd806dd34207a630229a6ec6bd2b4c05b4ec94d341d3e30951308f2a8	2	13	5.6906455547789392e-08	0.88122804850436987	0.99999999897131486	7.7703639321897553	EVALUABLE	EVALUABLE	true	VALID	
414f769699c19d59c0d2216205396f94cdd82e70c28f68afd5e318dc1f5836cc	1	0.10	E0098	CORDA	training_samples=setx2,setx3	C5	G4	0.10	722648b50fb7a1fecbf2dde75452eb95e5df91f0ab85ff61e3540293ef1928a7	1da91e6cbc1ec44f0d5dcba4f1de73f1c00882c5b1d520c8967a9b59c82629c7	19	15	0.66242056718359521	0.05223334857319839	1.2982553663487022	2.3284632827992651	EVALUABLE	EVALUABLE	true	VALID	
4314ea2ce68e564ee507d93011a82130aed306e730799ef9b77fc385368cf654	1	0.10	E0319	iMAT	training_samples=setx1,setx2	C4	G5	0.10	dfc5b1001e2a099d96f69d80c4ea0383590fc7c35f3dcf10e3a8c31cb8e44e5d	4a2fb998e907a76d9911c65dc23b53d134425ac6130d04103f1e03f7be8c05b6	3	0	0.88806309226433133	0	2.9536027233789723	nan	EVALUABLE	NON_EVALUABLE_ZERO_POST_HOLDOUT_MASS under the frozen normalized-weight representation	false	NON_EVALUABLE_ZERO_POST_HOLDOUT_MASS under the frozen normalized-weight representation	zero post-holdout mass on one or both condition distributions under frozen normalized weights
435ea511fa08a4db358670833c8169d788bf3b28670ee1aa67124aabf4fc1610	1	0.90	E0154	GIMME	training_samples=setx1,setx3	C1	G5	0.90	e0656ed344a040c1c31d47313c246b5017dfe95469a56b860f75b9359b07ba86	0613270f4140a02dc933da8f58c1eea1dfd57164ef86989cfbd7dbf0d510376d	7	13	0.90744501934742294	5.5723343161617755e-05	10.280746338260672	1.2137893587424984	EVALUABLE	EVALUABLE	true	VALID	
43736a142e45141b338d710097c6b0de7fa4ffe19a26902927e166566d2a39cd	1	0.90	E0199	GIMME	training_samples=setx2,setx3	C5	G5	0.90	ec713323665316d5b12598b96ce058a5cbd45046ed44f9acd156cf13bb158862	9479e42871e312cc9e8045bad83182066b1281c061fdcd80c3da7974e75e1d5d	13	1	0.061277558425924306	0.80817339985621484	1.0081772947321537	5.0212893733333575	EVALUABLE	EVALUABLE	true	VALID	
43d310b81a9c0a8ff1f124840bbbddfc1d75fc229d53c1148cdd555466aca5fb	1	0.90	E0354	iMAT	training_samples=setx1,setx3	C1	G5	0.90	d14c9a0fe52fd780abbb1ba0cd30f1160d62ab1d241889a0ddaa16a4d9c19165	8919d77fd866b5a1dc2c64f31ddf3d2b0c854b469fdba34f75f79fe51e478517	17	0	0.68886458635510217	0.0076218572614479285	1.8816406623420656	0.99999999999997868	EVALUABLE	EVALUABLE	true	VALID	
44551307d151f826da5f4b8f5ac4fd13b609ea1aad6e553af52bd1123b284e59	1	0.90	E0378	iMAT	training_samples=setx2,setx3	C1	G4	0.90	93bcac7a72697a36bd2ebdfcfec80d11ce9ecaab48365dbcfddc2af85158d388	b9f5a06ad896dd71ad5bac5e24ed87f72ded680e6d19b3c8d7ef7efafd32eedc	19	8	0.029678835029393169	0.74576922428526848	1.0642276241648672	2.664361651913175	EVALUABLE	EVALUABLE	true	VALID	
448d868f58e3cd737a737b4e26be5b171a3353c6b07d50a8ad10e9ab684483ef	2	0.50,0.90	E0332	iMAT	training_samples=setx1,setx2,setx3	C2	G3	0.50	73800d86c4f889eaf4f5923c873981e1547c7ce8918bcad431aebb6957e65d8f	1ff3f6f24399029ac6d6407339a7671dc0454a3da0344b173a866dad9366939a	1	17	1.6288439486089601e-09	0.18935926463506469	1.1217230781177472	2.6102075929945316	EVALUABLE	EVALUABLE	true	VALID	
448d868f58e3cd737a737b4e26be5b171a3353c6b07d50a8ad10e9ab684483ef	2	0.50,0.90	E0332	iMAT	training_samples=setx1,setx2,setx3	C2	G3	0.90	73800d86c4f889eaf4f5923c873981e1547c7ce8918bcad431aebb6957e65d8f	1ff3f6f24399029ac6d6407339a7671dc0454a3da0344b173a866dad9366939a	1	17	1.6288439486089601e-09	0.18935926463506469	1.1217230781177472	2.6102075929945316	EVALUABLE	EVALUABLE	true	VALID	
44b7dadadc90fe21ac79075b4e54c354d40cc1323be87ea1ed85b3a4f925e36e	1	0.10	E0144	GIMME	training_samples=setx1,setx2,setx3	C4	G5	0.10	317809e9983f9e230612d444ffda8873641fdd297ecceb2017ae93047c48f76f	9682660a50469ade3f195ee6115a3171f28ffef445fb4c45525fae47b6275e60	19	2	0.80437609345433292	0.84235756352350721	1.000312575213151	4.3951228696279081	EVALUABLE	EVALUABLE	true	VALID	
44c191d19d9e076553fa078b054d57809efd131ee8af7f6156f46cb3f4bcb9b2	1	0.50	E0118	GIMME	training_samples=setx1,setx2	C4	G4	0.50	b329f0fd2be35ea618be2d80915238663395d1f9ea256684680fd3e9e29b07b1	2d63d16cbc55715e365671ffa5dbc939f489f55ff2606c7fc4c1d0b275ed54c2	13	6	0.65755479192107202	0.86317454135817373	2.0740594571323734	2.8734795407308877	EVALUABLE	EVALUABLE	true	VALID	
4542790472cdb4e554ba28a0cc5881621163a7ed4fb42a0ae10d2635810b3e8a	1	0.90	E0025	CORDA	training_samples=setx1,setx2,setx3	C1	G1	0.90	4d85e0e53f094e3e360e5f150709789f644fae3f51b6152c96087ddc8ae08529	5f016d2a7e8c0ca9be2a0c7a65b58b776f02175e7864b34d3b8946ee4f826f29	16	16	0.90707163616675768	0.94043579767345475	1.8336529231800984	2.1864905156924448	EVALUABLE	EVALUABLE	true	VALID	
45607ca48dde4124025ff13859c7de2c7c46df5cafafb98b8b803684d42dfdc5	3	0.10,0.50,0.90	E0080	CORDA	training_samples=setx2,setx3	C2	G1	0.10	11c92eb5eefda7cc64e53694479d802bc86526faac5ec503ffca49ddb81a3886	5aa9dfc3f05d4356dd4aae2f9affd61bee89f17b06004e56c2253e057c5d0c49	1	19	0.0610433176716626	0.0009410314636870698	1.0000000002059644	1.0135451515840099	EVALUABLE	EVALUABLE	true	VALID	
45607ca48dde4124025ff13859c7de2c7c46df5cafafb98b8b803684d42dfdc5	3	0.10,0.50,0.90	E0080	CORDA	training_samples=setx2,setx3	C2	G1	0.50	11c92eb5eefda7cc64e53694479d802bc86526faac5ec503ffca49ddb81a3886	5aa9dfc3f05d4356dd4aae2f9affd61bee89f17b06004e56c2253e057c5d0c49	1	19	0.0610433176716626	0.0009410314636870698	1.0000000002059644	1.0135451515840099	EVALUABLE	EVALUABLE	true	VALID	
45607ca48dde4124025ff13859c7de2c7c46df5cafafb98b8b803684d42dfdc5	3	0.10,0.50,0.90	E0080	CORDA	training_samples=setx2,setx3	C2	G1	0.90	11c92eb5eefda7cc64e53694479d802bc86526faac5ec503ffca49ddb81a3886	5aa9dfc3f05d4356dd4aae2f9affd61bee89f17b06004e56c2253e057c5d0c49	1	19	0.0610433176716626	0.0009410314636870698	1.0000000002059644	1.0135451515840099	EVALUABLE	EVALUABLE	true	VALID	
4576aef2c517e4b9c13df1ea1387171759e92bc97f842ffb0ac9a4ce1e643633	1	0.90	E0007	CORDA	training_samples=setx1,setx2	C2	G3	0.90	55c97010acdd0cdc52f98f416746a96a3e453dfff25d0e9f08e270f4213bea20	bb971fe9fb3473bb385b4892616fc071460ab4db03f08657d16552b3fe5c22c3	1	12	0.064745544342134309	0.90947694058747985	1.0000000063236132	7.1892108132457615	EVALUABLE	EVALUABLE	true	VALID	
4637341736046532483ca2dfa4f786b5540288c357141357ab008f1de1202a7f	1	0.10	E0117	GIMME	training_samples=setx1,setx2	C4	G3	0.10	337634da0cfd0d1105cf8f37879f1f17ad4596420a8cfced6a550bb4701e5f9e	286f012707601f1e660b57acb2076f696d00fd3e81a881142b88a2984425a49b	10	16	0.6237102538467284	0.079126058198425109	2.1125520705523235	1.172333749433865	EVALUABLE	EVALUABLE	true	VALID	
466c09e2cde91e11c8d1aaa6e3ab85f01d488769b6011af5e7ee0aeae49ef71c	1	0.90	E0217	RIPTiDe	training_samples=setx1,setx2	C4	G3	0.90	4989824e2df2467b6e60573ab17ca31c35d0a30f6e54c8dfeb87847ca960b723	dcd23c7687b7a968c63bb9675ce7906f58320bde6bc3bfbab7121eccb9334be0	17	14	0.075853675461016845	0.66667367748945972	1.1579328287091351	2.0001261955076726	EVALUABLE	EVALUABLE	true	VALID	
466cc5149c7ff9e86f1cd18accce911f187d8e7f95e1ee15db3cfdaff13b272a	3	0.10,0.50,0.90	E0169	GIMME	training_samples=setx1,setx3	C4	G5	0.10	7d84eb225b8def23833824a5db45b74528179b1bd889afa1812a7b3af34d5dd1	0613270f4140a02dc933da8f58c1eea1dfd57164ef86989cfbd7dbf0d510376d	0	13	3.1444521491286181e-05	5.5723343161617755e-05	1.0000028289117537	1.2137893587424984	EVALUABLE	EVALUABLE	true	VALID	
466cc5149c7ff9e86f1cd18accce911f187d8e7f95e1ee15db3cfdaff13b272a	3	0.10,0.50,0.90	E0169	GIMME	training_samples=setx1,setx3	C4	G5	0.50	7d84eb225b8def23833824a5db45b74528179b1bd889afa1812a7b3af34d5dd1	0613270f4140a02dc933da8f58c1eea1dfd57164ef86989cfbd7dbf0d510376d	0	13	3.1444521491286181e-05	5.5723343161617755e-05	1.0000028289117537	1.2137893587424984	EVALUABLE	EVALUABLE	true	VALID	
466cc5149c7ff9e86f1cd18accce911f187d8e7f95e1ee15db3cfdaff13b272a	3	0.10,0.50,0.90	E0169	GIMME	training_samples=setx1,setx3	C4	G5	0.90	7d84eb225b8def23833824a5db45b74528179b1bd889afa1812a7b3af34d5dd1	0613270f4140a02dc933da8f58c1eea1dfd57164ef86989cfbd7dbf0d510376d	0	13	3.1444521491286181e-05	5.5723343161617755e-05	1.0000028289117537	1.2137893587424984	EVALUABLE	EVALUABLE	true	VALID	
46b0b29c8ad70af8ebd2614d03c88bb5c36a1478c3247c66f4f4ad1d30e6db38	1	0.10	E0041	CORDA	training_samples=setx1,setx2,setx3	C4	G2	0.10	102f69f6fa8557e4e0067accc8216a851f9d96d112c3c1db033468920969167f	fc27b6af092e285d50c1968dde0a42a6920a84a660be54cb08c63990c795644b	3	7	0.47166946811266552	0.79297857385101167	1.4317915679526623	1.1729161906221426	EVALUABLE	EVALUABLE	true	VALID	
46b3f9fbae35ec809f4d5efdc41b46fd1d9e9d2f7f4f48be6dab4691da5b0669	1	0.90	E0090	CORDA	training_samples=setx2,setx3	C4	G1	0.90	aea3a41483799622bd3b3a2a0650bf7c51696eb5f00fff1b0bcf6f837c40d54a	5aa9dfc3f05d4356dd4aae2f9affd61bee89f17b06004e56c2253e057c5d0c49	0	19	0.56583110423809879	0.0009410314636870698	1.0918927170938528	1.0135451515840099	EVALUABLE	EVALUABLE	true	VALID	
47fdbab9ac3859225c9a2c9196caf077e794060054c3c399c43a91a3984c973d	1	0.10	E0315	iMAT	training_samples=setx1,setx2	C4	G1	0.10	dfc5b1001e2a099d96f69d80c4ea0383590fc7c35f3dcf10e3a8c31cb8e44e5d	a021d2219926286c3dcb59d412f56541cd3c639b9f8cb9f9f544799ca8c41349	3	3	0.88806309226433133	0.60992424376623167	2.9536027233789723	2.0049165670063922	EVALUABLE	EVALUABLE	true	VALID	
48109d1df79c3003b96ca2cc176c9dd6add5ff9b0edef9d1c2f7f377c23ceebe	1	0.90	E0385	iMAT	training_samples=setx2,setx3	C3	G1	0.90	e0894b04544dae489a65af0d3d2e6b796b8d625f6b5e2a273115d0c767e3e693	02480ee2203a7247dc60b5c7ed203477c48ce766af288d2f669fd6d280f81869	6	16	0.044605963700236728	0.87992959543985894	1.000000004521491	4.0306196705740591	EVALUABLE	EVALUABLE	true	VALID	
484a4607bf73d2438b15856b931ea55dd53cc00e68b06d5f91b87dd2269541f8	1	0.90	E0048	CORDA	training_samples=setx1,setx2,setx3	C5	G4	0.90	841f998ef00a0775a812107d6ae160399491e383a3bff330c20f771132333a20	a5e71df85ff7da9f890eb3cd5dcb2b7117ced118c99b3684ee841000c8e0b65d	9	13	0.84626221092733167	0.79338211748389509	2.6308800934600693	5.4896398111172138	EVALUABLE	EVALUABLE	true	VALID	
486950dc2b48b7029551c6ed347c40d406f8aec0194d60222d3e0079644736f7	1	0.90	E0269	RIPTiDe	training_samples=setx1,setx3	C4	G5	0.90	227fe4afb2202ead22ee9d269e9306fc1462f44fe8ea75b1015ef56783db29e3	deff62e02ba886762368ef91d7c5a863a4429df48e2f355d224c8d1fd18fccdc	3	11	7.6612478538962137e-07	0.50214230774207302	1.1135922927589117	1.0172132358409181	EVALUABLE	EVALUABLE	true	VALID	
488bab2766d4669cc0d19ddf9cd6777069fc6c0de571c546fdca56d9a130d02f	1	0.90	E0192	GIMME	training_samples=setx2,setx3	C4	G3	0.90	c242cf78ad007b657e033931f20963643548ea40b4b9a684199bd8744f018ac4	8ecf30a756db2f84cdf96655aeefb4791848aa4abcee2632121fb0bb43d6914f	18	9	0.92345952870732573	0	4.25387706311703	nan	EVALUABLE	NON_EVALUABLE_ZERO_POST_HOLDOUT_MASS under the frozen normalized-weight representation	false	NON_EVALUABLE_ZERO_POST_HOLDOUT_MASS under the frozen normalized-weight representation	zero post-holdout mass on one or both condition distributions under frozen normalized weights
4916fa389068d24a04e69681a4d7f46a852ef4d122eed0cf7275e3608580ad08	2	0.50,0.90	E0142	GIMME	training_samples=setx1,setx2,setx3	C4	G3	0.50	820066d04598da3d239f0d23bd4e39ef57a720e88a443581bcf565cd8d99566b	9d089ba3b0e645d3e16cc9b9a500224416307f7ee4379f38d87bf989d2174ec1	18	19	0.19574959809029879	0.0088464214551963183	1.0012851510453191	1.4538459210648693	EVALUABLE	EVALUABLE	true	VALID	
4916fa389068d24a04e69681a4d7f46a852ef4d122eed0cf7275e3608580ad08	2	0.50,0.90	E0142	GIMME	training_samples=setx1,setx2,setx3	C4	G3	0.90	820066d04598da3d239f0d23bd4e39ef57a720e88a443581bcf565cd8d99566b	9d089ba3b0e645d3e16cc9b9a500224416307f7ee4379f38d87bf989d2174ec1	18	19	0.19574959809029879	0.0088464214551963183	1.0012851510453191	1.4538459210648693	EVALUABLE	EVALUABLE	true	VALID	
495e1ee43fa74a1daa4b0eb238ae695ae4d37e7337ef49ebc106a14b64608402	1	0.90	E0371	iMAT	training_samples=setx1,setx3	C5	G2	0.90	5e0bd4de471984c8757d52c33b2e66b55d81a00be7c5d5379d7344b8a2650a64	8919d77fd866b5a1dc2c64f31ddf3d2b0c854b469fdba34f75f79fe51e478517	7	0	0.59190321205225982	0.078328279385374566	1.3292690976461641	0.99999999999999911	EVALUABLE	EVALUABLE	true	VALID	
496665fca600888462154d45d162491c91ef2b0e8d243e667540c8892b4f446b	1	0.90	E0270	RIPTiDe	training_samples=setx1,setx3	C5	G1	0.90	227fe4afb2202ead22ee9d269e9306fc1462f44fe8ea75b1015ef56783db29e3	deff62e02ba886762368ef91d7c5a863a4429df48e2f355d224c8d1fd18fccdc	3	11	2.539080057317733e-12	0.50000000000031786	1.0086547612246182	1.0000000000025429	EVALUABLE	EVALUABLE	true	VALID	
49b390c5ad0844abde10e6ec1b7f851e0035f7b1bd4fdb96a2b469d1af02f674	1	0.90	E0213	RIPTiDe	training_samples=setx1,setx2	C3	G4	0.90	c9f35708db7fcd7ac314493307d80c85de78df9c6ae04b9ca9abdd6664a6ff8e	dcd23c7687b7a968c63bb9675ce7906f58320bde6bc3bfbab7121eccb9334be0	2	14	0.9567130925299222	0.66666667819853065	3.3670360343728247	2.000000207573553	EVALUABLE	EVALUABLE	true	VALID	
49bf043746b5b90d9e7c9521e3f9bff1fcc28a1a4b4f2cdd08768ba03ffc4011	1	0.10	E0142	GIMME	training_samples=setx1,setx2,setx3	C4	G3	0.10	317809e9983f9e230612d444ffda8873641fdd297ecceb2017ae93047c48f76f	9d089ba3b0e645d3e16cc9b9a500224416307f7ee4379f38d87bf989d2174ec1	19	19	0.80437609345433292	0.0088464214551963183	1.000312575213151	1.4538459210648693	EVALUABLE	EVALUABLE	true	VALID	
49f919cc5b535e2ecc473d96df13acf6d78f6c5f576294672f56b4fbb8cafa5f	1	0.90	E0350	iMAT	training_samples=setx1,setx3	C1	G1	0.90	d14c9a0fe52fd780abbb1ba0cd30f1160d62ab1d241889a0ddaa16a4d9c19165	5adee773b070f41e31484efe24458fa5c480e0f237b88e9bae1dff6c2c042cf8	17	3	0.68886458635510217	0.87594694349532132	1.8816406623420656	2.0029053161322734	EVALUABLE	EVALUABLE	true	VALID	
4a0d73f19ae9967281f942823ae7a01bb6226d856c0449d8afe19a8ac4e4f2a4	1	0.50	E0212	RIPTiDe	training_samples=setx1,setx2	C3	G3	0.50	3d455bd6c6c1107026e8edf70c2d6d8e202fc5d502a840648e30a9c7f4d8ac8c	a7e9e73c64d9d3f1375205efa617218792e4925fade6c0b5b1060f1e99eea4db	19	15	0.70789375008052768	0.66667367748945972	2.6599917634563011	2.0001261955076726	EVALUABLE	EVALUABLE	true	VALID	
4a5e26b879424264d48937dcff601f077f2f4b0436cf532ac15926524d3bf6c2	3	0.10,0.50,0.90	E0386	iMAT	training_samples=setx2,setx3	C3	G2	0.10	e0894b04544dae489a65af0d3d2e6b796b8d625f6b5e2a273115d0c767e3e693	2f971692e2765073ae8a6d2f6fd8f4e97e81f95489df3f2946d4c497d94165b9	6	0	0.044605963700236728	3.5171432100078448e-08	1.000000004521491	1.0000314927854179	EVALUABLE	EVALUABLE	true	VALID	
4a5e26b879424264d48937dcff601f077f2f4b0436cf532ac15926524d3bf6c2	3	0.10,0.50,0.90	E0386	iMAT	training_samples=setx2,setx3	C3	G2	0.50	e0894b04544dae489a65af0d3d2e6b796b8d625f6b5e2a273115d0c767e3e693	2f971692e2765073ae8a6d2f6fd8f4e97e81f95489df3f2946d4c497d94165b9	6	0	0.044605963700236728	3.5171432100078448e-08	1.000000004521491	1.0000314927854179	EVALUABLE	EVALUABLE	true	VALID	
4a5e26b879424264d48937dcff601f077f2f4b0436cf532ac15926524d3bf6c2	3	0.10,0.50,0.90	E0386	iMAT	training_samples=setx2,setx3	C3	G2	0.90	e0894b04544dae489a65af0d3d2e6b796b8d625f6b5e2a273115d0c767e3e693	2f971692e2765073ae8a6d2f6fd8f4e97e81f95489df3f2946d4c497d94165b9	6	0	0.044605963700236728	3.5171432100078448e-08	1.000000004521491	1.0000314927854179	EVALUABLE	EVALUABLE	true	VALID	
4aa6567da84bd650bf5894e71be0ee4ff73b79cde37d4f4d096b998b9998629b	2	0.10,0.50	E0087	CORDA	training_samples=setx2,setx3	C3	G3	0.10	11c92eb5eefda7cc64e53694479d802bc86526faac5ec503ffca49ddb81a3886	5aa9dfc3f05d4356dd4aae2f9affd61bee89f17b06004e56c2253e057c5d0c49	1	19	0.21213407225811065	9.3696706559009968e-05	1.0000416367334737	1.0161934278185878	EVALUABLE	EVALUABLE	true	VALID	
4aa6567da84bd650bf5894e71be0ee4ff73b79cde37d4f4d096b998b9998629b	2	0.10,0.50	E0087	CORDA	training_samples=setx2,setx3	C3	G3	0.50	11c92eb5eefda7cc64e53694479d802bc86526faac5ec503ffca49ddb81a3886	5aa9dfc3f05d4356dd4aae2f9affd61bee89f17b06004e56c2253e057c5d0c49	1	19	0.21213407225811065	9.3696706559009968e-05	1.0000416367334737	1.0161934278185878	EVALUABLE	EVALUABLE	true	VALID	
4b57ba2d3f0802ab19e5dc563beb01e12b4f2fc7de9ea7020f9eb2a41e2207a5	1	0.10	E0230	RIPTiDe	training_samples=setx1,setx2,setx3	C2	G1	0.10	4ad59181fe7235c9f8799583e6a5926d9a3b391d8c90fd44a50e8f2ee914e297	d2e77ddb8a929cfcb9b862f9915f2d5a3eb09741f2765ade2b0bcd69a98c741d	14	12	0.88179206694945556	0.0063572334634590666	1.5907262848203458	1.0123976784237918	EVALUABLE	EVALUABLE	true	VALID	
4b8a1a049bc139936b28a89d91cc9a2e6daa415593731936618637bea1eebeb4	2	0.50,0.90	E0391	iMAT	training_samples=setx2,setx3	C4	G2	0.50	7694a9e011d4ebf44d303658c7154c14143b3e30ce56570e30c917120cb8c5fd	2f971692e2765073ae8a6d2f6fd8f4e97e81f95489df3f2946d4c497d94165b9	11	0	0.14429939582273443	3.5171432100078448e-08	1.4390303388080905	1.0000314927854179	EVALUABLE	EVALUABLE	true	VALID	
4b8a1a049bc139936b28a89d91cc9a2e6daa415593731936618637bea1eebeb4	2	0.50,0.90	E0391	iMAT	training_samples=setx2,setx3	C4	G2	0.90	7694a9e011d4ebf44d303658c7154c14143b3e30ce56570e30c917120cb8c5fd	2f971692e2765073ae8a6d2f6fd8f4e97e81f95489df3f2946d4c497d94165b9	11	0	0.14429939582273443	3.5171432100078448e-08	1.4390303388080905	1.0000314927854179	EVALUABLE	EVALUABLE	true	VALID	
4bfec279b2fd458ba1b77d3b6892464a35c7ed286f1654bfeabb871c0312864c	1	0.50	E0238	RIPTiDe	training_samples=setx1,setx2,setx3	C3	G4	0.50	19fbb71aa82ced106de3de882f00088ca5f4b1403f565423e5efc7d077ebdee7	d2e77ddb8a929cfcb9b862f9915f2d5a3eb09741f2765ade2b0bcd69a98c741d	18	12	0.83621102513584711	0.078292259897551064	6.0340320759803108	1.1641833764420157	EVALUABLE	EVALUABLE	true	VALID	
4c35397e572dd70364600085c373194a3e9b16dac9b7229a72013486cbb6a246	1	0.10	E0255	RIPTiDe	training_samples=setx1,setx3	C2	G1	0.10	308e6dd45a60ade8ee3647a3d186551365d6bdb0fe10c43efc88e4d195371e2e	ad3ae52546893ca463d0370db5c0243a4cd79da6df16d930a4acee2fee7bf062	4	3	0.86464957893918115	0.50000000000031786	1.709917595977211	1.0000000000025429	EVALUABLE	EVALUABLE	true	VALID	
4c47566aa2bdf18285e647e73d89bbbe6ded7173febba6408cc0cf05dd7f5400	1	0.50	E0390	iMAT	training_samples=setx2,setx3	C4	G1	0.50	7694a9e011d4ebf44d303658c7154c14143b3e30ce56570e30c917120cb8c5fd	2399e94f9c2f2213e281a1c60356b9d85bb5023aa4787097cd11d512d71324d9	11	19	0.14429939582273443	0.73665197699419904	1.4390303388080905	3.9562794867961912	EVALUABLE	EVALUABLE	true	VALID	
4c92c70cfdea748e59cd3a0dd99a698723e9802627e9d68c9c29e7243996425f	1	0.10	E0005	CORDA	training_samples=setx1,setx2	C2	G1	0.10	55c97010acdd0cdc52f98f416746a96a3e453dfff25d0e9f08e270f4213bea20	75e0749c689cdf40549186cc03b478b56fab8ea8173a79eed5e10003a7a22fdf	1	4	0.064745544342134309	0.88258890637782006	1.0000000063236132	1.982998633515259	EVALUABLE	EVALUABLE	true	VALID	
4caed03db2c778863f1be255062cb22688ce499f978e69ff573a975b9568d814	1	0.90	E0310	iMAT	training_samples=setx1,setx2	C3	G1	0.90	92885b269975050d47b4a5f3645ef173ad8091cce18e3f543380b638cb89c263	3d31a5031c10d84a628e3b3461faf26a0859778f1eb541826fe6fca30c271467	0	19	0.79048384887259171	0.67693762766075816	0.99999999999999956	1.9638704725692246	EVALUABLE	EVALUABLE	true	VALID	
4cd0790188a88ac3a69cd5da889237cea69c310947698f854fee517e883a0dc8	2	0.10,0.50	E0374	iMAT	training_samples=setx1,setx3	C5	G5	0.10	662e28e0b1c3c4f253ea0b812ef01c3553f0b90aaf9ca7d4828cb94489f04714	8919d77fd866b5a1dc2c64f31ddf3d2b0c854b469fdba34f75f79fe51e478517	4	0	0.49152509797676203	0.0076218572614479285	1.4082216470225564	0.99999999999997868	EVALUABLE	EVALUABLE	true	VALID	
4cd0790188a88ac3a69cd5da889237cea69c310947698f854fee517e883a0dc8	2	0.10,0.50	E0374	iMAT	training_samples=setx1,setx3	C5	G5	0.50	662e28e0b1c3c4f253ea0b812ef01c3553f0b90aaf9ca7d4828cb94489f04714	8919d77fd866b5a1dc2c64f31ddf3d2b0c854b469fdba34f75f79fe51e478517	4	0	0.49152509797676203	0.0076218572614479285	1.4082216470225564	0.99999999999997868	EVALUABLE	EVALUABLE	true	VALID	
4cdaafb555522f675f7decf7db99c50ce9ab3d255636ded3f99ec7c41ae71a39	2	0.10,0.50	E0338	iMAT	training_samples=setx1,setx2,setx3	C3	G4	0.10	73800d86c4f889eaf4f5923c873981e1547c7ce8918bcad431aebb6957e65d8f	ff08294218c297aa70d51d53f700660a24a0daa0e1e0239b74f592559b440776	1	0	4.6432333755674904e-08	0.40685280720186556	1.2795248085257824	0.99999999999999956	EVALUABLE	EVALUABLE	true	VALID	
4cdaafb555522f675f7decf7db99c50ce9ab3d255636ded3f99ec7c41ae71a39	2	0.10,0.50	E0338	iMAT	training_samples=setx1,setx2,setx3	C3	G4	0.50	73800d86c4f889eaf4f5923c873981e1547c7ce8918bcad431aebb6957e65d8f	ff08294218c297aa70d51d53f700660a24a0daa0e1e0239b74f592559b440776	1	0	4.6432333755674904e-08	0.40685280720186556	1.2795248085257824	0.99999999999999956	EVALUABLE	EVALUABLE	true	VALID	
4d0c415e592bd66663979e750d183592b32ec6809a5e217daf828e3522e68bef	1	0.90	E0246	RIPTiDe	training_samples=setx1,setx2,setx3	C5	G2	0.90	0ce9f3c2ac8cacca151a431395692262091d1c40960aa953be66fdd4db529db5	94086566796d80d0f9c2d85880328e829f9c93a2b1ea4cd860f24bc164677df1	17	1	0	0.94436700685762831	nan	3.9574215684939351	NON_EVALUABLE_ZERO_POST_HOLDOUT_MASS under the frozen normalized-weight representation	EVALUABLE	false	NON_EVALUABLE_ZERO_POST_HOLDOUT_MASS under the frozen normalized-weight representation	zero post-holdout mass on one or both condition distributions under frozen normalized weights
4d729048940ec6956d305fb6b8a609f955f28e174615c20a8b316973d94aaecc	3	0.10,0.50,0.90	E0102	GIMME	training_samples=setx1,setx2	C1	G3	0.10	28de38258d03212a0d010bf8ac5b5dd9d5bb9878b0d353e342028da17117a4df	286f012707601f1e660b57acb2076f696d00fd3e81a881142b88a2984425a49b	11	16	3.3841141522383822e-07	0.079126058198425109	1.0000000424174929	1.172333749433865	EVALUABLE	EVALUABLE	true	VALID	
4d729048940ec6956d305fb6b8a609f955f28e174615c20a8b316973d94aaecc	3	0.10,0.50,0.90	E0102	GIMME	training_samples=setx1,setx2	C1	G3	0.50	28de38258d03212a0d010bf8ac5b5dd9d5bb9878b0d353e342028da17117a4df	286f012707601f1e660b57acb2076f696d00fd3e81a881142b88a2984425a49b	11	16	3.3841141522383822e-07	0.079126058198425109	1.0000000424174929	1.172333749433865	EVALUABLE	EVALUABLE	true	VALID	
4d729048940ec6956d305fb6b8a609f955f28e174615c20a8b316973d94aaecc	3	0.10,0.50,0.90	E0102	GIMME	training_samples=setx1,setx2	C1	G3	0.90	28de38258d03212a0d010bf8ac5b5dd9d5bb9878b0d353e342028da17117a4df	286f012707601f1e660b57acb2076f696d00fd3e81a881142b88a2984425a49b	11	16	3.3841141522383822e-07	0.079126058198425109	1.0000000424174929	1.172333749433865	EVALUABLE	EVALUABLE	true	VALID	
4d76696e31873550406e9c03ab9873756ba9310f58d896a5421a299985d47cbe	1	0.90	E0046	CORDA	training_samples=setx1,setx2,setx3	C5	G2	0.90	841f998ef00a0775a812107d6ae160399491e383a3bff330c20f771132333a20	a5e71df85ff7da9f890eb3cd5dcb2b7117ced118c99b3684ee841000c8e0b65d	9	13	0.84626221092733167	0.27013871007390233	2.6308800934600693	1.5770567569880014	EVALUABLE	EVALUABLE	true	VALID	
4d8064fb21a6103ba0b7369b4c32aa1055b6d026c25cab451b8a867e5608137a	1	0.50	E0208	RIPTiDe	training_samples=setx1,setx2	C2	G4	0.50	11f63e714d51958df651c04076bd5d7f5a2734e4e267f5aec63142685b555224	a7e9e73c64d9d3f1375205efa617218792e4925fade6c0b5b1060f1e99eea4db	7	15	0.78372615711363514	0.66666667819853065	4.3765091467803003	2.000000207573553	EVALUABLE	EVALUABLE	true	VALID	
4dbd42e145294ffa7623aff9f5cba338e6ec4f12f31270f0db0c1183601ceec1	1	0.90	E0117	GIMME	training_samples=setx1,setx2	C4	G3	0.90	2484a7b3d30774639d1e8e145aabe81216fe0db96a7c18e649a76b27ca3f4464	286f012707601f1e660b57acb2076f696d00fd3e81a881142b88a2984425a49b	18	16	0.74189452229973107	0.079126058198425109	2.1241423777998811	1.172333749433865	EVALUABLE	EVALUABLE	true	VALID	
4e0760b5ec413696138ea111914d31950dd855960ecde799e3df12b67e9fdd2a	1	0.10	E0348	iMAT	training_samples=setx1,setx2,setx3	C5	G4	0.10	6508b7696b03342dad3d181ee2a37181527c2774e8c448101cc01a92eaafb736	ff08294218c297aa70d51d53f700660a24a0daa0e1e0239b74f592559b440776	11	0	0.56253540792510903	0.40685280720186556	1.132027377557117	0.99999999999999956	EVALUABLE	EVALUABLE	true	VALID	
4e1e85823b69a18a97c02e8e3199991806493d33293f3c8eece8dade74fba39f	1	0.90	E0264	RIPTiDe	training_samples=setx1,setx3	C3	G5	0.90	e844c73dd542d4d132b72865a21c41b6c4f10ecd7b0aaa99437536260376de0e	deff62e02ba886762368ef91d7c5a863a4429df48e2f355d224c8d1fd18fccdc	8	11	0.86876531251054712	0.50214230774207302	4.0363845006979604	1.0172132358409181	EVALUABLE	EVALUABLE	true	VALID	
4f5d36f039bf7d0a7500448d8c886de1d21d7341430526574253d10e831e9574	1	0.90	E0280	RIPTiDe	training_samples=setx2,setx3	C2	G1	0.90	b8fff488dd02060ace5ee1ad971713ffd8ade0edd5a4b26e9d5eac6c4edf1f23	c14d5ed0f81e787adc1913c3553bf14df5bb157bc649ea2040ac26996164fde7	3	14	0.83250297757793668	0.0033918223198557973	1.0025198179079111	1.0065955413257699	EVALUABLE	EVALUABLE	true	VALID	
4fc00ffc32bee1058b98a5bec3cff8979ff41cdaea31e421fc2e73bab1a166d1	1	0.90	E0196	GIMME	training_samples=setx2,setx3	C5	G2	0.90	ec713323665316d5b12598b96ce058a5cbd45046ed44f9acd156cf13bb158862	9479e42871e312cc9e8045bad83182066b1281c061fdcd80c3da7974e75e1d5d	13	1	0.061277558425924306	0.74136764643915098	1.0081772947321537	2.0920829234955569	EVALUABLE	EVALUABLE	true	VALID	
4fe2853552e15595db9dbb6cd1953dbc6af9b5f3f8ff991d931bc338f5493509	1	0.90	E0288	RIPTiDe	training_samples=setx2,setx3	C3	G4	0.90	1f934b3dc4f2e9a459543f2b3f436ecc7f80c3d79a147a95a65090f563b3f59c	c14d5ed0f81e787adc1913c3553bf14df5bb157bc649ea2040ac26996164fde7	17	14	0.94680661206646111	0.041821039936149162	10.201266743894504	1.0844782954773249	EVALUABLE	EVALUABLE	true	VALID	
50345cdf509fb7903156f9b4e047c2db923fe36aca7e032a6ed849630b7ac401	2	0.10,0.50	E0273	RIPTiDe	training_samples=setx1,setx3	C5	G4	0.10	227fe4afb2202ead22ee9d269e9306fc1462f44fe8ea75b1015ef56783db29e3	ad3ae52546893ca463d0370db5c0243a4cd79da6df16d930a4acee2fee7bf062	3	3	2.539080057317733e-12	0.50000002594415682	1.0086547612246182	1.000000207553265	EVALUABLE	EVALUABLE	true	VALID	
50345cdf509fb7903156f9b4e047c2db923fe36aca7e032a6ed849630b7ac401	2	0.10,0.50	E0273	RIPTiDe	training_samples=setx1,setx3	C5	G4	0.50	227fe4afb2202ead22ee9d269e9306fc1462f44fe8ea75b1015ef56783db29e3	ad3ae52546893ca463d0370db5c0243a4cd79da6df16d930a4acee2fee7bf062	3	3	2.539080057317733e-12	0.50000002594415682	1.0086547612246182	1.000000207553265	EVALUABLE	EVALUABLE	true	VALID	
504ef8d6fd8dd37e413ddd3aba571a6fd37b2b6ce46c1a2d85ff5fe9f869f59f	1	0.90	E0078	CORDA	training_samples=setx2,setx3	C1	G4	0.90	72b247f6826b8e7aec7fae9987164b81f087b64e28ead12694c3984bbcbe4c0e	1da91e6cbc1ec44f0d5dcba4f1de73f1c00882c5b1d520c8967a9b59c82629c7	17	15	0.70519912879627034	0.05223334857319839	1.0007764269716513	2.3284632827992651	EVALUABLE	EVALUABLE	true	VALID	
505080c3bbc9f6643198f05b36c8d2ebf187a4e9f173d9a59cad6e12bb10257d	1	0.10	E0047	CORDA	training_samples=setx1,setx2,setx3	C5	G3	0.10	cd8dede3811381f4aad4557d5a03bbea6546afbcf95768c05ee64bcdeb6b9c24	5f016d2a7e8c0ca9be2a0c7a65b58b776f02175e7864b34d3b8946ee4f826f29	7	16	0.64094395183080555	0.020869479776507438	2.461010068739427	1.0001476877215394	EVALUABLE	EVALUABLE	true	VALID	
506b92efd33fc4b1449c0ea6e7e11aa18aa9aead9eb3f596427d1de9697ecdbf	1	0.90	E0089	CORDA	training_samples=setx2,setx3	C3	G5	0.90	aea3a41483799622bd3b3a2a0650bf7c51696eb5f00fff1b0bcf6f837c40d54a	1da91e6cbc1ec44f0d5dcba4f1de73f1c00882c5b1d520c8967a9b59c82629c7	0	15	0.78787034393484667	5.0681681074138396e-12	1.0000112105189656	1.0045891512775165	EVALUABLE	EVALUABLE	true	VALID	
50dafd5d1af1ecbb94f664efec35c876535e91f314a970d9acf6024754632eac	1	0.10	E0261	RIPTiDe	training_samples=setx1,setx3	C3	G2	0.10	4d1501fe617ab14b6500082cc2042069c909392a1a4618550e7586b5f7a19ef7	9acb751aab297b05dffcce05ba0d4171965f31bed5e6496fa98e638081ccf731	17	17	0.77957584268376068	0.8667019526653208	3.9051929981283591	10.185841515284103	EVALUABLE	EVALUABLE	true	VALID	
5106fdb1866dfc02ea2059f585a5196958f750858940e193af56fd0d67ecd86f	1	0.10	E0244	RIPTiDe	training_samples=setx1,setx2,setx3	C4	G5	0.10	0ce9f3c2ac8cacca151a431395692262091d1c40960aa953be66fdd4db529db5	098b45df89a363d775760f4500de0df44b45bb3a6dcc8574121a64dd9471b9f0	17	0	6.0031857262998756e-10	0.88328642193126006	1.0072243059833268	9.0238629751746871	EVALUABLE	EVALUABLE	true	VALID	
51bbf91e883ab829fb3a08bd204c3bd9d2338019e73bd1957748e7d224b31be5	3	0.10,0.50,0.90	E0180	GIMME	training_samples=setx2,setx3	C2	G1	0.10	f644340953d72bb12da093189853db0ff0fc86bb66134a4f3d0a44308555f75e	8ecf30a756db2f84cdf96655aeefb4791848aa4abcee2632121fb0bb43d6914f	1	9	0.045548546711112081	0	1.2064484074095803	nan	EVALUABLE	NON_EVALUABLE_ZERO_POST_HOLDOUT_MASS under the frozen normalized-weight representation	false	NON_EVALUABLE_ZERO_POST_HOLDOUT_MASS under the frozen normalized-weight representation	zero post-holdout mass on one or both condition distributions under frozen normalized weights
51bbf91e883ab829fb3a08bd204c3bd9d2338019e73bd1957748e7d224b31be5	3	0.10,0.50,0.90	E0180	GIMME	training_samples=setx2,setx3	C2	G1	0.50	f644340953d72bb12da093189853db0ff0fc86bb66134a4f3d0a44308555f75e	8ecf30a756db2f84cdf96655aeefb4791848aa4abcee2632121fb0bb43d6914f	1	9	0.045548546711112081	0	1.2064484074095803	nan	EVALUABLE	NON_EVALUABLE_ZERO_POST_HOLDOUT_MASS under the frozen normalized-weight representation	false	NON_EVALUABLE_ZERO_POST_HOLDOUT_MASS under the frozen normalized-weight representation	zero post-holdout mass on one or both condition distributions under frozen normalized weights
51bbf91e883ab829fb3a08bd204c3bd9d2338019e73bd1957748e7d224b31be5	3	0.10,0.50,0.90	E0180	GIMME	training_samples=setx2,setx3	C2	G1	0.90	f644340953d72bb12da093189853db0ff0fc86bb66134a4f3d0a44308555f75e	8ecf30a756db2f84cdf96655aeefb4791848aa4abcee2632121fb0bb43d6914f	1	9	0.045548546711112081	0	1.2064484074095803	nan	EVALUABLE	NON_EVALUABLE_ZERO_POST_HOLDOUT_MASS under the frozen normalized-weight representation	false	NON_EVALUABLE_ZERO_POST_HOLDOUT_MASS under the frozen normalized-weight representation	zero post-holdout mass on one or both condition distributions under frozen normalized weights
520e66a933451269704d59de6e7dbf9e8830c679b24cb3bef71afb5a1cb9306f	1	0.50	E0149	GIMME	training_samples=setx1,setx2,setx3	C5	G5	0.50	820066d04598da3d239f0d23bd4e39ef57a720e88a443581bcf565cd8d99566b	22fb33288e2b49401552b365407f2e2a4a6750f0976fa1f8910e2ea85c79b851	18	3	0.019322170746960743	0.88118016041096525	1.0000000037674974	4.5097690167728599	EVALUABLE	EVALUABLE	true	VALID	
527ff137d8c0a61da7f8f270366bfb20a4e3614b71633507b9dab58f08bc3802	1	0.90	E0139	GIMME	training_samples=setx1,setx2,setx3	C3	G5	0.90	4eeef1890619aa578845837f43661ee7c19b674ff17bfb6610802a3013e3f2fa	3112b8d4aded8669cde397953cf284b43fec3262a7981bef090ac70d789c2f05	0	0	0.29071316070552367	0.69509148612065297	2.1236601906571737	5.177040148089497	EVALUABLE	EVALUABLE	true	VALID	
528c1089d4d15e1c1692b5f849555e460d41dd0babfa66697fca3f97dcc94e99	3	0.10,0.50,0.90	E0056	CORDA	training_samples=setx1,setx3	C2	G2	0.10	7f09d6185ac5d193185190172ff78a97a79908108e64a74fa9c0e5c5b7a315dc	d928590f61fb177ab6a5b0e11cbeca11a10927ce32463c8505150ddf6a21fd31	0	8	0	0.01282364964166105	nan	1.0000633627122968	NON_EVALUABLE_ZERO_POST_HOLDOUT_MASS under the frozen normalized-weight representation	EVALUABLE	false	NON_EVALUABLE_ZERO_POST_HOLDOUT_MASS under the frozen normalized-weight representation	zero post-holdout mass on one or both condition distributions under frozen normalized weights
528c1089d4d15e1c1692b5f849555e460d41dd0babfa66697fca3f97dcc94e99	3	0.10,0.50,0.90	E0056	CORDA	training_samples=setx1,setx3	C2	G2	0.50	7f09d6185ac5d193185190172ff78a97a79908108e64a74fa9c0e5c5b7a315dc	d928590f61fb177ab6a5b0e11cbeca11a10927ce32463c8505150ddf6a21fd31	0	8	0	0.01282364964166105	nan	1.0000633627122968	NON_EVALUABLE_ZERO_POST_HOLDOUT_MASS under the frozen normalized-weight representation	EVALUABLE	false	NON_EVALUABLE_ZERO_POST_HOLDOUT_MASS under the frozen normalized-weight representation	zero post-holdout mass on one or both condition distributions under frozen normalized weights
528c1089d4d15e1c1692b5f849555e460d41dd0babfa66697fca3f97dcc94e99	3	0.10,0.50,0.90	E0056	CORDA	training_samples=setx1,setx3	C2	G2	0.90	7f09d6185ac5d193185190172ff78a97a79908108e64a74fa9c0e5c5b7a315dc	d928590f61fb177ab6a5b0e11cbeca11a10927ce32463c8505150ddf6a21fd31	0	8	0	0.01282364964166105	nan	1.0000633627122968	NON_EVALUABLE_ZERO_POST_HOLDOUT_MASS under the frozen normalized-weight representation	EVALUABLE	false	NON_EVALUABLE_ZERO_POST_HOLDOUT_MASS under the frozen normalized-weight representation	zero post-holdout mass on one or both condition distributions under frozen normalized weights
52967f441b47e5d006a8996eb4acd2ae88219b09c75ff127a7f9c46943a46354	3	0.10,0.50,0.90	E0006	CORDA	training_samples=setx1,setx2	C2	G2	0.10	55c97010acdd0cdc52f98f416746a96a3e453dfff25d0e9f08e270f4213bea20	4e3f6d6ceeb0b403b1b2482130d0f49869cd9e2da46c27f2006cd8893987eb72	1	0	0.064745544342134309	2.3163693185779266e-11	1.0000000063236132	1.0000339995864909	EVALUABLE	EVALUABLE	true	VALID	
52967f441b47e5d006a8996eb4acd2ae88219b09c75ff127a7f9c46943a46354	3	0.10,0.50,0.90	E0006	CORDA	training_samples=setx1,setx2	C2	G2	0.50	55c97010acdd0cdc52f98f416746a96a3e453dfff25d0e9f08e270f4213bea20	4e3f6d6ceeb0b403b1b2482130d0f49869cd9e2da46c27f2006cd8893987eb72	1	0	0.064745544342134309	2.3163693185779266e-11	1.0000000063236132	1.0000339995864909	EVALUABLE	EVALUABLE	true	VALID	
52967f441b47e5d006a8996eb4acd2ae88219b09c75ff127a7f9c46943a46354	3	0.10,0.50,0.90	E0006	CORDA	training_samples=setx1,setx2	C2	G2	0.90	55c97010acdd0cdc52f98f416746a96a3e453dfff25d0e9f08e270f4213bea20	4e3f6d6ceeb0b403b1b2482130d0f49869cd9e2da46c27f2006cd8893987eb72	1	0	0.064745544342134309	2.3163693185779266e-11	1.0000000063236132	1.0000339995864909	EVALUABLE	EVALUABLE	true	VALID	
52f79084964d2a8906b9ff273a472aa3dddd1de76ac356115bc96a4de7be563e	1	0.10	E0200	RIPTiDe	training_samples=setx1,setx2	C1	G1	0.10	11f63e714d51958df651c04076bd5d7f5a2734e4e267f5aec63142685b555224	4f3ac3dd70092e73abd0358812ec03b156828b637df9f9d81f3fa59635a9cea7	7	2	0.87278836314849118	0.66666666666680796	1.0511165364348343	2.0000000000025433	EVALUABLE	EVALUABLE	true	VALID	
52fcc8604299a038bcf804b16e67b4a97459c1017edf65c9f088b1194c26f05c	2	0.10,0.50	E0283	RIPTiDe	training_samples=setx2,setx3	C2	G4	0.10	7ce358edc3a4bd7c08bb6daaad38e6b004b2499c6d5cdc3112e7a7dfa0faee9a	c14d5ed0f81e787adc1913c3553bf14df5bb157bc649ea2040ac26996164fde7	2	14	0.16854445976471022	0.041821039936149162	1.0125137867719272	1.0844782954773249	EVALUABLE	EVALUABLE	true	VALID	
52fcc8604299a038bcf804b16e67b4a97459c1017edf65c9f088b1194c26f05c	2	0.10,0.50	E0283	RIPTiDe	training_samples=setx2,setx3	C2	G4	0.50	7ce358edc3a4bd7c08bb6daaad38e6b004b2499c6d5cdc3112e7a7dfa0faee9a	c14d5ed0f81e787adc1913c3553bf14df5bb157bc649ea2040ac26996164fde7	2	14	0.16854445976471022	0.041821039936149162	1.0125137867719272	1.0844782954773249	EVALUABLE	EVALUABLE	true	VALID	
532374ffc6fc44823660fdc500ae24a2876a35b6dd63c9a3281dcb0847144c33	1	0.10	E0239	RIPTiDe	training_samples=setx1,setx2,setx3	C3	G5	0.10	bc31b2573e3654d69ba4dc987e4d975f87972c67efefef87ebb81d553332baa6	098b45df89a363d775760f4500de0df44b45bb3a6dcc8574121a64dd9471b9f0	10	0	0.79570625554217833	0.88328642193126006	6.2703437421179968	9.0238629751746871	EVALUABLE	EVALUABLE	true	VALID	
537e5a7652d8f26630ee32b0aef9e7f143a1421b0cad46d2270f45d8b7eb505d	3	0.10,0.50,0.90	E0329	iMAT	training_samples=setx1,setx2,setx3	C1	G5	0.10	e2b2ddf86ed085b30c97911b98143c20b673b5444e88af92be27d19bc9e34b8b	ff08294218c297aa70d51d53f700660a24a0daa0e1e0239b74f592559b440776	14	0	0.00060723882936886131	1.2734108212342221e-09	1.8488258933314179	1.0000000692349222	EVALUABLE	EVALUABLE	true	VALID	
537e5a7652d8f26630ee32b0aef9e7f143a1421b0cad46d2270f45d8b7eb505d	3	0.10,0.50,0.90	E0329	iMAT	training_samples=setx1,setx2,setx3	C1	G5	0.50	e2b2ddf86ed085b30c97911b98143c20b673b5444e88af92be27d19bc9e34b8b	ff08294218c297aa70d51d53f700660a24a0daa0e1e0239b74f592559b440776	14	0	0.00060723882936886131	1.2734108212342221e-09	1.8488258933314179	1.0000000692349222	EVALUABLE	EVALUABLE	true	VALID	
537e5a7652d8f26630ee32b0aef9e7f143a1421b0cad46d2270f45d8b7eb505d	3	0.10,0.50,0.90	E0329	iMAT	training_samples=setx1,setx2,setx3	C1	G5	0.90	e2b2ddf86ed085b30c97911b98143c20b673b5444e88af92be27d19bc9e34b8b	ff08294218c297aa70d51d53f700660a24a0daa0e1e0239b74f592559b440776	14	0	0.00060723882936886131	1.2734108212342221e-09	1.8488258933314179	1.0000000692349222	EVALUABLE	EVALUABLE	true	VALID	
53883c0acd5929b1f0bbe5e43e31c5f1bd2bd2d407c79ca5d7555dee83cee4a8	2	0.10,0.50	E0092	CORDA	training_samples=setx2,setx3	C4	G3	0.10	11c92eb5eefda7cc64e53694479d802bc86526faac5ec503ffca49ddb81a3886	5aa9dfc3f05d4356dd4aae2f9affd61bee89f17b06004e56c2253e057c5d0c49	1	19	0.45904012662226179	9.3696706559009968e-05	1.1144074360001481	1.0161934278185878	EVALUABLE	EVALUABLE	true	VALID	
53883c0acd5929b1f0bbe5e43e31c5f1bd2bd2d407c79ca5d7555dee83cee4a8	2	0.10,0.50	E0092	CORDA	training_samples=setx2,setx3	C4	G3	0.50	11c92eb5eefda7cc64e53694479d802bc86526faac5ec503ffca49ddb81a3886	5aa9dfc3f05d4356dd4aae2f9affd61bee89f17b06004e56c2253e057c5d0c49	1	19	0.45904012662226179	9.3696706559009968e-05	1.1144074360001481	1.0161934278185878	EVALUABLE	EVALUABLE	true	VALID	
53cf359785f8cb695d962a243fdf8f1fac96d56c98f0cd18d858279ba5ae3bb3	1	0.50	E0289	RIPTiDe	training_samples=setx2,setx3	C3	G5	0.50	af28908304c57ace3b9aa0eaa9c9dcd3e2342c81cda26873352a9f5c202c71e4	c14d5ed0f81e787adc1913c3553bf14df5bb157bc649ea2040ac26996164fde7	13	14	0.89987413651968662	0.5017784307489479	10.036857512813949	2.8602677895300759	EVALUABLE	EVALUABLE	true	VALID	
53cfabd6b8852a49376c29ec9fb00b50c93fc52cfdd9406be1d22b0ec848f83a	1	0.10	E0150	GIMME	training_samples=setx1,setx3	C1	G1	0.10	cc54b24afa3a8b0db325b37ba076ef5e11869c45d58d69da37b8bcf5223865f5	e1e50204cde2f03790a3f2e74f66636d0dd7fd397ae5d4775dd61d74ccce0b76	17	19	0.89829762731866869	0.0026313855300201805	10.30309717239945	1.0000004299623209	EVALUABLE	EVALUABLE	true	VALID	
53f252b2d962ff21170db52b475aa80ce3d9ff8949f1619ba5db5e553cefd81b	1	0.10	E0353	iMAT	training_samples=setx1,setx3	C1	G4	0.10	450f27facf5b727caade83033c48b7b5204e2c728b3acdf5c1e72afc35ea97fa	ef2e92a37a43cdeb483ca701d692b31c75c771f57aa04380d12d46ee48c01c2d	16	1	0.55696117619449703	0.46081063860694638	2.0312898089044293	1.0000000000000004	EVALUABLE	EVALUABLE	true	VALID	
53f8d2565a52d55ad36c3259e749632187061c0d9fa06cbde9491e6d6babed8d	3	0.10,0.50,0.90	E0024	CORDA	training_samples=setx1,setx2	C5	G5	0.10	c55c11a6e3dc772e3c2e3b973cfb71fd8e41ddd3aef93d8b8367e17dfca95033	4e3f6d6ceeb0b403b1b2482130d0f49869cd9e2da46c27f2006cd8893987eb72	18	0	0.056378013431494511	0	1.6254008945261684	nan	EVALUABLE	NON_EVALUABLE_ZERO_POST_HOLDOUT_MASS under the frozen normalized-weight representation	false	NON_EVALUABLE_ZERO_POST_HOLDOUT_MASS under the frozen normalized-weight representation	zero post-holdout mass on one or both condition distributions under frozen normalized weights
53f8d2565a52d55ad36c3259e749632187061c0d9fa06cbde9491e6d6babed8d	3	0.10,0.50,0.90	E0024	CORDA	training_samples=setx1,setx2	C5	G5	0.50	c55c11a6e3dc772e3c2e3b973cfb71fd8e41ddd3aef93d8b8367e17dfca95033	4e3f6d6ceeb0b403b1b2482130d0f49869cd9e2da46c27f2006cd8893987eb72	18	0	0.056378013431494511	0	1.6254008945261684	nan	EVALUABLE	NON_EVALUABLE_ZERO_POST_HOLDOUT_MASS under the frozen normalized-weight representation	false	NON_EVALUABLE_ZERO_POST_HOLDOUT_MASS under the frozen normalized-weight representation	zero post-holdout mass on one or both condition distributions under frozen normalized weights
53f8d2565a52d55ad36c3259e749632187061c0d9fa06cbde9491e6d6babed8d	3	0.10,0.50,0.90	E0024	CORDA	training_samples=setx1,setx2	C5	G5	0.90	c55c11a6e3dc772e3c2e3b973cfb71fd8e41ddd3aef93d8b8367e17dfca95033	4e3f6d6ceeb0b403b1b2482130d0f49869cd9e2da46c27f2006cd8893987eb72	18	0	0.056378013431494511	0	1.6254008945261684	nan	EVALUABLE	NON_EVALUABLE_ZERO_POST_HOLDOUT_MASS under the frozen normalized-weight representation	false	NON_EVALUABLE_ZERO_POST_HOLDOUT_MASS under the frozen normalized-weight representation	zero post-holdout mass on one or both condition distributions under frozen normalized weights
5490cabb9ca358c743a1b6bffa3375f5e94d68718231ee3ee1fce15dcaeacbfe	1	0.50	E0397	iMAT	training_samples=setx2,setx3	C5	G3	0.50	bff5c3f73cf19abc7b717b31e6022fe37f748cfcb5780ff291baeac5a479232d	7fdc2fa21fea6c28bbc011461e0e1d02cc38dbc1714a1b49baf6218c00d86339	3	17	0.59116975168241681	6.3497605324869255e-06	2.2468508563845031	1.0206033124377409	EVALUABLE	EVALUABLE	true	VALID	
54a7271f33b028312eca9008f31c873590bf3d231e618ef54c3dc846218df956	1	0.50	E0353	iMAT	training_samples=setx1,setx3	C1	G4	0.50	34b996ca187b21a6172a8aab384066223b8fe5a1df3761648e1a25a5d93e0572	ef2e92a37a43cdeb483ca701d692b31c75c771f57aa04380d12d46ee48c01c2d	15	1	0.76364406360875536	0.46081063860694638	1.9893780099118554	1.0000000000000004	EVALUABLE	EVALUABLE	true	VALID	
54e3b6746d4c38d1e9c1a909addea97bf17c60e64fa0d4f09b9ed777124b51b9	3	0.10,0.50,0.90	E0147	GIMME	training_samples=setx1,setx2,setx3	C5	G3	0.10	820066d04598da3d239f0d23bd4e39ef57a720e88a443581bcf565cd8d99566b	9d089ba3b0e645d3e16cc9b9a500224416307f7ee4379f38d87bf989d2174ec1	18	19	0.019322170746960743	0.0088464214551963183	1.0000000037674974	1.4538459210648693	EVALUABLE	EVALUABLE	true	VALID	
54e3b6746d4c38d1e9c1a909addea97bf17c60e64fa0d4f09b9ed777124b51b9	3	0.10,0.50,0.90	E0147	GIMME	training_samples=setx1,setx2,setx3	C5	G3	0.50	820066d04598da3d239f0d23bd4e39ef57a720e88a443581bcf565cd8d99566b	9d089ba3b0e645d3e16cc9b9a500224416307f7ee4379f38d87bf989d2174ec1	18	19	0.019322170746960743	0.0088464214551963183	1.0000000037674974	1.4538459210648693	EVALUABLE	EVALUABLE	true	VALID	
54e3b6746d4c38d1e9c1a909addea97bf17c60e64fa0d4f09b9ed777124b51b9	3	0.10,0.50,0.90	E0147	GIMME	training_samples=setx1,setx2,setx3	C5	G3	0.90	820066d04598da3d239f0d23bd4e39ef57a720e88a443581bcf565cd8d99566b	9d089ba3b0e645d3e16cc9b9a500224416307f7ee4379f38d87bf989d2174ec1	18	19	0.019322170746960743	0.0088464214551963183	1.0000000037674974	1.4538459210648693	EVALUABLE	EVALUABLE	true	VALID	
558bbca30ca2b8f4bd109edea0caf04b6f8b381b7068668dec4bdcc133659f81	1	0.50	E0398	iMAT	training_samples=setx2,setx3	C5	G4	0.50	bff5c3f73cf19abc7b717b31e6022fe37f748cfcb5780ff291baeac5a479232d	4aef105489baf9bef63ed97725d1de0a50cea4bd591f4c627ed30ca8b0d0f088	3	3	0.59116975168241681	0.70252741989967427	2.2468508563845031	2.6694229783419354	EVALUABLE	EVALUABLE	true	VALID	
55f543333e00ddb12a033f1812a69c70b1ba33bb3872cb067d183cefae266843	1	0.10	E0043	CORDA	training_samples=setx1,setx2,setx3	C4	G4	0.10	102f69f6fa8557e4e0067accc8216a851f9d96d112c3c1db033468920969167f	7245d7cae566682e53e552376e5a7ab8b078a0afc829d984b35659d88f02faf9	3	2	0.47166946811266552	0.89318091042304615	1.4317915679526623	5.4663262905705885	EVALUABLE	EVALUABLE	true	VALID	
5672ae93fbca2ebb07e7a6a670b88a6fe0746d8d1812ded5ee5539867a92b708	1	0.50	E0223	RIPTiDe	training_samples=setx1,setx2	C5	G4	0.50	4989824e2df2467b6e60573ab17ca31c35d0a30f6e54c8dfeb87847ca960b723	a7e9e73c64d9d3f1375205efa617218792e4925fade6c0b5b1060f1e99eea4db	17	15	0.0061606563835081563	0.66666667819853065	1.0120116284821428	2.000000207573553	EVALUABLE	EVALUABLE	true	VALID	
569b32684e363f597a47b89a7a69cd9f50399a3e46b18f7e57eeec5209c62ea4	1	0.10	E0190	GIMME	training_samples=setx2,setx3	C4	G1	0.10	ec713323665316d5b12598b96ce058a5cbd45046ed44f9acd156cf13bb158862	8ecf30a756db2f84cdf96655aeefb4791848aa4abcee2632121fb0bb43d6914f	13	9	0.68532626770174399	0	4.3767973435134619	nan	EVALUABLE	NON_EVALUABLE_ZERO_POST_HOLDOUT_MASS under the frozen normalized-weight representation	false	NON_EVALUABLE_ZERO_POST_HOLDOUT_MASS under the frozen normalized-weight representation	zero post-holdout mass on one or both condition distributions under frozen normalized weights
56a21ae6d67907a974b728eb48d07d827860dbe03619a1497fe0a30c0a93b4cb	1	0.50	E0012	CORDA	training_samples=setx1,setx2	C3	G3	0.50	55c97010acdd0cdc52f98f416746a96a3e453dfff25d0e9f08e270f4213bea20	9b4dfe2ea6cf46ea72d0be1eb2199b4905b978c9c0654eaa8dc8492982ab6f48	1	8	0.21478429152419132	0.86593782296092314	1.000183781403492	7.1226985020621267	EVALUABLE	EVALUABLE	true	VALID	
56abf9587aac429863a407a731b795c0f1396316a850024b15cf46fa74d37d5d	2	0.10,0.50	E0306	iMAT	training_samples=setx1,setx2	C2	G2	0.10	646a5c644a59a85946ca3a5bdaa04f073d39a57cae74abbda4fc566e8f03094d	4a2fb998e907a76d9911c65dc23b53d134425ac6130d04103f1e03f7be8c05b6	1	0	0.42978133871479074	1.6805334901448532e-11	0.99999999999999956	1.0000101044181642	EVALUABLE	EVALUABLE	true	VALID	
56abf9587aac429863a407a731b795c0f1396316a850024b15cf46fa74d37d5d	2	0.10,0.50	E0306	iMAT	training_samples=setx1,setx2	C2	G2	0.50	646a5c644a59a85946ca3a5bdaa04f073d39a57cae74abbda4fc566e8f03094d	4a2fb998e907a76d9911c65dc23b53d134425ac6130d04103f1e03f7be8c05b6	1	0	0.42978133871479074	1.6805334901448532e-11	0.99999999999999956	1.0000101044181642	EVALUABLE	EVALUABLE	true	VALID	
56fa0585e8187a364a78f845ac3c020b2005798c314736ea2e16bf58cddf57e1	3	0.10,0.50,0.90	E0185	GIMME	training_samples=setx2,setx3	C3	G1	0.10	f644340953d72bb12da093189853db0ff0fc86bb66134a4f3d0a44308555f75e	8ecf30a756db2f84cdf96655aeefb4791848aa4abcee2632121fb0bb43d6914f	1	9	0.020924796634955611	0	1.171543382551951	nan	EVALUABLE	NON_EVALUABLE_ZERO_POST_HOLDOUT_MASS under the frozen normalized-weight representation	false	NON_EVALUABLE_ZERO_POST_HOLDOUT_MASS under the frozen normalized-weight representation	zero post-holdout mass on one or both condition distributions under frozen normalized weights
56fa0585e8187a364a78f845ac3c020b2005798c314736ea2e16bf58cddf57e1	3	0.10,0.50,0.90	E0185	GIMME	training_samples=setx2,setx3	C3	G1	0.50	f644340953d72bb12da093189853db0ff0fc86bb66134a4f3d0a44308555f75e	8ecf30a756db2f84cdf96655aeefb4791848aa4abcee2632121fb0bb43d6914f	1	9	0.020924796634955611	0	1.171543382551951	nan	EVALUABLE	NON_EVALUABLE_ZERO_POST_HOLDOUT_MASS under the frozen normalized-weight representation	false	NON_EVALUABLE_ZERO_POST_HOLDOUT_MASS under the frozen normalized-weight representation	zero post-holdout mass on one or both condition distributions under frozen normalized weights
56fa0585e8187a364a78f845ac3c020b2005798c314736ea2e16bf58cddf57e1	3	0.10,0.50,0.90	E0185	GIMME	training_samples=setx2,setx3	C3	G1	0.90	f644340953d72bb12da093189853db0ff0fc86bb66134a4f3d0a44308555f75e	8ecf30a756db2f84cdf96655aeefb4791848aa4abcee2632121fb0bb43d6914f	1	9	0.020924796634955611	0	1.171543382551951	nan	EVALUABLE	NON_EVALUABLE_ZERO_POST_HOLDOUT_MASS under the frozen normalized-weight representation	false	NON_EVALUABLE_ZERO_POST_HOLDOUT_MASS under the frozen normalized-weight representation	zero post-holdout mass on one or both condition distributions under frozen normalized weights
572b05a2abe39da9462ba48fa265b9ef0aa58055c8ebb1ed79ed8b45fd3cb7d5	1	0.10	E0049	CORDA	training_samples=setx1,setx2,setx3	C5	G5	0.10	cd8dede3811381f4aad4557d5a03bbea6546afbcf95768c05ee64bcdeb6b9c24	a5e71df85ff7da9f890eb3cd5dcb2b7117ced118c99b3684ee841000c8e0b65d	7	13	0.64094395183080555	0.077931777908435307	2.461010068739427	1.1521560763699514	EVALUABLE	EVALUABLE	true	VALID	
5765345e7fe2fff47b03d048a9e8189e7db0a4290fc0264ff878e27982c17fc6	1	0.90	E0086	CORDA	training_samples=setx2,setx3	C3	G2	0.90	aea3a41483799622bd3b3a2a0650bf7c51696eb5f00fff1b0bcf6f837c40d54a	1da91e6cbc1ec44f0d5dcba4f1de73f1c00882c5b1d520c8967a9b59c82629c7	0	15	0.78787034393484667	5.9220414986294045e-06	1.0000112105189656	1.1646680046001436	EVALUABLE	EVALUABLE	true	VALID	
576d68601eaf08f8e047a548df22e956f6ad4321beb634b81d467943679b3aa4	1	0.90	E0211	RIPTiDe	training_samples=setx1,setx2	C3	G2	0.90	c9f35708db7fcd7ac314493307d80c85de78df9c6ae04b9ca9abdd6664a6ff8e	fc5a6e7ac9885276c1940614d572c21e145840e761a1b814fe18426f44ee7db0	2	8	0.9567130925299222	0.9095429793183355	3.3670360343728247	7.9464033130762948	EVALUABLE	EVALUABLE	true	VALID	
577b9a2540778203babbd2affb4516be58fcda4e55d2ac256f9aa0bb07033258	1	0.90	E0330	iMAT	training_samples=setx1,setx2,setx3	C2	G1	0.90	73800d86c4f889eaf4f5923c873981e1547c7ce8918bcad431aebb6957e65d8f	de6789b73fad901aa5115f8766bed663440158b44f4333e039ed0b84098afacb	1	5	1.6288439486089601e-09	0.92808295093907289	1.1217230781177472	3.6870847177348458	EVALUABLE	EVALUABLE	true	VALID	
578e730364acc26a1240476e7bd5af81ae43c76d40312c5aa796c6d23574dd54	1	0.10	E0247	RIPTiDe	training_samples=setx1,setx2,setx3	C5	G3	0.10	0ce9f3c2ac8cacca151a431395692262091d1c40960aa953be66fdd4db529db5	735464900e0db571bc0bd7f30fe3714c82f07057a86ebdd7484fd97746a089c5	17	8	0	0.87201550379511916	nan	1.0530162891999366	NON_EVALUABLE_ZERO_POST_HOLDOUT_MASS under the frozen normalized-weight representation	EVALUABLE	false	NON_EVALUABLE_ZERO_POST_HOLDOUT_MASS under the frozen normalized-weight representation	zero post-holdout mass on one or both condition distributions under frozen normalized weights
57a507102a8fabb69f16c84f4729d03bca143831c9ca54c52dd6a9f5eb756942	1	0.50	E0038	CORDA	training_samples=setx1,setx2,setx3	C3	G4	0.50	102f69f6fa8557e4e0067accc8216a851f9d96d112c3c1db033468920969167f	c369920187a75d899f06ea4bdc2750fd086c9e7dff9e33c43812a3ed0dd71628	3	12	0.20894673440458977	0.81196589996307045	1.0088504246050884	5.4041597018660799	EVALUABLE	EVALUABLE	true	VALID	
57c0380d476f9498b220915b2a86913dc1dd996bc58e1e45fc4c201d51487732	1	0.10	E0263	RIPTiDe	training_samples=setx1,setx3	C3	G4	0.10	4d1501fe617ab14b6500082cc2042069c909392a1a4618550e7586b5f7a19ef7	ad3ae52546893ca463d0370db5c0243a4cd79da6df16d930a4acee2fee7bf062	17	3	0.77957584268376068	0.50000002594415682	3.9051929981283591	1.000000207553265	EVALUABLE	EVALUABLE	true	VALID	
581ba4531d6cbf45ed5a4e0711307158a10c1706637f65d3677a6151bd7dc9b8	2	0.10,0.50	E0175	GIMME	training_samples=setx2,setx3	C1	G1	0.10	ec713323665316d5b12598b96ce058a5cbd45046ed44f9acd156cf13bb158862	8ecf30a756db2f84cdf96655aeefb4791848aa4abcee2632121fb0bb43d6914f	13	9	0.22794341137265994	0	1.1947376033778843	nan	EVALUABLE	NON_EVALUABLE_ZERO_POST_HOLDOUT_MASS under the frozen normalized-weight representation	false	NON_EVALUABLE_ZERO_POST_HOLDOUT_MASS under the frozen normalized-weight representation	zero post-holdout mass on one or both condition distributions under frozen normalized weights
581ba4531d6cbf45ed5a4e0711307158a10c1706637f65d3677a6151bd7dc9b8	2	0.10,0.50	E0175	GIMME	training_samples=setx2,setx3	C1	G1	0.50	ec713323665316d5b12598b96ce058a5cbd45046ed44f9acd156cf13bb158862	8ecf30a756db2f84cdf96655aeefb4791848aa4abcee2632121fb0bb43d6914f	13	9	0.22794341137265994	0	1.1947376033778843	nan	EVALUABLE	NON_EVALUABLE_ZERO_POST_HOLDOUT_MASS under the frozen normalized-weight representation	false	NON_EVALUABLE_ZERO_POST_HOLDOUT_MASS under the frozen normalized-weight representation	zero post-holdout mass on one or both condition distributions under frozen normalized weights
58c5e427ee4076c3cab5a21f4ab72ab90cd2b710282ff49ff32ff05bb977e7d7	1	0.50	E0286	RIPTiDe	training_samples=setx2,setx3	C3	G2	0.50	af28908304c57ace3b9aa0eaa9c9dcd3e2342c81cda26873352a9f5c202c71e4	92005096ea629b019ec57ef0964c5143fb562d0bde9fd48f441494468c8f81e1	13	17	0.89987413651968662	0.96801318064576458	10.036857512813949	8.2908095304682856	EVALUABLE	EVALUABLE	true	VALID	
58fbe7a25c60ae909e5d724a056e9e99d04d1559011e4ad1c92b912fc5c9df6c	1	0.90	E0268	RIPTiDe	training_samples=setx1,setx3	C4	G4	0.90	227fe4afb2202ead22ee9d269e9306fc1462f44fe8ea75b1015ef56783db29e3	deff62e02ba886762368ef91d7c5a863a4429df48e2f355d224c8d1fd18fccdc	3	11	7.6612478538962137e-07	0.50000002594415682	1.1135922927589117	1.000000207553265	EVALUABLE	EVALUABLE	true	VALID	
5970606c4b232355932b20a1b365da0a771ed8532d03b1a67413aba973aabc71	1	0.10	E0222	RIPTiDe	training_samples=setx1,setx2	C5	G3	0.10	4989824e2df2467b6e60573ab17ca31c35d0a30f6e54c8dfeb87847ca960b723	4f3ac3dd70092e73abd0358812ec03b156828b637df9f9d81f3fa59635a9cea7	17	2	0.0061606563835081563	0.66667367748945972	1.0120116284821428	2.0001261955076726	EVALUABLE	EVALUABLE	true	VALID	
59bd98a5a9cfee8552f6d7fc59fe261a2cfe3e21fc7fc8a2a5d761202f9e0710	2	0.10,0.50	E0250	RIPTiDe	training_samples=setx1,setx3	C1	G1	0.10	227fe4afb2202ead22ee9d269e9306fc1462f44fe8ea75b1015ef56783db29e3	ad3ae52546893ca463d0370db5c0243a4cd79da6df16d930a4acee2fee7bf062	3	3	6.3129538027562049e-05	0.50000000000031786	1.317146526385899	1.0000000000025429	EVALUABLE	EVALUABLE	true	VALID	
59bd98a5a9cfee8552f6d7fc59fe261a2cfe3e21fc7fc8a2a5d761202f9e0710	2	0.10,0.50	E0250	RIPTiDe	training_samples=setx1,setx3	C1	G1	0.50	227fe4afb2202ead22ee9d269e9306fc1462f44fe8ea75b1015ef56783db29e3	ad3ae52546893ca463d0370db5c0243a4cd79da6df16d930a4acee2fee7bf062	3	3	6.3129538027562049e-05	0.50000000000031786	1.317146526385899	1.0000000000025429	EVALUABLE	EVALUABLE	true	VALID	
59df62c5ea789b0f3358f7307e0b60b8cffc5fe2b52f86afb6dad3719921bd9c	2	0.10,0.50	E0373	iMAT	training_samples=setx1,setx3	C5	G4	0.10	662e28e0b1c3c4f253ea0b812ef01c3553f0b90aaf9ca7d4828cb94489f04714	ef2e92a37a43cdeb483ca701d692b31c75c771f57aa04380d12d46ee48c01c2d	4	1	0.49152509797676203	0.46081063860694638	1.4082216470225564	1.0000000000000004	EVALUABLE	EVALUABLE	true	VALID	
59df62c5ea789b0f3358f7307e0b60b8cffc5fe2b52f86afb6dad3719921bd9c	2	0.10,0.50	E0373	iMAT	training_samples=setx1,setx3	C5	G4	0.50	662e28e0b1c3c4f253ea0b812ef01c3553f0b90aaf9ca7d4828cb94489f04714	ef2e92a37a43cdeb483ca701d692b31c75c771f57aa04380d12d46ee48c01c2d	4	1	0.49152509797676203	0.46081063860694638	1.4082216470225564	1.0000000000000004	EVALUABLE	EVALUABLE	true	VALID	
5a25962897a3d5ca1d161488c3c7d1e8d5918324bdb83c1e6de3c6d7f9fd15f2	3	0.10,0.50,0.90	E0387	iMAT	training_samples=setx2,setx3	C3	G3	0.10	e0894b04544dae489a65af0d3d2e6b796b8d625f6b5e2a273115d0c767e3e693	7fdc2fa21fea6c28bbc011461e0e1d02cc38dbc1714a1b49baf6218c00d86339	6	17	0.044605963700236728	6.3497605324869255e-06	1.000000004521491	1.0206033124377409	EVALUABLE	EVALUABLE	true	VALID	
5a25962897a3d5ca1d161488c3c7d1e8d5918324bdb83c1e6de3c6d7f9fd15f2	3	0.10,0.50,0.90	E0387	iMAT	training_samples=setx2,setx3	C3	G3	0.50	e0894b04544dae489a65af0d3d2e6b796b8d625f6b5e2a273115d0c767e3e693	7fdc2fa21fea6c28bbc011461e0e1d02cc38dbc1714a1b49baf6218c00d86339	6	17	0.044605963700236728	6.3497605324869255e-06	1.000000004521491	1.0206033124377409	EVALUABLE	EVALUABLE	true	VALID	
5a25962897a3d5ca1d161488c3c7d1e8d5918324bdb83c1e6de3c6d7f9fd15f2	3	0.10,0.50,0.90	E0387	iMAT	training_samples=setx2,setx3	C3	G3	0.90	e0894b04544dae489a65af0d3d2e6b796b8d625f6b5e2a273115d0c767e3e693	7fdc2fa21fea6c28bbc011461e0e1d02cc38dbc1714a1b49baf6218c00d86339	6	17	0.044605963700236728	6.3497605324869255e-06	1.000000004521491	1.0206033124377409	EVALUABLE	EVALUABLE	true	VALID	
5a62d25614572138d3633f651e1e3d5c4694a0b5b836c4b221efac6e402e58f5	1	0.10	E0294	RIPTiDe	training_samples=setx2,setx3	C4	G5	0.10	7ce358edc3a4bd7c08bb6daaad38e6b004b2499c6d5cdc3112e7a7dfa0faee9a	473d4f1bd46e522454faaf88efcb4858d6c533e112800f714ecae23ee6efc94e	2	3	5.6906455547789392e-08	0.74241171201616196	0.99999999897131486	2.0421436316409589	EVALUABLE	EVALUABLE	true	VALID	
5a79dde43b68e1912fb60735c46945e580dad5fff5a1aa764cb0748733a18e75	1	0.90	E0171	GIMME	training_samples=setx1,setx3	C5	G2	0.90	652d4fa99bc208956b898fae76f9f32fe69a417d4073ce7544aad1ca9cc48dfb	0613270f4140a02dc933da8f58c1eea1dfd57164ef86989cfbd7dbf0d510376d	2	13	0.62155846847818952	0.00037537127029696471	1.4904951286750303	1.4909527858096157	EVALUABLE	EVALUABLE	true	VALID	
5ab99c9b6215e34c31dc083c6dca28d74b00ea0a90ce4a3d9f2a64fd8adea510	1	0.90	E0313	iMAT	training_samples=setx1,setx2	C3	G4	0.90	92885b269975050d47b4a5f3645ef173ad8091cce18e3f543380b638cb89c263	4a2fb998e907a76d9911c65dc23b53d134425ac6130d04103f1e03f7be8c05b6	0	0	0.79048384887259171	0.71959988885400339	0.99999999999999956	1.0000000000001925	EVALUABLE	EVALUABLE	true	VALID	
5b032e67480dbb681718e16bd9b607777115bb37577a567b3a07068f2f69f343	1	0.90	E0251	RIPTiDe	training_samples=setx1,setx3	C1	G2	0.90	227fe4afb2202ead22ee9d269e9306fc1462f44fe8ea75b1015ef56783db29e3	904a081f7eef1e7cc57d16491196f0d4a843d7e3f52c6a1ec968499a88939007	3	18	6.3129538027562049e-05	0.92760500315089045	1.317146526385899	9.9734639582738964	EVALUABLE	EVALUABLE	true	VALID	
5b5c08bf128df6203e082fb209887f4109dc9c5ce0db8eb8931e2dab28b0bad9	1	0.10	E0033	CORDA	training_samples=setx1,setx2,setx3	C2	G4	0.10	102f69f6fa8557e4e0067accc8216a851f9d96d112c3c1db033468920969167f	7245d7cae566682e53e552376e5a7ab8b078a0afc829d984b35659d88f02faf9	3	2	0.055860077059445623	0.89318091042304615	1.0000178993636453	5.4663262905705885	EVALUABLE	EVALUABLE	true	VALID	
5b9f364a87b9e5b3b87290ba1db1fb684d7f43fccfa3946ffdd5a3bfe20e1ba1	1	0.90	E0036	CORDA	training_samples=setx1,setx2,setx3	C3	G2	0.90	593312d7347feeecef6821743059de3d62c9a9e7bc1e0d7af7214fa92b03e33f	a5e71df85ff7da9f890eb3cd5dcb2b7117ced118c99b3684ee841000c8e0b65d	4	13	0.7919738396283813	0.27013871007390233	1.0023274635226753	1.5770567569880014	EVALUABLE	EVALUABLE	true	VALID	
5be6c13025ff202d9fe8dc865c4bef51d99ab9577ebe7c22e3cb3b844699dd7e	1	0.50	E0152	GIMME	training_samples=setx1,setx3	C1	G3	0.50	f6c6381dd019c536c97d40a0b4e86571772940c92642a97185ad8e44114166ba	e1e50204cde2f03790a3f2e74f66636d0dd7fd397ae5d4775dd61d74ccce0b76	14	19	0.91170539885360324	0.060660545194369586	10.278632768206755	1.0023140947557041	EVALUABLE	EVALUABLE	true	VALID	
5dee115c8ae636ecd5e224e8925862b5264255308c45368b73c91219a5d8a637	1	0.90	E0273	RIPTiDe	training_samples=setx1,setx3	C5	G4	0.90	227fe4afb2202ead22ee9d269e9306fc1462f44fe8ea75b1015ef56783db29e3	deff62e02ba886762368ef91d7c5a863a4429df48e2f355d224c8d1fd18fccdc	3	11	2.539080057317733e-12	0.50000002594415682	1.0086547612246182	1.000000207553265	EVALUABLE	EVALUABLE	true	VALID	
5e3663239a0471045a05a7c8e3e0e33da90b02019c4e4b32da401b818e0335a9	1	0.50	E0259	RIPTiDe	training_samples=setx1,setx3	C2	G5	0.50	227fe4afb2202ead22ee9d269e9306fc1462f44fe8ea75b1015ef56783db29e3	ad3ae52546893ca463d0370db5c0243a4cd79da6df16d930a4acee2fee7bf062	3	3	0.34889986098278924	0.50214230774207302	3.8506118423343687	1.0172132358409181	EVALUABLE	EVALUABLE	true	VALID	
5ec229dad4eed36e19a1dc2f237fedefdd0c4d47895b98f380e9763815836e93	1	0.90	E0151	GIMME	training_samples=setx1,setx3	C1	G2	0.90	e0656ed344a040c1c31d47313c246b5017dfe95469a56b860f75b9359b07ba86	0613270f4140a02dc933da8f58c1eea1dfd57164ef86989cfbd7dbf0d510376d	7	13	0.90744501934742294	0.00037537127029696471	10.280746338260672	1.4909527858096157	EVALUABLE	EVALUABLE	true	VALID	
5ec84b8ac15b4242c694de8727f32f1cc11999cbe762a3eea2974daae4bb0e6e	1	0.90	E0305	iMAT	training_samples=setx1,setx2	C2	G1	0.90	92885b269975050d47b4a5f3645ef173ad8091cce18e3f543380b638cb89c263	3d31a5031c10d84a628e3b3461faf26a0859778f1eb541826fe6fca30c271467	0	19	0.57021866128520915	0.67693762766075816	0.99999999999999956	1.9638704725692246	EVALUABLE	EVALUABLE	true	VALID	
5ed91f26838cf85ccc24c8c85ad962fc927eb1e24cfc417545fbae49684a4f33	1	0.90	E0252	RIPTiDe	training_samples=setx1,setx3	C1	G3	0.90	227fe4afb2202ead22ee9d269e9306fc1462f44fe8ea75b1015ef56783db29e3	deff62e02ba886762368ef91d7c5a863a4429df48e2f355d224c8d1fd18fccdc	3	11	6.3129538027562049e-05	0.50001571387751476	1.317146526385899	1.0001257149743761	EVALUABLE	EVALUABLE	true	VALID	
5f221547e656900b9bfe807f5db743523df92eb6207f33f33363f9f5deb075b8	1	0.50	E0181	GIMME	training_samples=setx2,setx3	C2	G2	0.50	f644340953d72bb12da093189853db0ff0fc86bb66134a4f3d0a44308555f75e	0b742d893c7ca2cb7d6c3602f9b3060c69defdcca63058c841cf70d5b22d4480	1	0	0.045548546711112081	0.51247731842621946	1.2064484074095803	2.8568975681358206	EVALUABLE	EVALUABLE	true	VALID	
5f2e68112a80166f807be131009b6364c3b633a9b0fbfbf32e0dc49147245b60	3	0.10,0.50,0.90	E0055	CORDA	training_samples=setx1,setx3	C2	G1	0.10	7f09d6185ac5d193185190172ff78a97a79908108e64a74fa9c0e5c5b7a315dc	64ab1614c0c568b77bd29ca3d3623f3ba1823bd3bf91fd0f4dc032039ade4cc3	0	15	0	0.023826284701584988	nan	2.2103814319660819	NON_EVALUABLE_ZERO_POST_HOLDOUT_MASS under the frozen normalized-weight representation	EVALUABLE	false	NON_EVALUABLE_ZERO_POST_HOLDOUT_MASS under the frozen normalized-weight representation	zero post-holdout mass on one or both condition distributions under frozen normalized weights
5f2e68112a80166f807be131009b6364c3b633a9b0fbfbf32e0dc49147245b60	3	0.10,0.50,0.90	E0055	CORDA	training_samples=setx1,setx3	C2	G1	0.50	7f09d6185ac5d193185190172ff78a97a79908108e64a74fa9c0e5c5b7a315dc	64ab1614c0c568b77bd29ca3d3623f3ba1823bd3bf91fd0f4dc032039ade4cc3	0	15	0	0.023826284701584988	nan	2.2103814319660819	NON_EVALUABLE_ZERO_POST_HOLDOUT_MASS under the frozen normalized-weight representation	EVALUABLE	false	NON_EVALUABLE_ZERO_POST_HOLDOUT_MASS under the frozen normalized-weight representation	zero post-holdout mass on one or both condition distributions under frozen normalized weights
5f2e68112a80166f807be131009b6364c3b633a9b0fbfbf32e0dc49147245b60	3	0.10,0.50,0.90	E0055	CORDA	training_samples=setx1,setx3	C2	G1	0.90	7f09d6185ac5d193185190172ff78a97a79908108e64a74fa9c0e5c5b7a315dc	64ab1614c0c568b77bd29ca3d3623f3ba1823bd3bf91fd0f4dc032039ade4cc3	0	15	0	0.023826284701584988	nan	2.2103814319660819	NON_EVALUABLE_ZERO_POST_HOLDOUT_MASS under the frozen normalized-weight representation	EVALUABLE	false	NON_EVALUABLE_ZERO_POST_HOLDOUT_MASS under the frozen normalized-weight representation	zero post-holdout mass on one or both condition distributions under frozen normalized weights
5fc4cc1f3329938597a5b0f6de0d579db70daa12381816c4063429f90ad4695b	1	0.50	E0388	iMAT	training_samples=setx2,setx3	C3	G4	0.50	e0894b04544dae489a65af0d3d2e6b796b8d625f6b5e2a273115d0c767e3e693	4aef105489baf9bef63ed97725d1de0a50cea4bd591f4c627ed30ca8b0d0f088	6	3	0.044605963700236728	0.70252741989967427	1.000000004521491	2.6694229783419354	EVALUABLE	EVALUABLE	true	VALID	
5fe3d97e7aa150ed5b0c0ae23b0f33271e85db02e9084fc97930f07ab774bbe2	3	0.10,0.50,0.90	E0379	iMAT	training_samples=setx2,setx3	C1	G5	0.10	93bcac7a72697a36bd2ebdfcfec80d11ce9ecaab48365dbcfddc2af85158d388	2f971692e2765073ae8a6d2f6fd8f4e97e81f95489df3f2946d4c497d94165b9	19	0	0.029678835029393169	4.3214321010509593e-12	1.0642276241648672	0.99993274541767907	EVALUABLE	EVALUABLE	true	VALID	
5fe3d97e7aa150ed5b0c0ae23b0f33271e85db02e9084fc97930f07ab774bbe2	3	0.10,0.50,0.90	E0379	iMAT	training_samples=setx2,setx3	C1	G5	0.50	93bcac7a72697a36bd2ebdfcfec80d11ce9ecaab48365dbcfddc2af85158d388	2f971692e2765073ae8a6d2f6fd8f4e97e81f95489df3f2946d4c497d94165b9	19	0	0.029678835029393169	4.3214321010509593e-12	1.0642276241648672	0.99993274541767907	EVALUABLE	EVALUABLE	true	VALID	
5fe3d97e7aa150ed5b0c0ae23b0f33271e85db02e9084fc97930f07ab774bbe2	3	0.10,0.50,0.90	E0379	iMAT	training_samples=setx2,setx3	C1	G5	0.90	93bcac7a72697a36bd2ebdfcfec80d11ce9ecaab48365dbcfddc2af85158d388	2f971692e2765073ae8a6d2f6fd8f4e97e81f95489df3f2946d4c497d94165b9	19	0	0.029678835029393169	4.3214321010509593e-12	1.0642276241648672	0.99993274541767907	EVALUABLE	EVALUABLE	true	VALID	
5ffa48e9342788d7ca04235beedc2c18478f818efdd2984b1ee4cced24c5b52b	1	0.90	E0094	CORDA	training_samples=setx2,setx3	C4	G5	0.90	aea3a41483799622bd3b3a2a0650bf7c51696eb5f00fff1b0bcf6f837c40d54a	1da91e6cbc1ec44f0d5dcba4f1de73f1c00882c5b1d520c8967a9b59c82629c7	0	15	0.56583110423809879	5.0681681074138396e-12	1.0918927170938528	1.0045891512775165	EVALUABLE	EVALUABLE	true	VALID	
6071a61243a345ab717465868eb5e680b7aceceeb503a4069be6117eb543b667	1	0.10	E0260	RIPTiDe	training_samples=setx1,setx3	C3	G1	0.10	4d1501fe617ab14b6500082cc2042069c909392a1a4618550e7586b5f7a19ef7	ad3ae52546893ca463d0370db5c0243a4cd79da6df16d930a4acee2fee7bf062	17	3	0.77957584268376068	0.50000000000031786	3.9051929981283591	1.0000000000025429	EVALUABLE	EVALUABLE	true	VALID	
613bb7f0b964ab235417ab8161366918693ec91396ac11ea02af00f994fbc79e	1	0.50	E0281	RIPTiDe	training_samples=setx2,setx3	C2	G2	0.50	7ce358edc3a4bd7c08bb6daaad38e6b004b2499c6d5cdc3112e7a7dfa0faee9a	92005096ea629b019ec57ef0964c5143fb562d0bde9fd48f441494468c8f81e1	2	17	0.16854445976471022	0.96801318064576458	1.0125137867719272	8.2908095304682856	EVALUABLE	EVALUABLE	true	VALID	
61a1e2b5a4f4f39376d0342cf610f3a73199b38e63a9b5542b0abe1f6e719b85	1	0.50	E0050	CORDA	training_samples=setx1,setx3	C1	G1	0.50	45b591180b8b5b11f8d85d22498adbe0df7ea752ceb90d14dcfd3cbb2a110684	64ab1614c0c568b77bd29ca3d3623f3ba1823bd3bf91fd0f4dc032039ade4cc3	19	15	0.8565859748903244	0.023826284701584988	4.815463046796018	2.2103814319660819	EVALUABLE	EVALUABLE	true	VALID	
61baf311ab097d10bc05fd38d6b2f4d17f3d90bc6119c86f9b4cfea4710cbdd3	3	0.10,0.50,0.90	E0298	RIPTiDe	training_samples=setx2,setx3	C5	G4	0.10	7ce358edc3a4bd7c08bb6daaad38e6b004b2499c6d5cdc3112e7a7dfa0faee9a	c14d5ed0f81e787adc1913c3553bf14df5bb157bc649ea2040ac26996164fde7	2	14	1.609823385706477e-14	0.041821039936149162	1.0028739228934218	1.0844782954773249	EVALUABLE	EVALUABLE	true	VALID	
61baf311ab097d10bc05fd38d6b2f4d17f3d90bc6119c86f9b4cfea4710cbdd3	3	0.10,0.50,0.90	E0298	RIPTiDe	training_samples=setx2,setx3	C5	G4	0.50	7ce358edc3a4bd7c08bb6daaad38e6b004b2499c6d5cdc3112e7a7dfa0faee9a	c14d5ed0f81e787adc1913c3553bf14df5bb157bc649ea2040ac26996164fde7	2	14	1.609823385706477e-14	0.041821039936149162	1.0028739228934218	1.0844782954773249	EVALUABLE	EVALUABLE	true	VALID	
61baf311ab097d10bc05fd38d6b2f4d17f3d90bc6119c86f9b4cfea4710cbdd3	3	0.10,0.50,0.90	E0298	RIPTiDe	training_samples=setx2,setx3	C5	G4	0.90	7ce358edc3a4bd7c08bb6daaad38e6b004b2499c6d5cdc3112e7a7dfa0faee9a	c14d5ed0f81e787adc1913c3553bf14df5bb157bc649ea2040ac26996164fde7	2	14	1.609823385706477e-14	0.041821039936149162	1.0028739228934218	1.0844782954773249	EVALUABLE	EVALUABLE	true	VALID	
6270a11f50e1f4b212ade9a3f97f18c57b6077d8e6fb2f537dab9ffc3cc8c3c5	1	0.90	E0321	iMAT	training_samples=setx1,setx2	C5	G2	0.90	ed0c17f7a22a64be5862f52a396317f78e98d4489d5d4467a22d858c65d1c63f	4a2fb998e907a76d9911c65dc23b53d134425ac6130d04103f1e03f7be8c05b6	9	0	0.67404310497845099	1.6805334901448532e-11	1.0079408158257146	1.0000101044181642	EVALUABLE	EVALUABLE	true	VALID	
62bda2303be51597f11d97563ccab182bb616208adf0524a79a7613e7a4f9212	1	0.10	E0141	GIMME	training_samples=setx1,setx2,setx3	C4	G2	0.10	317809e9983f9e230612d444ffda8873641fdd297ecceb2017ae93047c48f76f	3b08c569f98a53d7baab098a0459772d2f0dd213c465aab2c08d083356f91457	19	1	0.80437609345433292	0.82891658606438545	1.000312575213151	1.5310708153005279	EVALUABLE	EVALUABLE	true	VALID	
6307364adbc389b8c1897d3629b883af56422d10daa7cca14bb6d2ba73d662c0	1	0.10	E0131	GIMME	training_samples=setx1,setx2,setx3	C2	G2	0.10	266655b6dab32829146ddcc71d87648a3213fd2d014bd900061222549c133c15	3b08c569f98a53d7baab098a0459772d2f0dd213c465aab2c08d083356f91457	1	1	0.79950237045586814	0.82891658606438545	5.6907698541554685	1.5310708153005279	EVALUABLE	EVALUABLE	true	VALID	
6395b5cefe29b2b57ffb2ffbf4880454ce63cf225645cfcf275240a1b5b8599a	1	0.50	E0291	RIPTiDe	training_samples=setx2,setx3	C4	G2	0.50	7ce358edc3a4bd7c08bb6daaad38e6b004b2499c6d5cdc3112e7a7dfa0faee9a	92005096ea629b019ec57ef0964c5143fb562d0bde9fd48f441494468c8f81e1	2	17	5.6906455547789392e-08	0.96801318064576458	0.99999999897131486	8.2908095304682856	EVALUABLE	EVALUABLE	true	VALID	
63bdd0efe7a8be1047046ea3a36a8aa9fe5c27111ed16219e8a0f37b1734a839	2	0.10,0.50	E0267	RIPTiDe	training_samples=setx1,setx3	C4	G3	0.10	227fe4afb2202ead22ee9d269e9306fc1462f44fe8ea75b1015ef56783db29e3	ad3ae52546893ca463d0370db5c0243a4cd79da6df16d930a4acee2fee7bf062	3	3	7.6612478538962137e-07	0.50001571387751476	1.1135922927589117	1.0001257149743761	EVALUABLE	EVALUABLE	true	VALID	
63bdd0efe7a8be1047046ea3a36a8aa9fe5c27111ed16219e8a0f37b1734a839	2	0.10,0.50	E0267	RIPTiDe	training_samples=setx1,setx3	C4	G3	0.50	227fe4afb2202ead22ee9d269e9306fc1462f44fe8ea75b1015ef56783db29e3	ad3ae52546893ca463d0370db5c0243a4cd79da6df16d930a4acee2fee7bf062	3	3	7.6612478538962137e-07	0.50001571387751476	1.1135922927589117	1.0001257149743761	EVALUABLE	EVALUABLE	true	VALID	
6408d916bcd341bd619b8fb7b8df698b0b09cefad88e2538ce0c7b8f39674d60	1	0.90	E0340	iMAT	training_samples=setx1,setx2,setx3	C4	G1	0.90	02a5544e4fc3b887f9768cac0b1d5ae40c8982fd620a763876acef8755995c11	de6789b73fad901aa5115f8766bed663440158b44f4333e039ed0b84098afacb	2	5	0.57685421516599134	0.92808295093907289	1.7754855518088264	3.6870847177348458	EVALUABLE	EVALUABLE	true	VALID	
64ddaaf420f02459c31a4702bf54a60d59918c3ecd33c3f041d3d314b54ab543	1	0.10	E0020	CORDA	training_samples=setx1,setx2	C5	G1	0.10	c55c11a6e3dc772e3c2e3b973cfb71fd8e41ddd3aef93d8b8367e17dfca95033	75e0749c689cdf40549186cc03b478b56fab8ea8173a79eed5e10003a7a22fdf	18	4	0.056378013431494511	0.88258890637782006	1.6254008945261684	1.982998633515259	EVALUABLE	EVALUABLE	true	VALID	
651bc0914929dc524da81c99d97eba58dbf4ae95c96b3cdaeca528af209b66c6	1	0.10	E0113	GIMME	training_samples=setx1,setx2	C3	G4	0.10	215aaec06194c85fc8915c4bae4f109c54d8498704d0279ad091b0f04037250b	f6b0f2ba20b13928be8ad57375895f2cc1e549f77dfc7af9607209c545567596	0	9	0.34605572077794333	0.57602289999592615	1.0000002367370673	3.3768953965091928	EVALUABLE	EVALUABLE	true	VALID	
6608499dc57eb4cd54564ade20ec0456815147ed3398e8b0b59d7ed5e22342a2	1	0.90	E0236	RIPTiDe	training_samples=setx1,setx2,setx3	C3	G2	0.90	473831994471df82d0913ed151c2dbb8e7c1cd219e13a873df972be6fe45480f	94086566796d80d0f9c2d85880328e829f9c93a2b1ea4cd860f24bc164677df1	5	1	0.94329429866901282	0.94436700685762831	6.3787311692783124	3.9574215684939351	EVALUABLE	EVALUABLE	true	VALID	
6610c8efdc1e48935858fd6c2b3583fe95acb1284d43d7d9a314b2ac4f4408d4	1	0.90	E0037	CORDA	training_samples=setx1,setx2,setx3	C3	G3	0.90	593312d7347feeecef6821743059de3d62c9a9e7bc1e0d7af7214fa92b03e33f	5f016d2a7e8c0ca9be2a0c7a65b58b776f02175e7864b34d3b8946ee4f826f29	4	16	0.7919738396283813	0.020869479776507438	1.0023274635226753	1.0001476877215394	EVALUABLE	EVALUABLE	true	VALID	
6620e2ceb3f56c94a1846a063e5352133f6b6b1b1b1d862de9ae7c213eeee0ab	1	0.90	E0325	iMAT	training_samples=setx1,setx2,setx3	C1	G1	0.90	e2b2ddf86ed085b30c97911b98143c20b673b5444e88af92be27d19bc9e34b8b	de6789b73fad901aa5115f8766bed663440158b44f4333e039ed0b84098afacb	14	5	0.00060723882936886131	0.92808295093907289	1.8488258933314179	3.6870847177348458	EVALUABLE	EVALUABLE	true	VALID	
663870b2c18fcb1e814ae58450087e6ff6de78b3b02f2179dbc2130f7f1454ee	1	0.10	E0129	GIMME	training_samples=setx1,setx2,setx3	C1	G5	0.10	317809e9983f9e230612d444ffda8873641fdd297ecceb2017ae93047c48f76f	9682660a50469ade3f195ee6115a3171f28ffef445fb4c45525fae47b6275e60	19	2	0.83343000304712966	0.84235756352350721	1.0001357277942302	4.3951228696279081	EVALUABLE	EVALUABLE	true	VALID	
6662b6e77bfcce15b9b5551c6b6c29e77197ef6e8419a82132db658c76bf1a4b	2	0.10,0.50	E0309	iMAT	training_samples=setx1,setx2	C2	G5	0.10	646a5c644a59a85946ca3a5bdaa04f073d39a57cae74abbda4fc566e8f03094d	4a2fb998e907a76d9911c65dc23b53d134425ac6130d04103f1e03f7be8c05b6	1	0	0.42978133871479074	0	0.99999999999999956	nan	EVALUABLE	NON_EVALUABLE_ZERO_POST_HOLDOUT_MASS under the frozen normalized-weight representation	false	NON_EVALUABLE_ZERO_POST_HOLDOUT_MASS under the frozen normalized-weight representation	zero post-holdout mass on one or both condition distributions under frozen normalized weights
6662b6e77bfcce15b9b5551c6b6c29e77197ef6e8419a82132db658c76bf1a4b	2	0.10,0.50	E0309	iMAT	training_samples=setx1,setx2	C2	G5	0.50	646a5c644a59a85946ca3a5bdaa04f073d39a57cae74abbda4fc566e8f03094d	4a2fb998e907a76d9911c65dc23b53d134425ac6130d04103f1e03f7be8c05b6	1	0	0.42978133871479074	0	0.99999999999999956	nan	EVALUABLE	NON_EVALUABLE_ZERO_POST_HOLDOUT_MASS under the frozen normalized-weight representation	false	NON_EVALUABLE_ZERO_POST_HOLDOUT_MASS under the frozen normalized-weight representation	zero post-holdout mass on one or both condition distributions under frozen normalized weights
66b8e7ed5716007b0344e80d38d0a300fd81380d395f568434017b2fd08e3b48	1	0.90	E0049	CORDA	training_samples=setx1,setx2,setx3	C5	G5	0.90	841f998ef00a0775a812107d6ae160399491e383a3bff330c20f771132333a20	a5e71df85ff7da9f890eb3cd5dcb2b7117ced118c99b3684ee841000c8e0b65d	9	13	0.84626221092733167	0.077931777908435307	2.6308800934600693	1.1521560763699514	EVALUABLE	EVALUABLE	true	VALID	
6730f6a5cb01525f548c114f7821c5fe1c836cc0bcefbf719282fa93f15fcff9	1	0.90	E0231	RIPTiDe	training_samples=setx1,setx2,setx3	C2	G2	0.90	0ce9f3c2ac8cacca151a431395692262091d1c40960aa953be66fdd4db529db5	94086566796d80d0f9c2d85880328e829f9c93a2b1ea4cd860f24bc164677df1	17	1	0.3346447039982936	0.94436700685762831	1.8639075724533631	3.9574215684939351	EVALUABLE	EVALUABLE	true	VALID	
67693e64cb17b60cf66acecb1a0301d251c7b2cc69d914101c1f92bb74191d94	1	0.90	E0244	RIPTiDe	training_samples=setx1,setx2,setx3	C4	G5	0.90	0ce9f3c2ac8cacca151a431395692262091d1c40960aa953be66fdd4db529db5	4a61ea31056d52077ad2027e285dac5d697cdf600c4f12ff909f1ee64534d595	17	7	6.0031857262998756e-10	0.89706794625571706	1.0072243059833268	8.9928000395883512	EVALUABLE	EVALUABLE	true	VALID	
68179167244ecf42b7268d4748a3ce88c566819847b9c10e6f407b44048eba8a	1	0.10	E0126	GIMME	training_samples=setx1,setx2,setx3	C1	G2	0.10	317809e9983f9e230612d444ffda8873641fdd297ecceb2017ae93047c48f76f	3b08c569f98a53d7baab098a0459772d2f0dd213c465aab2c08d083356f91457	19	1	0.83343000304712966	0.82891658606438545	1.0001357277942302	1.5310708153005279	EVALUABLE	EVALUABLE	true	VALID	
68df490693c22b04eeda87b78cced7b6f0ca13aad583afb237ae141a27f50c24	1	0.50	E0117	GIMME	training_samples=setx1,setx2	C4	G3	0.50	b329f0fd2be35ea618be2d80915238663395d1f9ea256684680fd3e9e29b07b1	286f012707601f1e660b57acb2076f696d00fd3e81a881142b88a2984425a49b	13	16	0.65755479192107202	0.079126058198425109	2.0740594571323734	1.172333749433865	EVALUABLE	EVALUABLE	true	VALID	
68e802d39247bc86b481a0bdd204ffa091ad33d77be18464835919e90f4b7009	1	0.10	E0186	GIMME	training_samples=setx2,setx3	C3	G2	0.10	f644340953d72bb12da093189853db0ff0fc86bb66134a4f3d0a44308555f75e	0a15d7a32e358b6d318a4305ace35b78c1993f83a33663124679dcd0956673c5	1	3	0.020924796634955611	0.92890121738163578	1.171543382551951	2.6586045431070406	EVALUABLE	EVALUABLE	true	VALID	
694be1ff866318d830f9b94bccf7f8d425dce8b83680b827c1c23832650aca2e	1	0.50	E0192	GIMME	training_samples=setx2,setx3	C4	G3	0.50	394141b54352b224fc28580e817bd9529f6dc079245ece8a8f28d24752b5d692	8ecf30a756db2f84cdf96655aeefb4791848aa4abcee2632121fb0bb43d6914f	14	9	0.89186344470281353	0	4.0867163455296511	nan	EVALUABLE	NON_EVALUABLE_ZERO_POST_HOLDOUT_MASS under the frozen normalized-weight representation	false	NON_EVALUABLE_ZERO_POST_HOLDOUT_MASS under the frozen normalized-weight representation	zero post-holdout mass on one or both condition distributions under frozen normalized weights
695123ce60c253b3b4c429d6c6d45e35dd8ed7557a6dbda170bab48d1474409b	1	0.50	E0133	GIMME	training_samples=setx1,setx2,setx3	C2	G4	0.50	4eeef1890619aa578845837f43661ee7c19b674ff17bfb6610802a3013e3f2fa	9d089ba3b0e645d3e16cc9b9a500224416307f7ee4379f38d87bf989d2174ec1	0	19	0.75018668230390695	0.012115231716883557	6.2450935658878546	1.4811366309352092	EVALUABLE	EVALUABLE	true	VALID	
697245983eabefa8002fd573fed8a18f43248d63957244524025f7cc1a7e8b73	1	0.90	E0209	RIPTiDe	training_samples=setx1,setx2	C2	G5	0.90	4989824e2df2467b6e60573ab17ca31c35d0a30f6e54c8dfeb87847ca960b723	dcd23c7687b7a968c63bb9675ce7906f58320bde6bc3bfbab7121eccb9334be0	17	14	0.76970127998051274	0.66765562543414714	4.4184532463197019	2.0178214426618002	EVALUABLE	EVALUABLE	true	VALID	
6a38081525dc54a2532143fa41229d489bda3655437b682fe82d2339ea47c2a1	1	0.10	E0354	iMAT	training_samples=setx1,setx3	C1	G5	0.10	450f27facf5b727caade83033c48b7b5204e2c728b3acdf5c1e72afc35ea97fa	8919d77fd866b5a1dc2c64f31ddf3d2b0c854b469fdba34f75f79fe51e478517	16	0	0.55696117619449703	0.0076218572614479285	2.0312898089044293	0.99999999999997868	EVALUABLE	EVALUABLE	true	VALID	
6a6fb3593cbaaaa209d7a07745dbc44e08bd24463c9abe55661ed7e232ed5ade	1	0.10	E0242	RIPTiDe	training_samples=setx1,setx2,setx3	C4	G3	0.10	0ce9f3c2ac8cacca151a431395692262091d1c40960aa953be66fdd4db529db5	735464900e0db571bc0bd7f30fe3714c82f07057a86ebdd7484fd97746a089c5	17	8	6.0031857262998756e-10	0.87201550379511916	1.0072243059833268	1.0530162891999366	EVALUABLE	EVALUABLE	true	VALID	
6ae73b04debb4e87b78f2e3d26a6c99a4d008ed7d38a10558a3ec9612a4c4d77	2	0.10,0.50	E0314	iMAT	training_samples=setx1,setx2	C3	G5	0.10	646a5c644a59a85946ca3a5bdaa04f073d39a57cae74abbda4fc566e8f03094d	4a2fb998e907a76d9911c65dc23b53d134425ac6130d04103f1e03f7be8c05b6	1	0	0.20951615112740818	0	0.99999999999999911	nan	EVALUABLE	NON_EVALUABLE_ZERO_POST_HOLDOUT_MASS under the frozen normalized-weight representation	false	NON_EVALUABLE_ZERO_POST_HOLDOUT_MASS under the frozen normalized-weight representation	zero post-holdout mass on one or both condition distributions under frozen normalized weights
6ae73b04debb4e87b78f2e3d26a6c99a4d008ed7d38a10558a3ec9612a4c4d77	2	0.10,0.50	E0314	iMAT	training_samples=setx1,setx2	C3	G5	0.50	646a5c644a59a85946ca3a5bdaa04f073d39a57cae74abbda4fc566e8f03094d	4a2fb998e907a76d9911c65dc23b53d134425ac6130d04103f1e03f7be8c05b6	1	0	0.20951615112740818	0	0.99999999999999911	nan	EVALUABLE	NON_EVALUABLE_ZERO_POST_HOLDOUT_MASS under the frozen normalized-weight representation	false	NON_EVALUABLE_ZERO_POST_HOLDOUT_MASS under the frozen normalized-weight representation	zero post-holdout mass on one or both condition distributions under frozen normalized weights
6b9b495b2bc463013f58cf7ee185a9319473f69bbbf5bbef862c91551a6fc4b5	1	0.10	E0231	RIPTiDe	training_samples=setx1,setx2,setx3	C2	G2	0.10	4ad59181fe7235c9f8799583e6a5926d9a3b391d8c90fd44a50e8f2ee914e297	005bcffdca6d9ad2654d0fdf416bb93ff2fd7caea8656ea89564927e99c3d4da	14	3	0.88179206694945556	0.68967358079474295	1.5907262848203458	3.5993535642060053	EVALUABLE	EVALUABLE	true	VALID	
6c15f98c2f9e5c42a4272d9750c2af15c45ef4720915b9f0259064167c89d148	1	0.50	E0113	GIMME	training_samples=setx1,setx2	C3	G4	0.50	215aaec06194c85fc8915c4bae4f109c54d8498704d0279ad091b0f04037250b	2d63d16cbc55715e365671ffa5dbc939f489f55ff2606c7fc4c1d0b275ed54c2	0	6	0.34605572077794333	0.86317454135817373	1.0000002367370673	2.8734795407308877	EVALUABLE	EVALUABLE	true	VALID	
6cbc861c2d18c77d2728d8bd9916d22d769fd3182b88b9405cc0b1684472b8b9	1	0.10	E0286	RIPTiDe	training_samples=setx2,setx3	C3	G2	0.10	0a95f91928ebf23599e2fd99cce9339024b168bc277b7ee6b223dfc5b37da8df	4b2c3f16a0d3fbf7b6d87ef249f7efb1bdfa3f5fc28bbef84e8bbba5e259dd2e	10	18	0.8810977913406266	0.88122804850436987	10.139210446872966	7.7703639321897553	EVALUABLE	EVALUABLE	true	VALID	
6cc2ed5d2eb798ec3c48a430f3ed39d80c79dc0474f3c180425ce0a9bdb4adb6	1	0.90	E0040	CORDA	training_samples=setx1,setx2,setx3	C4	G1	0.90	593312d7347feeecef6821743059de3d62c9a9e7bc1e0d7af7214fa92b03e33f	5f016d2a7e8c0ca9be2a0c7a65b58b776f02175e7864b34d3b8946ee4f826f29	4	16	0.61410595774632948	0.94043579767345475	1.320473526954991	2.1864905156924448	EVALUABLE	EVALUABLE	true	VALID	
6cfa712412c76be9456b6a91daca31b6eb148a728d57e4025708c96d025c5726	1	0.90	E0002	CORDA	training_samples=setx1,setx2	C1	G3	0.90	c55c11a6e3dc772e3c2e3b973cfb71fd8e41ddd3aef93d8b8367e17dfca95033	bb971fe9fb3473bb385b4892616fc071460ab4db03f08657d16552b3fe5c22c3	18	12	0.0065724073782047476	0.90947694058747985	1.3332420312329403	7.1892108132457615	EVALUABLE	EVALUABLE	true	VALID	
6d83fa69f1f20be25305e6740da2eaf04a4c43390acf0b9b35ac409ffb67db36	1	0.50	E0053	CORDA	training_samples=setx1,setx3	C1	G4	0.50	45b591180b8b5b11f8d85d22498adbe0df7ea752ceb90d14dcfd3cbb2a110684	d928590f61fb177ab6a5b0e11cbeca11a10927ce32463c8505150ddf6a21fd31	19	8	0.8565859748903244	0.086696615934440668	4.815463046796018	1.0030853093304006	EVALUABLE	EVALUABLE	true	VALID	
6db6281889de3480054c193d324e9746c858e54128779550b6b131cf2e2d031f	1	0.90	E0256	RIPTiDe	training_samples=setx1,setx3	C2	G2	0.90	227fe4afb2202ead22ee9d269e9306fc1462f44fe8ea75b1015ef56783db29e3	904a081f7eef1e7cc57d16491196f0d4a843d7e3f52c6a1ec968499a88939007	3	18	0.34889986098278924	0.92760500315089045	3.8506118423343687	9.9734639582738964	EVALUABLE	EVALUABLE	true	VALID	
6dbd82b1ad6754df044c99f9d4dbeb08e7d982ab9a12ba6c43ff7296fd352ca2	1	0.10	E0318	iMAT	training_samples=setx1,setx2	C4	G4	0.10	dfc5b1001e2a099d96f69d80c4ea0383590fc7c35f3dcf10e3a8c31cb8e44e5d	56619b4e4e6013ca0ea5dfecefc8a41771a2787473f82472dde4086101e026ce	3	1	0.88806309226433133	0.28040011114606589	2.9536027233789723	1.0000000000004945	EVALUABLE	EVALUABLE	true	VALID	
6e899a1dd383e77cffc7d916d0bb3115f923be5da6296e79bb7bab54258869dc	1	0.50	E0261	RIPTiDe	training_samples=setx1,setx3	C3	G2	0.50	0551a70442c925ed3fd3d5f6f03c23b55a16bc314382c97afcbdcf827ae4123a	0a9dfbbbf9f389fdfd621ebb50a400f6f5a3ddb9cb5fb51e4859c587846d9633	18	14	0.78471074937537688	0.89293334948723713	3.900728240933454	9.9601742171462728	EVALUABLE	EVALUABLE	true	VALID	
6e89cc9c0c26c1c4a1d0bb2cf8e3e24f9d1a518cff297259dddb1ce358b91497	2	0.50,0.90	E0125	GIMME	training_samples=setx1,setx2,setx3	C1	G1	0.50	820066d04598da3d239f0d23bd4e39ef57a720e88a443581bcf565cd8d99566b	9d089ba3b0e645d3e16cc9b9a500224416307f7ee4379f38d87bf989d2174ec1	18	19	0.16662655239100743	5.333362351089832e-06	1.0006790910238477	1.0331518001100977	EVALUABLE	EVALUABLE	true	VALID	
6e89cc9c0c26c1c4a1d0bb2cf8e3e24f9d1a518cff297259dddb1ce358b91497	2	0.50,0.90	E0125	GIMME	training_samples=setx1,setx2,setx3	C1	G1	0.90	820066d04598da3d239f0d23bd4e39ef57a720e88a443581bcf565cd8d99566b	9d089ba3b0e645d3e16cc9b9a500224416307f7ee4379f38d87bf989d2174ec1	18	19	0.16662655239100743	5.333362351089832e-06	1.0006790910238477	1.0331518001100977	EVALUABLE	EVALUABLE	true	VALID	
6fb7b80feb651ca5e71c76ec30b7351cb93bd85c96542336035059561cca6ccf	1	0.10	E0227	RIPTiDe	training_samples=setx1,setx2,setx3	C1	G3	0.10	0ce9f3c2ac8cacca151a431395692262091d1c40960aa953be66fdd4db529db5	735464900e0db571bc0bd7f30fe3714c82f07057a86ebdd7484fd97746a089c5	17	8	2.1713975306703048e-07	0.87201550379511916	1.0397008007689097	1.0530162891999366	EVALUABLE	EVALUABLE	true	VALID	
70040279ffb18394c961715885fcbff8f4dd964c5499ab3dd2fae2da64b73b9b	1	0.10	E0288	RIPTiDe	training_samples=setx2,setx3	C3	G4	0.10	0a95f91928ebf23599e2fd99cce9339024b168bc277b7ee6b223dfc5b37da8df	c14d5ed0f81e787adc1913c3553bf14df5bb157bc649ea2040ac26996164fde7	10	14	0.8810977913406266	0.041821039936149162	10.139210446872966	1.0844782954773249	EVALUABLE	EVALUABLE	true	VALID	
7028faeb2bb19f153c06edce6f21a59edd9ce9d85dfbb21d2b7c2a7868d06332	1	0.10	E0052	CORDA	training_samples=setx1,setx3	C1	G3	0.10	188a2a07d3b1a67be4abb28cc85a852f1e92bdcda3a689e25dc9d58f9c4ffb18	f3e9af567444075a63b7c2a2854ddee5538bfb4c47245f27578a66e389b5a9bc	12	18	0.92926946461505378	0.022000495467268677	5.1420785924352614	1.7790276667250031	EVALUABLE	EVALUABLE	true	VALID	
708567e154e7f12b1625e755a8e6599d4d5a2785bd0622a1012fd7ef78b677b5	1	0.50	E0000	CORDA	training_samples=setx1,setx2	C1	G1	0.50	c55c11a6e3dc772e3c2e3b973cfb71fd8e41ddd3aef93d8b8367e17dfca95033	1ea47774d2d57dd56364d073a09b722eb9a57b76f852434934514136b5d1c293	18	1	0.0065724073782047476	0.60022474286039484	1.3332420312329403	1.4598470948721514	EVALUABLE	EVALUABLE	true	VALID	
7100c966085cecd4e8a3968adb233da4f5fa504c75e10fd0abf1e1f735d9da15	3	0.10,0.50,0.90	E0003	CORDA	training_samples=setx1,setx2	C1	G4	0.10	c55c11a6e3dc772e3c2e3b973cfb71fd8e41ddd3aef93d8b8367e17dfca95033	4e3f6d6ceeb0b403b1b2482130d0f49869cd9e2da46c27f2006cd8893987eb72	18	0	0.0065724073782047476	7.4251715886930469e-13	1.3332420312329403	1.0000565526010636	EVALUABLE	EVALUABLE	true	VALID	
7100c966085cecd4e8a3968adb233da4f5fa504c75e10fd0abf1e1f735d9da15	3	0.10,0.50,0.90	E0003	CORDA	training_samples=setx1,setx2	C1	G4	0.50	c55c11a6e3dc772e3c2e3b973cfb71fd8e41ddd3aef93d8b8367e17dfca95033	4e3f6d6ceeb0b403b1b2482130d0f49869cd9e2da46c27f2006cd8893987eb72	18	0	0.0065724073782047476	7.4251715886930469e-13	1.3332420312329403	1.0000565526010636	EVALUABLE	EVALUABLE	true	VALID	
7100c966085cecd4e8a3968adb233da4f5fa504c75e10fd0abf1e1f735d9da15	3	0.10,0.50,0.90	E0003	CORDA	training_samples=setx1,setx2	C1	G4	0.90	c55c11a6e3dc772e3c2e3b973cfb71fd8e41ddd3aef93d8b8367e17dfca95033	4e3f6d6ceeb0b403b1b2482130d0f49869cd9e2da46c27f2006cd8893987eb72	18	0	0.0065724073782047476	7.4251715886930469e-13	1.3332420312329403	1.0000565526010636	EVALUABLE	EVALUABLE	true	VALID	
71176428eb346ec7ca1db733fc466a573ee9eadd6748a74df82ea244b991c0d2	1	0.90	E0176	GIMME	training_samples=setx2,setx3	C1	G2	0.90	fc9cea3fda62ec8719159e4dbf459bbc28745f0f61c94d0852b10583cb4c27a6	9479e42871e312cc9e8045bad83182066b1281c061fdcd80c3da7974e75e1d5d	16	1	0.79201979315062665	0.74136764643915098	1.0519709523903003	2.0920829234955569	EVALUABLE	EVALUABLE	true	VALID	
71664d37390dc6bbbf9aee71383557d24f95c577a58579a9a5f8e58aad6a0bab	1	0.50	E0204	RIPTiDe	training_samples=setx1,setx2	C1	G5	0.50	4989824e2df2467b6e60573ab17ca31c35d0a30f6e54c8dfeb87847ca960b723	a7e9e73c64d9d3f1375205efa617218792e4925fade6c0b5b1060f1e99eea4db	17	15	0.14891186736446671	0.66765562543414714	1.3401538914421374	2.0178214426618002	EVALUABLE	EVALUABLE	true	VALID	
724d85af5728122195f288e11a26af625ac4b861142fc4480d66b69a2e895404	1	0.90	E0218	RIPTiDe	training_samples=setx1,setx2	C4	G4	0.90	4989824e2df2467b6e60573ab17ca31c35d0a30f6e54c8dfeb87847ca960b723	dcd23c7687b7a968c63bb9675ce7906f58320bde6bc3bfbab7121eccb9334be0	17	14	0.075853675461016845	0.66666667819853065	1.1579328287091351	2.000000207573553	EVALUABLE	EVALUABLE	true	VALID	
73f11ca348a74572b1adfd6954235cd164935a4905f589d12669e3c88b5c081a	1	0.10	E0025	CORDA	training_samples=setx1,setx2,setx3	C1	G1	0.10	bb0ad4b3dca9738ed169d4aae2f4f8fd0949efa9bd105de1d71889a580ae2be8	0308b03c63fd48d3db330aba47bb6377597fe3ec4b11a4a9ba445a8f52049244	19	19	0.37337614268516595	0.66473182935076069	2.1550924216373351	1.4946373469297871	EVALUABLE	EVALUABLE	true	VALID	
7570a2689475421ba4f9493a815dccdeae599b65ef0ad3612d9f3692e5558ec9	1	0.90	E0202	RIPTiDe	training_samples=setx1,setx2	C1	G3	0.90	4989824e2df2467b6e60573ab17ca31c35d0a30f6e54c8dfeb87847ca960b723	dcd23c7687b7a968c63bb9675ce7906f58320bde6bc3bfbab7121eccb9334be0	17	14	0.14891186736446671	0.66667367748945972	1.3401538914421374	2.0001261955076726	EVALUABLE	EVALUABLE	true	VALID	
75717fbe5dae13bf9845b2192266975dec517c7df757c8eb530746fac294301e	1	0.10	E0115	GIMME	training_samples=setx1,setx2	C4	G1	0.10	337634da0cfd0d1105cf8f37879f1f17ad4596420a8cfced6a550bb4701e5f9e	4500acff7cff7bd2c0197f246185188706160736fb30b9bd89dc5dc0dd135971	10	15	0.6237102538467284	0.0032765027800679691	2.1125520705523235	1.000003721612587	EVALUABLE	EVALUABLE	true	VALID	
75823f62d6d221dbac15af85169dfc565551a912022420cda4851967fe249f08	1	0.50	E0237	RIPTiDe	training_samples=setx1,setx2,setx3	C3	G3	0.50	19fbb71aa82ced106de3de882f00088ca5f4b1403f565423e5efc7d077ebdee7	d2e77ddb8a929cfcb9b862f9915f2d5a3eb09741f2765ade2b0bcd69a98c741d	18	12	0.83621102513584711	0.15043988227475114	6.0340320759803108	1.3508344594581947	EVALUABLE	EVALUABLE	true	VALID	
75d60df2d12be991a04317cb274164fe30687901ae1390024ffef37ec9979a3e	1	0.90	E0174	GIMME	training_samples=setx1,setx3	C5	G5	0.90	652d4fa99bc208956b898fae76f9f32fe69a417d4073ce7544aad1ca9cc48dfb	0613270f4140a02dc933da8f58c1eea1dfd57164ef86989cfbd7dbf0d510376d	2	13	0.62155846847818952	5.5723343161617755e-05	1.4904951286750303	1.2137893587424984	EVALUABLE	EVALUABLE	true	VALID	
76709322f1513bf0e4dc3d54e567a6e4afff4a18f8a5d0e36af04756cadf3693	1	0.50	E0282	RIPTiDe	training_samples=setx2,setx3	C2	G3	0.50	7ce358edc3a4bd7c08bb6daaad38e6b004b2499c6d5cdc3112e7a7dfa0faee9a	c14d5ed0f81e787adc1913c3553bf14df5bb157bc649ea2040ac26996164fde7	2	14	0.16854445976471022	0.12860087897247086	1.0125137867719272	1.2924726609838963	EVALUABLE	EVALUABLE	true	VALID	
76b7d5b4c16ac138f07e31543729902354af1fa858fc041253a465323387e70e	1	0.10	E0257	RIPTiDe	training_samples=setx1,setx3	C2	G3	0.10	308e6dd45a60ade8ee3647a3d186551365d6bdb0fe10c43efc88e4d195371e2e	ad3ae52546893ca463d0370db5c0243a4cd79da6df16d930a4acee2fee7bf062	4	3	0.86464957893918115	0.50001571387751476	1.709917595977211	1.0001257149743761	EVALUABLE	EVALUABLE	true	VALID	
76d1f67f9ef31160df683e7976dbff511d3e4d66453290fce6a96e4b1ec2c0c3	1	0.50	E0214	RIPTiDe	training_samples=setx1,setx2	C3	G5	0.50	3d455bd6c6c1107026e8edf70c2d6d8e202fc5d502a840648e30a9c7f4d8ac8c	a7e9e73c64d9d3f1375205efa617218792e4925fade6c0b5b1060f1e99eea4db	19	15	0.70789375008052768	0.66765562543414714	2.6599917634563011	2.0178214426618002	EVALUABLE	EVALUABLE	true	VALID	
76eaa099c025debfd21dcd236e0589dc130df4b72780e2b2ed28b0d52d5b6c77	2	0.10,0.50	E0268	RIPTiDe	training_samples=setx1,setx3	C4	G4	0.10	227fe4afb2202ead22ee9d269e9306fc1462f44fe8ea75b1015ef56783db29e3	ad3ae52546893ca463d0370db5c0243a4cd79da6df16d930a4acee2fee7bf062	3	3	7.6612478538962137e-07	0.50000002594415682	1.1135922927589117	1.000000207553265	EVALUABLE	EVALUABLE	true	VALID	
76eaa099c025debfd21dcd236e0589dc130df4b72780e2b2ed28b0d52d5b6c77	2	0.10,0.50	E0268	RIPTiDe	training_samples=setx1,setx3	C4	G4	0.50	227fe4afb2202ead22ee9d269e9306fc1462f44fe8ea75b1015ef56783db29e3	ad3ae52546893ca463d0370db5c0243a4cd79da6df16d930a4acee2fee7bf062	3	3	7.6612478538962137e-07	0.50000002594415682	1.1135922927589117	1.000000207553265	EVALUABLE	EVALUABLE	true	VALID	
779528b8248a9d0e2e3054e0cd8fe7b376fdef72677bb0023d128c386ab90b81	1	0.50	E0380	iMAT	training_samples=setx2,setx3	C2	G1	0.50	e0894b04544dae489a65af0d3d2e6b796b8d625f6b5e2a273115d0c767e3e693	2399e94f9c2f2213e281a1c60356b9d85bb5023aa4787097cd11d512d71324d9	6	19	0.099830003389147048	0.73665197699419904	1.0000000003998513	3.9562794867961912	EVALUABLE	EVALUABLE	true	VALID	
77d6e61b34e11ef0a23d55829c94f59fc586874cb6fa57e2a8f89ad08dd83a35	1	0.10	E0168	GIMME	training_samples=setx1,setx3	C4	G4	0.10	7d84eb225b8def23833824a5db45b74528179b1bd889afa1812a7b3af34d5dd1	f80ad607c1575d29cbb710927847afa0dfca390b07439baab0f53ee25e267754	0	18	3.1444521491286181e-05	0.72121267768445296	1.0000028289117537	1.081251933910268	EVALUABLE	EVALUABLE	true	VALID	
77e6141ca88153fd4a77642b711952ed2ec2beed16f274d5961f91bc2a1d16b1	1	0.50	E0372	iMAT	training_samples=setx1,setx3	C5	G3	0.50	662e28e0b1c3c4f253ea0b812ef01c3553f0b90aaf9ca7d4828cb94489f04714	bd09497d41ee55e42aaa83e8316d7445fa924f491c973830af83a92070b5fe21	4	11	0.49152509797676203	0.94632453112879367	1.4082216470225564	4.4000664865089565	EVALUABLE	EVALUABLE	true	VALID	
77e911d2ae070134b18f3c26f0c9314d8c3683642f8adedee65f54aea122d618	2	0.10,0.50	E0254	RIPTiDe	training_samples=setx1,setx3	C1	G5	0.10	227fe4afb2202ead22ee9d269e9306fc1462f44fe8ea75b1015ef56783db29e3	ad3ae52546893ca463d0370db5c0243a4cd79da6df16d930a4acee2fee7bf062	3	3	6.3129538027562049e-05	0.50214230774207302	1.317146526385899	1.0172132358409181	EVALUABLE	EVALUABLE	true	VALID	
77e911d2ae070134b18f3c26f0c9314d8c3683642f8adedee65f54aea122d618	2	0.10,0.50	E0254	RIPTiDe	training_samples=setx1,setx3	C1	G5	0.50	227fe4afb2202ead22ee9d269e9306fc1462f44fe8ea75b1015ef56783db29e3	ad3ae52546893ca463d0370db5c0243a4cd79da6df16d930a4acee2fee7bf062	3	3	6.3129538027562049e-05	0.50214230774207302	1.317146526385899	1.0172132358409181	EVALUABLE	EVALUABLE	true	VALID	
782254c31f5d09fd91b4534a1dacb46c257b890741bc2ff280ab17eda11c3d92	2	0.10,0.50	E0014	CORDA	training_samples=setx1,setx2	C3	G5	0.10	55c97010acdd0cdc52f98f416746a96a3e453dfff25d0e9f08e270f4213bea20	4e3f6d6ceeb0b403b1b2482130d0f49869cd9e2da46c27f2006cd8893987eb72	1	0	0.21478429152419132	0	1.000183781403492	nan	EVALUABLE	NON_EVALUABLE_ZERO_POST_HOLDOUT_MASS under the frozen normalized-weight representation	false	NON_EVALUABLE_ZERO_POST_HOLDOUT_MASS under the frozen normalized-weight representation	zero post-holdout mass on one or both condition distributions under frozen normalized weights
782254c31f5d09fd91b4534a1dacb46c257b890741bc2ff280ab17eda11c3d92	2	0.10,0.50	E0014	CORDA	training_samples=setx1,setx2	C3	G5	0.50	55c97010acdd0cdc52f98f416746a96a3e453dfff25d0e9f08e270f4213bea20	4e3f6d6ceeb0b403b1b2482130d0f49869cd9e2da46c27f2006cd8893987eb72	1	0	0.21478429152419132	0	1.000183781403492	nan	EVALUABLE	NON_EVALUABLE_ZERO_POST_HOLDOUT_MASS under the frozen normalized-weight representation	false	NON_EVALUABLE_ZERO_POST_HOLDOUT_MASS under the frozen normalized-weight representation	zero post-holdout mass on one or both condition distributions under frozen normalized weights
789ff3686101c61a754cf5676e452f9cdf0377d567a6345fcda6f41da8401419	2	0.10,0.50	E0114	GIMME	training_samples=setx1,setx2	C3	G5	0.10	215aaec06194c85fc8915c4bae4f109c54d8498704d0279ad091b0f04037250b	f88bd6cf2efb8f44e7d076dd701147d46987ae954fb4b6708b6977e588db41be	0	0	0.34605572077794333	0.00012946688503467918	1.0000002367370673	1.3418135361763321	EVALUABLE	EVALUABLE	true	VALID	
789ff3686101c61a754cf5676e452f9cdf0377d567a6345fcda6f41da8401419	2	0.10,0.50	E0114	GIMME	training_samples=setx1,setx2	C3	G5	0.50	215aaec06194c85fc8915c4bae4f109c54d8498704d0279ad091b0f04037250b	f88bd6cf2efb8f44e7d076dd701147d46987ae954fb4b6708b6977e588db41be	0	0	0.34605572077794333	0.00012946688503467918	1.0000002367370673	1.3418135361763321	EVALUABLE	EVALUABLE	true	VALID	
7906c5cb884d7f0ef053959515dad46110aab368a89f9568da74d315cb2076bd	3	0.10,0.50,0.90	E0081	CORDA	training_samples=setx2,setx3	C2	G2	0.10	11c92eb5eefda7cc64e53694479d802bc86526faac5ec503ffca49ddb81a3886	1da91e6cbc1ec44f0d5dcba4f1de73f1c00882c5b1d520c8967a9b59c82629c7	1	15	0.0610433176716626	5.9220414986294045e-06	1.0000000002059644	1.1646680046001436	EVALUABLE	EVALUABLE	true	VALID	
7906c5cb884d7f0ef053959515dad46110aab368a89f9568da74d315cb2076bd	3	0.10,0.50,0.90	E0081	CORDA	training_samples=setx2,setx3	C2	G2	0.50	11c92eb5eefda7cc64e53694479d802bc86526faac5ec503ffca49ddb81a3886	1da91e6cbc1ec44f0d5dcba4f1de73f1c00882c5b1d520c8967a9b59c82629c7	1	15	0.0610433176716626	5.9220414986294045e-06	1.0000000002059644	1.1646680046001436	EVALUABLE	EVALUABLE	true	VALID	
7906c5cb884d7f0ef053959515dad46110aab368a89f9568da74d315cb2076bd	3	0.10,0.50,0.90	E0081	CORDA	training_samples=setx2,setx3	C2	G2	0.90	11c92eb5eefda7cc64e53694479d802bc86526faac5ec503ffca49ddb81a3886	1da91e6cbc1ec44f0d5dcba4f1de73f1c00882c5b1d520c8967a9b59c82629c7	1	15	0.0610433176716626	5.9220414986294045e-06	1.0000000002059644	1.1646680046001436	EVALUABLE	EVALUABLE	true	VALID	
7912e4cbb7cc216bd92b8fe3fb3a967477f3c6115b2227deec8154f0d73791e8	1	0.50	E0354	iMAT	training_samples=setx1,setx3	C1	G5	0.50	34b996ca187b21a6172a8aab384066223b8fe5a1df3761648e1a25a5d93e0572	8919d77fd866b5a1dc2c64f31ddf3d2b0c854b469fdba34f75f79fe51e478517	15	0	0.76364406360875536	0.0076218572614479285	1.9893780099118554	0.99999999999997868	EVALUABLE	EVALUABLE	true	VALID	
7936e5f7366a6be86b9d037b9b163c7f59d4d2139830984ea650b09646df9540	2	0.10,0.50	E0270	RIPTiDe	training_samples=setx1,setx3	C5	G1	0.10	227fe4afb2202ead22ee9d269e9306fc1462f44fe8ea75b1015ef56783db29e3	ad3ae52546893ca463d0370db5c0243a4cd79da6df16d930a4acee2fee7bf062	3	3	2.539080057317733e-12	0.50000000000031786	1.0086547612246182	1.0000000000025429	EVALUABLE	EVALUABLE	true	VALID	
7936e5f7366a6be86b9d037b9b163c7f59d4d2139830984ea650b09646df9540	2	0.10,0.50	E0270	RIPTiDe	training_samples=setx1,setx3	C5	G1	0.50	227fe4afb2202ead22ee9d269e9306fc1462f44fe8ea75b1015ef56783db29e3	ad3ae52546893ca463d0370db5c0243a4cd79da6df16d930a4acee2fee7bf062	3	3	2.539080057317733e-12	0.50000000000031786	1.0086547612246182	1.0000000000025429	EVALUABLE	EVALUABLE	true	VALID	
793766b5f2b1d433859fb00250530fa8c8d63314aa44649b518f960b3b4507c7	1	0.10	E0266	RIPTiDe	training_samples=setx1,setx3	C4	G2	0.10	227fe4afb2202ead22ee9d269e9306fc1462f44fe8ea75b1015ef56783db29e3	9acb751aab297b05dffcce05ba0d4171965f31bed5e6496fa98e638081ccf731	3	17	7.6612478538962137e-07	0.8667019526653208	1.1135922927589117	10.185841515284103	EVALUABLE	EVALUABLE	true	VALID	
794b9ec120ebf6c3b0c31273286b05b64433b152ed44d457a469d333bcea4355	1	0.10	E0099	CORDA	training_samples=setx2,setx3	C5	G5	0.10	722648b50fb7a1fecbf2dde75452eb95e5df91f0ab85ff61e3540293ef1928a7	1da91e6cbc1ec44f0d5dcba4f1de73f1c00882c5b1d520c8967a9b59c82629c7	19	15	0.66242056718359521	5.0681681074138396e-12	1.2982553663487022	1.0045891512775165	EVALUABLE	EVALUABLE	true	VALID	
796edaf7769e64cf555bc26a36aeb5d8de262f893e37f357012c1a2c37bf24d1	1	0.10	E0191	GIMME	training_samples=setx2,setx3	C4	G2	0.10	ec713323665316d5b12598b96ce058a5cbd45046ed44f9acd156cf13bb158862	0a15d7a32e358b6d318a4305ace35b78c1993f83a33663124679dcd0956673c5	13	3	0.68532626770174399	0.92890121738163578	4.3767973435134619	2.6586045431070406	EVALUABLE	EVALUABLE	true	VALID	
7986fd1a700574b99e872ab4705d25bcb30d8823e7958e792de2b7eaab483a55	2	0.50,0.90	E0294	RIPTiDe	training_samples=setx2,setx3	C4	G5	0.50	7ce358edc3a4bd7c08bb6daaad38e6b004b2499c6d5cdc3112e7a7dfa0faee9a	c14d5ed0f81e787adc1913c3553bf14df5bb157bc649ea2040ac26996164fde7	2	14	5.6906455547789392e-08	0.5017784307489479	0.99999999897131486	2.8602677895300759	EVALUABLE	EVALUABLE	true	VALID	
7986fd1a700574b99e872ab4705d25bcb30d8823e7958e792de2b7eaab483a55	2	0.50,0.90	E0294	RIPTiDe	training_samples=setx2,setx3	C4	G5	0.90	7ce358edc3a4bd7c08bb6daaad38e6b004b2499c6d5cdc3112e7a7dfa0faee9a	c14d5ed0f81e787adc1913c3553bf14df5bb157bc649ea2040ac26996164fde7	2	14	5.6906455547789392e-08	0.5017784307489479	0.99999999897131486	2.8602677895300759	EVALUABLE	EVALUABLE	true	VALID	
79bc5d5b69d4b79df927516e04d15960f4f18551d9b32711747791ef3f4022c6	1	0.10	E0343	iMAT	training_samples=setx1,setx2,setx3	C4	G4	0.10	cdb7fb3b6973618b48e76861beeecf354fd3801d6426160c52656468ed7f7bd7	ff08294218c297aa70d51d53f700660a24a0daa0e1e0239b74f592559b440776	5	0	0.58994108761025377	0.40685280720186556	1.7548613309204713	0.99999999999999956	EVALUABLE	EVALUABLE	true	VALID	
7a458d1efdd97bd42fcd87adbc46d4061370f8786ed8b7d9e21053b21a8d4d23	2	0.10,0.50	E0328	iMAT	training_samples=setx1,setx2,setx3	C1	G4	0.10	e2b2ddf86ed085b30c97911b98143c20b673b5444e88af92be27d19bc9e34b8b	ff08294218c297aa70d51d53f700660a24a0daa0e1e0239b74f592559b440776	14	0	0.00060723882936886131	0.40685280720186556	1.8488258933314179	0.99999999999999956	EVALUABLE	EVALUABLE	true	VALID	
7a458d1efdd97bd42fcd87adbc46d4061370f8786ed8b7d9e21053b21a8d4d23	2	0.10,0.50	E0328	iMAT	training_samples=setx1,setx2,setx3	C1	G4	0.50	e2b2ddf86ed085b30c97911b98143c20b673b5444e88af92be27d19bc9e34b8b	ff08294218c297aa70d51d53f700660a24a0daa0e1e0239b74f592559b440776	14	0	0.00060723882936886131	0.40685280720186556	1.8488258933314179	0.99999999999999956	EVALUABLE	EVALUABLE	true	VALID	
7a49b91ccd6211402f1c454ab634352ba3da9ced310137d5b52ec0c7cf7ec49e	3	0.10,0.50,0.90	E0369	iMAT	training_samples=setx1,setx3	C4	G5	0.10	f748cd6aeca05446d28a19c599fcdda457fbd8a29c4d8a73e760985713b9f609	8919d77fd866b5a1dc2c64f31ddf3d2b0c854b469fdba34f75f79fe51e478517	1	0	0.00036740755356445831	0.0076218572614479285	1.0163496554444107	0.99999999999997868	EVALUABLE	EVALUABLE	true	VALID	
7a49b91ccd6211402f1c454ab634352ba3da9ced310137d5b52ec0c7cf7ec49e	3	0.10,0.50,0.90	E0369	iMAT	training_samples=setx1,setx3	C4	G5	0.50	f748cd6aeca05446d28a19c599fcdda457fbd8a29c4d8a73e760985713b9f609	8919d77fd866b5a1dc2c64f31ddf3d2b0c854b469fdba34f75f79fe51e478517	1	0	0.00036740755356445831	0.0076218572614479285	1.0163496554444107	0.99999999999997868	EVALUABLE	EVALUABLE	true	VALID	
7a49b91ccd6211402f1c454ab634352ba3da9ced310137d5b52ec0c7cf7ec49e	3	0.10,0.50,0.90	E0369	iMAT	training_samples=setx1,setx3	C4	G5	0.90	f748cd6aeca05446d28a19c599fcdda457fbd8a29c4d8a73e760985713b9f609	8919d77fd866b5a1dc2c64f31ddf3d2b0c854b469fdba34f75f79fe51e478517	1	0	0.00036740755356445831	0.0076218572614479285	1.0163496554444107	0.99999999999997868	EVALUABLE	EVALUABLE	true	VALID	
7a50fd2587fa6fe979d32fcef7e8c52e84707b31a284a5b561b48e13b4086bc0	1	0.50	E0312	iMAT	training_samples=setx1,setx2	C3	G3	0.50	646a5c644a59a85946ca3a5bdaa04f073d39a57cae74abbda4fc566e8f03094d	26bd1960d683b74e709d8ff2a2aab9731820160003488d524219cb81841dd9eb	1	8	0.20951615112740818	0.92395227964227566	0.99999999999999911	4.5966795056667857	EVALUABLE	EVALUABLE	true	VALID	
7a673b13212ab58d9e5f2836144c7ce385978f874d0421c30665189036940ce2	1	0.90	E0016	CORDA	training_samples=setx1,setx2	C4	G2	0.90	9b3eb60c2fcc4a9ae62238b0c2f7954eee420bb3818ca6ad9cbf97843e48628a	4e3f6d6ceeb0b403b1b2482130d0f49869cd9e2da46c27f2006cd8893987eb72	0	0	0.56681023419667553	2.3163693185779266e-11	1.2332937864874507	1.0000339995864909	EVALUABLE	EVALUABLE	true	VALID	
7a6c6312ddfd509781828d8a419bc6ff8911a990cdb14ccad7c2d3f5b19d2c7d	3	0.10,0.50,0.90	E0359	iMAT	training_samples=setx1,setx3	C2	G5	0.10	f715c48d725df09590892b8a0f532f274829fa59347013d5f282226dd527b95b	8919d77fd866b5a1dc2c64f31ddf3d2b0c854b469fdba34f75f79fe51e478517	2	0	1.2481609801273663e-07	0.0076218572614479285	1.0000691074688512	0.99999999999997868	EVALUABLE	EVALUABLE	true	VALID	
7a6c6312ddfd509781828d8a419bc6ff8911a990cdb14ccad7c2d3f5b19d2c7d	3	0.10,0.50,0.90	E0359	iMAT	training_samples=setx1,setx3	C2	G5	0.50	f715c48d725df09590892b8a0f532f274829fa59347013d5f282226dd527b95b	8919d77fd866b5a1dc2c64f31ddf3d2b0c854b469fdba34f75f79fe51e478517	2	0	1.2481609801273663e-07	0.0076218572614479285	1.0000691074688512	0.99999999999997868	EVALUABLE	EVALUABLE	true	VALID	
7a6c6312ddfd509781828d8a419bc6ff8911a990cdb14ccad7c2d3f5b19d2c7d	3	0.10,0.50,0.90	E0359	iMAT	training_samples=setx1,setx3	C2	G5	0.90	f715c48d725df09590892b8a0f532f274829fa59347013d5f282226dd527b95b	8919d77fd866b5a1dc2c64f31ddf3d2b0c854b469fdba34f75f79fe51e478517	2	0	1.2481609801273663e-07	0.0076218572614479285	1.0000691074688512	0.99999999999997868	EVALUABLE	EVALUABLE	true	VALID	
7a77db5cefbeccf4b41343498886840c5851b645e39d57681793408de987a112	1	0.10	E0390	iMAT	training_samples=setx2,setx3	C4	G1	0.10	c68dd7b25160f329f504d6cca13ada30ca042fcbe53ec74e4fbc7caad25bfbb5	5a5cf99d6f8010ddefea6328d295b132f1e3bd6948dec2cdfdd312ee66482068	12	11	0.88175991433221401	0.90661312010804174	1.0611263708325771	4.1555660429881884	EVALUABLE	EVALUABLE	true	VALID	
7a996a7d3cf9a2865ec3a866fed7c872361bf6d373ce3aaa23bd77f6c8a13a83	1	0.90	E0308	iMAT	training_samples=setx1,setx2	C2	G4	0.90	92885b269975050d47b4a5f3645ef173ad8091cce18e3f543380b638cb89c263	4a2fb998e907a76d9911c65dc23b53d134425ac6130d04103f1e03f7be8c05b6	0	0	0.57021866128520915	0.71959988885400339	0.99999999999999956	1.0000000000001925	EVALUABLE	EVALUABLE	true	VALID	
7aaeb8e991776e76e44612c787de75a57de7157094d12fd577bd34e46918c2cb	1	0.90	E0047	CORDA	training_samples=setx1,setx2,setx3	C5	G3	0.90	841f998ef00a0775a812107d6ae160399491e383a3bff330c20f771132333a20	5f016d2a7e8c0ca9be2a0c7a65b58b776f02175e7864b34d3b8946ee4f826f29	9	16	0.84626221092733167	0.020869479776507438	2.6308800934600693	1.0001476877215394	EVALUABLE	EVALUABLE	true	VALID	
7b15b714809ad46f1a4476a0c1ed9e8c6d55cf08f76fcd10da09bb12fdb3454b	2	0.10,0.50	E0018	CORDA	training_samples=setx1,setx2	C4	G4	0.10	55c97010acdd0cdc52f98f416746a96a3e453dfff25d0e9f08e270f4213bea20	4e3f6d6ceeb0b403b1b2482130d0f49869cd9e2da46c27f2006cd8893987eb72	1	0	0.49312951217532808	7.4251715886930469e-13	1.2716030719337326	1.0000565526010636	EVALUABLE	EVALUABLE	true	VALID	
7b15b714809ad46f1a4476a0c1ed9e8c6d55cf08f76fcd10da09bb12fdb3454b	2	0.10,0.50	E0018	CORDA	training_samples=setx1,setx2	C4	G4	0.50	55c97010acdd0cdc52f98f416746a96a3e453dfff25d0e9f08e270f4213bea20	4e3f6d6ceeb0b403b1b2482130d0f49869cd9e2da46c27f2006cd8893987eb72	1	0	0.49312951217532808	7.4251715886930469e-13	1.2716030719337326	1.0000565526010636	EVALUABLE	EVALUABLE	true	VALID	
7b18eee8e1d58b023ae27828573e895a98c8f660e1ef9ed558abd0f0610035cb	2	0.50,0.90	E0327	iMAT	training_samples=setx1,setx2,setx3	C1	G3	0.50	e2b2ddf86ed085b30c97911b98143c20b673b5444e88af92be27d19bc9e34b8b	1ff3f6f24399029ac6d6407339a7671dc0454a3da0344b173a866dad9366939a	14	17	0.00060723882936886131	0.18935926463506469	1.8488258933314179	2.6102075929945316	EVALUABLE	EVALUABLE	true	VALID	
7b18eee8e1d58b023ae27828573e895a98c8f660e1ef9ed558abd0f0610035cb	2	0.50,0.90	E0327	iMAT	training_samples=setx1,setx2,setx3	C1	G3	0.90	e2b2ddf86ed085b30c97911b98143c20b673b5444e88af92be27d19bc9e34b8b	1ff3f6f24399029ac6d6407339a7671dc0454a3da0344b173a866dad9366939a	14	17	0.00060723882936886131	0.18935926463506469	1.8488258933314179	2.6102075929945316	EVALUABLE	EVALUABLE	true	VALID	
7b1a03f0acb3664b0e86294984e9e363b6128c89c420abea7f25d6a31f2f7412	1	0.90	E0076	CORDA	training_samples=setx2,setx3	C1	G2	0.90	72b247f6826b8e7aec7fae9987164b81f087b64e28ead12694c3984bbcbe4c0e	1da91e6cbc1ec44f0d5dcba4f1de73f1c00882c5b1d520c8967a9b59c82629c7	17	15	0.70519912879627034	5.9220414986294045e-06	1.0007764269716513	1.1646680046001436	EVALUABLE	EVALUABLE	true	VALID	
7b2d8b4524facf208962f41e19f8ef7c2c8a16fcb7b5a4a3ad9d0a2a2f74a468	1	0.50	E0260	RIPTiDe	training_samples=setx1,setx3	C3	G1	0.50	0551a70442c925ed3fd3d5f6f03c23b55a16bc314382c97afcbdcf827ae4123a	ad3ae52546893ca463d0370db5c0243a4cd79da6df16d930a4acee2fee7bf062	18	3	0.78471074937537688	0.50000000000031786	3.900728240933454	1.0000000000025429	EVALUABLE	EVALUABLE	true	VALID	
7b5accf95e3ed26c874779c504a231bf8a8e720781adc1f2b2db13de29bb899a	1	0.90	E0360	iMAT	training_samples=setx1,setx3	C3	G1	0.90	f715c48d725df09590892b8a0f532f274829fa59347013d5f282226dd527b95b	5adee773b070f41e31484efe24458fa5c480e0f237b88e9bae1dff6c2c042cf8	2	3	1.8678217881373804e-05	0.87594694349532132	1.0035262886233158	2.0029053161322734	EVALUABLE	EVALUABLE	true	VALID	
7b6e180a3a9e0be9a20041c5d612ec01612871a1a9683c6087c3ac1c63738e50	1	0.10	E0397	iMAT	training_samples=setx2,setx3	C5	G3	0.10	a1f48ef19613f6a65b331bca98ea3fad70a41cafb8ba8276bafb56980a7ae0e3	7fdc2fa21fea6c28bbc011461e0e1d02cc38dbc1714a1b49baf6218c00d86339	2	17	0.74479653446455985	6.3497605324869255e-06	2.1537892065097521	1.0206033124377409	EVALUABLE	EVALUABLE	true	VALID	
7c92a0d606128070f42f86d90b55d4a006ad5cdedb9c8e98581f26a185d4a563	2	0.10,0.50	E0039	CORDA	training_samples=setx1,setx2,setx3	C3	G5	0.10	102f69f6fa8557e4e0067accc8216a851f9d96d112c3c1db033468920969167f	a5e71df85ff7da9f890eb3cd5dcb2b7117ced118c99b3684ee841000c8e0b65d	3	13	0.20894673440458977	0.077931777908435307	1.0088504246050884	1.1521560763699514	EVALUABLE	EVALUABLE	true	VALID	
7c92a0d606128070f42f86d90b55d4a006ad5cdedb9c8e98581f26a185d4a563	2	0.10,0.50	E0039	CORDA	training_samples=setx1,setx2,setx3	C3	G5	0.50	102f69f6fa8557e4e0067accc8216a851f9d96d112c3c1db033468920969167f	a5e71df85ff7da9f890eb3cd5dcb2b7117ced118c99b3684ee841000c8e0b65d	3	13	0.20894673440458977	0.077931777908435307	1.0088504246050884	1.1521560763699514	EVALUABLE	EVALUABLE	true	VALID	
7d16d6efe6b94c4d248e0b8d29e70b7d38bc43c82eeee15cd00710d30b3ebe07	1	0.10	E0194	GIMME	training_samples=setx2,setx3	C4	G5	0.10	ec713323665316d5b12598b96ce058a5cbd45046ed44f9acd156cf13bb158862	475729c033b518a09675629939712759dc9a8ad22e9075cf75933b7b2ce22400	13	10	0.68532626770174399	0.89765771640880787	4.3767973435134619	5.1521551567521406	EVALUABLE	EVALUABLE	true	VALID	
7d70e98407dbb9732190aba61bc94c52c3e7e1ad6602851452a5bf7fc3adac1a	2	0.10,0.50	E0321	iMAT	training_samples=setx1,setx2	C5	G2	0.10	41b88b4ee1d53a5ed347ca7ca6e242f063954bf817489f768d55c5cd466c4a09	4a2fb998e907a76d9911c65dc23b53d134425ac6130d04103f1e03f7be8c05b6	11	0	0.32862257575172626	1.6805334901448532e-11	1.0163549833362697	1.0000101044181642	EVALUABLE	EVALUABLE	true	VALID	
7d70e98407dbb9732190aba61bc94c52c3e7e1ad6602851452a5bf7fc3adac1a	2	0.10,0.50	E0321	iMAT	training_samples=setx1,setx2	C5	G2	0.50	41b88b4ee1d53a5ed347ca7ca6e242f063954bf817489f768d55c5cd466c4a09	4a2fb998e907a76d9911c65dc23b53d134425ac6130d04103f1e03f7be8c05b6	11	0	0.32862257575172626	1.6805334901448532e-11	1.0163549833362697	1.0000101044181642	EVALUABLE	EVALUABLE	true	VALID	
7dd209b2fc8e2bcb56d869446bf575fdada7c2a002bb6655f958752006cbc334	1	0.10	E0213	RIPTiDe	training_samples=setx1,setx2	C3	G4	0.10	7f680ec90ffb14e0cf02f3aa48fc2a9480180e3d4bfe2ca3fd207f7277645ac2	4f3ac3dd70092e73abd0358812ec03b156828b637df9f9d81f3fa59635a9cea7	16	2	0.59048583037751756	0.66666667819853065	3.2889586811236944	2.000000207573553	EVALUABLE	EVALUABLE	true	VALID	
7e0fb63d71eb3b8c7b754813d46d7bcb098ad44e96fe2f0455f179dde499a93e	1	0.90	E0357	iMAT	training_samples=setx1,setx3	C2	G3	0.90	f715c48d725df09590892b8a0f532f274829fa59347013d5f282226dd527b95b	56f49755ad9fd488da413cdefefa89f19e6d4469948128c282c57ff52fb461d5	2	4	1.2481609801273663e-07	0.67061547524198106	1.0000691074688512	4.5930911601097986	EVALUABLE	EVALUABLE	true	VALID	
7e12632c7f1c9923174aefaf850d36fe619d750cff03d964249af184d3850d7b	3	0.10,0.50,0.90	E0061	CORDA	training_samples=setx1,setx3	C3	G2	0.10	7f09d6185ac5d193185190172ff78a97a79908108e64a74fa9c0e5c5b7a315dc	d928590f61fb177ab6a5b0e11cbeca11a10927ce32463c8505150ddf6a21fd31	0	8	9.8221430988587599e-13	0.01282364964166105	1.0001067986560188	1.0000633627122968	EVALUABLE	EVALUABLE	true	VALID	
7e12632c7f1c9923174aefaf850d36fe619d750cff03d964249af184d3850d7b	3	0.10,0.50,0.90	E0061	CORDA	training_samples=setx1,setx3	C3	G2	0.50	7f09d6185ac5d193185190172ff78a97a79908108e64a74fa9c0e5c5b7a315dc	d928590f61fb177ab6a5b0e11cbeca11a10927ce32463c8505150ddf6a21fd31	0	8	9.8221430988587599e-13	0.01282364964166105	1.0001067986560188	1.0000633627122968	EVALUABLE	EVALUABLE	true	VALID	
7e12632c7f1c9923174aefaf850d36fe619d750cff03d964249af184d3850d7b	3	0.10,0.50,0.90	E0061	CORDA	training_samples=setx1,setx3	C3	G2	0.90	7f09d6185ac5d193185190172ff78a97a79908108e64a74fa9c0e5c5b7a315dc	d928590f61fb177ab6a5b0e11cbeca11a10927ce32463c8505150ddf6a21fd31	0	8	9.8221430988587599e-13	0.01282364964166105	1.0001067986560188	1.0000633627122968	EVALUABLE	EVALUABLE	true	VALID	
7e28cbc10f56f4177836f6049972cb4b592ae2494c3f99926b71d96d152c32a5	1	0.90	E0229	RIPTiDe	training_samples=setx1,setx2,setx3	C1	G5	0.90	0ce9f3c2ac8cacca151a431395692262091d1c40960aa953be66fdd4db529db5	4a61ea31056d52077ad2027e285dac5d697cdf600c4f12ff909f1ee64534d595	17	7	2.1713975306703048e-07	0.89706794625571706	1.0397008007689097	8.9928000395883512	EVALUABLE	EVALUABLE	true	VALID	
7e499b2477cf077c1fa6e53cd65e832ca77d067236ff861829d3829094294c7a	1	0.90	E0265	RIPTiDe	training_samples=setx1,setx3	C4	G1	0.90	227fe4afb2202ead22ee9d269e9306fc1462f44fe8ea75b1015ef56783db29e3	deff62e02ba886762368ef91d7c5a863a4429df48e2f355d224c8d1fd18fccdc	3	11	7.6612478538962137e-07	0.50000000000031786	1.1135922927589117	1.0000000000025429	EVALUABLE	EVALUABLE	true	VALID	
7e6a4ff1fe8afbf9b65d81ee10e4e466219e23151b15194dcf8754a21c704c0f	1	0.90	E0399	iMAT	training_samples=setx2,setx3	C5	G5	0.90	199d1232f9356b67d2811c1333b2b4466aa5cc643e0e7b3812579cffa59c92fe	2f971692e2765073ae8a6d2f6fd8f4e97e81f95489df3f2946d4c497d94165b9	17	0	0.70138928644675125	4.3214321010509593e-12	2.106688402352034	0.99993274541767907	EVALUABLE	EVALUABLE	true	VALID	
7e71cca6b967707ecded5d40662de53566245ed94dd1701da2f499c45b9c68b5	1	0.10	E0395	iMAT	training_samples=setx2,setx3	C5	G1	0.10	a1f48ef19613f6a65b331bca98ea3fad70a41cafb8ba8276bafb56980a7ae0e3	5a5cf99d6f8010ddefea6328d295b132f1e3bd6948dec2cdfdd312ee66482068	2	11	0.74479653446455985	0.90661312010804174	2.1537892065097521	4.1555660429881884	EVALUABLE	EVALUABLE	true	VALID	
7e7dad88bba61867fea7f20c7ad9aeb164603894029fe4f2c1c96855ba0b63ac	1	0.10	E0181	GIMME	training_samples=setx2,setx3	C2	G2	0.10	f644340953d72bb12da093189853db0ff0fc86bb66134a4f3d0a44308555f75e	0a15d7a32e358b6d318a4305ace35b78c1993f83a33663124679dcd0956673c5	1	3	0.045548546711112081	0.92890121738163578	1.2064484074095803	2.6586045431070406	EVALUABLE	EVALUABLE	true	VALID	
7ea7e7a746b598aa45ab2830701b688283ccf6cc9b61015112b2e0b4f12b8b0d	1	0.10	E0220	RIPTiDe	training_samples=setx1,setx2	C5	G1	0.10	4989824e2df2467b6e60573ab17ca31c35d0a30f6e54c8dfeb87847ca960b723	4f3ac3dd70092e73abd0358812ec03b156828b637df9f9d81f3fa59635a9cea7	17	2	0.0061606563835081563	0.66666666666680796	1.0120116284821428	2.0000000000025433	EVALUABLE	EVALUABLE	true	VALID	
7eb30e1a21b58bd36ee3d49bcfcfe57de78c88e374291fffa60a81216b88117e	1	0.50	E0196	GIMME	training_samples=setx2,setx3	C5	G2	0.50	ec713323665316d5b12598b96ce058a5cbd45046ed44f9acd156cf13bb158862	0b742d893c7ca2cb7d6c3602f9b3060c69defdcca63058c841cf70d5b22d4480	13	0	0.061277558425924306	0.51247731842621946	1.0081772947321537	2.8568975681358206	EVALUABLE	EVALUABLE	true	VALID	
7f089ea4e11ef5a73c5dc88decb3a510baf94937ee126be4d57aa1b593822be1	1	0.50	E0139	GIMME	training_samples=setx1,setx2,setx3	C3	G5	0.50	4eeef1890619aa578845837f43661ee7c19b674ff17bfb6610802a3013e3f2fa	22fb33288e2b49401552b365407f2e2a4a6750f0976fa1f8910e2ea85c79b851	0	3	0.29071316070552367	0.88118016041096525	2.1236601906571737	4.5097690167728599	EVALUABLE	EVALUABLE	true	VALID	
7f4ba5dca93cf28c4c4e1b1744941cece32039fd3a3c6c2c13a6fce34278d2b8	3	0.10,0.50,0.90	E0334	iMAT	training_samples=setx1,setx2,setx3	C2	G5	0.10	73800d86c4f889eaf4f5923c873981e1547c7ce8918bcad431aebb6957e65d8f	ff08294218c297aa70d51d53f700660a24a0daa0e1e0239b74f592559b440776	1	0	1.6288439486089601e-09	1.2734108212342221e-09	1.1217230781177472	1.0000000692349222	EVALUABLE	EVALUABLE	true	VALID	
7f4ba5dca93cf28c4c4e1b1744941cece32039fd3a3c6c2c13a6fce34278d2b8	3	0.10,0.50,0.90	E0334	iMAT	training_samples=setx1,setx2,setx3	C2	G5	0.50	73800d86c4f889eaf4f5923c873981e1547c7ce8918bcad431aebb6957e65d8f	ff08294218c297aa70d51d53f700660a24a0daa0e1e0239b74f592559b440776	1	0	1.6288439486089601e-09	1.2734108212342221e-09	1.1217230781177472	1.0000000692349222	EVALUABLE	EVALUABLE	true	VALID	
7f4ba5dca93cf28c4c4e1b1744941cece32039fd3a3c6c2c13a6fce34278d2b8	3	0.10,0.50,0.90	E0334	iMAT	training_samples=setx1,setx2,setx3	C2	G5	0.90	73800d86c4f889eaf4f5923c873981e1547c7ce8918bcad431aebb6957e65d8f	ff08294218c297aa70d51d53f700660a24a0daa0e1e0239b74f592559b440776	1	0	1.6288439486089601e-09	1.2734108212342221e-09	1.1217230781177472	1.0000000692349222	EVALUABLE	EVALUABLE	true	VALID	
7fb6ee36058292df32e6ff929b1965b4e206e9ca1a9a6a91311f888fa9dea388	1	0.90	E0282	RIPTiDe	training_samples=setx2,setx3	C2	G3	0.90	b8fff488dd02060ace5ee1ad971713ffd8ade0edd5a4b26e9d5eac6c4edf1f23	c14d5ed0f81e787adc1913c3553bf14df5bb157bc649ea2040ac26996164fde7	3	14	0.83250297757793668	0.12860087897247086	1.0025198179079111	1.2924726609838963	EVALUABLE	EVALUABLE	true	VALID	
7fd33ba5419e0a3b7392a2fe79faaffdb379601894595cec0465cdd4b50b40b1	1	0.50	E0026	CORDA	training_samples=setx1,setx2,setx3	C1	G2	0.50	bb0ad4b3dca9738ed169d4aae2f4f8fd0949efa9bd105de1d71889a580ae2be8	a5e71df85ff7da9f890eb3cd5dcb2b7117ced118c99b3684ee841000c8e0b65d	19	13	0.37337614268516595	0.27013871007390233	2.1550924216373351	1.5770567569880014	EVALUABLE	EVALUABLE	true	VALID	
7ff54346a92f60bacd129a7ed008b921d59b113b5c4cd5fcdddd231450f7800e	2	0.10,0.50	E0174	GIMME	training_samples=setx1,setx3	C5	G5	0.10	85c320520e0d98911d2eaf5ef5ed30ace600fd4d9d2db08b51ab8abb34878cae	0613270f4140a02dc933da8f58c1eea1dfd57164ef86989cfbd7dbf0d510376d	3	13	0.49789717691233903	5.5723343161617755e-05	1.6492709930741936	1.2137893587424984	EVALUABLE	EVALUABLE	true	VALID	
7ff54346a92f60bacd129a7ed008b921d59b113b5c4cd5fcdddd231450f7800e	2	0.10,0.50	E0174	GIMME	training_samples=setx1,setx3	C5	G5	0.50	85c320520e0d98911d2eaf5ef5ed30ace600fd4d9d2db08b51ab8abb34878cae	0613270f4140a02dc933da8f58c1eea1dfd57164ef86989cfbd7dbf0d510376d	3	13	0.49789717691233903	5.5723343161617755e-05	1.6492709930741936	1.2137893587424984	EVALUABLE	EVALUABLE	true	VALID	
802ff2bef932a16ecee5a3ada95cad495a920275c8b2b70a9d0bac42b987a977	1	0.10	E0108	GIMME	training_samples=setx1,setx2	C2	G4	0.10	215aaec06194c85fc8915c4bae4f109c54d8498704d0279ad091b0f04037250b	f6b0f2ba20b13928be8ad57375895f2cc1e549f77dfc7af9607209c545567596	0	9	0.49219286033357124	0.57602289999592615	1.0003696961380542	3.3768953965091928	EVALUABLE	EVALUABLE	true	VALID	
8051ad766113df8bf8a7914a7c3a943b34949f0f0cb6898c9fba9ca79ecf42f5	1	0.90	E0110	GIMME	training_samples=setx1,setx2	C3	G1	0.90	23292304d2d32b2fdbaff4ee52762d292782269c9b4414137b63abfae0a20815	4500acff7cff7bd2c0197f246185188706160736fb30b9bd89dc5dc0dd135971	1	15	0.65394432018415993	0.0032765027800679691	1.0000001252770447	1.000003721612587	EVALUABLE	EVALUABLE	true	VALID	
80bc510f7b84f9b0337b7e5c1adf886a651d063df3eddbcd0ea26abc27ad1c21	1	0.10	E0002	CORDA	training_samples=setx1,setx2	C1	G3	0.10	c55c11a6e3dc772e3c2e3b973cfb71fd8e41ddd3aef93d8b8367e17dfca95033	488ec8fc3106ead99d811b4bde0838da48763bd7a1999d8f7629a12ed999f37b	18	17	0.0065724073782047476	0.84558012251403403	1.3332420312329403	7.1929965179105251	EVALUABLE	EVALUABLE	true	VALID	
80e1bbfe86567199fee3e6d06acb3e82a55947acb966cb28e019254746984262	2	0.50,0.90	E0128	GIMME	training_samples=setx1,setx2,setx3	C1	G4	0.50	820066d04598da3d239f0d23bd4e39ef57a720e88a443581bcf565cd8d99566b	9d089ba3b0e645d3e16cc9b9a500224416307f7ee4379f38d87bf989d2174ec1	18	19	0.16662655239100743	0.012115231716883557	1.0006790910238477	1.4811366309352092	EVALUABLE	EVALUABLE	true	VALID	
80e1bbfe86567199fee3e6d06acb3e82a55947acb966cb28e019254746984262	2	0.50,0.90	E0128	GIMME	training_samples=setx1,setx2,setx3	C1	G4	0.90	820066d04598da3d239f0d23bd4e39ef57a720e88a443581bcf565cd8d99566b	9d089ba3b0e645d3e16cc9b9a500224416307f7ee4379f38d87bf989d2174ec1	18	19	0.16662655239100743	0.012115231716883557	1.0006790910238477	1.4811366309352092	EVALUABLE	EVALUABLE	true	VALID	
80ee53f7f38ccd3824485074a53cd590d82efa8d5f1a03a4876abb6f9ce6ea09	1	0.10	E0118	GIMME	training_samples=setx1,setx2	C4	G4	0.10	337634da0cfd0d1105cf8f37879f1f17ad4596420a8cfced6a550bb4701e5f9e	f6b0f2ba20b13928be8ad57375895f2cc1e549f77dfc7af9607209c545567596	10	9	0.6237102538467284	0.57602289999592615	2.1125520705523235	3.3768953965091928	EVALUABLE	EVALUABLE	true	VALID	
8131e6031af06f7dbe20ebf027af526e3083de1d5a2061b1db03516aff2b689d	3	0.10,0.50,0.90	E0164	GIMME	training_samples=setx1,setx3	C3	G5	0.10	7d84eb225b8def23833824a5db45b74528179b1bd889afa1812a7b3af34d5dd1	0613270f4140a02dc933da8f58c1eea1dfd57164ef86989cfbd7dbf0d510376d	0	13	0.00013933814558175772	5.5723343161617755e-05	1.0000373225614838	1.2137893587424984	EVALUABLE	EVALUABLE	true	VALID	
8131e6031af06f7dbe20ebf027af526e3083de1d5a2061b1db03516aff2b689d	3	0.10,0.50,0.90	E0164	GIMME	training_samples=setx1,setx3	C3	G5	0.50	7d84eb225b8def23833824a5db45b74528179b1bd889afa1812a7b3af34d5dd1	0613270f4140a02dc933da8f58c1eea1dfd57164ef86989cfbd7dbf0d510376d	0	13	0.00013933814558175772	5.5723343161617755e-05	1.0000373225614838	1.2137893587424984	EVALUABLE	EVALUABLE	true	VALID	
8131e6031af06f7dbe20ebf027af526e3083de1d5a2061b1db03516aff2b689d	3	0.10,0.50,0.90	E0164	GIMME	training_samples=setx1,setx3	C3	G5	0.90	7d84eb225b8def23833824a5db45b74528179b1bd889afa1812a7b3af34d5dd1	0613270f4140a02dc933da8f58c1eea1dfd57164ef86989cfbd7dbf0d510376d	0	13	0.00013933814558175772	5.5723343161617755e-05	1.0000373225614838	1.2137893587424984	EVALUABLE	EVALUABLE	true	VALID	
8156b525a5ff39f9a4f6e4226b5e6876e364633b1fb70dfe5c4ea194aa052964	1	0.90	E0133	GIMME	training_samples=setx1,setx2,setx3	C2	G4	0.90	5e8a0c4892e9698556e454389aaa6a2b6ca7ec28c8f86829df78dbc7a396e38e	9d089ba3b0e645d3e16cc9b9a500224416307f7ee4379f38d87bf989d2174ec1	2	19	0.88610058363863164	0.012115231716883557	5.6265060409851131	1.4811366309352092	EVALUABLE	EVALUABLE	true	VALID	
81bf4f0281acc59913046adb5a99b8e2a2ba545afc05ea0971a41f20076c47db	3	0.10,0.50,0.90	E0120	GIMME	training_samples=setx1,setx2	C5	G1	0.10	28de38258d03212a0d010bf8ac5b5dd9d5bb9878b0d353e342028da17117a4df	4500acff7cff7bd2c0197f246185188706160736fb30b9bd89dc5dc0dd135971	11	15	2.5049295970802632e-11	0.0032765027800679691	0.9999990493346953	1.000003721612587	EVALUABLE	EVALUABLE	true	VALID	
81bf4f0281acc59913046adb5a99b8e2a2ba545afc05ea0971a41f20076c47db	3	0.10,0.50,0.90	E0120	GIMME	training_samples=setx1,setx2	C5	G1	0.50	28de38258d03212a0d010bf8ac5b5dd9d5bb9878b0d353e342028da17117a4df	4500acff7cff7bd2c0197f246185188706160736fb30b9bd89dc5dc0dd135971	11	15	2.5049295970802632e-11	0.0032765027800679691	0.9999990493346953	1.000003721612587	EVALUABLE	EVALUABLE	true	VALID	
81bf4f0281acc59913046adb5a99b8e2a2ba545afc05ea0971a41f20076c47db	3	0.10,0.50,0.90	E0120	GIMME	training_samples=setx1,setx2	C5	G1	0.90	28de38258d03212a0d010bf8ac5b5dd9d5bb9878b0d353e342028da17117a4df	4500acff7cff7bd2c0197f246185188706160736fb30b9bd89dc5dc0dd135971	11	15	2.5049295970802632e-11	0.0032765027800679691	0.9999990493346953	1.000003721612587	EVALUABLE	EVALUABLE	true	VALID	
8270e1f6a6e8a57afec033882b3aec27baa756847ac041b6d26e52f397c9ba1d	3	0.10,0.50,0.90	E0290	RIPTiDe	training_samples=setx2,setx3	C4	G1	0.10	7ce358edc3a4bd7c08bb6daaad38e6b004b2499c6d5cdc3112e7a7dfa0faee9a	c14d5ed0f81e787adc1913c3553bf14df5bb157bc649ea2040ac26996164fde7	2	14	5.6906455547789392e-08	0.0033918223198557973	0.99999999897131486	1.0065955413257699	EVALUABLE	EVALUABLE	true	VALID	
8270e1f6a6e8a57afec033882b3aec27baa756847ac041b6d26e52f397c9ba1d	3	0.10,0.50,0.90	E0290	RIPTiDe	training_samples=setx2,setx3	C4	G1	0.50	7ce358edc3a4bd7c08bb6daaad38e6b004b2499c6d5cdc3112e7a7dfa0faee9a	c14d5ed0f81e787adc1913c3553bf14df5bb157bc649ea2040ac26996164fde7	2	14	5.6906455547789392e-08	0.0033918223198557973	0.99999999897131486	1.0065955413257699	EVALUABLE	EVALUABLE	true	VALID	
8270e1f6a6e8a57afec033882b3aec27baa756847ac041b6d26e52f397c9ba1d	3	0.10,0.50,0.90	E0290	RIPTiDe	training_samples=setx2,setx3	C4	G1	0.90	7ce358edc3a4bd7c08bb6daaad38e6b004b2499c6d5cdc3112e7a7dfa0faee9a	c14d5ed0f81e787adc1913c3553bf14df5bb157bc649ea2040ac26996164fde7	2	14	5.6906455547789392e-08	0.0033918223198557973	0.99999999897131486	1.0065955413257699	EVALUABLE	EVALUABLE	true	VALID	
82c7f6aa5b4add10792fb519ada6008a16d0a247b8202c6d04f3921207ff38af	2	0.50,0.90	E0394	iMAT	training_samples=setx2,setx3	C4	G5	0.50	7694a9e011d4ebf44d303658c7154c14143b3e30ce56570e30c917120cb8c5fd	2f971692e2765073ae8a6d2f6fd8f4e97e81f95489df3f2946d4c497d94165b9	11	0	0.14429939582273443	4.3214321010509593e-12	1.4390303388080905	0.99993274541767907	EVALUABLE	EVALUABLE	true	VALID	
82c7f6aa5b4add10792fb519ada6008a16d0a247b8202c6d04f3921207ff38af	2	0.50,0.90	E0394	iMAT	training_samples=setx2,setx3	C4	G5	0.90	7694a9e011d4ebf44d303658c7154c14143b3e30ce56570e30c917120cb8c5fd	2f971692e2765073ae8a6d2f6fd8f4e97e81f95489df3f2946d4c497d94165b9	11	0	0.14429939582273443	4.3214321010509593e-12	1.4390303388080905	0.99993274541767907	EVALUABLE	EVALUABLE	true	VALID	
82d6fed4e8d1d423597cb4ae655147dd6bf2e81f0375bcb73aa8ad5f57275d92	1	0.90	E0365	iMAT	training_samples=setx1,setx3	C4	G1	0.90	f748cd6aeca05446d28a19c599fcdda457fbd8a29c4d8a73e760985713b9f609	5adee773b070f41e31484efe24458fa5c480e0f237b88e9bae1dff6c2c042cf8	1	3	0.00036740755356445831	0.87594694349532132	1.0163496554444107	2.0029053161322734	EVALUABLE	EVALUABLE	true	VALID	
833e640445124022262d9533313ac780dae57d3d78d5c0c866fd9ceb12a9458b	1	0.10	E0208	RIPTiDe	training_samples=setx1,setx2	C2	G4	0.10	64e14d92b1a5821eccddd0e1e6d5521f0fcaba2977c9eb34cfda886205c3493d	4f3ac3dd70092e73abd0358812ec03b156828b637df9f9d81f3fa59635a9cea7	8	2	0.80317842331243483	0.66666667819853065	4.3475354604705059	2.000000207573553	EVALUABLE	EVALUABLE	true	VALID	
835655aef355d048184cb9f141eea7ef7cb81f53ad9c127b5aa005184e2d2bed	3	0.10,0.50,0.90	E0245	RIPTiDe	training_samples=setx1,setx2,setx3	C5	G1	0.10	0ce9f3c2ac8cacca151a431395692262091d1c40960aa953be66fdd4db529db5	d2e77ddb8a929cfcb9b862f9915f2d5a3eb09741f2765ade2b0bcd69a98c741d	17	12	0	0.0063572334634590666	nan	1.0123976784237918	NON_EVALUABLE_ZERO_POST_HOLDOUT_MASS under the frozen normalized-weight representation	EVALUABLE	false	NON_EVALUABLE_ZERO_POST_HOLDOUT_MASS under the frozen normalized-weight representation	zero post-holdout mass on one or both condition distributions under frozen normalized weights
835655aef355d048184cb9f141eea7ef7cb81f53ad9c127b5aa005184e2d2bed	3	0.10,0.50,0.90	E0245	RIPTiDe	training_samples=setx1,setx2,setx3	C5	G1	0.50	0ce9f3c2ac8cacca151a431395692262091d1c40960aa953be66fdd4db529db5	d2e77ddb8a929cfcb9b862f9915f2d5a3eb09741f2765ade2b0bcd69a98c741d	17	12	0	0.0063572334634590666	nan	1.0123976784237918	NON_EVALUABLE_ZERO_POST_HOLDOUT_MASS under the frozen normalized-weight representation	EVALUABLE	false	NON_EVALUABLE_ZERO_POST_HOLDOUT_MASS under the frozen normalized-weight representation	zero post-holdout mass on one or both condition distributions under frozen normalized weights
835655aef355d048184cb9f141eea7ef7cb81f53ad9c127b5aa005184e2d2bed	3	0.10,0.50,0.90	E0245	RIPTiDe	training_samples=setx1,setx2,setx3	C5	G1	0.90	0ce9f3c2ac8cacca151a431395692262091d1c40960aa953be66fdd4db529db5	d2e77ddb8a929cfcb9b862f9915f2d5a3eb09741f2765ade2b0bcd69a98c741d	17	12	0	0.0063572334634590666	nan	1.0123976784237918	NON_EVALUABLE_ZERO_POST_HOLDOUT_MASS under the frozen normalized-weight representation	EVALUABLE	false	NON_EVALUABLE_ZERO_POST_HOLDOUT_MASS under the frozen normalized-weight representation	zero post-holdout mass on one or both condition distributions under frozen normalized weights
83e713117d0d1d96da005e9303322dbdf28a3740fe28fca6e7b5b0d10ce22f99	3	0.10,0.50,0.90	E0060	CORDA	training_samples=setx1,setx3	C3	G1	0.10	7f09d6185ac5d193185190172ff78a97a79908108e64a74fa9c0e5c5b7a315dc	64ab1614c0c568b77bd29ca3d3623f3ba1823bd3bf91fd0f4dc032039ade4cc3	0	15	9.8221430988587599e-13	0.023826284701584988	1.0001067986560188	2.2103814319660819	EVALUABLE	EVALUABLE	true	VALID	
83e713117d0d1d96da005e9303322dbdf28a3740fe28fca6e7b5b0d10ce22f99	3	0.10,0.50,0.90	E0060	CORDA	training_samples=setx1,setx3	C3	G1	0.50	7f09d6185ac5d193185190172ff78a97a79908108e64a74fa9c0e5c5b7a315dc	64ab1614c0c568b77bd29ca3d3623f3ba1823bd3bf91fd0f4dc032039ade4cc3	0	15	9.8221430988587599e-13	0.023826284701584988	1.0001067986560188	2.2103814319660819	EVALUABLE	EVALUABLE	true	VALID	
83e713117d0d1d96da005e9303322dbdf28a3740fe28fca6e7b5b0d10ce22f99	3	0.10,0.50,0.90	E0060	CORDA	training_samples=setx1,setx3	C3	G1	0.90	7f09d6185ac5d193185190172ff78a97a79908108e64a74fa9c0e5c5b7a315dc	64ab1614c0c568b77bd29ca3d3623f3ba1823bd3bf91fd0f4dc032039ade4cc3	0	15	9.8221430988587599e-13	0.023826284701584988	1.0001067986560188	2.2103814319660819	EVALUABLE	EVALUABLE	true	VALID	
83e82b8eca961fb285fea927cb7f47a7831fe9a9e7daf488c3bc25f91725e773	1	0.10	E0357	iMAT	training_samples=setx1,setx3	C2	G3	0.10	f715c48d725df09590892b8a0f532f274829fa59347013d5f282226dd527b95b	e018e1e85f8fcd168cbc6ae22bdb5fe08a84bcc1860dddccdc6069714a07fba3	2	13	1.2481609801273663e-07	0.83755045041212672	1.0000691074688512	3.8967877590709947	EVALUABLE	EVALUABLE	true	VALID	
842b92455fa9a5f9e4cde2707d45241205512f8fb7863990652ef83c42268450	1	0.90	E0012	CORDA	training_samples=setx1,setx2	C3	G3	0.90	9b3eb60c2fcc4a9ae62238b0c2f7954eee420bb3818ca6ad9cbf97843e48628a	bb971fe9fb3473bb385b4892616fc071460ab4db03f08657d16552b3fe5c22c3	0	12	0.78523544334179673	0.90947694058747985	1.0000502661007991	7.1892108132457615	EVALUABLE	EVALUABLE	true	VALID	
84488379176496f5b6f18ab5ac49df3065a0ee0d477ca9d404752daad87b724d	1	0.90	E0129	GIMME	training_samples=setx1,setx2,setx3	C1	G5	0.90	820066d04598da3d239f0d23bd4e39ef57a720e88a443581bcf565cd8d99566b	3112b8d4aded8669cde397953cf284b43fec3262a7981bef090ac70d789c2f05	18	0	0.16662655239100743	0.69509148612065297	1.0006790910238477	5.177040148089497	EVALUABLE	EVALUABLE	true	VALID	
84492f325715c7cf6b7b130876a950a566eb99c27a85b5d2702ef0472997eab6	2	0.50,0.90	E0136	GIMME	training_samples=setx1,setx2,setx3	C3	G2	0.50	4eeef1890619aa578845837f43661ee7c19b674ff17bfb6610802a3013e3f2fa	3112b8d4aded8669cde397953cf284b43fec3262a7981bef090ac70d789c2f05	0	0	0.29071316070552367	0.33744810376728684	2.1236601906571737	2.9147549106155339	EVALUABLE	EVALUABLE	true	VALID	
84492f325715c7cf6b7b130876a950a566eb99c27a85b5d2702ef0472997eab6	2	0.50,0.90	E0136	GIMME	training_samples=setx1,setx2,setx3	C3	G2	0.90	4eeef1890619aa578845837f43661ee7c19b674ff17bfb6610802a3013e3f2fa	3112b8d4aded8669cde397953cf284b43fec3262a7981bef090ac70d789c2f05	0	0	0.29071316070552367	0.33744810376728684	2.1236601906571737	2.9147549106155339	EVALUABLE	EVALUABLE	true	VALID	
848dfd55f4ef6ef2e09c2661db8f63d8f4aa065ab4c3c4f3404bc38d119dc159	2	0.10,0.50	E0177	GIMME	training_samples=setx2,setx3	C1	G3	0.10	ec713323665316d5b12598b96ce058a5cbd45046ed44f9acd156cf13bb158862	8ecf30a756db2f84cdf96655aeefb4791848aa4abcee2632121fb0bb43d6914f	13	9	0.22794341137265994	0	1.1947376033778843	nan	EVALUABLE	NON_EVALUABLE_ZERO_POST_HOLDOUT_MASS under the frozen normalized-weight representation	false	NON_EVALUABLE_ZERO_POST_HOLDOUT_MASS under the frozen normalized-weight representation	zero post-holdout mass on one or both condition distributions under frozen normalized weights
848dfd55f4ef6ef2e09c2661db8f63d8f4aa065ab4c3c4f3404bc38d119dc159	2	0.10,0.50	E0177	GIMME	training_samples=setx2,setx3	C1	G3	0.50	ec713323665316d5b12598b96ce058a5cbd45046ed44f9acd156cf13bb158862	8ecf30a756db2f84cdf96655aeefb4791848aa4abcee2632121fb0bb43d6914f	13	9	0.22794341137265994	0	1.1947376033778843	nan	EVALUABLE	NON_EVALUABLE_ZERO_POST_HOLDOUT_MASS under the frozen normalized-weight representation	false	NON_EVALUABLE_ZERO_POST_HOLDOUT_MASS under the frozen normalized-weight representation	zero post-holdout mass on one or both condition distributions under frozen normalized weights
864aa4da4b5632d276d781bedfd3cbf59457be523524710439674dfa4fff2a18	3	0.10,0.50,0.90	E0148	GIMME	training_samples=setx1,setx2,setx3	C5	G4	0.10	820066d04598da3d239f0d23bd4e39ef57a720e88a443581bcf565cd8d99566b	9d089ba3b0e645d3e16cc9b9a500224416307f7ee4379f38d87bf989d2174ec1	18	19	0.019322170746960743	0.012115231716883557	1.0000000037674974	1.4811366309352092	EVALUABLE	EVALUABLE	true	VALID	
864aa4da4b5632d276d781bedfd3cbf59457be523524710439674dfa4fff2a18	3	0.10,0.50,0.90	E0148	GIMME	training_samples=setx1,setx2,setx3	C5	G4	0.50	820066d04598da3d239f0d23bd4e39ef57a720e88a443581bcf565cd8d99566b	9d089ba3b0e645d3e16cc9b9a500224416307f7ee4379f38d87bf989d2174ec1	18	19	0.019322170746960743	0.012115231716883557	1.0000000037674974	1.4811366309352092	EVALUABLE	EVALUABLE	true	VALID	
864aa4da4b5632d276d781bedfd3cbf59457be523524710439674dfa4fff2a18	3	0.10,0.50,0.90	E0148	GIMME	training_samples=setx1,setx2,setx3	C5	G4	0.90	820066d04598da3d239f0d23bd4e39ef57a720e88a443581bcf565cd8d99566b	9d089ba3b0e645d3e16cc9b9a500224416307f7ee4379f38d87bf989d2174ec1	18	19	0.019322170746960743	0.012115231716883557	1.0000000037674974	1.4811366309352092	EVALUABLE	EVALUABLE	true	VALID	
868bb0dc4a84054f95e33cddce42dab838498c1ce75d6f507b0a03acc0863f62	1	0.90	E0362	iMAT	training_samples=setx1,setx3	C3	G3	0.90	f715c48d725df09590892b8a0f532f274829fa59347013d5f282226dd527b95b	56f49755ad9fd488da413cdefefa89f19e6d4469948128c282c57ff52fb461d5	2	4	1.8678217881373804e-05	0.67061547524198106	1.0035262886233158	4.5930911601097986	EVALUABLE	EVALUABLE	true	VALID	
868ff9002da1b7c746e1565e29dcc432f9b1c33bc97f3e6d1db41ae3f70b0bd7	1	0.50	E0231	RIPTiDe	training_samples=setx1,setx2,setx3	C2	G2	0.50	0ce9f3c2ac8cacca151a431395692262091d1c40960aa953be66fdd4db529db5	1e4730ea84327c2af00f7bf39dfe64b793d2c667d11063277acbba44643bb602	17	10	0.3346447039982936	0.68967358079474295	1.8639075724533631	3.5993535642060053	EVALUABLE	EVALUABLE	true	VALID	
87cfd70c756022fefa5031ac40a800a4c2084a9a72572b8f038fdacd5593b313	1	0.10	E0154	GIMME	training_samples=setx1,setx3	C1	G5	0.10	cc54b24afa3a8b0db325b37ba076ef5e11869c45d58d69da37b8bcf5223865f5	0613270f4140a02dc933da8f58c1eea1dfd57164ef86989cfbd7dbf0d510376d	17	13	0.89829762731866869	5.5723343161617755e-05	10.30309717239945	1.2137893587424984	EVALUABLE	EVALUABLE	true	VALID	
87e374560a68d6bba7fd02a72724ab1da79fa040d58fd4c54abb11251bfe21c7	1	0.90	E0093	CORDA	training_samples=setx2,setx3	C4	G4	0.90	aea3a41483799622bd3b3a2a0650bf7c51696eb5f00fff1b0bcf6f837c40d54a	1da91e6cbc1ec44f0d5dcba4f1de73f1c00882c5b1d520c8967a9b59c82629c7	0	15	0.56583110423809879	0.05223334857319839	1.0918927170938528	2.3284632827992651	EVALUABLE	EVALUABLE	true	VALID	
87f6cc181df8d35e907d20f575fbc59c0338e502acdb3c14ca1e57178f18ea92	1	0.50	E0020	CORDA	training_samples=setx1,setx2	C5	G1	0.50	c55c11a6e3dc772e3c2e3b973cfb71fd8e41ddd3aef93d8b8367e17dfca95033	1ea47774d2d57dd56364d073a09b722eb9a57b76f852434934514136b5d1c293	18	1	0.056378013431494511	0.60022474286039484	1.6254008945261684	1.4598470948721514	EVALUABLE	EVALUABLE	true	VALID	
88206d77ea4a05305e7079620f791c8c787e933e7ca71931b416131e9503d38e	1	0.10	E0226	RIPTiDe	training_samples=setx1,setx2,setx3	C1	G2	0.10	0ce9f3c2ac8cacca151a431395692262091d1c40960aa953be66fdd4db529db5	005bcffdca6d9ad2654d0fdf416bb93ff2fd7caea8656ea89564927e99c3d4da	17	3	2.1713975306703048e-07	0.68967358079474295	1.0397008007689097	3.5993535642060053	EVALUABLE	EVALUABLE	true	VALID	
884ee1100343a54ac2373718d1a52bd52596926f0c3814cdd953b897609ebac3	1	0.90	E0338	iMAT	training_samples=setx1,setx2,setx3	C3	G4	0.90	73800d86c4f889eaf4f5923c873981e1547c7ce8918bcad431aebb6957e65d8f	1cd860a2429f051cd189f97b8ee6cd1f9b1fb1288a2d4b3c67e118e3ffcc8e3f	1	1	4.6432333755674904e-08	0.59314719279813433	1.2795248085257824	0.99999999999999956	EVALUABLE	EVALUABLE	true	VALID	
8926d51d566de5593011f6df232b3c772d78339c62df2fc31f6a5b30be0dfe91	1	0.10	E0375	iMAT	training_samples=setx2,setx3	C1	G1	0.10	93bcac7a72697a36bd2ebdfcfec80d11ce9ecaab48365dbcfddc2af85158d388	5a5cf99d6f8010ddefea6328d295b132f1e3bd6948dec2cdfdd312ee66482068	19	11	0.029678835029393169	0.90661312010804174	1.0642276241648672	4.1555660429881884	EVALUABLE	EVALUABLE	true	VALID	
8988c5146db81d49249f452be396841ad58e770422b6070d1a38132eee7d1f08	1	0.10	E0285	RIPTiDe	training_samples=setx2,setx3	C3	G1	0.10	0a95f91928ebf23599e2fd99cce9339024b168bc277b7ee6b223dfc5b37da8df	c14d5ed0f81e787adc1913c3553bf14df5bb157bc649ea2040ac26996164fde7	10	14	0.8810977913406266	0.0033918223198557973	10.139210446872966	1.0065955413257699	EVALUABLE	EVALUABLE	true	VALID	
89ce0157142f9d2ac14707c0c4ade37cccec9aaa2e6298edada8a3a22410e639	1	0.10	E0000	CORDA	training_samples=setx1,setx2	C1	G1	0.10	c55c11a6e3dc772e3c2e3b973cfb71fd8e41ddd3aef93d8b8367e17dfca95033	75e0749c689cdf40549186cc03b478b56fab8ea8173a79eed5e10003a7a22fdf	18	4	0.0065724073782047476	0.88258890637782006	1.3332420312329403	1.982998633515259	EVALUABLE	EVALUABLE	true	VALID	
89e256e33e2f4195bbb57bc0c2a4bc44ed684b3b9c646034eb8148e0e9e082cf	1	0.90	E0200	RIPTiDe	training_samples=setx1,setx2	C1	G1	0.90	4989824e2df2467b6e60573ab17ca31c35d0a30f6e54c8dfeb87847ca960b723	dcd23c7687b7a968c63bb9675ce7906f58320bde6bc3bfbab7121eccb9334be0	17	14	0.14891186736446671	0.66666666666680796	1.3401538914421374	2.0000000000025433	EVALUABLE	EVALUABLE	true	VALID	
89fb074e232fc24dde76b284d8b672f9ac8ca2754009ddc38fc15c32921f751b	1	0.90	E0189	GIMME	training_samples=setx2,setx3	C3	G5	0.90	f644340953d72bb12da093189853db0ff0fc86bb66134a4f3d0a44308555f75e	9479e42871e312cc9e8045bad83182066b1281c061fdcd80c3da7974e75e1d5d	1	1	0.020924796634955611	0.80817339985621484	1.171543382551951	5.0212893733333575	EVALUABLE	EVALUABLE	true	VALID	
8a9fbebb036fe4f80be8245afe6c8534eb9d5ad5f29152d04ed2e374e21b9b7b	2	0.50,0.90	E0126	GIMME	training_samples=setx1,setx2,setx3	C1	G2	0.50	820066d04598da3d239f0d23bd4e39ef57a720e88a443581bcf565cd8d99566b	3112b8d4aded8669cde397953cf284b43fec3262a7981bef090ac70d789c2f05	18	0	0.16662655239100743	0.33744810376728684	1.0006790910238477	2.9147549106155339	EVALUABLE	EVALUABLE	true	VALID	
8a9fbebb036fe4f80be8245afe6c8534eb9d5ad5f29152d04ed2e374e21b9b7b	2	0.50,0.90	E0126	GIMME	training_samples=setx1,setx2,setx3	C1	G2	0.90	820066d04598da3d239f0d23bd4e39ef57a720e88a443581bcf565cd8d99566b	3112b8d4aded8669cde397953cf284b43fec3262a7981bef090ac70d789c2f05	18	0	0.16662655239100743	0.33744810376728684	1.0006790910238477	2.9147549106155339	EVALUABLE	EVALUABLE	true	VALID	
8af1b6c848b2b268d50be7a15b7fd33634c80a34996565062bed9b1bcfb2f9ef	1	0.90	E0333	iMAT	training_samples=setx1,setx2,setx3	C2	G4	0.90	73800d86c4f889eaf4f5923c873981e1547c7ce8918bcad431aebb6957e65d8f	1cd860a2429f051cd189f97b8ee6cd1f9b1fb1288a2d4b3c67e118e3ffcc8e3f	1	1	1.6288439486089601e-09	0.59314719279813433	1.1217230781177472	0.99999999999999956	EVALUABLE	EVALUABLE	true	VALID	
8b49ecdaa6ccf5d85d68cfc9e0abe191196570d5d8e273102fd9aee2ec4ff882	1	0.50	E0199	GIMME	training_samples=setx2,setx3	C5	G5	0.50	ec713323665316d5b12598b96ce058a5cbd45046ed44f9acd156cf13bb158862	6c445f147e2f7e3a54f0c9c73565e6907f851295c004439051772255ab91a584	13	2	0.061277558425924306	0.81985448383473447	1.0081772947321537	5.0004549778826162	EVALUABLE	EVALUABLE	true	VALID	
8bbcc023b65feb5bc1b454a560c545bd21b25b81abd701a6b4b921cd0c4dea7a	1	0.50	E0115	GIMME	training_samples=setx1,setx2	C4	G1	0.50	b329f0fd2be35ea618be2d80915238663395d1f9ea256684680fd3e9e29b07b1	4500acff7cff7bd2c0197f246185188706160736fb30b9bd89dc5dc0dd135971	13	15	0.65755479192107202	0.0032765027800679691	2.0740594571323734	1.000003721612587	EVALUABLE	EVALUABLE	true	VALID	
8bff60f291eea10605bf708c552d06329a56d4f5dba09124d7efffb8cec96482	1	0.50	E0344	iMAT	training_samples=setx1,setx2,setx3	C4	G5	0.50	0508eab71a0004ea418e21afa788f5650366bde4b6f23c738ca6f77ea3989883	ff08294218c297aa70d51d53f700660a24a0daa0e1e0239b74f592559b440776	4	0	0.86344282254463156	1.2734108212342221e-09	2.1434211475087155	1.0000000692349222	EVALUABLE	EVALUABLE	true	VALID	
8c3e1be5e202016273064de171788e383910767768a8387e267b211d8bb83689	3	0.10,0.50,0.90	E0100	GIMME	training_samples=setx1,setx2	C1	G1	0.10	28de38258d03212a0d010bf8ac5b5dd9d5bb9878b0d353e342028da17117a4df	4500acff7cff7bd2c0197f246185188706160736fb30b9bd89dc5dc0dd135971	11	15	3.3841141522383822e-07	0.0032765027800679691	1.0000000424174929	1.000003721612587	EVALUABLE	EVALUABLE	true	VALID	
8c3e1be5e202016273064de171788e383910767768a8387e267b211d8bb83689	3	0.10,0.50,0.90	E0100	GIMME	training_samples=setx1,setx2	C1	G1	0.50	28de38258d03212a0d010bf8ac5b5dd9d5bb9878b0d353e342028da17117a4df	4500acff7cff7bd2c0197f246185188706160736fb30b9bd89dc5dc0dd135971	11	15	3.3841141522383822e-07	0.0032765027800679691	1.0000000424174929	1.000003721612587	EVALUABLE	EVALUABLE	true	VALID	
8c3e1be5e202016273064de171788e383910767768a8387e267b211d8bb83689	3	0.10,0.50,0.90	E0100	GIMME	training_samples=setx1,setx2	C1	G1	0.90	28de38258d03212a0d010bf8ac5b5dd9d5bb9878b0d353e342028da17117a4df	4500acff7cff7bd2c0197f246185188706160736fb30b9bd89dc5dc0dd135971	11	15	3.3841141522383822e-07	0.0032765027800679691	1.0000000424174929	1.000003721612587	EVALUABLE	EVALUABLE	true	VALID	
8c8f383aeb45284437c487ae4c066577f7b0f409efb3be7945d90ce07521782b	1	0.50	E0047	CORDA	training_samples=setx1,setx2,setx3	C5	G3	0.50	dbd76666b3084fdec6b1c3315b220417ef6d15d44a34b19cb92d68548716b4ce	5f016d2a7e8c0ca9be2a0c7a65b58b776f02175e7864b34d3b8946ee4f826f29	6	16	0.64094395183080555	0.020869479776507438	2.461010068739427	1.0001476877215394	EVALUABLE	EVALUABLE	true	VALID	
8cf06a6028b24dd43061c2f841ac73fcfc56630ee89beef7660619064fd9b32d	2	0.50,0.90	E0158	GIMME	training_samples=setx1,setx3	C2	G4	0.50	7d84eb225b8def23833824a5db45b74528179b1bd889afa1812a7b3af34d5dd1	e1e50204cde2f03790a3f2e74f66636d0dd7fd397ae5d4775dd61d74ccce0b76	0	19	1.0966116903432521e-10	0.30666653421198597	1.0000011716829813	1.2045897146422317	EVALUABLE	EVALUABLE	true	VALID	
8cf06a6028b24dd43061c2f841ac73fcfc56630ee89beef7660619064fd9b32d	2	0.50,0.90	E0158	GIMME	training_samples=setx1,setx3	C2	G4	0.90	7d84eb225b8def23833824a5db45b74528179b1bd889afa1812a7b3af34d5dd1	e1e50204cde2f03790a3f2e74f66636d0dd7fd397ae5d4775dd61d74ccce0b76	0	19	1.0966116903432521e-10	0.30666653421198597	1.0000011716829813	1.2045897146422317	EVALUABLE	EVALUABLE	true	VALID	
8cf923da319f28e031c4a0f1a417ce44fe1e59e79f8cc04c858ea1299f3e4da5	1	0.10	E0221	RIPTiDe	training_samples=setx1,setx2	C5	G2	0.10	4989824e2df2467b6e60573ab17ca31c35d0a30f6e54c8dfeb87847ca960b723	0af4d52ceb5c7b84765092ebe689361bf969900f21c30351e6dea4de03bed02b	17	12	0.0061606563835081563	0.84955711912667298	1.0120116284821428	8.0502349044828208	EVALUABLE	EVALUABLE	true	VALID	
8d502fe626ade4f8f6bb86b303162d838dc55be63c36697db53df7478d886144	1	0.10	E0040	CORDA	training_samples=setx1,setx2,setx3	C4	G1	0.10	102f69f6fa8557e4e0067accc8216a851f9d96d112c3c1db033468920969167f	0308b03c63fd48d3db330aba47bb6377597fe3ec4b11a4a9ba445a8f52049244	3	19	0.47166946811266552	0.66473182935076069	1.4317915679526623	1.4946373469297871	EVALUABLE	EVALUABLE	true	VALID	
8e61f3820a489e581d1dba0057d369d02cdc298a2b468f2e22ac01d8d93bed5f	1	0.50	E0193	GIMME	training_samples=setx2,setx3	C4	G4	0.50	394141b54352b224fc28580e817bd9529f6dc079245ece8a8f28d24752b5d692	8ecf30a756db2f84cdf96655aeefb4791848aa4abcee2632121fb0bb43d6914f	14	9	0.89186344470281353	1.0442737896632082e-08	4.0867163455296511	1.0019172917447461	EVALUABLE	EVALUABLE	true	VALID	
8efefed74fd433f1328ce08dd5cc02f32f48ca49644a95a28289c3601d82731f	1	0.90	E0208	RIPTiDe	training_samples=setx1,setx2	C2	G4	0.90	4989824e2df2467b6e60573ab17ca31c35d0a30f6e54c8dfeb87847ca960b723	dcd23c7687b7a968c63bb9675ce7906f58320bde6bc3bfbab7121eccb9334be0	17	14	0.76970127998051274	0.66666667819853065	4.4184532463197019	2.000000207573553	EVALUABLE	EVALUABLE	true	VALID	
8f19763e64bf05b167761e2938525f29b634375e1e8952a9d64a75ad3ee7d48f	1	0.90	E0123	GIMME	training_samples=setx1,setx2	C5	G4	0.90	28de38258d03212a0d010bf8ac5b5dd9d5bb9878b0d353e342028da17117a4df	4fba6da4fbc50c929ab024c1efd668b46f3e343b86e1bc30479554e6bd9d17c5	11	7	2.5049295970802632e-11	0.82407926903374817	0.9999990493346953	2.7486949967895531	EVALUABLE	EVALUABLE	true	VALID	
8f471ec64501f149ae7edb53f707c9f2c106ab71416c1db757a335e38e524070	1	0.90	E0355	iMAT	training_samples=setx1,setx3	C2	G1	0.90	f715c48d725df09590892b8a0f532f274829fa59347013d5f282226dd527b95b	5adee773b070f41e31484efe24458fa5c480e0f237b88e9bae1dff6c2c042cf8	2	3	1.2481609801273663e-07	0.87594694349532132	1.0000691074688512	2.0029053161322734	EVALUABLE	EVALUABLE	true	VALID	
8f8d42b1b07fa88761d41e01d449200e658ec9f32bba9720fb55a93e454a51e3	1	0.10	E0362	iMAT	training_samples=setx1,setx3	C3	G3	0.10	f715c48d725df09590892b8a0f532f274829fa59347013d5f282226dd527b95b	e018e1e85f8fcd168cbc6ae22bdb5fe08a84bcc1860dddccdc6069714a07fba3	2	13	1.8678217881373804e-05	0.83755045041212672	1.0035262886233158	3.8967877590709947	EVALUABLE	EVALUABLE	true	VALID	
8fd9f062d2ccc786342c948fcaf4680293a36a1141089261a3e22f3d8fb3bef7	1	0.50	E0017	CORDA	training_samples=setx1,setx2	C4	G3	0.50	55c97010acdd0cdc52f98f416746a96a3e453dfff25d0e9f08e270f4213bea20	9b4dfe2ea6cf46ea72d0be1eb2199b4905b978c9c0654eaa8dc8492982ab6f48	1	8	0.49312951217532808	0.86593782296092314	1.2716030719337326	7.1226985020621267	EVALUABLE	EVALUABLE	true	VALID	
904008da7984a24e43bcf9acf39d0f99cb597b67b97723f9a25d150ace34ac19	1	0.50	E0002	CORDA	training_samples=setx1,setx2	C1	G3	0.50	c55c11a6e3dc772e3c2e3b973cfb71fd8e41ddd3aef93d8b8367e17dfca95033	9b4dfe2ea6cf46ea72d0be1eb2199b4905b978c9c0654eaa8dc8492982ab6f48	18	8	0.0065724073782047476	0.86593782296092314	1.3332420312329403	7.1226985020621267	EVALUABLE	EVALUABLE	true	VALID	
90a2869c392761e67e41ffe5578b57e464345088e1dded11f091c5808b60a0f5	2	0.50,0.90	E0233	RIPTiDe	training_samples=setx1,setx2,setx3	C2	G4	0.50	0ce9f3c2ac8cacca151a431395692262091d1c40960aa953be66fdd4db529db5	d2e77ddb8a929cfcb9b862f9915f2d5a3eb09741f2765ade2b0bcd69a98c741d	17	12	0.3346447039982936	0.078292259897551064	1.8639075724533631	1.1641833764420157	EVALUABLE	EVALUABLE	true	VALID	
90a2869c392761e67e41ffe5578b57e464345088e1dded11f091c5808b60a0f5	2	0.50,0.90	E0233	RIPTiDe	training_samples=setx1,setx2,setx3	C2	G4	0.90	0ce9f3c2ac8cacca151a431395692262091d1c40960aa953be66fdd4db529db5	d2e77ddb8a929cfcb9b862f9915f2d5a3eb09741f2765ade2b0bcd69a98c741d	17	12	0.3346447039982936	0.078292259897551064	1.8639075724533631	1.1641833764420157	EVALUABLE	EVALUABLE	true	VALID	
90beefb23dadb3f4627b76eeb2ea17713642549aab0f105645e562ebf7e19e53	1	0.90	E0144	GIMME	training_samples=setx1,setx2,setx3	C4	G5	0.90	820066d04598da3d239f0d23bd4e39ef57a720e88a443581bcf565cd8d99566b	3112b8d4aded8669cde397953cf284b43fec3262a7981bef090ac70d789c2f05	18	0	0.19574959809029879	0.69509148612065297	1.0012851510453191	5.177040148089497	EVALUABLE	EVALUABLE	true	VALID	
90d9790590ad4e3658fa38b52b8105ccc297f1fba2c77160134f0e876746eb9e	1	0.10	E0303	iMAT	training_samples=setx1,setx2	C1	G4	0.10	d9bee4ec9dc9d1f3876c1811fcf6f8d020989bd2af3231c4cdaa3df2bbdcd555	56619b4e4e6013ca0ea5dfecefc8a41771a2787473f82472dde4086101e026ce	16	1	0.95468904048766001	0.28040011114606589	1.2184878993509471	1.0000000000004945	EVALUABLE	EVALUABLE	true	VALID	
916c4e10897231073872379219bc5377d9d299d50509d8c194530c2d5d104539	1	0.50	E0383	iMAT	training_samples=setx2,setx3	C2	G4	0.50	e0894b04544dae489a65af0d3d2e6b796b8d625f6b5e2a273115d0c767e3e693	4aef105489baf9bef63ed97725d1de0a50cea4bd591f4c627ed30ca8b0d0f088	6	3	0.099830003389147048	0.70252741989967427	1.0000000003998513	2.6694229783419354	EVALUABLE	EVALUABLE	true	VALID	
91d7acb99d02db434d3c1e17df992d8533f79f01a346002b1782b3893d7dd0e7	2	0.50,0.90	E0141	GIMME	training_samples=setx1,setx2,setx3	C4	G2	0.50	820066d04598da3d239f0d23bd4e39ef57a720e88a443581bcf565cd8d99566b	3112b8d4aded8669cde397953cf284b43fec3262a7981bef090ac70d789c2f05	18	0	0.19574959809029879	0.33744810376728684	1.0012851510453191	2.9147549106155339	EVALUABLE	EVALUABLE	true	VALID	
91d7acb99d02db434d3c1e17df992d8533f79f01a346002b1782b3893d7dd0e7	2	0.50,0.90	E0141	GIMME	training_samples=setx1,setx2,setx3	C4	G2	0.90	820066d04598da3d239f0d23bd4e39ef57a720e88a443581bcf565cd8d99566b	3112b8d4aded8669cde397953cf284b43fec3262a7981bef090ac70d789c2f05	18	0	0.19574959809029879	0.33744810376728684	1.0012851510453191	2.9147549106155339	EVALUABLE	EVALUABLE	true	VALID	
92494186815b0a44b4820b2b1ad42d85c8b24a5316b40e540410d5ecb8a53281	1	0.90	E0170	GIMME	training_samples=setx1,setx3	C5	G1	0.90	652d4fa99bc208956b898fae76f9f32fe69a417d4073ce7544aad1ca9cc48dfb	e1e50204cde2f03790a3f2e74f66636d0dd7fd397ae5d4775dd61d74ccce0b76	2	19	0.62155846847818952	0.0026313855300201805	1.4904951286750303	1.0000004299623209	EVALUABLE	EVALUABLE	true	VALID	
92dc042e9fddb95841d7a41b9d8e9c6709ffb1c5522ce606c0226e015edb0e16	3	0.10,0.50,0.90	E0145	GIMME	training_samples=setx1,setx2,setx3	C5	G1	0.10	820066d04598da3d239f0d23bd4e39ef57a720e88a443581bcf565cd8d99566b	9d089ba3b0e645d3e16cc9b9a500224416307f7ee4379f38d87bf989d2174ec1	18	19	0.019322170746960743	5.333362351089832e-06	1.0000000037674974	1.0331518001100977	EVALUABLE	EVALUABLE	true	VALID	
92dc042e9fddb95841d7a41b9d8e9c6709ffb1c5522ce606c0226e015edb0e16	3	0.10,0.50,0.90	E0145	GIMME	training_samples=setx1,setx2,setx3	C5	G1	0.50	820066d04598da3d239f0d23bd4e39ef57a720e88a443581bcf565cd8d99566b	9d089ba3b0e645d3e16cc9b9a500224416307f7ee4379f38d87bf989d2174ec1	18	19	0.019322170746960743	5.333362351089832e-06	1.0000000037674974	1.0331518001100977	EVALUABLE	EVALUABLE	true	VALID	
92dc042e9fddb95841d7a41b9d8e9c6709ffb1c5522ce606c0226e015edb0e16	3	0.10,0.50,0.90	E0145	GIMME	training_samples=setx1,setx2,setx3	C5	G1	0.90	820066d04598da3d239f0d23bd4e39ef57a720e88a443581bcf565cd8d99566b	9d089ba3b0e645d3e16cc9b9a500224416307f7ee4379f38d87bf989d2174ec1	18	19	0.019322170746960743	5.333362351089832e-06	1.0000000037674974	1.0331518001100977	EVALUABLE	EVALUABLE	true	VALID	
92dfe1ebd19610acd124ec470b5513e87b64609ec6fe24fcc29e1003681a3b72	2	0.10,0.50	E0170	GIMME	training_samples=setx1,setx3	C5	G1	0.10	85c320520e0d98911d2eaf5ef5ed30ace600fd4d9d2db08b51ab8abb34878cae	e1e50204cde2f03790a3f2e74f66636d0dd7fd397ae5d4775dd61d74ccce0b76	3	19	0.49789717691233903	0.0026313855300201805	1.6492709930741936	1.0000004299623209	EVALUABLE	EVALUABLE	true	VALID	
92dfe1ebd19610acd124ec470b5513e87b64609ec6fe24fcc29e1003681a3b72	2	0.10,0.50	E0170	GIMME	training_samples=setx1,setx3	C5	G1	0.50	85c320520e0d98911d2eaf5ef5ed30ace600fd4d9d2db08b51ab8abb34878cae	e1e50204cde2f03790a3f2e74f66636d0dd7fd397ae5d4775dd61d74ccce0b76	3	19	0.49789717691233903	0.0026313855300201805	1.6492709930741936	1.0000004299623209	EVALUABLE	EVALUABLE	true	VALID	
92eeedd667bbab0a161b6b95e66a486b946265715ce60226eabadb98836a1910	1	0.90	E0276	RIPTiDe	training_samples=setx2,setx3	C1	G2	0.90	7ce358edc3a4bd7c08bb6daaad38e6b004b2499c6d5cdc3112e7a7dfa0faee9a	c354317cd806dd34207a630229a6ec6bd2b4c05b4ec94d341d3e30951308f2a8	2	13	8.2088737566321512e-06	0.88122804850436987	1.0000000035867078	7.7703639321897553	EVALUABLE	EVALUABLE	true	VALID	
931a9d00e64246f085489aa6b60fc5a9ad122e7a0c1ca692007f8de51503bae6	1	0.10	E0119	GIMME	training_samples=setx1,setx2	C4	G5	0.10	337634da0cfd0d1105cf8f37879f1f17ad4596420a8cfced6a550bb4701e5f9e	f88bd6cf2efb8f44e7d076dd701147d46987ae954fb4b6708b6977e588db41be	10	0	0.6237102538467284	0.00012946688503467918	2.1125520705523235	1.3418135361763321	EVALUABLE	EVALUABLE	true	VALID	
9348f9ab7158e756847e588b211cbbb5b33f12d37ac69c6c4ea4fdfef0d562c5	3	0.10,0.50,0.90	E0240	RIPTiDe	training_samples=setx1,setx2,setx3	C4	G1	0.10	0ce9f3c2ac8cacca151a431395692262091d1c40960aa953be66fdd4db529db5	d2e77ddb8a929cfcb9b862f9915f2d5a3eb09741f2765ade2b0bcd69a98c741d	17	12	6.0031857262998756e-10	0.0063572334634590666	1.0072243059833268	1.0123976784237918	EVALUABLE	EVALUABLE	true	VALID	
9348f9ab7158e756847e588b211cbbb5b33f12d37ac69c6c4ea4fdfef0d562c5	3	0.10,0.50,0.90	E0240	RIPTiDe	training_samples=setx1,setx2,setx3	C4	G1	0.50	0ce9f3c2ac8cacca151a431395692262091d1c40960aa953be66fdd4db529db5	d2e77ddb8a929cfcb9b862f9915f2d5a3eb09741f2765ade2b0bcd69a98c741d	17	12	6.0031857262998756e-10	0.0063572334634590666	1.0072243059833268	1.0123976784237918	EVALUABLE	EVALUABLE	true	VALID	
9348f9ab7158e756847e588b211cbbb5b33f12d37ac69c6c4ea4fdfef0d562c5	3	0.10,0.50,0.90	E0240	RIPTiDe	training_samples=setx1,setx2,setx3	C4	G1	0.90	0ce9f3c2ac8cacca151a431395692262091d1c40960aa953be66fdd4db529db5	d2e77ddb8a929cfcb9b862f9915f2d5a3eb09741f2765ade2b0bcd69a98c741d	17	12	6.0031857262998756e-10	0.0063572334634590666	1.0072243059833268	1.0123976784237918	EVALUABLE	EVALUABLE	true	VALID	
938b38a88efd680783d47a3c0bbac06ba1d6632042ea412a7284b9baa1d87e18	1	0.90	E0092	CORDA	training_samples=setx2,setx3	C4	G3	0.90	aea3a41483799622bd3b3a2a0650bf7c51696eb5f00fff1b0bcf6f837c40d54a	5aa9dfc3f05d4356dd4aae2f9affd61bee89f17b06004e56c2253e057c5d0c49	0	19	0.56583110423809879	9.3696706559009968e-05	1.0918927170938528	1.0161934278185878	EVALUABLE	EVALUABLE	true	VALID	
93cf426cd0de1649f321f9e451bff90a8489459fc5ffde6ba5961dc444744b6d	1	0.90	E0039	CORDA	training_samples=setx1,setx2,setx3	C3	G5	0.90	593312d7347feeecef6821743059de3d62c9a9e7bc1e0d7af7214fa92b03e33f	a5e71df85ff7da9f890eb3cd5dcb2b7117ced118c99b3684ee841000c8e0b65d	4	13	0.7919738396283813	0.077931777908435307	1.0023274635226753	1.1521560763699514	EVALUABLE	EVALUABLE	true	VALID	
93f08932eb4fd5994b6fd83d74bd1d1bb00e592f7eca3f4f57056cd0ad459561	1	0.50	E0209	RIPTiDe	training_samples=setx1,setx2	C2	G5	0.50	11f63e714d51958df651c04076bd5d7f5a2734e4e267f5aec63142685b555224	a7e9e73c64d9d3f1375205efa617218792e4925fade6c0b5b1060f1e99eea4db	7	15	0.78372615711363514	0.66765562543414714	4.3765091467803003	2.0178214426618002	EVALUABLE	EVALUABLE	true	VALID	
941e1048d0b40cd053cb9634b1655125f830d6140abe771be0fa8251fb64c501	1	0.10	E0327	iMAT	training_samples=setx1,setx2,setx3	C1	G3	0.10	e2b2ddf86ed085b30c97911b98143c20b673b5444e88af92be27d19bc9e34b8b	c39666cec50f85c68c411fb7f35fd14dc87818c4e5eb5dcffc093c106d19e93d	14	12	0.00060723882936886131	0.9027534092714995	1.8488258933314179	1.2321449649549179	EVALUABLE	EVALUABLE	true	VALID	
9460a6fcc38a53c52d62ca7584fc2d5ff65d0e2a9d4160f355216ff4199166a3	1	0.90	E0323	iMAT	training_samples=setx1,setx2	C5	G4	0.90	ed0c17f7a22a64be5862f52a396317f78e98d4489d5d4467a22d858c65d1c63f	4a2fb998e907a76d9911c65dc23b53d134425ac6130d04103f1e03f7be8c05b6	9	0	0.67404310497845099	0.71959988885400339	1.0079408158257146	1.0000000000001925	EVALUABLE	EVALUABLE	true	VALID	
947afb3ef9dc2f5c09991b516045c1819b9d5d0eb665c2060e39fbf689949ce9	3	0.10,0.50,0.90	E0198	GIMME	training_samples=setx2,setx3	C5	G4	0.10	ec713323665316d5b12598b96ce058a5cbd45046ed44f9acd156cf13bb158862	8ecf30a756db2f84cdf96655aeefb4791848aa4abcee2632121fb0bb43d6914f	13	9	0.061277558425924306	1.0442737896632082e-08	1.0081772947321537	1.0019172917447461	EVALUABLE	EVALUABLE	true	VALID	
947afb3ef9dc2f5c09991b516045c1819b9d5d0eb665c2060e39fbf689949ce9	3	0.10,0.50,0.90	E0198	GIMME	training_samples=setx2,setx3	C5	G4	0.50	ec713323665316d5b12598b96ce058a5cbd45046ed44f9acd156cf13bb158862	8ecf30a756db2f84cdf96655aeefb4791848aa4abcee2632121fb0bb43d6914f	13	9	0.061277558425924306	1.0442737896632082e-08	1.0081772947321537	1.0019172917447461	EVALUABLE	EVALUABLE	true	VALID	
947afb3ef9dc2f5c09991b516045c1819b9d5d0eb665c2060e39fbf689949ce9	3	0.10,0.50,0.90	E0198	GIMME	training_samples=setx2,setx3	C5	G4	0.90	ec713323665316d5b12598b96ce058a5cbd45046ed44f9acd156cf13bb158862	8ecf30a756db2f84cdf96655aeefb4791848aa4abcee2632121fb0bb43d6914f	13	9	0.061277558425924306	1.0442737896632082e-08	1.0081772947321537	1.0019172917447461	EVALUABLE	EVALUABLE	true	VALID	
94912240ab8602be97790e0087c46d89c7b61c65d0bfa91bb3495756ebef487d	1	0.50	E0179	GIMME	training_samples=setx2,setx3	C1	G5	0.50	ec713323665316d5b12598b96ce058a5cbd45046ed44f9acd156cf13bb158862	6c445f147e2f7e3a54f0c9c73565e6907f851295c004439051772255ab91a584	13	2	0.22794341137265994	0.81985448383473447	1.1947376033778843	5.0004549778826162	EVALUABLE	EVALUABLE	true	VALID	
94fcea6f6c7b5923318dc72dc880538a982f86e60d266de82b9551e3209b8369	1	0.50	E0153	GIMME	training_samples=setx1,setx3	C1	G4	0.50	f6c6381dd019c536c97d40a0b4e86571772940c92642a97185ad8e44114166ba	e1e50204cde2f03790a3f2e74f66636d0dd7fd397ae5d4775dd61d74ccce0b76	14	19	0.91170539885360324	0.30666653421198597	10.278632768206755	1.2045897146422317	EVALUABLE	EVALUABLE	true	VALID	
951c5781a78d536df3b94b8e7cc012f43550aebd71cc707665f3c52076f9997a	1	0.10	E0340	iMAT	training_samples=setx1,setx2,setx3	C4	G1	0.10	cdb7fb3b6973618b48e76861beeecf354fd3801d6426160c52656468ed7f7bd7	0d37965ea995985f614ffc8e8261127f65775a5f6e502c959cba7441f181e37a	5	3	0.58994108761025377	0.89839542635097869	1.7548613309204713	3.5328775400729078	EVALUABLE	EVALUABLE	true	VALID	
95536016819d1ee506b4d80c24df3a78d210b3a26fa7b42796080c368f71e0f4	1	0.90	E0286	RIPTiDe	training_samples=setx2,setx3	C3	G2	0.90	1f934b3dc4f2e9a459543f2b3f436ecc7f80c3d79a147a95a65090f563b3f59c	c354317cd806dd34207a630229a6ec6bd2b4c05b4ec94d341d3e30951308f2a8	17	13	0.94680661206646111	0.88122804850436987	10.201266743894504	7.7703639321897553	EVALUABLE	EVALUABLE	true	VALID	
9594bb8bd808d94a1096e39368896a48153fc5165b26b283f36d2b80b1f6e54e	1	0.90	E0272	RIPTiDe	training_samples=setx1,setx3	C5	G3	0.90	227fe4afb2202ead22ee9d269e9306fc1462f44fe8ea75b1015ef56783db29e3	deff62e02ba886762368ef91d7c5a863a4429df48e2f355d224c8d1fd18fccdc	3	11	2.539080057317733e-12	0.50001571387751476	1.0086547612246182	1.0001257149743761	EVALUABLE	EVALUABLE	true	VALID	
96443f8043b284091d787b080e396d8fb389c9091cc56ba1244288616468614d	1	0.10	E0305	iMAT	training_samples=setx1,setx2	C2	G1	0.10	646a5c644a59a85946ca3a5bdaa04f073d39a57cae74abbda4fc566e8f03094d	a021d2219926286c3dcb59d412f56541cd3c639b9f8cb9f9f544799ca8c41349	1	3	0.42978133871479074	0.60992424376623167	0.99999999999999956	2.0049165670063922	EVALUABLE	EVALUABLE	true	VALID	
966c13ebb1797bd5bad5587caf5ce4e258401436fa2dcfba6168fce19e31cddc	1	0.90	E0020	CORDA	training_samples=setx1,setx2	C5	G1	0.90	c55c11a6e3dc772e3c2e3b973cfb71fd8e41ddd3aef93d8b8367e17dfca95033	32eee7f3879ac12eb2555790d4a68384c8aae85601ce98f8f7c8ad3733eb50c7	18	3	0.056378013431494511	0.51729867324651413	1.6254008945261684	1.5414126826127266	EVALUABLE	EVALUABLE	true	VALID	
9729a61be6dd89bcf8ff4c9343c04acc74eb3f279f11a5903beace98faa5585e	1	0.10	E0224	RIPTiDe	training_samples=setx1,setx2	C5	G5	0.10	4989824e2df2467b6e60573ab17ca31c35d0a30f6e54c8dfeb87847ca960b723	4f3ac3dd70092e73abd0358812ec03b156828b637df9f9d81f3fa59635a9cea7	17	2	0.0061606563835081563	0.66765562543414714	1.0120116284821428	2.0178214426618002	EVALUABLE	EVALUABLE	true	VALID	
974768804e68d68b064e6c89e7ffbcaeed5ac6e0b1da07f46b4aac753a1ae800	1	0.50	E0041	CORDA	training_samples=setx1,setx2,setx3	C4	G2	0.50	102f69f6fa8557e4e0067accc8216a851f9d96d112c3c1db033468920969167f	a5e71df85ff7da9f890eb3cd5dcb2b7117ced118c99b3684ee841000c8e0b65d	3	13	0.47166946811266552	0.27013871007390233	1.4317915679526623	1.5770567569880014	EVALUABLE	EVALUABLE	true	VALID	
97ed71b21fc0e9f1f0bd08a1df399efced2c960188d41190c8c4625f3dc29dcd	1	0.50	E0173	GIMME	training_samples=setx1,setx3	C5	G4	0.50	85c320520e0d98911d2eaf5ef5ed30ace600fd4d9d2db08b51ab8abb34878cae	e1e50204cde2f03790a3f2e74f66636d0dd7fd397ae5d4775dd61d74ccce0b76	3	19	0.49789717691233903	0.30666653421198597	1.6492709930741936	1.2045897146422317	EVALUABLE	EVALUABLE	true	VALID	
97fd204087e7d40b18ace68a36117591b55069083d07abff6e9abbde6262ec34	1	0.10	E0149	GIMME	training_samples=setx1,setx2,setx3	C5	G5	0.10	820066d04598da3d239f0d23bd4e39ef57a720e88a443581bcf565cd8d99566b	9682660a50469ade3f195ee6115a3171f28ffef445fb4c45525fae47b6275e60	18	2	0.019322170746960743	0.84235756352350721	1.0000000037674974	4.3951228696279081	EVALUABLE	EVALUABLE	true	VALID	
981687f9eeeaf1304e35573cd782f745b2f23fb75e287745deb5aae53c8d2e83	1	0.10	E0045	CORDA	training_samples=setx1,setx2,setx3	C5	G1	0.10	cd8dede3811381f4aad4557d5a03bbea6546afbcf95768c05ee64bcdeb6b9c24	0308b03c63fd48d3db330aba47bb6377597fe3ec4b11a4a9ba445a8f52049244	7	19	0.64094395183080555	0.66473182935076069	2.461010068739427	1.4946373469297871	EVALUABLE	EVALUABLE	true	VALID	
9838371d47752f64b4dfd377598053875db37bf142aa57b05c2c9ab9a2af6ab7	1	0.90	E0077	CORDA	training_samples=setx2,setx3	C1	G3	0.90	72b247f6826b8e7aec7fae9987164b81f087b64e28ead12694c3984bbcbe4c0e	5aa9dfc3f05d4356dd4aae2f9affd61bee89f17b06004e56c2253e057c5d0c49	17	19	0.70519912879627034	9.3696706559009968e-05	1.0007764269716513	1.0161934278185878	EVALUABLE	EVALUABLE	true	VALID	
988b26e571444ea0859e25cdb3d0978109ff4bb90de8db4fe4eeb9411ba89062	2	0.50,0.90	E0247	RIPTiDe	training_samples=setx1,setx2,setx3	C5	G3	0.50	0ce9f3c2ac8cacca151a431395692262091d1c40960aa953be66fdd4db529db5	d2e77ddb8a929cfcb9b862f9915f2d5a3eb09741f2765ade2b0bcd69a98c741d	17	12	0	0.15043988227475114	nan	1.3508344594581947	NON_EVALUABLE_ZERO_POST_HOLDOUT_MASS under the frozen normalized-weight representation	EVALUABLE	false	NON_EVALUABLE_ZERO_POST_HOLDOUT_MASS under the frozen normalized-weight representation	zero post-holdout mass on one or both condition distributions under frozen normalized weights
988b26e571444ea0859e25cdb3d0978109ff4bb90de8db4fe4eeb9411ba89062	2	0.50,0.90	E0247	RIPTiDe	training_samples=setx1,setx2,setx3	C5	G3	0.90	0ce9f3c2ac8cacca151a431395692262091d1c40960aa953be66fdd4db529db5	d2e77ddb8a929cfcb9b862f9915f2d5a3eb09741f2765ade2b0bcd69a98c741d	17	12	0	0.15043988227475114	nan	1.3508344594581947	NON_EVALUABLE_ZERO_POST_HOLDOUT_MASS under the frozen normalized-weight representation	EVALUABLE	false	NON_EVALUABLE_ZERO_POST_HOLDOUT_MASS under the frozen normalized-weight representation	zero post-holdout mass on one or both condition distributions under frozen normalized weights
98ab3efddef8baee9fc5f3fddc95313829279c0c207ac756bbb2d263a5ee4945	1	0.90	E0267	RIPTiDe	training_samples=setx1,setx3	C4	G3	0.90	227fe4afb2202ead22ee9d269e9306fc1462f44fe8ea75b1015ef56783db29e3	deff62e02ba886762368ef91d7c5a863a4429df48e2f355d224c8d1fd18fccdc	3	11	7.6612478538962137e-07	0.50001571387751476	1.1135922927589117	1.0001257149743761	EVALUABLE	EVALUABLE	true	VALID	
993f358d627a48f51cd27e2879bda6915635aaf3dcc9378415e1c5b059447114	3	0.10,0.50,0.90	E0165	GIMME	training_samples=setx1,setx3	C4	G1	0.10	7d84eb225b8def23833824a5db45b74528179b1bd889afa1812a7b3af34d5dd1	e1e50204cde2f03790a3f2e74f66636d0dd7fd397ae5d4775dd61d74ccce0b76	0	19	3.1444521491286181e-05	0.0026313855300201805	1.0000028289117537	1.0000004299623209	EVALUABLE	EVALUABLE	true	VALID	
993f358d627a48f51cd27e2879bda6915635aaf3dcc9378415e1c5b059447114	3	0.10,0.50,0.90	E0165	GIMME	training_samples=setx1,setx3	C4	G1	0.50	7d84eb225b8def23833824a5db45b74528179b1bd889afa1812a7b3af34d5dd1	e1e50204cde2f03790a3f2e74f66636d0dd7fd397ae5d4775dd61d74ccce0b76	0	19	3.1444521491286181e-05	0.0026313855300201805	1.0000028289117537	1.0000004299623209	EVALUABLE	EVALUABLE	true	VALID	
993f358d627a48f51cd27e2879bda6915635aaf3dcc9378415e1c5b059447114	3	0.10,0.50,0.90	E0165	GIMME	training_samples=setx1,setx3	C4	G1	0.90	7d84eb225b8def23833824a5db45b74528179b1bd889afa1812a7b3af34d5dd1	e1e50204cde2f03790a3f2e74f66636d0dd7fd397ae5d4775dd61d74ccce0b76	0	19	3.1444521491286181e-05	0.0026313855300201805	1.0000028289117537	1.0000004299623209	EVALUABLE	EVALUABLE	true	VALID	
999e345a1b53c8739068b6d057840f8e5465db6d94ba4b53514d75f86ae34b33	1	0.50	E0316	iMAT	training_samples=setx1,setx2	C4	G2	0.50	8f95d37fc5b6314ac49444f700aeebaca5fabad2ed9d263b0a3bc8b912daa437	4a2fb998e907a76d9911c65dc23b53d134425ac6130d04103f1e03f7be8c05b6	6	0	0.65314433442224251	1.6805334901448532e-11	2.6790275495428473	1.0000101044181642	EVALUABLE	EVALUABLE	true	VALID	
99c295ebbcc93b93fb181b84fbca60c5099eb27aa6ab6e4e4b0f722aa115a8f0	1	0.50	E0302	iMAT	training_samples=setx1,setx2	C1	G3	0.50	a4cf0046a45aa0e47320ab5f4760e69930e9f99bbe85fdfc3b7ead7bafa2baa0	26bd1960d683b74e709d8ff2a2aab9731820160003488d524219cb81841dd9eb	12	8	0.13839920563351205	0.92395227964227566	2.4879086996610398	4.5966795056667857	EVALUABLE	EVALUABLE	true	VALID	
99e9c06c8bc07e96d878414259e2be8b3f8ab40fffe7755f7f489b5b2d429539	3	0.10,0.50,0.90	E0084	CORDA	training_samples=setx2,setx3	C2	G5	0.10	11c92eb5eefda7cc64e53694479d802bc86526faac5ec503ffca49ddb81a3886	1da91e6cbc1ec44f0d5dcba4f1de73f1c00882c5b1d520c8967a9b59c82629c7	1	15	0.0610433176716626	5.0681681074138396e-12	1.0000000002059644	1.0045891512775165	EVALUABLE	EVALUABLE	true	VALID	
99e9c06c8bc07e96d878414259e2be8b3f8ab40fffe7755f7f489b5b2d429539	3	0.10,0.50,0.90	E0084	CORDA	training_samples=setx2,setx3	C2	G5	0.50	11c92eb5eefda7cc64e53694479d802bc86526faac5ec503ffca49ddb81a3886	1da91e6cbc1ec44f0d5dcba4f1de73f1c00882c5b1d520c8967a9b59c82629c7	1	15	0.0610433176716626	5.0681681074138396e-12	1.0000000002059644	1.0045891512775165	EVALUABLE	EVALUABLE	true	VALID	
99e9c06c8bc07e96d878414259e2be8b3f8ab40fffe7755f7f489b5b2d429539	3	0.10,0.50,0.90	E0084	CORDA	training_samples=setx2,setx3	C2	G5	0.90	11c92eb5eefda7cc64e53694479d802bc86526faac5ec503ffca49ddb81a3886	1da91e6cbc1ec44f0d5dcba4f1de73f1c00882c5b1d520c8967a9b59c82629c7	1	15	0.0610433176716626	5.0681681074138396e-12	1.0000000002059644	1.0045891512775165	EVALUABLE	EVALUABLE	true	VALID	
9a2e36d5fc1da8aec53103dd4eecbe6ebde0b0d9f2fa171cfd5131df91215402	1	0.10	E0372	iMAT	training_samples=setx1,setx3	C5	G3	0.10	662e28e0b1c3c4f253ea0b812ef01c3553f0b90aaf9ca7d4828cb94489f04714	e018e1e85f8fcd168cbc6ae22bdb5fe08a84bcc1860dddccdc6069714a07fba3	4	13	0.49152509797676203	0.83755045041212672	1.4082216470225564	3.8967877590709947	EVALUABLE	EVALUABLE	true	VALID	
9a32ef27dc9388852b35ef8fe86df491eacc802f582da6d0e52574a0440e1b42	1	0.10	E0325	iMAT	training_samples=setx1,setx2,setx3	C1	G1	0.10	e2b2ddf86ed085b30c97911b98143c20b673b5444e88af92be27d19bc9e34b8b	0d37965ea995985f614ffc8e8261127f65775a5f6e502c959cba7441f181e37a	14	3	0.00060723882936886131	0.89839542635097869	1.8488258933314179	3.5328775400729078	EVALUABLE	EVALUABLE	true	VALID	
9a5b3c48853cd2abc1f479e0f97b444a9b31a1b6a150ad994be958869958f5d3	1	0.10	E0346	iMAT	training_samples=setx1,setx2,setx3	C5	G2	0.10	6508b7696b03342dad3d181ee2a37181527c2774e8c448101cc01a92eaafb736	ff08294218c297aa70d51d53f700660a24a0daa0e1e0239b74f592559b440776	11	0	0.56253540792510903	4.060564726793281e-05	1.132027377557117	0.99999999999836664	EVALUABLE	EVALUABLE	true	VALID	
9aa8d7cb6eeb24d0c4c385033d3f8599a7df0857bace2840081000f04793f650	1	0.90	E0284	RIPTiDe	training_samples=setx2,setx3	C2	G5	0.90	b8fff488dd02060ace5ee1ad971713ffd8ade0edd5a4b26e9d5eac6c4edf1f23	c14d5ed0f81e787adc1913c3553bf14df5bb157bc649ea2040ac26996164fde7	3	14	0.83250297757793668	0.5017784307489479	1.0025198179079111	2.8602677895300759	EVALUABLE	EVALUABLE	true	VALID	
9b179a79966f0ad832fb013c30b8d83645659c433d971602cd039efdfe4a4a6d	2	0.10,0.50	E0107	GIMME	training_samples=setx1,setx2	C2	G3	0.10	215aaec06194c85fc8915c4bae4f109c54d8498704d0279ad091b0f04037250b	286f012707601f1e660b57acb2076f696d00fd3e81a881142b88a2984425a49b	0	16	0.49219286033357124	0.079126058198425109	1.0003696961380542	1.172333749433865	EVALUABLE	EVALUABLE	true	VALID	
9b179a79966f0ad832fb013c30b8d83645659c433d971602cd039efdfe4a4a6d	2	0.10,0.50	E0107	GIMME	training_samples=setx1,setx2	C2	G3	0.50	215aaec06194c85fc8915c4bae4f109c54d8498704d0279ad091b0f04037250b	286f012707601f1e660b57acb2076f696d00fd3e81a881142b88a2984425a49b	0	16	0.49219286033357124	0.079126058198425109	1.0003696961380542	1.172333749433865	EVALUABLE	EVALUABLE	true	VALID	
9b30696fff90c25d80478dd74d32727eebd2f1a08e6b1b4e74ece7e4ad118e07	1	0.90	E0348	iMAT	training_samples=setx1,setx2,setx3	C5	G4	0.90	846782759cfa32849b8d0b22aba8597dc284079e90e15443c93dc705c5cdccc4	1cd860a2429f051cd189f97b8ee6cd1f9b1fb1288a2d4b3c67e118e3ffcc8e3f	10	1	0.4717913747011071	0.59314719279813433	1.1598504814637762	0.99999999999999956	EVALUABLE	EVALUABLE	true	VALID	
9b4f8c1401bc99ad50f22112e451e9df41ff42580815b2391b66ee677e072791	3	0.10,0.50,0.90	E0376	iMAT	training_samples=setx2,setx3	C1	G2	0.10	93bcac7a72697a36bd2ebdfcfec80d11ce9ecaab48365dbcfddc2af85158d388	2f971692e2765073ae8a6d2f6fd8f4e97e81f95489df3f2946d4c497d94165b9	19	0	0.029678835029393169	3.5171432100078448e-08	1.0642276241648672	1.0000314927854179	EVALUABLE	EVALUABLE	true	VALID	
9b4f8c1401bc99ad50f22112e451e9df41ff42580815b2391b66ee677e072791	3	0.10,0.50,0.90	E0376	iMAT	training_samples=setx2,setx3	C1	G2	0.50	93bcac7a72697a36bd2ebdfcfec80d11ce9ecaab48365dbcfddc2af85158d388	2f971692e2765073ae8a6d2f6fd8f4e97e81f95489df3f2946d4c497d94165b9	19	0	0.029678835029393169	3.5171432100078448e-08	1.0642276241648672	1.0000314927854179	EVALUABLE	EVALUABLE	true	VALID	
9b4f8c1401bc99ad50f22112e451e9df41ff42580815b2391b66ee677e072791	3	0.10,0.50,0.90	E0376	iMAT	training_samples=setx2,setx3	C1	G2	0.90	93bcac7a72697a36bd2ebdfcfec80d11ce9ecaab48365dbcfddc2af85158d388	2f971692e2765073ae8a6d2f6fd8f4e97e81f95489df3f2946d4c497d94165b9	19	0	0.029678835029393169	3.5171432100078448e-08	1.0642276241648672	1.0000314927854179	EVALUABLE	EVALUABLE	true	VALID	
9bff60c6447abc499c12310238c72ba57892907ffaf74ca3eeb7f32d28257b67	1	0.90	E0219	RIPTiDe	training_samples=setx1,setx2	C4	G5	0.90	4989824e2df2467b6e60573ab17ca31c35d0a30f6e54c8dfeb87847ca960b723	dcd23c7687b7a968c63bb9675ce7906f58320bde6bc3bfbab7121eccb9334be0	17	14	0.075853675461016845	0.66765562543414714	1.1579328287091351	2.0178214426618002	EVALUABLE	EVALUABLE	true	VALID	
9c9422de3984d7fdf5ae45b2fb9ca5df055f32ef7a6213ccd702b625a40a4bbb	1	0.90	E0396	iMAT	training_samples=setx2,setx3	C5	G2	0.90	199d1232f9356b67d2811c1333b2b4466aa5cc643e0e7b3812579cffa59c92fe	2f971692e2765073ae8a6d2f6fd8f4e97e81f95489df3f2946d4c497d94165b9	17	0	0.70138928644675125	3.5171432100078448e-08	2.106688402352034	1.0000314927854179	EVALUABLE	EVALUABLE	true	VALID	
9cae49ee68141a74b49e08951bde6b9f959024f4a47b295dcb3db361e149ac99	1	0.10	E0367	iMAT	training_samples=setx1,setx3	C4	G3	0.10	f748cd6aeca05446d28a19c599fcdda457fbd8a29c4d8a73e760985713b9f609	e018e1e85f8fcd168cbc6ae22bdb5fe08a84bcc1860dddccdc6069714a07fba3	1	13	0.00036740755356445831	0.83755045041212672	1.0163496554444107	3.8967877590709947	EVALUABLE	EVALUABLE	true	VALID	
9ccaa87bf3fa6be1bd13ae9f5a76be51b29f774328d04e687852bc052e33e4cb	3	0.10,0.50,0.90	E0122	GIMME	training_samples=setx1,setx2	C5	G3	0.10	28de38258d03212a0d010bf8ac5b5dd9d5bb9878b0d353e342028da17117a4df	286f012707601f1e660b57acb2076f696d00fd3e81a881142b88a2984425a49b	11	16	2.5049295970802632e-11	0.079126058198425109	0.9999990493346953	1.172333749433865	EVALUABLE	EVALUABLE	true	VALID	
9ccaa87bf3fa6be1bd13ae9f5a76be51b29f774328d04e687852bc052e33e4cb	3	0.10,0.50,0.90	E0122	GIMME	training_samples=setx1,setx2	C5	G3	0.50	28de38258d03212a0d010bf8ac5b5dd9d5bb9878b0d353e342028da17117a4df	286f012707601f1e660b57acb2076f696d00fd3e81a881142b88a2984425a49b	11	16	2.5049295970802632e-11	0.079126058198425109	0.9999990493346953	1.172333749433865	EVALUABLE	EVALUABLE	true	VALID	
9ccaa87bf3fa6be1bd13ae9f5a76be51b29f774328d04e687852bc052e33e4cb	3	0.10,0.50,0.90	E0122	GIMME	training_samples=setx1,setx2	C5	G3	0.90	28de38258d03212a0d010bf8ac5b5dd9d5bb9878b0d353e342028da17117a4df	286f012707601f1e660b57acb2076f696d00fd3e81a881142b88a2984425a49b	11	16	2.5049295970802632e-11	0.079126058198425109	0.9999990493346953	1.172333749433865	EVALUABLE	EVALUABLE	true	VALID	
9cddbe8b2899997490ce3a53ddeed578f83c8de3e04f3a416d39689fd067969d	1	0.10	E0140	GIMME	training_samples=setx1,setx2,setx3	C4	G1	0.10	317809e9983f9e230612d444ffda8873641fdd297ecceb2017ae93047c48f76f	9d089ba3b0e645d3e16cc9b9a500224416307f7ee4379f38d87bf989d2174ec1	19	19	0.80437609345433292	5.333362351089832e-06	1.000312575213151	1.0331518001100977	EVALUABLE	EVALUABLE	true	VALID	
9e0dd52aaaf6345c8ff43590249a32e46d203479e9d0fcc7cafabe9676df187d	1	0.90	E0239	RIPTiDe	training_samples=setx1,setx2,setx3	C3	G5	0.90	473831994471df82d0913ed151c2dbb8e7c1cd219e13a873df972be6fe45480f	4a61ea31056d52077ad2027e285dac5d697cdf600c4f12ff909f1ee64534d595	5	7	0.94329429866901282	0.89706794625571706	6.3787311692783124	8.9928000395883512	EVALUABLE	EVALUABLE	true	VALID	
9e67c724a8494f33ec73927774a5c825a6a4d33f72c7759bc2f098f3ba885e05	1	0.50	E0176	GIMME	training_samples=setx2,setx3	C1	G2	0.50	ec713323665316d5b12598b96ce058a5cbd45046ed44f9acd156cf13bb158862	0b742d893c7ca2cb7d6c3602f9b3060c69defdcca63058c841cf70d5b22d4480	13	0	0.22794341137265994	0.51247731842621946	1.1947376033778843	2.8568975681358206	EVALUABLE	EVALUABLE	true	VALID	
9ecc08579c3a1e025a05e0298e3cff882a6d5ce16aa50942074c1b62ceae908f	1	0.50	E0271	RIPTiDe	training_samples=setx1,setx3	C5	G2	0.50	227fe4afb2202ead22ee9d269e9306fc1462f44fe8ea75b1015ef56783db29e3	0a9dfbbbf9f389fdfd621ebb50a400f6f5a3ddb9cb5fb51e4859c587846d9633	3	14	2.539080057317733e-12	0.89293334948723713	1.0086547612246182	9.9601742171462728	EVALUABLE	EVALUABLE	true	VALID	
9ed907e0038d54313cf62779597753f1759319f965df55392d98f28c98f9fbab	3	0.10,0.50,0.90	E0361	iMAT	training_samples=setx1,setx3	C3	G2	0.10	f715c48d725df09590892b8a0f532f274829fa59347013d5f282226dd527b95b	8919d77fd866b5a1dc2c64f31ddf3d2b0c854b469fdba34f75f79fe51e478517	2	0	1.8678217881373804e-05	0.078328279385374566	1.0035262886233158	0.99999999999999911	EVALUABLE	EVALUABLE	true	VALID	
9ed907e0038d54313cf62779597753f1759319f965df55392d98f28c98f9fbab	3	0.10,0.50,0.90	E0361	iMAT	training_samples=setx1,setx3	C3	G2	0.50	f715c48d725df09590892b8a0f532f274829fa59347013d5f282226dd527b95b	8919d77fd866b5a1dc2c64f31ddf3d2b0c854b469fdba34f75f79fe51e478517	2	0	1.8678217881373804e-05	0.078328279385374566	1.0035262886233158	0.99999999999999911	EVALUABLE	EVALUABLE	true	VALID	
9ed907e0038d54313cf62779597753f1759319f965df55392d98f28c98f9fbab	3	0.10,0.50,0.90	E0361	iMAT	training_samples=setx1,setx3	C3	G2	0.90	f715c48d725df09590892b8a0f532f274829fa59347013d5f282226dd527b95b	8919d77fd866b5a1dc2c64f31ddf3d2b0c854b469fdba34f75f79fe51e478517	2	0	1.8678217881373804e-05	0.078328279385374566	1.0035262886233158	0.99999999999999911	EVALUABLE	EVALUABLE	true	VALID	
9f530a5329e3d0c2baefbbc5f68441a80c0d2445f63d08ba3a043d663b4f91c0	1	0.90	E0307	iMAT	training_samples=setx1,setx2	C2	G3	0.90	92885b269975050d47b4a5f3645ef173ad8091cce18e3f543380b638cb89c263	fb799d596a8dc63472e08b557f1482c5a976d666fed4a252258ea7640ea54f8e	0	10	0.57021866128520915	0.74709340453341366	0.99999999999999956	4.3762669832554435	EVALUABLE	EVALUABLE	true	VALID	
9f6b775436a24e3b13617aa28a861e19d156f2b643dae4efbf23204988a19d4c	1	0.10	E0017	CORDA	training_samples=setx1,setx2	C4	G3	0.10	55c97010acdd0cdc52f98f416746a96a3e453dfff25d0e9f08e270f4213bea20	488ec8fc3106ead99d811b4bde0838da48763bd7a1999d8f7629a12ed999f37b	1	17	0.49312951217532808	0.84558012251403403	1.2716030719337326	7.1929965179105251	EVALUABLE	EVALUABLE	true	VALID	
9fd71fc19a9d24e3e3cdba947dff1fc9f9b188c8268a56e0750abe4899c9e5a3	3	0.10,0.50,0.90	E0064	CORDA	training_samples=setx1,setx3	C3	G5	0.10	7f09d6185ac5d193185190172ff78a97a79908108e64a74fa9c0e5c5b7a315dc	d928590f61fb177ab6a5b0e11cbeca11a10927ce32463c8505150ddf6a21fd31	0	8	9.8221430988587599e-13	5.0411766523650314e-05	1.0001067986560188	1.0000000000666915	EVALUABLE	EVALUABLE	true	VALID	
9fd71fc19a9d24e3e3cdba947dff1fc9f9b188c8268a56e0750abe4899c9e5a3	3	0.10,0.50,0.90	E0064	CORDA	training_samples=setx1,setx3	C3	G5	0.50	7f09d6185ac5d193185190172ff78a97a79908108e64a74fa9c0e5c5b7a315dc	d928590f61fb177ab6a5b0e11cbeca11a10927ce32463c8505150ddf6a21fd31	0	8	9.8221430988587599e-13	5.0411766523650314e-05	1.0001067986560188	1.0000000000666915	EVALUABLE	EVALUABLE	true	VALID	
9fd71fc19a9d24e3e3cdba947dff1fc9f9b188c8268a56e0750abe4899c9e5a3	3	0.10,0.50,0.90	E0064	CORDA	training_samples=setx1,setx3	C3	G5	0.90	7f09d6185ac5d193185190172ff78a97a79908108e64a74fa9c0e5c5b7a315dc	d928590f61fb177ab6a5b0e11cbeca11a10927ce32463c8505150ddf6a21fd31	0	8	9.8221430988587599e-13	5.0411766523650314e-05	1.0001067986560188	1.0000000000666915	EVALUABLE	EVALUABLE	true	VALID	
a0914a1129f3a403a53b404740b2ead3642d8a1496fc601402a2bff335c842be	1	0.10	E0134	GIMME	training_samples=setx1,setx2,setx3	C2	G5	0.10	266655b6dab32829146ddcc71d87648a3213fd2d014bd900061222549c133c15	9682660a50469ade3f195ee6115a3171f28ffef445fb4c45525fae47b6275e60	1	2	0.79950237045586814	0.84235756352350721	5.6907698541554685	4.3951228696279081	EVALUABLE	EVALUABLE	true	VALID	
a0a5aee254a65b363ce3b372730262fa6f9bdaf317dd3fc33c2d3fd1471b896a	1	0.10	E0179	GIMME	training_samples=setx2,setx3	C1	G5	0.10	ec713323665316d5b12598b96ce058a5cbd45046ed44f9acd156cf13bb158862	475729c033b518a09675629939712759dc9a8ad22e9075cf75933b7b2ce22400	13	10	0.22794341137265994	0.89765771640880787	1.1947376033778843	5.1521551567521406	EVALUABLE	EVALUABLE	true	VALID	
a0e8bd47eb070de75fc7d96e97fb229767415a6663f5ba1aa7bd98bbafd6c9aa	1	0.90	E0113	GIMME	training_samples=setx1,setx2	C3	G4	0.90	23292304d2d32b2fdbaff4ee52762d292782269c9b4414137b63abfae0a20815	4fba6da4fbc50c929ab024c1efd668b46f3e343b86e1bc30479554e6bd9d17c5	1	7	0.65394432018415993	0.82407926903374817	1.0000001252770447	2.7486949967895531	EVALUABLE	EVALUABLE	true	VALID	
a12203a4891cc36308fc6c10c206d349f493b0cb364543359e8c5f16b7c1c39e	1	0.50	E0224	RIPTiDe	training_samples=setx1,setx2	C5	G5	0.50	4989824e2df2467b6e60573ab17ca31c35d0a30f6e54c8dfeb87847ca960b723	a7e9e73c64d9d3f1375205efa617218792e4925fade6c0b5b1060f1e99eea4db	17	15	0.0061606563835081563	0.66765562543414714	1.0120116284821428	2.0178214426618002	EVALUABLE	EVALUABLE	true	VALID	
a16698bb17b17d0dfcc7a7f730063759deeccd567ee3b81d0374201c241080a0	1	0.50	E0189	GIMME	training_samples=setx2,setx3	C3	G5	0.50	f644340953d72bb12da093189853db0ff0fc86bb66134a4f3d0a44308555f75e	6c445f147e2f7e3a54f0c9c73565e6907f851295c004439051772255ab91a584	1	2	0.020924796634955611	0.81985448383473447	1.171543382551951	5.0004549778826162	EVALUABLE	EVALUABLE	true	VALID	
a1decbcea14ab4420202a1c330d4b791123e5395b13c47763ae6fa58fdaa2f1c	1	0.50	E0154	GIMME	training_samples=setx1,setx3	C1	G5	0.50	f6c6381dd019c536c97d40a0b4e86571772940c92642a97185ad8e44114166ba	0613270f4140a02dc933da8f58c1eea1dfd57164ef86989cfbd7dbf0d510376d	14	13	0.91170539885360324	5.5723343161617755e-05	10.278632768206755	1.2137893587424984	EVALUABLE	EVALUABLE	true	VALID	
a2fb9aa41c56e133deb2fa83aa4aa535afbcb051ec8dc076fafb07dc2316c7c7	1	0.90	E0108	GIMME	training_samples=setx1,setx2	C2	G4	0.90	23292304d2d32b2fdbaff4ee52762d292782269c9b4414137b63abfae0a20815	4fba6da4fbc50c929ab024c1efd668b46f3e343b86e1bc30479554e6bd9d17c5	1	7	0.50789810306854799	0.82407926903374817	1.0003582622506058	2.7486949967895531	EVALUABLE	EVALUABLE	true	VALID	
a31c1460f1bcbfee215605d72b71cc79c8bb77e064e52c15953cba5bf8c86bbf	2	0.50,0.90	E0095	CORDA	training_samples=setx2,setx3	C5	G1	0.50	b4ae76366e987fab217f0c6c55185c04e34463b12c4b0011689de6c987c02b7d	5aa9dfc3f05d4356dd4aae2f9affd61bee89f17b06004e56c2253e057c5d0c49	16	19	0.42413596054309666	0.0009410314636870698	1.494941906620354	1.0135451515840099	EVALUABLE	EVALUABLE	true	VALID	
a31c1460f1bcbfee215605d72b71cc79c8bb77e064e52c15953cba5bf8c86bbf	2	0.50,0.90	E0095	CORDA	training_samples=setx2,setx3	C5	G1	0.90	b4ae76366e987fab217f0c6c55185c04e34463b12c4b0011689de6c987c02b7d	5aa9dfc3f05d4356dd4aae2f9affd61bee89f17b06004e56c2253e057c5d0c49	16	19	0.42413596054309666	0.0009410314636870698	1.494941906620354	1.0135451515840099	EVALUABLE	EVALUABLE	true	VALID	
a32bc368aa9c5a3720ce60bcc517bae582bdfd1455695a2352619a0fc2d1b363	1	0.90	E0116	GIMME	training_samples=setx1,setx2	C4	G2	0.90	2484a7b3d30774639d1e8e145aabe81216fe0db96a7c18e649a76b27ca3f4464	f88bd6cf2efb8f44e7d076dd701147d46987ae954fb4b6708b6977e588db41be	18	0	0.74189452229973107	0.0066403373735881566	2.1241423777998811	1.9507343122027494	EVALUABLE	EVALUABLE	true	VALID	
a3323defff3464a2035d499603a9260d8ee2a33a824b65c31cad9b271ea1092e	2	0.10,0.50	E0178	GIMME	training_samples=setx2,setx3	C1	G4	0.10	ec713323665316d5b12598b96ce058a5cbd45046ed44f9acd156cf13bb158862	8ecf30a756db2f84cdf96655aeefb4791848aa4abcee2632121fb0bb43d6914f	13	9	0.22794341137265994	1.0442737896632082e-08	1.1947376033778843	1.0019172917447461	EVALUABLE	EVALUABLE	true	VALID	
a3323defff3464a2035d499603a9260d8ee2a33a824b65c31cad9b271ea1092e	2	0.10,0.50	E0178	GIMME	training_samples=setx2,setx3	C1	G4	0.50	ec713323665316d5b12598b96ce058a5cbd45046ed44f9acd156cf13bb158862	8ecf30a756db2f84cdf96655aeefb4791848aa4abcee2632121fb0bb43d6914f	13	9	0.22794341137265994	1.0442737896632082e-08	1.1947376033778843	1.0019172917447461	EVALUABLE	EVALUABLE	true	VALID	
a37eeb9c5107419947975de0ffc08e8eeb8e032ce03336a9926209c07f50a994	1	0.10	E0138	GIMME	training_samples=setx1,setx2,setx3	C3	G4	0.10	266655b6dab32829146ddcc71d87648a3213fd2d014bd900061222549c133c15	9d089ba3b0e645d3e16cc9b9a500224416307f7ee4379f38d87bf989d2174ec1	1	19	0.80902743985602044	0.012115231716883557	1.2924716066872457	1.4811366309352092	EVALUABLE	EVALUABLE	true	VALID	
a3bd3557195416ece9b8863840e7ef48ae66de3acf1acfd41130205c5f768968	1	0.50	E0108	GIMME	training_samples=setx1,setx2	C2	G4	0.50	215aaec06194c85fc8915c4bae4f109c54d8498704d0279ad091b0f04037250b	2d63d16cbc55715e365671ffa5dbc939f489f55ff2606c7fc4c1d0b275ed54c2	0	6	0.49219286033357124	0.86317454135817373	1.0003696961380542	2.8734795407308877	EVALUABLE	EVALUABLE	true	VALID	
a3fb73459246b6cbb894355cc1dd9b21584a00b348098d6d75189892fcd8e4e9	2	0.10,0.50	E0077	CORDA	training_samples=setx2,setx3	C1	G3	0.10	0e4370312b1abd45e6e65d5775cdbae8cb50208b4f035ea04dbf74dee753fe88	5aa9dfc3f05d4356dd4aae2f9affd61bee89f17b06004e56c2253e057c5d0c49	18	19	0.29507453281500551	9.3696706559009968e-05	1.0018565846234648	1.0161934278185878	EVALUABLE	EVALUABLE	true	VALID	
a3fb73459246b6cbb894355cc1dd9b21584a00b348098d6d75189892fcd8e4e9	2	0.10,0.50	E0077	CORDA	training_samples=setx2,setx3	C1	G3	0.50	0e4370312b1abd45e6e65d5775cdbae8cb50208b4f035ea04dbf74dee753fe88	5aa9dfc3f05d4356dd4aae2f9affd61bee89f17b06004e56c2253e057c5d0c49	18	19	0.29507453281500551	9.3696706559009968e-05	1.0018565846234648	1.0161934278185878	EVALUABLE	EVALUABLE	true	VALID	
a40170d310165c6b29ffd163179b18babcf87fe8e756d8b9584d524ac9c33152	1	0.90	E0119	GIMME	training_samples=setx1,setx2	C4	G5	0.90	2484a7b3d30774639d1e8e145aabe81216fe0db96a7c18e649a76b27ca3f4464	f88bd6cf2efb8f44e7d076dd701147d46987ae954fb4b6708b6977e588db41be	18	0	0.74189452229973107	0.00012946688503467918	2.1241423777998811	1.3418135361763321	EVALUABLE	EVALUABLE	true	VALID	
a4064e25865d619f16a44c1d796f52c5fccd5127d5dc3ae6c31ba6f37fd6991a	1	0.90	E0103	GIMME	training_samples=setx1,setx2	C1	G4	0.90	28de38258d03212a0d010bf8ac5b5dd9d5bb9878b0d353e342028da17117a4df	4fba6da4fbc50c929ab024c1efd668b46f3e343b86e1bc30479554e6bd9d17c5	11	7	3.3841141522383822e-07	0.82407926903374817	1.0000000424174929	2.7486949967895531	EVALUABLE	EVALUABLE	true	VALID	
a5080b110458d0e60ce7778d69bf907270bf0889f8c2221243838ae9b9d0e6eb	1	0.90	E0258	RIPTiDe	training_samples=setx1,setx3	C2	G4	0.90	227fe4afb2202ead22ee9d269e9306fc1462f44fe8ea75b1015ef56783db29e3	deff62e02ba886762368ef91d7c5a863a4429df48e2f355d224c8d1fd18fccdc	3	11	0.34889986098278924	0.50000002594415682	3.8506118423343687	1.000000207553265	EVALUABLE	EVALUABLE	true	VALID	
a51dc548037803f202132afbb56a127cd49e89467d1300f8c0cb81f69faa81b8	1	0.90	E0210	RIPTiDe	training_samples=setx1,setx2	C3	G1	0.90	c9f35708db7fcd7ac314493307d80c85de78df9c6ae04b9ca9abdd6664a6ff8e	dcd23c7687b7a968c63bb9675ce7906f58320bde6bc3bfbab7121eccb9334be0	2	14	0.9567130925299222	0.66666666666680796	3.3670360343728247	2.0000000000025433	EVALUABLE	EVALUABLE	true	VALID	
a560648d9deb34f93fed160f2007df6e265bd8eb50aad93babbdcb1cc52d75b9	1	0.50	E0241	RIPTiDe	training_samples=setx1,setx2,setx3	C4	G2	0.50	0ce9f3c2ac8cacca151a431395692262091d1c40960aa953be66fdd4db529db5	1e4730ea84327c2af00f7bf39dfe64b793d2c667d11063277acbba44643bb602	17	10	6.0031857262998756e-10	0.68967358079474295	1.0072243059833268	3.5993535642060053	EVALUABLE	EVALUABLE	true	VALID	
a5728015762ed2eb65636abc3f5ca2ba968e92280bbcd822f5086733ab538aab	1	0.90	E0088	CORDA	training_samples=setx2,setx3	C3	G4	0.90	aea3a41483799622bd3b3a2a0650bf7c51696eb5f00fff1b0bcf6f837c40d54a	1da91e6cbc1ec44f0d5dcba4f1de73f1c00882c5b1d520c8967a9b59c82629c7	0	15	0.78787034393484667	0.05223334857319839	1.0000112105189656	2.3284632827992651	EVALUABLE	EVALUABLE	true	VALID	
a59a810ab0b561f405b384cf0cf02387c1006e4db8298ec0493b1a15eef5ee9e	2	0.50,0.90	E0096	CORDA	training_samples=setx2,setx3	C5	G2	0.50	b4ae76366e987fab217f0c6c55185c04e34463b12c4b0011689de6c987c02b7d	1da91e6cbc1ec44f0d5dcba4f1de73f1c00882c5b1d520c8967a9b59c82629c7	16	15	0.42413596054309666	5.9220414986294045e-06	1.494941906620354	1.1646680046001436	EVALUABLE	EVALUABLE	true	VALID	
a59a810ab0b561f405b384cf0cf02387c1006e4db8298ec0493b1a15eef5ee9e	2	0.50,0.90	E0096	CORDA	training_samples=setx2,setx3	C5	G2	0.90	b4ae76366e987fab217f0c6c55185c04e34463b12c4b0011689de6c987c02b7d	1da91e6cbc1ec44f0d5dcba4f1de73f1c00882c5b1d520c8967a9b59c82629c7	16	15	0.42413596054309666	5.9220414986294045e-06	1.494941906620354	1.1646680046001436	EVALUABLE	EVALUABLE	true	VALID	
a5bc6e0269d73997d1b3619758a22a0446069dc83ee8ce30a1cd4e4e0964e97f	1	0.50	E0005	CORDA	training_samples=setx1,setx2	C2	G1	0.50	55c97010acdd0cdc52f98f416746a96a3e453dfff25d0e9f08e270f4213bea20	1ea47774d2d57dd56364d073a09b722eb9a57b76f852434934514136b5d1c293	1	1	0.064745544342134309	0.60022474286039484	1.0000000063236132	1.4598470948721514	EVALUABLE	EVALUABLE	true	VALID	
a62eaf4499c7bb5c9ac094ba1507f161625e27d7f18ad65d44645defdc9029fb	1	0.10	E0072	CORDA	training_samples=setx1,setx3	C5	G3	0.10	28974673bdb36bda1f7bf18ad986236c9a8aec47248f35092cc7d299e61343fd	f3e9af567444075a63b7c2a2854ddee5538bfb4c47245f27578a66e389b5a9bc	7	18	0.64268882957919993	0.022000495467268677	3.8319990649644637	1.7790276667250031	EVALUABLE	EVALUABLE	true	VALID	
a6fd09731efc7458a7fa9471884bdb128fd1aaaf720e5cc422daedc62c49d9a6	1	0.50	E0322	iMAT	training_samples=setx1,setx2	C5	G3	0.50	41b88b4ee1d53a5ed347ca7ca6e242f063954bf817489f768d55c5cd466c4a09	26bd1960d683b74e709d8ff2a2aab9731820160003488d524219cb81841dd9eb	11	8	0.32862257575172626	0.92395227964227566	1.0163549833362697	4.5966795056667857	EVALUABLE	EVALUABLE	true	VALID	
a730791ef91bafa95e8bcd74f2f367ea03631e57e90a9ec8c7fc5810f879a45f	1	0.10	E0215	RIPTiDe	training_samples=setx1,setx2	C4	G1	0.10	4989824e2df2467b6e60573ab17ca31c35d0a30f6e54c8dfeb87847ca960b723	4f3ac3dd70092e73abd0358812ec03b156828b637df9f9d81f3fa59635a9cea7	17	2	0.075853675461016845	0.66666666666680796	1.1579328287091351	2.0000000000025433	EVALUABLE	EVALUABLE	true	VALID	
a74b1bf523461a23d83a54f61b2ff0a39d60b961408ff87b51017e9795b386ab	1	0.90	E0368	iMAT	training_samples=setx1,setx3	C4	G4	0.90	f748cd6aeca05446d28a19c599fcdda457fbd8a29c4d8a73e760985713b9f609	8919d77fd866b5a1dc2c64f31ddf3d2b0c854b469fdba34f75f79fe51e478517	1	0	0.00036740755356445831	0.53918936139305373	1.0163496554444107	1.0000000000000004	EVALUABLE	EVALUABLE	true	VALID	
a7516096efb923daf3694ab4f6713b89480a43c41f0fb078822bb648109f36a6	1	0.10	E0139	GIMME	training_samples=setx1,setx2,setx3	C3	G5	0.10	266655b6dab32829146ddcc71d87648a3213fd2d014bd900061222549c133c15	9682660a50469ade3f195ee6115a3171f28ffef445fb4c45525fae47b6275e60	1	2	0.80902743985602044	0.84235756352350721	1.2924716066872457	4.3951228696279081	EVALUABLE	EVALUABLE	true	VALID	
a793e9bba65a57aa1effed2003797aad6760e78f6739e3e7dea5bfb2a59c1bba	1	0.10	E0050	CORDA	training_samples=setx1,setx3	C1	G1	0.10	188a2a07d3b1a67be4abb28cc85a852f1e92bdcda3a689e25dc9d58f9c4ffb18	64ab1614c0c568b77bd29ca3d3623f3ba1823bd3bf91fd0f4dc032039ade4cc3	12	15	0.92926946461505378	0.023826284701584988	5.1420785924352614	2.2103814319660819	EVALUABLE	EVALUABLE	true	VALID	
a7b84fcc16e59a8f9b017c5367e5d47edd955c5dc0033a502cdd9e7af5382128	2	0.10,0.50	E0088	CORDA	training_samples=setx2,setx3	C3	G4	0.10	11c92eb5eefda7cc64e53694479d802bc86526faac5ec503ffca49ddb81a3886	1da91e6cbc1ec44f0d5dcba4f1de73f1c00882c5b1d520c8967a9b59c82629c7	1	15	0.21213407225811065	0.05223334857319839	1.0000416367334737	2.3284632827992651	EVALUABLE	EVALUABLE	true	VALID	
a7b84fcc16e59a8f9b017c5367e5d47edd955c5dc0033a502cdd9e7af5382128	2	0.10,0.50	E0088	CORDA	training_samples=setx2,setx3	C3	G4	0.50	11c92eb5eefda7cc64e53694479d802bc86526faac5ec503ffca49ddb81a3886	1da91e6cbc1ec44f0d5dcba4f1de73f1c00882c5b1d520c8967a9b59c82629c7	1	15	0.21213407225811065	0.05223334857319839	1.0000416367334737	2.3284632827992651	EVALUABLE	EVALUABLE	true	VALID	
a7bd985c79b53112c198fd87764633d66a4709d68bf165782a75a3dd92b017a8	1	0.90	E0254	RIPTiDe	training_samples=setx1,setx3	C1	G5	0.90	227fe4afb2202ead22ee9d269e9306fc1462f44fe8ea75b1015ef56783db29e3	deff62e02ba886762368ef91d7c5a863a4429df48e2f355d224c8d1fd18fccdc	3	11	6.3129538027562049e-05	0.50214230774207302	1.317146526385899	1.0172132358409181	EVALUABLE	EVALUABLE	true	VALID	
a8d5d4686b173806218345d4d425e968ccfc97f1c619ffe6e2134c37c50771a3	1	0.10	E0071	CORDA	training_samples=setx1,setx3	C5	G2	0.10	28974673bdb36bda1f7bf18ad986236c9a8aec47248f35092cc7d299e61343fd	d928590f61fb177ab6a5b0e11cbeca11a10927ce32463c8505150ddf6a21fd31	7	8	0.64268882957919993	0.01282364964166105	3.8319990649644637	1.0000633627122968	EVALUABLE	EVALUABLE	true	VALID	
a8d6fb9d79a67c2643a1eb84ed951133a07a5b8cbd411cc5088c5b5c7aeb6afe	1	0.90	E0235	RIPTiDe	training_samples=setx1,setx2,setx3	C3	G1	0.90	473831994471df82d0913ed151c2dbb8e7c1cd219e13a873df972be6fe45480f	d2e77ddb8a929cfcb9b862f9915f2d5a3eb09741f2765ade2b0bcd69a98c741d	5	12	0.94329429866901282	0.0063572334634590666	6.3787311692783124	1.0123976784237918	EVALUABLE	EVALUABLE	true	VALID	
a981c840a48d388056faec416469c61bd5be8d974f27daa7a13d15f16721c732	1	0.90	E0194	GIMME	training_samples=setx2,setx3	C4	G5	0.90	c242cf78ad007b657e033931f20963643548ea40b4b9a684199bd8744f018ac4	9479e42871e312cc9e8045bad83182066b1281c061fdcd80c3da7974e75e1d5d	18	1	0.92345952870732573	0.80817339985621484	4.25387706311703	5.0212893733333575	EVALUABLE	EVALUABLE	true	VALID	
a9a0bad2c9fd54c9fb31452cd42a374bcc14121a1c47d2d06416ee5f51d3ee5d	1	0.50	E0255	RIPTiDe	training_samples=setx1,setx3	C2	G1	0.50	227fe4afb2202ead22ee9d269e9306fc1462f44fe8ea75b1015ef56783db29e3	ad3ae52546893ca463d0370db5c0243a4cd79da6df16d930a4acee2fee7bf062	3	3	0.34889986098278924	0.50000000000031786	3.8506118423343687	1.0000000000025429	EVALUABLE	EVALUABLE	true	VALID	
aa250b78a4344873dbf025711b05a3015b2272e108eda69fa23e2b23cc0ba894	1	0.90	E0373	iMAT	training_samples=setx1,setx3	C5	G4	0.90	5e0bd4de471984c8757d52c33b2e66b55d81a00be7c5d5379d7344b8a2650a64	8919d77fd866b5a1dc2c64f31ddf3d2b0c854b469fdba34f75f79fe51e478517	7	0	0.59190321205225982	0.53918936139305373	1.3292690976461641	1.0000000000000004	EVALUABLE	EVALUABLE	true	VALID	
aa5691fb1a5a2c6c56d5f5c0d66ca5193f516cdb56ff83c4ccdb3f431a2964a1	1	0.10	E0132	GIMME	training_samples=setx1,setx2,setx3	C2	G3	0.10	266655b6dab32829146ddcc71d87648a3213fd2d014bd900061222549c133c15	9d089ba3b0e645d3e16cc9b9a500224416307f7ee4379f38d87bf989d2174ec1	1	19	0.79950237045586814	0.0088464214551963183	5.6907698541554685	1.4538459210648693	EVALUABLE	EVALUABLE	true	VALID	
aac066f7b7b6dbe1d60ea7dde777adf6a011a3289d8dd8126d865cf18a4d15a4	1	0.50	E0074	CORDA	training_samples=setx1,setx3	C5	G5	0.50	922acc409690b4b94ea7e61fd138fe5eb67df3130bc7d7edc8faac768d87407d	d928590f61fb177ab6a5b0e11cbeca11a10927ce32463c8505150ddf6a21fd31	8	8	0.7970173818869577	5.0411766523650314e-05	3.2700546606042038	1.0000000000666915	EVALUABLE	EVALUABLE	true	VALID	
aad139ad58bbee3b51f243129cd6800ddfa2a1bd4b5b26eaa113e4ec97260e41	1	0.90	E0038	CORDA	training_samples=setx1,setx2,setx3	C3	G4	0.90	593312d7347feeecef6821743059de3d62c9a9e7bc1e0d7af7214fa92b03e33f	a5e71df85ff7da9f890eb3cd5dcb2b7117ced118c99b3684ee841000c8e0b65d	4	13	0.7919738396283813	0.79338211748389509	1.0023274635226753	5.4896398111172138	EVALUABLE	EVALUABLE	true	VALID	
aadeab3252307b01cf311dc2187c97ab6bf49b2dc8179f7e09639b3c96497b98	1	0.50	E0264	RIPTiDe	training_samples=setx1,setx3	C3	G5	0.50	0551a70442c925ed3fd3d5f6f03c23b55a16bc314382c97afcbdcf827ae4123a	ad3ae52546893ca463d0370db5c0243a4cd79da6df16d930a4acee2fee7bf062	18	3	0.78471074937537688	0.50214230774207302	3.900728240933454	1.0172132358409181	EVALUABLE	EVALUABLE	true	VALID	
ab0a0321b9c9bdd00ac2b04c01af031605ba8cc0ed2151a1c4b1f70433223f58	1	0.10	E0073	CORDA	training_samples=setx1,setx3	C5	G4	0.10	28974673bdb36bda1f7bf18ad986236c9a8aec47248f35092cc7d299e61343fd	d928590f61fb177ab6a5b0e11cbeca11a10927ce32463c8505150ddf6a21fd31	7	8	0.64268882957919993	0.086696615934440668	3.8319990649644637	1.0030853093304006	EVALUABLE	EVALUABLE	true	VALID	
ab1611bb4655ef456756c7007cdc551558585330af72e4ea76e3fe754060b003	1	0.10	E0264	RIPTiDe	training_samples=setx1,setx3	C3	G5	0.10	4d1501fe617ab14b6500082cc2042069c909392a1a4618550e7586b5f7a19ef7	ad3ae52546893ca463d0370db5c0243a4cd79da6df16d930a4acee2fee7bf062	17	3	0.77957584268376068	0.50214230774207302	3.9051929981283591	1.0172132358409181	EVALUABLE	EVALUABLE	true	VALID	
ab907c030e6ca7f7adde6a4d0ea9e51c4fef57f2fe6b35b879dc271a22563e16	1	0.10	E0394	iMAT	training_samples=setx2,setx3	C4	G5	0.10	c68dd7b25160f329f504d6cca13ada30ca042fcbe53ec74e4fbc7caad25bfbb5	2f971692e2765073ae8a6d2f6fd8f4e97e81f95489df3f2946d4c497d94165b9	12	0	0.88175991433221401	4.3214321010509593e-12	1.0611263708325771	0.99993274541767907	EVALUABLE	EVALUABLE	true	VALID	
ac18e3f1393e9d01d5c8daa2e59cbba9e608084b96758502049a0c64b382fc21	1	0.10	E0330	iMAT	training_samples=setx1,setx2,setx3	C2	G1	0.10	73800d86c4f889eaf4f5923c873981e1547c7ce8918bcad431aebb6957e65d8f	0d37965ea995985f614ffc8e8261127f65775a5f6e502c959cba7441f181e37a	1	3	1.6288439486089601e-09	0.89839542635097869	1.1217230781177472	3.5328775400729078	EVALUABLE	EVALUABLE	true	VALID	
ac31407838c77daf583a1dafd6ffefefe128080c75e08ffa23c33b01e251c3a2	1	0.10	E0320	iMAT	training_samples=setx1,setx2	C5	G1	0.10	41b88b4ee1d53a5ed347ca7ca6e242f063954bf817489f768d55c5cd466c4a09	a021d2219926286c3dcb59d412f56541cd3c639b9f8cb9f9f544799ca8c41349	11	3	0.32862257575172626	0.60992424376623167	1.0163549833362697	2.0049165670063922	EVALUABLE	EVALUABLE	true	VALID	
ac3f12885b16a9295bd753a1b325444e31605a8f4732e9686eec76b9ce374836	1	0.50	E0070	CORDA	training_samples=setx1,setx3	C5	G1	0.50	922acc409690b4b94ea7e61fd138fe5eb67df3130bc7d7edc8faac768d87407d	64ab1614c0c568b77bd29ca3d3623f3ba1823bd3bf91fd0f4dc032039ade4cc3	8	15	0.7970173818869577	0.023826284701584988	3.2700546606042038	2.2103814319660819	EVALUABLE	EVALUABLE	true	VALID	
ac5c6067d3fd31d7a6d52e2b32823daacb22e649db59671777e0f5eb7bae8999	1	0.50	E0395	iMAT	training_samples=setx2,setx3	C5	G1	0.50	bff5c3f73cf19abc7b717b31e6022fe37f748cfcb5780ff291baeac5a479232d	2399e94f9c2f2213e281a1c60356b9d85bb5023aa4787097cd11d512d71324d9	3	19	0.59116975168241681	0.73665197699419904	2.2468508563845031	3.9562794867961912	EVALUABLE	EVALUABLE	true	VALID	
ac897c54db16b37e3dcce69b359e22b01dadd858955118e12482db308fbb5a3e	1	0.10	E0342	iMAT	training_samples=setx1,setx2,setx3	C4	G3	0.10	cdb7fb3b6973618b48e76861beeecf354fd3801d6426160c52656468ed7f7bd7	c39666cec50f85c68c411fb7f35fd14dc87818c4e5eb5dcffc093c106d19e93d	5	12	0.58994108761025377	0.9027534092714995	1.7548613309204713	1.2321449649549179	EVALUABLE	EVALUABLE	true	VALID	
ac8f27d748cd01e174e17d296b2aa42bf970972dcf27ba1cf9bee452867476b7	1	0.90	E0072	CORDA	training_samples=setx1,setx3	C5	G3	0.90	f477e3d5e656111b38ff39e23e8311ca8a8abd935c292bccfcb769f43f87ef81	f3e9af567444075a63b7c2a2854ddee5538bfb4c47245f27578a66e389b5a9bc	4	18	0.7970173818869577	0.022000495467268677	3.2700546606042038	1.7790276667250031	EVALUABLE	EVALUABLE	true	VALID	
ac9c7d246c280cd07cabe291615589bb6cfe1b83f7ece4e32eacf44dc818411b	1	0.90	E0207	RIPTiDe	training_samples=setx1,setx2	C2	G3	0.90	4989824e2df2467b6e60573ab17ca31c35d0a30f6e54c8dfeb87847ca960b723	dcd23c7687b7a968c63bb9675ce7906f58320bde6bc3bfbab7121eccb9334be0	17	14	0.76970127998051274	0.66667367748945972	4.4184532463197019	2.0001261955076726	EVALUABLE	EVALUABLE	true	VALID	
ad4bc669e169ab0189e92e5a5fb567c41c76199e59ebe09b86f525df15831db0	1	0.90	E0398	iMAT	training_samples=setx2,setx3	C5	G4	0.90	199d1232f9356b67d2811c1333b2b4466aa5cc643e0e7b3812579cffa59c92fe	b9f5a06ad896dd71ad5bac5e24ed87f72ded680e6d19b3c8d7ef7efafd32eedc	17	8	0.70138928644675125	0.74576922428526848	2.106688402352034	2.664361651913175	EVALUABLE	EVALUABLE	true	VALID	
ada23186a4aa6d18e85927e3078f521905686cdd76fc826be35724f31a094858	1	0.10	E0030	CORDA	training_samples=setx1,setx2,setx3	C2	G1	0.10	102f69f6fa8557e4e0067accc8216a851f9d96d112c3c1db033468920969167f	0308b03c63fd48d3db330aba47bb6377597fe3ec4b11a4a9ba445a8f52049244	3	19	0.055860077059445623	0.66473182935076069	1.0000178993636453	1.4946373469297871	EVALUABLE	EVALUABLE	true	VALID	
af056f32359c35eabc12169f3b4b5575a5b769b435d08b237b875b18d3a8f0f2	1	0.90	E0054	CORDA	training_samples=setx1,setx3	C1	G5	0.90	b37add75f03b4f23ac6656dd0c4885d4486ea5d21bec8d5dbb8bc0b75f7b3972	d928590f61fb177ab6a5b0e11cbeca11a10927ce32463c8505150ddf6a21fd31	15	8	0.72259731562376173	5.0411766523650314e-05	5.439773678455583	1.0000000000666915	EVALUABLE	EVALUABLE	true	VALID	
af6233296a5bc5d7e176c13918c5d00fd1a4d3fc496c200ba6101de7bb60192d	1	0.90	E0115	GIMME	training_samples=setx1,setx2	C4	G1	0.90	2484a7b3d30774639d1e8e145aabe81216fe0db96a7c18e649a76b27ca3f4464	4500acff7cff7bd2c0197f246185188706160736fb30b9bd89dc5dc0dd135971	18	15	0.74189452229973107	0.0032765027800679691	2.1241423777998811	1.000003721612587	EVALUABLE	EVALUABLE	true	VALID	
af70a02deaaec9e8463aca88469de3a9b271ffea56cc9a82b0d67eafbbf4bf1e	3	0.10,0.50,0.90	E0336	iMAT	training_samples=setx1,setx2,setx3	C3	G2	0.10	73800d86c4f889eaf4f5923c873981e1547c7ce8918bcad431aebb6957e65d8f	ff08294218c297aa70d51d53f700660a24a0daa0e1e0239b74f592559b440776	1	0	4.6432333755674904e-08	4.060564726793281e-05	1.2795248085257824	0.99999999999836664	EVALUABLE	EVALUABLE	true	VALID	
af70a02deaaec9e8463aca88469de3a9b271ffea56cc9a82b0d67eafbbf4bf1e	3	0.10,0.50,0.90	E0336	iMAT	training_samples=setx1,setx2,setx3	C3	G2	0.50	73800d86c4f889eaf4f5923c873981e1547c7ce8918bcad431aebb6957e65d8f	ff08294218c297aa70d51d53f700660a24a0daa0e1e0239b74f592559b440776	1	0	4.6432333755674904e-08	4.060564726793281e-05	1.2795248085257824	0.99999999999836664	EVALUABLE	EVALUABLE	true	VALID	
af70a02deaaec9e8463aca88469de3a9b271ffea56cc9a82b0d67eafbbf4bf1e	3	0.10,0.50,0.90	E0336	iMAT	training_samples=setx1,setx2,setx3	C3	G2	0.90	73800d86c4f889eaf4f5923c873981e1547c7ce8918bcad431aebb6957e65d8f	ff08294218c297aa70d51d53f700660a24a0daa0e1e0239b74f592559b440776	1	0	4.6432333755674904e-08	4.060564726793281e-05	1.2795248085257824	0.99999999999836664	EVALUABLE	EVALUABLE	true	VALID	
af7abe951f17bca7e3a84ef3a709c7d4fdeeb8446a56655fd6d6bc675f20a13a	3	0.10,0.50,0.90	E0063	CORDA	training_samples=setx1,setx3	C3	G4	0.10	7f09d6185ac5d193185190172ff78a97a79908108e64a74fa9c0e5c5b7a315dc	d928590f61fb177ab6a5b0e11cbeca11a10927ce32463c8505150ddf6a21fd31	0	8	9.8221430988587599e-13	0.086696615934440668	1.0001067986560188	1.0030853093304006	EVALUABLE	EVALUABLE	true	VALID	
af7abe951f17bca7e3a84ef3a709c7d4fdeeb8446a56655fd6d6bc675f20a13a	3	0.10,0.50,0.90	E0063	CORDA	training_samples=setx1,setx3	C3	G4	0.50	7f09d6185ac5d193185190172ff78a97a79908108e64a74fa9c0e5c5b7a315dc	d928590f61fb177ab6a5b0e11cbeca11a10927ce32463c8505150ddf6a21fd31	0	8	9.8221430988587599e-13	0.086696615934440668	1.0001067986560188	1.0030853093304006	EVALUABLE	EVALUABLE	true	VALID	
af7abe951f17bca7e3a84ef3a709c7d4fdeeb8446a56655fd6d6bc675f20a13a	3	0.10,0.50,0.90	E0063	CORDA	training_samples=setx1,setx3	C3	G4	0.90	7f09d6185ac5d193185190172ff78a97a79908108e64a74fa9c0e5c5b7a315dc	d928590f61fb177ab6a5b0e11cbeca11a10927ce32463c8505150ddf6a21fd31	0	8	9.8221430988587599e-13	0.086696615934440668	1.0001067986560188	1.0030853093304006	EVALUABLE	EVALUABLE	true	VALID	
afe95a5df5a067837b225619bca0e3861ce1a43427969de1af939df56954af32	1	0.90	E0177	GIMME	training_samples=setx2,setx3	C1	G3	0.90	fc9cea3fda62ec8719159e4dbf459bbc28745f0f61c94d0852b10583cb4c27a6	8ecf30a756db2f84cdf96655aeefb4791848aa4abcee2632121fb0bb43d6914f	16	9	0.79201979315062665	0	1.0519709523903003	nan	EVALUABLE	NON_EVALUABLE_ZERO_POST_HOLDOUT_MASS under the frozen normalized-weight representation	false	NON_EVALUABLE_ZERO_POST_HOLDOUT_MASS under the frozen normalized-weight representation	zero post-holdout mass on one or both condition distributions under frozen normalized weights
b0548c629a7d0323972eb343b3d22cb4ef9c4764f44647dce724c4a4fbc6d5ff	1	0.10	E0235	RIPTiDe	training_samples=setx1,setx2,setx3	C3	G1	0.10	bc31b2573e3654d69ba4dc987e4d975f87972c67efefef87ebb81d553332baa6	d2e77ddb8a929cfcb9b862f9915f2d5a3eb09741f2765ade2b0bcd69a98c741d	10	12	0.79570625554217833	0.0063572334634590666	6.2703437421179968	1.0123976784237918	EVALUABLE	EVALUABLE	true	VALID	
b0e311bf0d725da3a0984699286deb88d1beccb24e2524062718427b0166e4c4	1	0.90	E0172	GIMME	training_samples=setx1,setx3	C5	G3	0.90	652d4fa99bc208956b898fae76f9f32fe69a417d4073ce7544aad1ca9cc48dfb	e1e50204cde2f03790a3f2e74f66636d0dd7fd397ae5d4775dd61d74ccce0b76	2	19	0.62155846847818952	0.060660545194369586	1.4904951286750303	1.0023140947557041	EVALUABLE	EVALUABLE	true	VALID	
b15b6bea685be06df7fcc48d09672b29a680752371f7856b58c871a3faaea4fa	1	0.90	E0226	RIPTiDe	training_samples=setx1,setx2,setx3	C1	G2	0.90	0ce9f3c2ac8cacca151a431395692262091d1c40960aa953be66fdd4db529db5	94086566796d80d0f9c2d85880328e829f9c93a2b1ea4cd860f24bc164677df1	17	1	2.1713975306703048e-07	0.94436700685762831	1.0397008007689097	3.9574215684939351	EVALUABLE	EVALUABLE	true	VALID	
b15d6aac4e2949a13833860957d2ff005c0f0c421ddda6179c79d71923f3e9fb	1	0.10	E0234	RIPTiDe	training_samples=setx1,setx2,setx3	C2	G5	0.10	4ad59181fe7235c9f8799583e6a5926d9a3b391d8c90fd44a50e8f2ee914e297	098b45df89a363d775760f4500de0df44b45bb3a6dcc8574121a64dd9471b9f0	14	0	0.88179206694945556	0.88328642193126006	1.5907262848203458	9.0238629751746871	EVALUABLE	EVALUABLE	true	VALID	
b169a037e0b89aa89c80ce1c65ef0e217a8a3d8f7810fca881c5f5fb8c6f3461	2	0.50,0.90	E0127	GIMME	training_samples=setx1,setx2,setx3	C1	G3	0.50	820066d04598da3d239f0d23bd4e39ef57a720e88a443581bcf565cd8d99566b	9d089ba3b0e645d3e16cc9b9a500224416307f7ee4379f38d87bf989d2174ec1	18	19	0.16662655239100743	0.0088464214551963183	1.0006790910238477	1.4538459210648693	EVALUABLE	EVALUABLE	true	VALID	
b169a037e0b89aa89c80ce1c65ef0e217a8a3d8f7810fca881c5f5fb8c6f3461	2	0.50,0.90	E0127	GIMME	training_samples=setx1,setx2,setx3	C1	G3	0.90	820066d04598da3d239f0d23bd4e39ef57a720e88a443581bcf565cd8d99566b	9d089ba3b0e645d3e16cc9b9a500224416307f7ee4379f38d87bf989d2174ec1	18	19	0.16662655239100743	0.0088464214551963183	1.0006790910238477	1.4538459210648693	EVALUABLE	EVALUABLE	true	VALID	
b16c5e7f66c1d85ee9f076f76c7708ae34b44fee06e5e4517d0cb7898cac1b7e	1	0.10	E0026	CORDA	training_samples=setx1,setx2,setx3	C1	G2	0.10	bb0ad4b3dca9738ed169d4aae2f4f8fd0949efa9bd105de1d71889a580ae2be8	fc27b6af092e285d50c1968dde0a42a6920a84a660be54cb08c63990c795644b	19	7	0.37337614268516595	0.79297857385101167	2.1550924216373351	1.1729161906221426	EVALUABLE	EVALUABLE	true	VALID	
b181e40f884211364826584b474ef4588442654c6648eeb682d24cb860a84cbe	2	0.10,0.50	E0044	CORDA	training_samples=setx1,setx2,setx3	C4	G5	0.10	102f69f6fa8557e4e0067accc8216a851f9d96d112c3c1db033468920969167f	a5e71df85ff7da9f890eb3cd5dcb2b7117ced118c99b3684ee841000c8e0b65d	3	13	0.47166946811266552	0.077931777908435307	1.4317915679526623	1.1521560763699514	EVALUABLE	EVALUABLE	true	VALID	
b181e40f884211364826584b474ef4588442654c6648eeb682d24cb860a84cbe	2	0.10,0.50	E0044	CORDA	training_samples=setx1,setx2,setx3	C4	G5	0.50	102f69f6fa8557e4e0067accc8216a851f9d96d112c3c1db033468920969167f	a5e71df85ff7da9f890eb3cd5dcb2b7117ced118c99b3684ee841000c8e0b65d	3	13	0.47166946811266552	0.077931777908435307	1.4317915679526623	1.1521560763699514	EVALUABLE	EVALUABLE	true	VALID	
b190b2024b3bc86b263b2bb9c9b4850f7df28b28a260ece8ccd0acd62f1892ae	1	0.50	E0310	iMAT	training_samples=setx1,setx2	C3	G1	0.50	646a5c644a59a85946ca3a5bdaa04f073d39a57cae74abbda4fc566e8f03094d	0dcb4d9e9f31a415220f9c6fa35ee5c991ee4417708a58a8ae24391de0e15028	1	18	0.20951615112740818	0.7150876179340202	0.99999999999999911	1.9933221327621635	EVALUABLE	EVALUABLE	true	VALID	
b1a9d39395a15287174aaf2c061fa9d80f25368643ba73dd44ba3e6932d9810a	1	0.50	E0043	CORDA	training_samples=setx1,setx2,setx3	C4	G4	0.50	102f69f6fa8557e4e0067accc8216a851f9d96d112c3c1db033468920969167f	c369920187a75d899f06ea4bdc2750fd086c9e7dff9e33c43812a3ed0dd71628	3	12	0.47166946811266552	0.81196589996307045	1.4317915679526623	5.4041597018660799	EVALUABLE	EVALUABLE	true	VALID	
b1bbd49b8215feb5d8e84d8d6bab353db90a63e978f35ad014a08afd28b5bced	1	0.90	E0153	GIMME	training_samples=setx1,setx3	C1	G4	0.90	e0656ed344a040c1c31d47313c246b5017dfe95469a56b860f75b9359b07ba86	e1e50204cde2f03790a3f2e74f66636d0dd7fd397ae5d4775dd61d74ccce0b76	7	19	0.90744501934742294	0.30666653421198597	10.280746338260672	1.2045897146422317	EVALUABLE	EVALUABLE	true	VALID	
b1c4cd595400910fdd72f1d1b053a97c3d381c18df486d317a1e693fb499ab01	1	0.90	E0309	iMAT	training_samples=setx1,setx2	C2	G5	0.90	92885b269975050d47b4a5f3645ef173ad8091cce18e3f543380b638cb89c263	4a2fb998e907a76d9911c65dc23b53d134425ac6130d04103f1e03f7be8c05b6	0	0	0.57021866128520915	0	0.99999999999999956	nan	EVALUABLE	NON_EVALUABLE_ZERO_POST_HOLDOUT_MASS under the frozen normalized-weight representation	false	NON_EVALUABLE_ZERO_POST_HOLDOUT_MASS under the frozen normalized-weight representation	zero post-holdout mass on one or both condition distributions under frozen normalized weights
b2ed8c219055c4845dcc7d8ed0bb7e4b2b75466440e4bacae4bfb8648a3c9765	1	0.10	E0143	GIMME	training_samples=setx1,setx2,setx3	C4	G4	0.10	317809e9983f9e230612d444ffda8873641fdd297ecceb2017ae93047c48f76f	9d089ba3b0e645d3e16cc9b9a500224416307f7ee4379f38d87bf989d2174ec1	19	19	0.80437609345433292	0.012115231716883557	1.000312575213151	1.4811366309352092	EVALUABLE	EVALUABLE	true	VALID	
b305aab427bea3595fcf8c6bb7d7112df2b916037626c15b9b4834ce7fa741b7	1	0.90	E0132	GIMME	training_samples=setx1,setx2,setx3	C2	G3	0.90	5e8a0c4892e9698556e454389aaa6a2b6ca7ec28c8f86829df78dbc7a396e38e	9d089ba3b0e645d3e16cc9b9a500224416307f7ee4379f38d87bf989d2174ec1	2	19	0.88610058363863164	0.0088464214551963183	5.6265060409851131	1.4538459210648693	EVALUABLE	EVALUABLE	true	VALID	
b312521b1fcc68bf5a895c558debd7581a520e04e2cc1fc83297eaf7c9b0073a	1	0.10	E0391	iMAT	training_samples=setx2,setx3	C4	G2	0.10	c68dd7b25160f329f504d6cca13ada30ca042fcbe53ec74e4fbc7caad25bfbb5	2f971692e2765073ae8a6d2f6fd8f4e97e81f95489df3f2946d4c497d94165b9	12	0	0.88175991433221401	3.5171432100078448e-08	1.0611263708325771	1.0000314927854179	EVALUABLE	EVALUABLE	true	VALID	
b3b1479bad9d1f00e0c8aff48d07eabf7bc95286d2b62eec80739f4c04bce999	3	0.10,0.50,0.90	E0356	iMAT	training_samples=setx1,setx3	C2	G2	0.10	f715c48d725df09590892b8a0f532f274829fa59347013d5f282226dd527b95b	8919d77fd866b5a1dc2c64f31ddf3d2b0c854b469fdba34f75f79fe51e478517	2	0	1.2481609801273663e-07	0.078328279385374566	1.0000691074688512	0.99999999999999911	EVALUABLE	EVALUABLE	true	VALID	
b3b1479bad9d1f00e0c8aff48d07eabf7bc95286d2b62eec80739f4c04bce999	3	0.10,0.50,0.90	E0356	iMAT	training_samples=setx1,setx3	C2	G2	0.50	f715c48d725df09590892b8a0f532f274829fa59347013d5f282226dd527b95b	8919d77fd866b5a1dc2c64f31ddf3d2b0c854b469fdba34f75f79fe51e478517	2	0	1.2481609801273663e-07	0.078328279385374566	1.0000691074688512	0.99999999999999911	EVALUABLE	EVALUABLE	true	VALID	
b3b1479bad9d1f00e0c8aff48d07eabf7bc95286d2b62eec80739f4c04bce999	3	0.10,0.50,0.90	E0356	iMAT	training_samples=setx1,setx3	C2	G2	0.90	f715c48d725df09590892b8a0f532f274829fa59347013d5f282226dd527b95b	8919d77fd866b5a1dc2c64f31ddf3d2b0c854b469fdba34f75f79fe51e478517	2	0	1.2481609801273663e-07	0.078328279385374566	1.0000691074688512	0.99999999999999911	EVALUABLE	EVALUABLE	true	VALID	
b42efec420586599fa6c0706d57b484aac7f20bc33e544a995fb41edc3ef6d33	1	0.50	E0054	CORDA	training_samples=setx1,setx3	C1	G5	0.50	45b591180b8b5b11f8d85d22498adbe0df7ea752ceb90d14dcfd3cbb2a110684	d928590f61fb177ab6a5b0e11cbeca11a10927ce32463c8505150ddf6a21fd31	19	8	0.8565859748903244	5.0411766523650314e-05	4.815463046796018	1.0000000000666915	EVALUABLE	EVALUABLE	true	VALID	
b4639c33c514fbd663f57170831924a179cf319dc5d13327816b0340ac1ef1f5	1	0.90	E0393	iMAT	training_samples=setx2,setx3	C4	G4	0.90	7694a9e011d4ebf44d303658c7154c14143b3e30ce56570e30c917120cb8c5fd	b9f5a06ad896dd71ad5bac5e24ed87f72ded680e6d19b3c8d7ef7efafd32eedc	11	8	0.14429939582273443	0.74576922428526848	1.4390303388080905	2.664361651913175	EVALUABLE	EVALUABLE	true	VALID	
b4d9c54f4ba1cbd59771d6f3f601933372e60351d37a48ceb1832dd125755f97	1	0.10	E0153	GIMME	training_samples=setx1,setx3	C1	G4	0.10	cc54b24afa3a8b0db325b37ba076ef5e11869c45d58d69da37b8bcf5223865f5	f80ad607c1575d29cbb710927847afa0dfca390b07439baab0f53ee25e267754	17	18	0.89829762731866869	0.72121267768445296	10.30309717239945	1.081251933910268	EVALUABLE	EVALUABLE	true	VALID	
b637b0e8480544e5f6f1fde7855135749d244449b7fe0f746d778d32af5a857c	1	0.50	E0071	CORDA	training_samples=setx1,setx3	C5	G2	0.50	922acc409690b4b94ea7e61fd138fe5eb67df3130bc7d7edc8faac768d87407d	d928590f61fb177ab6a5b0e11cbeca11a10927ce32463c8505150ddf6a21fd31	8	8	0.7970173818869577	0.01282364964166105	3.2700546606042038	1.0000633627122968	EVALUABLE	EVALUABLE	true	VALID	
b657c9f7044a309995d814dca8e0e0322744fd0ce1ca2b14fc3e9c058d024887	1	0.50	E0288	RIPTiDe	training_samples=setx2,setx3	C3	G4	0.50	af28908304c57ace3b9aa0eaa9c9dcd3e2342c81cda26873352a9f5c202c71e4	c14d5ed0f81e787adc1913c3553bf14df5bb157bc649ea2040ac26996164fde7	13	14	0.89987413651968662	0.041821039936149162	10.036857512813949	1.0844782954773249	EVALUABLE	EVALUABLE	true	VALID	
b6693a961db2afff411ea67a453ecfabbeb67dfc9c0e5a95e22b9997a3bdf90b	1	0.50	E0030	CORDA	training_samples=setx1,setx2,setx3	C2	G1	0.50	102f69f6fa8557e4e0067accc8216a851f9d96d112c3c1db033468920969167f	190878c4b80fe628594f55359ecb202fdd3e2ee8bca1b5c56ddcbe21f6e9a053	3	18	0.055860077059445623	0.46290788343359346	1.0000178993636453	1.7920793210807067	EVALUABLE	EVALUABLE	true	VALID	
b711bfcc6f8dad1ce4eb2d730f070d76aedc69fa3b224331010b208971756fe3	1	0.90	E0253	RIPTiDe	training_samples=setx1,setx3	C1	G4	0.90	227fe4afb2202ead22ee9d269e9306fc1462f44fe8ea75b1015ef56783db29e3	deff62e02ba886762368ef91d7c5a863a4429df48e2f355d224c8d1fd18fccdc	3	11	6.3129538027562049e-05	0.50000002594415682	1.317146526385899	1.000000207553265	EVALUABLE	EVALUABLE	true	VALID	
b760f332a8f25b07c92bed41cc65302bfb150dade53cbb10271658d3bd23da39	1	0.90	E0109	GIMME	training_samples=setx1,setx2	C2	G5	0.90	23292304d2d32b2fdbaff4ee52762d292782269c9b4414137b63abfae0a20815	f88bd6cf2efb8f44e7d076dd701147d46987ae954fb4b6708b6977e588db41be	1	0	0.50789810306854799	0.00012946688503467918	1.0003582622506058	1.3418135361763321	EVALUABLE	EVALUABLE	true	VALID	
b77633dc994cb4f98238fc13a1153e5fb8811bed8c0b8feea18b2c442b2b0340	1	0.90	E0220	RIPTiDe	training_samples=setx1,setx2	C5	G1	0.90	4989824e2df2467b6e60573ab17ca31c35d0a30f6e54c8dfeb87847ca960b723	dcd23c7687b7a968c63bb9675ce7906f58320bde6bc3bfbab7121eccb9334be0	17	14	0.0061606563835081563	0.66666666666680796	1.0120116284821428	2.0000000000025433	EVALUABLE	EVALUABLE	true	VALID	
b77847486457428e35f1704d261556d6463b6718404df4dd840b62c3fc320d34	1	0.90	E0315	iMAT	training_samples=setx1,setx2	C4	G1	0.90	0ade1e6723eba029060099685dac55cbaa4e00ff2f16480fea28e11337f40848	3d31a5031c10d84a628e3b3461faf26a0859778f1eb541826fe6fca30c271467	5	19	0.74665568845653696	0.67693762766075816	2.5886464860987317	1.9638704725692246	EVALUABLE	EVALUABLE	true	VALID	
b78045fdb0ad2d5ccf6b9f66140d6dcc62130bc08fb2764d4dcaff6fe7b46799	3	0.10,0.50,0.90	E0278	RIPTiDe	training_samples=setx2,setx3	C1	G4	0.10	7ce358edc3a4bd7c08bb6daaad38e6b004b2499c6d5cdc3112e7a7dfa0faee9a	c14d5ed0f81e787adc1913c3553bf14df5bb157bc649ea2040ac26996164fde7	2	14	8.2088737566321512e-06	0.041821039936149162	1.0000000035867078	1.0844782954773249	EVALUABLE	EVALUABLE	true	VALID	
b78045fdb0ad2d5ccf6b9f66140d6dcc62130bc08fb2764d4dcaff6fe7b46799	3	0.10,0.50,0.90	E0278	RIPTiDe	training_samples=setx2,setx3	C1	G4	0.50	7ce358edc3a4bd7c08bb6daaad38e6b004b2499c6d5cdc3112e7a7dfa0faee9a	c14d5ed0f81e787adc1913c3553bf14df5bb157bc649ea2040ac26996164fde7	2	14	8.2088737566321512e-06	0.041821039936149162	1.0000000035867078	1.0844782954773249	EVALUABLE	EVALUABLE	true	VALID	
b78045fdb0ad2d5ccf6b9f66140d6dcc62130bc08fb2764d4dcaff6fe7b46799	3	0.10,0.50,0.90	E0278	RIPTiDe	training_samples=setx2,setx3	C1	G4	0.90	7ce358edc3a4bd7c08bb6daaad38e6b004b2499c6d5cdc3112e7a7dfa0faee9a	c14d5ed0f81e787adc1913c3553bf14df5bb157bc649ea2040ac26996164fde7	2	14	8.2088737566321512e-06	0.041821039936149162	1.0000000035867078	1.0844782954773249	EVALUABLE	EVALUABLE	true	VALID	
b7fdcecf7efdef7094ea2d5b382c877901a326e2232b1373507ce76fbc46e5bf	1	0.50	E0307	iMAT	training_samples=setx1,setx2	C2	G3	0.50	646a5c644a59a85946ca3a5bdaa04f073d39a57cae74abbda4fc566e8f03094d	26bd1960d683b74e709d8ff2a2aab9731820160003488d524219cb81841dd9eb	1	8	0.42978133871479074	0.92395227964227566	0.99999999999999956	4.5966795056667857	EVALUABLE	EVALUABLE	true	VALID	
b8af30cee827b00fb3a434d26a0de6bd367f80143e6ffaccc7f50862b92d8b67	1	0.90	E0351	iMAT	training_samples=setx1,setx3	C1	G2	0.90	d14c9a0fe52fd780abbb1ba0cd30f1160d62ab1d241889a0ddaa16a4d9c19165	8919d77fd866b5a1dc2c64f31ddf3d2b0c854b469fdba34f75f79fe51e478517	17	0	0.68886458635510217	0.078328279385374566	1.8816406623420656	0.99999999999999911	EVALUABLE	EVALUABLE	true	VALID	
b8af8b7724aa24b03e32922473074d191b9529bcd6b679a85f36eaa42a6327ec	1	0.10	E0130	GIMME	training_samples=setx1,setx2,setx3	C2	G1	0.10	266655b6dab32829146ddcc71d87648a3213fd2d014bd900061222549c133c15	9d089ba3b0e645d3e16cc9b9a500224416307f7ee4379f38d87bf989d2174ec1	1	19	0.79950237045586814	5.333362351089832e-06	5.6907698541554685	1.0331518001100977	EVALUABLE	EVALUABLE	true	VALID	
b8d38497a233ddebb501a82e31d1de397a995125ccd11c3f0de754700c0a3efa	1	0.90	E0257	RIPTiDe	training_samples=setx1,setx3	C2	G3	0.90	227fe4afb2202ead22ee9d269e9306fc1462f44fe8ea75b1015ef56783db29e3	deff62e02ba886762368ef91d7c5a863a4429df48e2f355d224c8d1fd18fccdc	3	11	0.34889986098278924	0.50001571387751476	3.8506118423343687	1.0001257149743761	EVALUABLE	EVALUABLE	true	VALID	
b8f751f7970336091c3e22b395837cc8e8fcd1ca7054605cfbff25252cf27f30	1	0.90	E0190	GIMME	training_samples=setx2,setx3	C4	G1	0.90	c242cf78ad007b657e033931f20963643548ea40b4b9a684199bd8744f018ac4	8ecf30a756db2f84cdf96655aeefb4791848aa4abcee2632121fb0bb43d6914f	18	9	0.92345952870732573	0	4.25387706311703	nan	EVALUABLE	NON_EVALUABLE_ZERO_POST_HOLDOUT_MASS under the frozen normalized-weight representation	false	NON_EVALUABLE_ZERO_POST_HOLDOUT_MASS under the frozen normalized-weight representation	zero post-holdout mass on one or both condition distributions under frozen normalized weights
b974e026c025a93e8a541aa45f418ecdc158d6d84d0837d1d18e8b3fd00982f2	1	0.10	E0007	CORDA	training_samples=setx1,setx2	C2	G3	0.10	55c97010acdd0cdc52f98f416746a96a3e453dfff25d0e9f08e270f4213bea20	488ec8fc3106ead99d811b4bde0838da48763bd7a1999d8f7629a12ed999f37b	1	17	0.064745544342134309	0.84558012251403403	1.0000000063236132	7.1929965179105251	EVALUABLE	EVALUABLE	true	VALID	
b97cbe6ee61310c4cba1c29d048d0a3a251456127b3f4934f22c96541fb2d0cf	1	0.50	E0320	iMAT	training_samples=setx1,setx2	C5	G1	0.50	41b88b4ee1d53a5ed347ca7ca6e242f063954bf817489f768d55c5cd466c4a09	0dcb4d9e9f31a415220f9c6fa35ee5c991ee4417708a58a8ae24391de0e15028	11	18	0.32862257575172626	0.7150876179340202	1.0163549833362697	1.9933221327621635	EVALUABLE	EVALUABLE	true	VALID	
ba30d9c902ea106135bb1e6b921c4db23e8490a935aa2275bb57f1a80adc722b	1	0.50	E0351	iMAT	training_samples=setx1,setx3	C1	G2	0.50	34b996ca187b21a6172a8aab384066223b8fe5a1df3761648e1a25a5d93e0572	8919d77fd866b5a1dc2c64f31ddf3d2b0c854b469fdba34f75f79fe51e478517	15	0	0.76364406360875536	0.078328279385374566	1.9893780099118554	0.99999999999999911	EVALUABLE	EVALUABLE	true	VALID	
bb2966620cbc55b592dc1a62535c2013d3d339a1e6b496ec592af996dd74635b	1	0.90	E0261	RIPTiDe	training_samples=setx1,setx3	C3	G2	0.90	e844c73dd542d4d132b72865a21c41b6c4f10ecd7b0aaa99437536260376de0e	904a081f7eef1e7cc57d16491196f0d4a843d7e3f52c6a1ec968499a88939007	8	18	0.86876531251054712	0.92760500315089045	4.0363845006979604	9.9734639582738964	EVALUABLE	EVALUABLE	true	VALID	
bb3821b10d5f419a4bc6f28ec8c1455494a13a2bcc07b5216bc1c3d25440ecb7	1	0.90	E0193	GIMME	training_samples=setx2,setx3	C4	G4	0.90	c242cf78ad007b657e033931f20963643548ea40b4b9a684199bd8744f018ac4	8ecf30a756db2f84cdf96655aeefb4791848aa4abcee2632121fb0bb43d6914f	18	9	0.92345952870732573	1.0442737896632082e-08	4.25387706311703	1.0019172917447461	EVALUABLE	EVALUABLE	true	VALID	
bb839d9a5f52b6ee47b1466769745124bd6d4be79568a0095ba866e64591685c	1	0.10	E0022	CORDA	training_samples=setx1,setx2	C5	G3	0.10	c55c11a6e3dc772e3c2e3b973cfb71fd8e41ddd3aef93d8b8367e17dfca95033	488ec8fc3106ead99d811b4bde0838da48763bd7a1999d8f7629a12ed999f37b	18	17	0.056378013431494511	0.84558012251403403	1.6254008945261684	7.1929965179105251	EVALUABLE	EVALUABLE	true	VALID	
bbd85c002ae56bccf6cf1f6d15f7316e01101e1ffaecdd6d814b4979b0a57500	1	0.50	E0257	RIPTiDe	training_samples=setx1,setx3	C2	G3	0.50	227fe4afb2202ead22ee9d269e9306fc1462f44fe8ea75b1015ef56783db29e3	ad3ae52546893ca463d0370db5c0243a4cd79da6df16d930a4acee2fee7bf062	3	3	0.34889986098278924	0.50001571387751476	3.8506118423343687	1.0001257149743761	EVALUABLE	EVALUABLE	true	VALID	
bc27d650443984fc06e02f43a753a9b705a7ce34db33b4a7c883b7dcadf71187	1	0.90	E0041	CORDA	training_samples=setx1,setx2,setx3	C4	G2	0.90	593312d7347feeecef6821743059de3d62c9a9e7bc1e0d7af7214fa92b03e33f	a5e71df85ff7da9f890eb3cd5dcb2b7117ced118c99b3684ee841000c8e0b65d	4	13	0.61410595774632948	0.27013871007390233	1.320473526954991	1.5770567569880014	EVALUABLE	EVALUABLE	true	VALID	
bc823d8cb3c2a79da9c3bdc0fa6b7c0d18a565d20cafb73269320ddff4952088	1	0.90	E0317	iMAT	training_samples=setx1,setx2	C4	G3	0.90	0ade1e6723eba029060099685dac55cbaa4e00ff2f16480fea28e11337f40848	fb799d596a8dc63472e08b557f1482c5a976d666fed4a252258ea7640ea54f8e	5	10	0.74665568845653696	0.74709340453341366	2.5886464860987317	4.3762669832554435	EVALUABLE	EVALUABLE	true	VALID	
bc984b3c2cb793c07c4697b80600d334b418a4097652f9c441fafb7ed51e3d1b	1	0.90	E0303	iMAT	training_samples=setx1,setx2	C1	G4	0.90	a4cf0046a45aa0e47320ab5f4760e69930e9f99bbe85fdfc3b7ead7bafa2baa0	4a2fb998e907a76d9911c65dc23b53d134425ac6130d04103f1e03f7be8c05b6	12	0	0.13839920563351205	0.71959988885400339	2.4879086996610398	1.0000000000001925	EVALUABLE	EVALUABLE	true	VALID	
bc9c90b8d9c7c1eebc01663fd4532edbddd115df8965f21c7add9500886eebea	2	0.50,0.90	E0227	RIPTiDe	training_samples=setx1,setx2,setx3	C1	G3	0.50	0ce9f3c2ac8cacca151a431395692262091d1c40960aa953be66fdd4db529db5	d2e77ddb8a929cfcb9b862f9915f2d5a3eb09741f2765ade2b0bcd69a98c741d	17	12	2.1713975306703048e-07	0.15043988227475114	1.0397008007689097	1.3508344594581947	EVALUABLE	EVALUABLE	true	VALID	
bc9c90b8d9c7c1eebc01663fd4532edbddd115df8965f21c7add9500886eebea	2	0.50,0.90	E0227	RIPTiDe	training_samples=setx1,setx2,setx3	C1	G3	0.90	0ce9f3c2ac8cacca151a431395692262091d1c40960aa953be66fdd4db529db5	d2e77ddb8a929cfcb9b862f9915f2d5a3eb09741f2765ade2b0bcd69a98c741d	17	12	2.1713975306703048e-07	0.15043988227475114	1.0397008007689097	1.3508344594581947	EVALUABLE	EVALUABLE	true	VALID	
bca01325cbab58b4edd2cc29f0ba11515897324cc47d45dd7397f6b50b57399d	1	0.90	E0374	iMAT	training_samples=setx1,setx3	C5	G5	0.90	5e0bd4de471984c8757d52c33b2e66b55d81a00be7c5d5379d7344b8a2650a64	8919d77fd866b5a1dc2c64f31ddf3d2b0c854b469fdba34f75f79fe51e478517	7	0	0.59190321205225982	0.0076218572614479285	1.3292690976461641	0.99999999999997868	EVALUABLE	EVALUABLE	true	VALID	
bdc5e7f56113323d903a08f05d9e66071f2ef50bdd12a08c2901ebfe9aeeb07a	1	0.10	E0287	RIPTiDe	training_samples=setx2,setx3	C3	G3	0.10	0a95f91928ebf23599e2fd99cce9339024b168bc277b7ee6b223dfc5b37da8df	473d4f1bd46e522454faaf88efcb4858d6c533e112800f714ecae23ee6efc94e	10	3	0.8810977913406266	0.8878080887183899	10.139210446872966	1.0377305099016489	EVALUABLE	EVALUABLE	true	VALID	
bdf1b83a38b0757d4c6cc94e77e819ab1652fda0e3a4f963627e8c277748d70c	2	0.10,0.50	E0370	iMAT	training_samples=setx1,setx3	C5	G1	0.10	662e28e0b1c3c4f253ea0b812ef01c3553f0b90aaf9ca7d4828cb94489f04714	4b4cf4267fcb04925be0dfbb09053360ba7fe7c53232c32dfae0571e12ddfcbf	4	12	0.49152509797676203	0.50576549219192124	1.4082216470225564	1.6588070231194156	EVALUABLE	EVALUABLE	true	VALID	
bdf1b83a38b0757d4c6cc94e77e819ab1652fda0e3a4f963627e8c277748d70c	2	0.10,0.50	E0370	iMAT	training_samples=setx1,setx3	C5	G1	0.50	662e28e0b1c3c4f253ea0b812ef01c3553f0b90aaf9ca7d4828cb94489f04714	4b4cf4267fcb04925be0dfbb09053360ba7fe7c53232c32dfae0571e12ddfcbf	4	12	0.49152509797676203	0.50576549219192124	1.4082216470225564	1.6588070231194156	EVALUABLE	EVALUABLE	true	VALID	
be16c8391db95329e2cfe156b2f9c7f48d73e2933c1a130a6809244a4df53212	1	0.10	E0205	RIPTiDe	training_samples=setx1,setx2	C2	G1	0.10	64e14d92b1a5821eccddd0e1e6d5521f0fcaba2977c9eb34cfda886205c3493d	4f3ac3dd70092e73abd0358812ec03b156828b637df9f9d81f3fa59635a9cea7	8	2	0.80317842331243483	0.66666666666680796	4.3475354604705059	2.0000000000025433	EVALUABLE	EVALUABLE	true	VALID	
be18961370180b1bfd3d2b2f73c0ba8f4399b6389b549c0751e846f4a3e33b0d	1	0.50	E0345	iMAT	training_samples=setx1,setx2,setx3	C5	G1	0.50	846782759cfa32849b8d0b22aba8597dc284079e90e15443c93dc705c5cdccc4	a29e516f4cdb615164980efb4a5ea439ebd420270dfdbd772cbaba783c759b3a	10	4	0.4717913747011071	0.92808295093907289	1.1598504814637762	3.6870847177348467	EVALUABLE	EVALUABLE	true	VALID	
be49f4403e23d18b34a0f14111e55f2449a80bf0fc0261b09bf1417c1bb6a013	1	0.10	E0127	GIMME	training_samples=setx1,setx2,setx3	C1	G3	0.10	317809e9983f9e230612d444ffda8873641fdd297ecceb2017ae93047c48f76f	9d089ba3b0e645d3e16cc9b9a500224416307f7ee4379f38d87bf989d2174ec1	19	19	0.83343000304712966	0.0088464214551963183	1.0001357277942302	1.4538459210648693	EVALUABLE	EVALUABLE	true	VALID	
be98da4e175426d224de34928d150213de0180d4ba01b33d42aadbded79c6c29	1	0.90	E0091	CORDA	training_samples=setx2,setx3	C4	G2	0.90	aea3a41483799622bd3b3a2a0650bf7c51696eb5f00fff1b0bcf6f837c40d54a	1da91e6cbc1ec44f0d5dcba4f1de73f1c00882c5b1d520c8967a9b59c82629c7	0	15	0.56583110423809879	5.9220414986294045e-06	1.0918927170938528	1.1646680046001436	EVALUABLE	EVALUABLE	true	VALID	
beee86aa99a67db7d87a5d8dcc0fbcdd59aa4d26471bcce72dcd3b5983efcd6a	1	0.90	E0285	RIPTiDe	training_samples=setx2,setx3	C3	G1	0.90	1f934b3dc4f2e9a459543f2b3f436ecc7f80c3d79a147a95a65090f563b3f59c	c14d5ed0f81e787adc1913c3553bf14df5bb157bc649ea2040ac26996164fde7	17	14	0.94680661206646111	0.0033918223198557973	10.201266743894504	1.0065955413257699	EVALUABLE	EVALUABLE	true	VALID	
bf050bedc7b7d6c1b35c2a7930962b52276668a6b1eda986336c70a1c891b935	2	0.10,0.50	E0011	CORDA	training_samples=setx1,setx2	C3	G2	0.10	55c97010acdd0cdc52f98f416746a96a3e453dfff25d0e9f08e270f4213bea20	4e3f6d6ceeb0b403b1b2482130d0f49869cd9e2da46c27f2006cd8893987eb72	1	0	0.21478429152419132	2.3163693185779266e-11	1.000183781403492	1.0000339995864909	EVALUABLE	EVALUABLE	true	VALID	
bf050bedc7b7d6c1b35c2a7930962b52276668a6b1eda986336c70a1c891b935	2	0.10,0.50	E0011	CORDA	training_samples=setx1,setx2	C3	G2	0.50	55c97010acdd0cdc52f98f416746a96a3e453dfff25d0e9f08e270f4213bea20	4e3f6d6ceeb0b403b1b2482130d0f49869cd9e2da46c27f2006cd8893987eb72	1	0	0.21478429152419132	2.3163693185779266e-11	1.000183781403492	1.0000339995864909	EVALUABLE	EVALUABLE	true	VALID	
bf22105face3fba17e592c9590e19f87d69ebaab6eeb6e7d5e26e9822c4b3c90	1	0.50	E0150	GIMME	training_samples=setx1,setx3	C1	G1	0.50	f6c6381dd019c536c97d40a0b4e86571772940c92642a97185ad8e44114166ba	e1e50204cde2f03790a3f2e74f66636d0dd7fd397ae5d4775dd61d74ccce0b76	14	19	0.91170539885360324	0.0026313855300201805	10.278632768206755	1.0000004299623209	EVALUABLE	EVALUABLE	true	VALID	
bfc964c8fcd2b240450e2fe6f151565235777b617944bbf3f7ef65a5f7775d79	1	0.90	E0372	iMAT	training_samples=setx1,setx3	C5	G3	0.90	5e0bd4de471984c8757d52c33b2e66b55d81a00be7c5d5379d7344b8a2650a64	56f49755ad9fd488da413cdefefa89f19e6d4469948128c282c57ff52fb461d5	7	4	0.59190321205225982	0.67061547524198106	1.3292690976461641	4.5930911601097986	EVALUABLE	EVALUABLE	true	VALID	
bfd4e5c00fd20666e6a6051e68eee8f765450f66b7eeafee1cb7106e238c2aa1	1	0.90	E0241	RIPTiDe	training_samples=setx1,setx2,setx3	C4	G2	0.90	0ce9f3c2ac8cacca151a431395692262091d1c40960aa953be66fdd4db529db5	94086566796d80d0f9c2d85880328e829f9c93a2b1ea4cd860f24bc164677df1	17	1	6.0031857262998756e-10	0.94436700685762831	1.0072243059833268	3.9574215684939351	EVALUABLE	EVALUABLE	true	VALID	
c01d76167e950472f505cfe77cc81ee78bf806b6c530db34de1ea697e8fcdba5	1	0.10	E0302	iMAT	training_samples=setx1,setx2	C1	G3	0.10	d9bee4ec9dc9d1f3876c1811fcf6f8d020989bd2af3231c4cdaa3df2bbdcd555	bb1036ad8c6848f4f75fe3386020148be563bbaf2bb7551f2b1d8982a523c72f	16	5	0.95468904048766001	0.78554785390116533	1.2184878993509471	4.240790122562875	EVALUABLE	EVALUABLE	true	VALID	
c025079293738793ce3413705e8cc9bdc8f529a234f26c471b5141f091fe17f8	1	0.50	E0025	CORDA	training_samples=setx1,setx2,setx3	C1	G1	0.50	bb0ad4b3dca9738ed169d4aae2f4f8fd0949efa9bd105de1d71889a580ae2be8	190878c4b80fe628594f55359ecb202fdd3e2ee8bca1b5c56ddcbe21f6e9a053	19	18	0.37337614268516595	0.46290788343359346	2.1550924216373351	1.7920793210807067	EVALUABLE	EVALUABLE	true	VALID	
c0441d2975ab1e448ab067abcedfcdd569bac9ac0d56c3f53e89d29d6ef8f3f1	1	0.10	E0035	CORDA	training_samples=setx1,setx2,setx3	C3	G1	0.10	102f69f6fa8557e4e0067accc8216a851f9d96d112c3c1db033468920969167f	0308b03c63fd48d3db330aba47bb6377597fe3ec4b11a4a9ba445a8f52049244	3	19	0.20894673440458977	0.66473182935076069	1.0088504246050884	1.4946373469297871	EVALUABLE	EVALUABLE	true	VALID	
c0de945ed2ea1a7dfc612b5e91e868f2f92405234b90e7a75c6d641d0d4b8e54	1	0.90	E0052	CORDA	training_samples=setx1,setx3	C1	G3	0.90	b37add75f03b4f23ac6656dd0c4885d4486ea5d21bec8d5dbb8bc0b75f7b3972	f3e9af567444075a63b7c2a2854ddee5538bfb4c47245f27578a66e389b5a9bc	15	18	0.72259731562376173	0.022000495467268677	5.439773678455583	1.7790276667250031	EVALUABLE	EVALUABLE	true	VALID	
c0f64864a660b05727643c17eb5abeace081e8979a3d15f1da85a79381d1efcb	1	0.50	E0375	iMAT	training_samples=setx2,setx3	C1	G1	0.50	93bcac7a72697a36bd2ebdfcfec80d11ce9ecaab48365dbcfddc2af85158d388	2399e94f9c2f2213e281a1c60356b9d85bb5023aa4787097cd11d512d71324d9	19	19	0.029678835029393169	0.73665197699419904	1.0642276241648672	3.9562794867961912	EVALUABLE	EVALUABLE	true	VALID	
c1d44522420649e2dfbbc95602a4fd15e29d4b400c597cb52e3f51892ad9676c	3	0.10,0.50,0.90	E0155	GIMME	training_samples=setx1,setx3	C2	G1	0.10	7d84eb225b8def23833824a5db45b74528179b1bd889afa1812a7b3af34d5dd1	e1e50204cde2f03790a3f2e74f66636d0dd7fd397ae5d4775dd61d74ccce0b76	0	19	1.0966116903432521e-10	0.0026313855300201805	1.0000011716829813	1.0000004299623209	EVALUABLE	EVALUABLE	true	VALID	
c1d44522420649e2dfbbc95602a4fd15e29d4b400c597cb52e3f51892ad9676c	3	0.10,0.50,0.90	E0155	GIMME	training_samples=setx1,setx3	C2	G1	0.50	7d84eb225b8def23833824a5db45b74528179b1bd889afa1812a7b3af34d5dd1	e1e50204cde2f03790a3f2e74f66636d0dd7fd397ae5d4775dd61d74ccce0b76	0	19	1.0966116903432521e-10	0.0026313855300201805	1.0000011716829813	1.0000004299623209	EVALUABLE	EVALUABLE	true	VALID	
c1d44522420649e2dfbbc95602a4fd15e29d4b400c597cb52e3f51892ad9676c	3	0.10,0.50,0.90	E0155	GIMME	training_samples=setx1,setx3	C2	G1	0.90	7d84eb225b8def23833824a5db45b74528179b1bd889afa1812a7b3af34d5dd1	e1e50204cde2f03790a3f2e74f66636d0dd7fd397ae5d4775dd61d74ccce0b76	0	19	1.0966116903432521e-10	0.0026313855300201805	1.0000011716829813	1.0000004299623209	EVALUABLE	EVALUABLE	true	VALID	
c228bd360ca48714304f788f60b6725c12db4e33204e3764cb111a7c8cb71bb7	1	0.90	E0221	RIPTiDe	training_samples=setx1,setx2	C5	G2	0.90	4989824e2df2467b6e60573ab17ca31c35d0a30f6e54c8dfeb87847ca960b723	fc5a6e7ac9885276c1940614d572c21e145840e761a1b814fe18426f44ee7db0	17	8	0.0061606563835081563	0.9095429793183355	1.0120116284821428	7.9464033130762948	EVALUABLE	EVALUABLE	true	VALID	
c2dccd4f45c67b8cc9b6924f094d656a1f25f500e3d75a0acf4eedfee89982ca	3	0.10,0.50,0.90	E0162	GIMME	training_samples=setx1,setx3	C3	G3	0.10	7d84eb225b8def23833824a5db45b74528179b1bd889afa1812a7b3af34d5dd1	e1e50204cde2f03790a3f2e74f66636d0dd7fd397ae5d4775dd61d74ccce0b76	0	19	0.00013933814558175772	0.060660545194369586	1.0000373225614838	1.0023140947557041	EVALUABLE	EVALUABLE	true	VALID	
c2dccd4f45c67b8cc9b6924f094d656a1f25f500e3d75a0acf4eedfee89982ca	3	0.10,0.50,0.90	E0162	GIMME	training_samples=setx1,setx3	C3	G3	0.50	7d84eb225b8def23833824a5db45b74528179b1bd889afa1812a7b3af34d5dd1	e1e50204cde2f03790a3f2e74f66636d0dd7fd397ae5d4775dd61d74ccce0b76	0	19	0.00013933814558175772	0.060660545194369586	1.0000373225614838	1.0023140947557041	EVALUABLE	EVALUABLE	true	VALID	
c2dccd4f45c67b8cc9b6924f094d656a1f25f500e3d75a0acf4eedfee89982ca	3	0.10,0.50,0.90	E0162	GIMME	training_samples=setx1,setx3	C3	G3	0.90	7d84eb225b8def23833824a5db45b74528179b1bd889afa1812a7b3af34d5dd1	e1e50204cde2f03790a3f2e74f66636d0dd7fd397ae5d4775dd61d74ccce0b76	0	19	0.00013933814558175772	0.060660545194369586	1.0000373225614838	1.0023140947557041	EVALUABLE	EVALUABLE	true	VALID	
c31eab956ed9c9d9c2c4ca5dce26b56a270c5769c28ac0c4a63f695e1f0aa220	1	0.10	E0388	iMAT	training_samples=setx2,setx3	C3	G4	0.10	e0894b04544dae489a65af0d3d2e6b796b8d625f6b5e2a273115d0c767e3e693	80a784effa6b3b2aafa37d724569e27dd6d62f8297103775ff360d41d6331aab	6	2	0.044605963700236728	0.92764349502186594	1.000000004521491	3.2091963869354778	EVALUABLE	EVALUABLE	true	VALID	
c342364f3c04cee5cc800591af363f7ad7af477417a2ed932658d6b848eb94e1	1	0.10	E0123	GIMME	training_samples=setx1,setx2	C5	G4	0.10	28de38258d03212a0d010bf8ac5b5dd9d5bb9878b0d353e342028da17117a4df	f6b0f2ba20b13928be8ad57375895f2cc1e549f77dfc7af9607209c545567596	11	9	2.5049295970802632e-11	0.57602289999592615	0.9999990493346953	3.3768953965091928	EVALUABLE	EVALUABLE	true	VALID	
c3b9a235135a16e639159a3399164b14dea843265a80c0637d963ebc24cfbd12	1	0.50	E0236	RIPTiDe	training_samples=setx1,setx2,setx3	C3	G2	0.50	19fbb71aa82ced106de3de882f00088ca5f4b1403f565423e5efc7d077ebdee7	1e4730ea84327c2af00f7bf39dfe64b793d2c667d11063277acbba44643bb602	18	10	0.83621102513584711	0.68967358079474295	6.0340320759803108	3.5993535642060053	EVALUABLE	EVALUABLE	true	VALID	
c3edbe34d228f63f6911b1672a2c6aad4d5fcc9ee643bf3ef272dbc6bf53dcfd	1	0.10	E0392	iMAT	training_samples=setx2,setx3	C4	G3	0.10	c68dd7b25160f329f504d6cca13ada30ca042fcbe53ec74e4fbc7caad25bfbb5	7fdc2fa21fea6c28bbc011461e0e1d02cc38dbc1714a1b49baf6218c00d86339	12	17	0.88175991433221401	6.3497605324869255e-06	1.0611263708325771	1.0206033124377409	EVALUABLE	EVALUABLE	true	VALID	
c41016a2918b4455f0384529dc8cd195ee9fab45fd9f4987fc804dcfb31129ac	2	0.10,0.50	E0269	RIPTiDe	training_samples=setx1,setx3	C4	G5	0.10	227fe4afb2202ead22ee9d269e9306fc1462f44fe8ea75b1015ef56783db29e3	ad3ae52546893ca463d0370db5c0243a4cd79da6df16d930a4acee2fee7bf062	3	3	7.6612478538962137e-07	0.50214230774207302	1.1135922927589117	1.0172132358409181	EVALUABLE	EVALUABLE	true	VALID	
c41016a2918b4455f0384529dc8cd195ee9fab45fd9f4987fc804dcfb31129ac	2	0.10,0.50	E0269	RIPTiDe	training_samples=setx1,setx3	C4	G5	0.50	227fe4afb2202ead22ee9d269e9306fc1462f44fe8ea75b1015ef56783db29e3	ad3ae52546893ca463d0370db5c0243a4cd79da6df16d930a4acee2fee7bf062	3	3	7.6612478538962137e-07	0.50214230774207302	1.1135922927589117	1.0172132358409181	EVALUABLE	EVALUABLE	true	VALID	
c41a13a263b69feee05d79ac72c8fe338530d781babcc122bf93e5e73ecc42b1	1	0.50	E0318	iMAT	training_samples=setx1,setx2	C4	G4	0.50	8f95d37fc5b6314ac49444f700aeebaca5fabad2ed9d263b0a3bc8b912daa437	56619b4e4e6013ca0ea5dfecefc8a41771a2787473f82472dde4086101e026ce	6	1	0.65314433442224251	0.28040011114606589	2.6790275495428473	1.0000000000004945	EVALUABLE	EVALUABLE	true	VALID	
c42e3ed94096fc75356f42dd552a11622d2e94a0e33b0619aba35924c076b268	1	0.90	E0033	CORDA	training_samples=setx1,setx2,setx3	C2	G4	0.90	102f69f6fa8557e4e0067accc8216a851f9d96d112c3c1db033468920969167f	a5e71df85ff7da9f890eb3cd5dcb2b7117ced118c99b3684ee841000c8e0b65d	3	13	0.055860077059445623	0.79338211748389509	1.0000178993636453	5.4896398111172138	EVALUABLE	EVALUABLE	true	VALID	
c42ff7677059ef7d652e6929b3861dc63588ce5cfaca3d50dc4f21b386118f79	1	0.90	E0215	RIPTiDe	training_samples=setx1,setx2	C4	G1	0.90	4989824e2df2467b6e60573ab17ca31c35d0a30f6e54c8dfeb87847ca960b723	dcd23c7687b7a968c63bb9675ce7906f58320bde6bc3bfbab7121eccb9334be0	17	14	0.075853675461016845	0.66666666666680796	1.1579328287091351	2.0000000000025433	EVALUABLE	EVALUABLE	true	VALID	
c43d7bc4758a2210224212c014676bc92623c6ea31b68b8df4f1a1b63ea783de	1	0.90	E0071	CORDA	training_samples=setx1,setx3	C5	G2	0.90	f477e3d5e656111b38ff39e23e8311ca8a8abd935c292bccfcb769f43f87ef81	d928590f61fb177ab6a5b0e11cbeca11a10927ce32463c8505150ddf6a21fd31	4	8	0.7970173818869577	0.01282364964166105	3.2700546606042038	1.0000633627122968	EVALUABLE	EVALUABLE	true	VALID	
c482671e35137f6c8b0274cfb25b6958a4731ff7c8bb0bdd06e7922863ecb703	1	0.50	E0033	CORDA	training_samples=setx1,setx2,setx3	C2	G4	0.50	102f69f6fa8557e4e0067accc8216a851f9d96d112c3c1db033468920969167f	c369920187a75d899f06ea4bdc2750fd086c9e7dff9e33c43812a3ed0dd71628	3	12	0.055860077059445623	0.81196589996307045	1.0000178993636453	5.4041597018660799	EVALUABLE	EVALUABLE	true	VALID	
c5b99ac28b9438d7ce41c1b2c0e167fc8bf79738fa9eceb116d2a5f8e136a9c2	1	0.10	E0152	GIMME	training_samples=setx1,setx3	C1	G3	0.10	cc54b24afa3a8b0db325b37ba076ef5e11869c45d58d69da37b8bcf5223865f5	e1e50204cde2f03790a3f2e74f66636d0dd7fd397ae5d4775dd61d74ccce0b76	17	19	0.89829762731866869	0.060660545194369586	10.30309717239945	1.0023140947557041	EVALUABLE	EVALUABLE	true	VALID	
c5f245a603904c79dc3d8127e99833df0eca63aebc7343bc7ccee71598c67c5e	2	0.10,0.50	E0091	CORDA	training_samples=setx2,setx3	C4	G2	0.10	11c92eb5eefda7cc64e53694479d802bc86526faac5ec503ffca49ddb81a3886	1da91e6cbc1ec44f0d5dcba4f1de73f1c00882c5b1d520c8967a9b59c82629c7	1	15	0.45904012662226179	5.9220414986294045e-06	1.1144074360001481	1.1646680046001436	EVALUABLE	EVALUABLE	true	VALID	
c5f245a603904c79dc3d8127e99833df0eca63aebc7343bc7ccee71598c67c5e	2	0.10,0.50	E0091	CORDA	training_samples=setx2,setx3	C4	G2	0.50	11c92eb5eefda7cc64e53694479d802bc86526faac5ec503ffca49ddb81a3886	1da91e6cbc1ec44f0d5dcba4f1de73f1c00882c5b1d520c8967a9b59c82629c7	1	15	0.45904012662226179	5.9220414986294045e-06	1.1144074360001481	1.1646680046001436	EVALUABLE	EVALUABLE	true	VALID	
c60c4722e01b7e2c2ffa5cb815a0bb8a06d15d1a4744c62dfcefa2ea34a2175f	1	0.10	E0173	GIMME	training_samples=setx1,setx3	C5	G4	0.10	85c320520e0d98911d2eaf5ef5ed30ace600fd4d9d2db08b51ab8abb34878cae	f80ad607c1575d29cbb710927847afa0dfca390b07439baab0f53ee25e267754	3	18	0.49789717691233903	0.72121267768445296	1.6492709930741936	1.081251933910268	EVALUABLE	EVALUABLE	true	VALID	
c64d3e4290ec28b6b7803c26caa303fe9d221005d82fe6f2cb17269a009e7456	3	0.10,0.50,0.90	E0001	CORDA	training_samples=setx1,setx2	C1	G2	0.10	c55c11a6e3dc772e3c2e3b973cfb71fd8e41ddd3aef93d8b8367e17dfca95033	4e3f6d6ceeb0b403b1b2482130d0f49869cd9e2da46c27f2006cd8893987eb72	18	0	0.0065724073782047476	2.3163693185779266e-11	1.3332420312329403	1.0000339995864909	EVALUABLE	EVALUABLE	true	VALID	
c64d3e4290ec28b6b7803c26caa303fe9d221005d82fe6f2cb17269a009e7456	3	0.10,0.50,0.90	E0001	CORDA	training_samples=setx1,setx2	C1	G2	0.50	c55c11a6e3dc772e3c2e3b973cfb71fd8e41ddd3aef93d8b8367e17dfca95033	4e3f6d6ceeb0b403b1b2482130d0f49869cd9e2da46c27f2006cd8893987eb72	18	0	0.0065724073782047476	2.3163693185779266e-11	1.3332420312329403	1.0000339995864909	EVALUABLE	EVALUABLE	true	VALID	
c64d3e4290ec28b6b7803c26caa303fe9d221005d82fe6f2cb17269a009e7456	3	0.10,0.50,0.90	E0001	CORDA	training_samples=setx1,setx2	C1	G2	0.90	c55c11a6e3dc772e3c2e3b973cfb71fd8e41ddd3aef93d8b8367e17dfca95033	4e3f6d6ceeb0b403b1b2482130d0f49869cd9e2da46c27f2006cd8893987eb72	18	0	0.0065724073782047476	2.3163693185779266e-11	1.3332420312329403	1.0000339995864909	EVALUABLE	EVALUABLE	true	VALID	
c6a26d4df197f796288478faffcc8d9485bb635c53082254dc54e8426ebc0fe4	3	0.10,0.50,0.90	E0167	GIMME	training_samples=setx1,setx3	C4	G3	0.10	7d84eb225b8def23833824a5db45b74528179b1bd889afa1812a7b3af34d5dd1	e1e50204cde2f03790a3f2e74f66636d0dd7fd397ae5d4775dd61d74ccce0b76	0	19	3.1444521491286181e-05	0.060660545194369586	1.0000028289117537	1.0023140947557041	EVALUABLE	EVALUABLE	true	VALID	
c6a26d4df197f796288478faffcc8d9485bb635c53082254dc54e8426ebc0fe4	3	0.10,0.50,0.90	E0167	GIMME	training_samples=setx1,setx3	C4	G3	0.50	7d84eb225b8def23833824a5db45b74528179b1bd889afa1812a7b3af34d5dd1	e1e50204cde2f03790a3f2e74f66636d0dd7fd397ae5d4775dd61d74ccce0b76	0	19	3.1444521491286181e-05	0.060660545194369586	1.0000028289117537	1.0023140947557041	EVALUABLE	EVALUABLE	true	VALID	
c6a26d4df197f796288478faffcc8d9485bb635c53082254dc54e8426ebc0fe4	3	0.10,0.50,0.90	E0167	GIMME	training_samples=setx1,setx3	C4	G3	0.90	7d84eb225b8def23833824a5db45b74528179b1bd889afa1812a7b3af34d5dd1	e1e50204cde2f03790a3f2e74f66636d0dd7fd397ae5d4775dd61d74ccce0b76	0	19	3.1444521491286181e-05	0.060660545194369586	1.0000028289117537	1.0023140947557041	EVALUABLE	EVALUABLE	true	VALID	
c6b8aa35e44fe0f714a5ba332071eeabd2042a38b23dffec936044b8f75a0b40	1	0.50	E0229	RIPTiDe	training_samples=setx1,setx2,setx3	C1	G5	0.50	0ce9f3c2ac8cacca151a431395692262091d1c40960aa953be66fdd4db529db5	d2e77ddb8a929cfcb9b862f9915f2d5a3eb09741f2765ade2b0bcd69a98c741d	17	12	2.1713975306703048e-07	0.85907842082758179	1.0397008007689097	9.1996390100593022	EVALUABLE	EVALUABLE	true	VALID	
c738af49d5a114a4684e31c09b2057519536b83199ff104fe21819fcb2d41d08	3	0.10,0.50,0.90	E0058	CORDA	training_samples=setx1,setx3	C2	G4	0.10	7f09d6185ac5d193185190172ff78a97a79908108e64a74fa9c0e5c5b7a315dc	d928590f61fb177ab6a5b0e11cbeca11a10927ce32463c8505150ddf6a21fd31	0	8	0	0.086696615934440668	nan	1.0030853093304006	NON_EVALUABLE_ZERO_POST_HOLDOUT_MASS under the frozen normalized-weight representation	EVALUABLE	false	NON_EVALUABLE_ZERO_POST_HOLDOUT_MASS under the frozen normalized-weight representation	zero post-holdout mass on one or both condition distributions under frozen normalized weights
c738af49d5a114a4684e31c09b2057519536b83199ff104fe21819fcb2d41d08	3	0.10,0.50,0.90	E0058	CORDA	training_samples=setx1,setx3	C2	G4	0.50	7f09d6185ac5d193185190172ff78a97a79908108e64a74fa9c0e5c5b7a315dc	d928590f61fb177ab6a5b0e11cbeca11a10927ce32463c8505150ddf6a21fd31	0	8	0	0.086696615934440668	nan	1.0030853093304006	NON_EVALUABLE_ZERO_POST_HOLDOUT_MASS under the frozen normalized-weight representation	EVALUABLE	false	NON_EVALUABLE_ZERO_POST_HOLDOUT_MASS under the frozen normalized-weight representation	zero post-holdout mass on one or both condition distributions under frozen normalized weights
c738af49d5a114a4684e31c09b2057519536b83199ff104fe21819fcb2d41d08	3	0.10,0.50,0.90	E0058	CORDA	training_samples=setx1,setx3	C2	G4	0.90	7f09d6185ac5d193185190172ff78a97a79908108e64a74fa9c0e5c5b7a315dc	d928590f61fb177ab6a5b0e11cbeca11a10927ce32463c8505150ddf6a21fd31	0	8	0	0.086696615934440668	nan	1.0030853093304006	NON_EVALUABLE_ZERO_POST_HOLDOUT_MASS under the frozen normalized-weight representation	EVALUABLE	false	NON_EVALUABLE_ZERO_POST_HOLDOUT_MASS under the frozen normalized-weight representation	zero post-holdout mass on one or both condition distributions under frozen normalized weights
c7c03d0892c4da53f09c34e9df4a4151b96d3c6dd01a4ad3eaaf3b714eadabf2	1	0.50	E0036	CORDA	training_samples=setx1,setx2,setx3	C3	G2	0.50	102f69f6fa8557e4e0067accc8216a851f9d96d112c3c1db033468920969167f	a5e71df85ff7da9f890eb3cd5dcb2b7117ced118c99b3684ee841000c8e0b65d	3	13	0.20894673440458977	0.27013871007390233	1.0088504246050884	1.5770567569880014	EVALUABLE	EVALUABLE	true	VALID	
c8237cc7aa150955223e533f9dba911ba29ad4e54567e35bfd6b05677ae43fc0	1	0.90	E0335	iMAT	training_samples=setx1,setx2,setx3	C3	G1	0.90	73800d86c4f889eaf4f5923c873981e1547c7ce8918bcad431aebb6957e65d8f	de6789b73fad901aa5115f8766bed663440158b44f4333e039ed0b84098afacb	1	5	4.6432333755674904e-08	0.92808295093907289	1.2795248085257824	3.6870847177348458	EVALUABLE	EVALUABLE	true	VALID	
c8af431b65a184f4176986e261e17bcea8d0d4eac02f5aab658b94b4c0debdd1	1	0.90	E0352	iMAT	training_samples=setx1,setx3	C1	G3	0.90	d14c9a0fe52fd780abbb1ba0cd30f1160d62ab1d241889a0ddaa16a4d9c19165	56f49755ad9fd488da413cdefefa89f19e6d4469948128c282c57ff52fb461d5	17	4	0.68886458635510217	0.67061547524198106	1.8816406623420656	4.5930911601097986	EVALUABLE	EVALUABLE	true	VALID	
c8ebc11ad517c1ae3ebc8b543baf38b2fb43d05ff9808a9cfdf255185545ca84	3	0.10,0.50,0.90	E0275	RIPTiDe	training_samples=setx2,setx3	C1	G1	0.10	7ce358edc3a4bd7c08bb6daaad38e6b004b2499c6d5cdc3112e7a7dfa0faee9a	c14d5ed0f81e787adc1913c3553bf14df5bb157bc649ea2040ac26996164fde7	2	14	8.2088737566321512e-06	0.0033918223198557973	1.0000000035867078	1.0065955413257699	EVALUABLE	EVALUABLE	true	VALID	
c8ebc11ad517c1ae3ebc8b543baf38b2fb43d05ff9808a9cfdf255185545ca84	3	0.10,0.50,0.90	E0275	RIPTiDe	training_samples=setx2,setx3	C1	G1	0.50	7ce358edc3a4bd7c08bb6daaad38e6b004b2499c6d5cdc3112e7a7dfa0faee9a	c14d5ed0f81e787adc1913c3553bf14df5bb157bc649ea2040ac26996164fde7	2	14	8.2088737566321512e-06	0.0033918223198557973	1.0000000035867078	1.0065955413257699	EVALUABLE	EVALUABLE	true	VALID	
c8ebc11ad517c1ae3ebc8b543baf38b2fb43d05ff9808a9cfdf255185545ca84	3	0.10,0.50,0.90	E0275	RIPTiDe	training_samples=setx2,setx3	C1	G1	0.90	7ce358edc3a4bd7c08bb6daaad38e6b004b2499c6d5cdc3112e7a7dfa0faee9a	c14d5ed0f81e787adc1913c3553bf14df5bb157bc649ea2040ac26996164fde7	2	14	8.2088737566321512e-06	0.0033918223198557973	1.0000000035867078	1.0065955413257699	EVALUABLE	EVALUABLE	true	VALID	
c9f29ba019f34d303c49f30e9815edab35e40bd09944587fcbb543d35797f25a	1	0.90	E0314	iMAT	training_samples=setx1,setx2	C3	G5	0.90	92885b269975050d47b4a5f3645ef173ad8091cce18e3f543380b638cb89c263	4a2fb998e907a76d9911c65dc23b53d134425ac6130d04103f1e03f7be8c05b6	0	0	0.79048384887259171	0	0.99999999999999956	nan	EVALUABLE	NON_EVALUABLE_ZERO_POST_HOLDOUT_MASS under the frozen normalized-weight representation	false	NON_EVALUABLE_ZERO_POST_HOLDOUT_MASS under the frozen normalized-weight representation	zero post-holdout mass on one or both condition distributions under frozen normalized weights
cab7f1ea7aedeb41ca066d7b1a6d11ec23615536e763fc3b5de4ac9ba1c04c99	1	0.10	E0010	CORDA	training_samples=setx1,setx2	C3	G1	0.10	55c97010acdd0cdc52f98f416746a96a3e453dfff25d0e9f08e270f4213bea20	75e0749c689cdf40549186cc03b478b56fab8ea8173a79eed5e10003a7a22fdf	1	4	0.21478429152419132	0.88258890637782006	1.000183781403492	1.982998633515259	EVALUABLE	EVALUABLE	true	VALID	
cb09d0e4b0481491e7bff5647bcac64256c5ac07311a5177969c61d8e9cb8059	1	0.10	E0046	CORDA	training_samples=setx1,setx2,setx3	C5	G2	0.10	cd8dede3811381f4aad4557d5a03bbea6546afbcf95768c05ee64bcdeb6b9c24	fc27b6af092e285d50c1968dde0a42a6920a84a660be54cb08c63990c795644b	7	7	0.64094395183080555	0.79297857385101167	2.461010068739427	1.1729161906221426	EVALUABLE	EVALUABLE	true	VALID	
cb294b319e4c779729a5bd4777b763cc58632944908ee1dcf2266323473a272f	1	0.90	E0260	RIPTiDe	training_samples=setx1,setx3	C3	G1	0.90	e844c73dd542d4d132b72865a21c41b6c4f10ecd7b0aaa99437536260376de0e	deff62e02ba886762368ef91d7c5a863a4429df48e2f355d224c8d1fd18fccdc	8	11	0.86876531251054712	0.50000000000031786	4.0363845006979604	1.0000000000025429	EVALUABLE	EVALUABLE	true	VALID	
cbadd9d1d3ee98b57e10b3856f674ea4e41d7c49598325bc2ac205b61ce8d1b3	1	0.10	E0137	GIMME	training_samples=setx1,setx2,setx3	C3	G3	0.10	266655b6dab32829146ddcc71d87648a3213fd2d014bd900061222549c133c15	9d089ba3b0e645d3e16cc9b9a500224416307f7ee4379f38d87bf989d2174ec1	1	19	0.80902743985602044	0.0088464214551963183	1.2924716066872457	1.4538459210648693	EVALUABLE	EVALUABLE	true	VALID	
cbbb05eafe321ae86e9d0431bd6b44af7767e73853c6b3259eac54f415446172	1	0.90	E0300	iMAT	training_samples=setx1,setx2	C1	G1	0.90	a4cf0046a45aa0e47320ab5f4760e69930e9f99bbe85fdfc3b7ead7bafa2baa0	3d31a5031c10d84a628e3b3461faf26a0859778f1eb541826fe6fca30c271467	12	19	0.13839920563351205	0.67693762766075816	2.4879086996610398	1.9638704725692246	EVALUABLE	EVALUABLE	true	VALID	
cc0b6f239b004d2c8f722ba9353263698a7ee5fb5b8682a93d948275f5afa3bd	1	0.10	E0128	GIMME	training_samples=setx1,setx2,setx3	C1	G4	0.10	317809e9983f9e230612d444ffda8873641fdd297ecceb2017ae93047c48f76f	9d089ba3b0e645d3e16cc9b9a500224416307f7ee4379f38d87bf989d2174ec1	19	19	0.83343000304712966	0.012115231716883557	1.0001357277942302	1.4811366309352092	EVALUABLE	EVALUABLE	true	VALID	
cc2ea19dfbd9fca920d1497fffaf1110568455def2173d7d8bfaa7f4d7b80e29	1	0.50	E0399	iMAT	training_samples=setx2,setx3	C5	G5	0.50	bff5c3f73cf19abc7b717b31e6022fe37f748cfcb5780ff291baeac5a479232d	2f971692e2765073ae8a6d2f6fd8f4e97e81f95489df3f2946d4c497d94165b9	3	0	0.59116975168241681	4.3214321010509593e-12	2.2468508563845031	0.99993274541767907	EVALUABLE	EVALUABLE	true	VALID	
cc781d0ad3baeaba1692436f451dff2ccaaf3ba664ebdfca35661e45fa134501	1	0.50	E0202	RIPTiDe	training_samples=setx1,setx2	C1	G3	0.50	4989824e2df2467b6e60573ab17ca31c35d0a30f6e54c8dfeb87847ca960b723	a7e9e73c64d9d3f1375205efa617218792e4925fade6c0b5b1060f1e99eea4db	17	15	0.14891186736446671	0.66667367748945972	1.3401538914421374	2.0001261955076726	EVALUABLE	EVALUABLE	true	VALID	
cc7f2f1705f6edce679825bd3b4d7a2dbbc2205a05293c94ee69f206fe0f2db1	2	0.10,0.50	E0016	CORDA	training_samples=setx1,setx2	C4	G2	0.10	55c97010acdd0cdc52f98f416746a96a3e453dfff25d0e9f08e270f4213bea20	4e3f6d6ceeb0b403b1b2482130d0f49869cd9e2da46c27f2006cd8893987eb72	1	0	0.49312951217532808	2.3163693185779266e-11	1.2716030719337326	1.0000339995864909	EVALUABLE	EVALUABLE	true	VALID	
cc7f2f1705f6edce679825bd3b4d7a2dbbc2205a05293c94ee69f206fe0f2db1	2	0.10,0.50	E0016	CORDA	training_samples=setx1,setx2	C4	G2	0.50	55c97010acdd0cdc52f98f416746a96a3e453dfff25d0e9f08e270f4213bea20	4e3f6d6ceeb0b403b1b2482130d0f49869cd9e2da46c27f2006cd8893987eb72	1	0	0.49312951217532808	2.3163693185779266e-11	1.2716030719337326	1.0000339995864909	EVALUABLE	EVALUABLE	true	VALID	
ccb292de2a65b771cd0eedbfc2c569de0cfbe21071562e8901ef2dc0683111ca	2	0.10,0.50	E0355	iMAT	training_samples=setx1,setx3	C2	G1	0.10	f715c48d725df09590892b8a0f532f274829fa59347013d5f282226dd527b95b	4b4cf4267fcb04925be0dfbb09053360ba7fe7c53232c32dfae0571e12ddfcbf	2	12	1.2481609801273663e-07	0.50576549219192124	1.0000691074688512	1.6588070231194156	EVALUABLE	EVALUABLE	true	VALID	
ccb292de2a65b771cd0eedbfc2c569de0cfbe21071562e8901ef2dc0683111ca	2	0.10,0.50	E0355	iMAT	training_samples=setx1,setx3	C2	G1	0.50	f715c48d725df09590892b8a0f532f274829fa59347013d5f282226dd527b95b	4b4cf4267fcb04925be0dfbb09053360ba7fe7c53232c32dfae0571e12ddfcbf	2	12	1.2481609801273663e-07	0.50576549219192124	1.0000691074688512	1.6588070231194156	EVALUABLE	EVALUABLE	true	VALID	
ccbffc8173d8a2a1c1677b6913de1ecbe6d61244f07072bc36a3f47e4e8c202f	2	0.10,0.50	E0111	GIMME	training_samples=setx1,setx2	C3	G2	0.10	215aaec06194c85fc8915c4bae4f109c54d8498704d0279ad091b0f04037250b	f88bd6cf2efb8f44e7d076dd701147d46987ae954fb4b6708b6977e588db41be	0	0	0.34605572077794333	0.0066403373735881566	1.0000002367370673	1.9507343122027494	EVALUABLE	EVALUABLE	true	VALID	
ccbffc8173d8a2a1c1677b6913de1ecbe6d61244f07072bc36a3f47e4e8c202f	2	0.10,0.50	E0111	GIMME	training_samples=setx1,setx2	C3	G2	0.50	215aaec06194c85fc8915c4bae4f109c54d8498704d0279ad091b0f04037250b	f88bd6cf2efb8f44e7d076dd701147d46987ae954fb4b6708b6977e588db41be	0	0	0.34605572077794333	0.0066403373735881566	1.0000002367370673	1.9507343122027494	EVALUABLE	EVALUABLE	true	VALID	
cda004ea93576b7fb293ff6837ecff0c1ed852cf02fd9d171c42fb5bee338b68	3	0.10,0.50,0.90	E0243	RIPTiDe	training_samples=setx1,setx2,setx3	C4	G4	0.10	0ce9f3c2ac8cacca151a431395692262091d1c40960aa953be66fdd4db529db5	d2e77ddb8a929cfcb9b862f9915f2d5a3eb09741f2765ade2b0bcd69a98c741d	17	12	6.0031857262998756e-10	0.078292259897551064	1.0072243059833268	1.1641833764420157	EVALUABLE	EVALUABLE	true	VALID	
cda004ea93576b7fb293ff6837ecff0c1ed852cf02fd9d171c42fb5bee338b68	3	0.10,0.50,0.90	E0243	RIPTiDe	training_samples=setx1,setx2,setx3	C4	G4	0.50	0ce9f3c2ac8cacca151a431395692262091d1c40960aa953be66fdd4db529db5	d2e77ddb8a929cfcb9b862f9915f2d5a3eb09741f2765ade2b0bcd69a98c741d	17	12	6.0031857262998756e-10	0.078292259897551064	1.0072243059833268	1.1641833764420157	EVALUABLE	EVALUABLE	true	VALID	
cda004ea93576b7fb293ff6837ecff0c1ed852cf02fd9d171c42fb5bee338b68	3	0.10,0.50,0.90	E0243	RIPTiDe	training_samples=setx1,setx2,setx3	C4	G4	0.90	0ce9f3c2ac8cacca151a431395692262091d1c40960aa953be66fdd4db529db5	d2e77ddb8a929cfcb9b862f9915f2d5a3eb09741f2765ade2b0bcd69a98c741d	17	12	6.0031857262998756e-10	0.078292259897551064	1.0072243059833268	1.1641833764420157	EVALUABLE	EVALUABLE	true	VALID	
cdfb13abc4fa9b83b5600a820a2b2cd7e2a08f531a3a6c39e47b71c99fa7b6cb	1	0.10	E0146	GIMME	training_samples=setx1,setx2,setx3	C5	G2	0.10	820066d04598da3d239f0d23bd4e39ef57a720e88a443581bcf565cd8d99566b	3b08c569f98a53d7baab098a0459772d2f0dd213c465aab2c08d083356f91457	18	1	0.019322170746960743	0.82891658606438545	1.0000000037674974	1.5310708153005279	EVALUABLE	EVALUABLE	true	VALID	
ce3cd8be6810315d62f28eb12e347e14661e1dba71f6df4deadfe1e622c6087d	3	0.10,0.50,0.90	E0183	GIMME	training_samples=setx2,setx3	C2	G4	0.10	f644340953d72bb12da093189853db0ff0fc86bb66134a4f3d0a44308555f75e	8ecf30a756db2f84cdf96655aeefb4791848aa4abcee2632121fb0bb43d6914f	1	9	0.045548546711112081	1.0442737896632082e-08	1.2064484074095803	1.0019172917447461	EVALUABLE	EVALUABLE	true	VALID	
ce3cd8be6810315d62f28eb12e347e14661e1dba71f6df4deadfe1e622c6087d	3	0.10,0.50,0.90	E0183	GIMME	training_samples=setx2,setx3	C2	G4	0.50	f644340953d72bb12da093189853db0ff0fc86bb66134a4f3d0a44308555f75e	8ecf30a756db2f84cdf96655aeefb4791848aa4abcee2632121fb0bb43d6914f	1	9	0.045548546711112081	1.0442737896632082e-08	1.2064484074095803	1.0019172917447461	EVALUABLE	EVALUABLE	true	VALID	
ce3cd8be6810315d62f28eb12e347e14661e1dba71f6df4deadfe1e622c6087d	3	0.10,0.50,0.90	E0183	GIMME	training_samples=setx2,setx3	C2	G4	0.90	f644340953d72bb12da093189853db0ff0fc86bb66134a4f3d0a44308555f75e	8ecf30a756db2f84cdf96655aeefb4791848aa4abcee2632121fb0bb43d6914f	1	9	0.045548546711112081	1.0442737896632082e-08	1.2064484074095803	1.0019172917447461	EVALUABLE	EVALUABLE	true	VALID	
ce8fb0924817583fee597036c5d32c63c57909f90d03ee56aec29bfe992413ba	1	0.10	E0219	RIPTiDe	training_samples=setx1,setx2	C4	G5	0.10	4989824e2df2467b6e60573ab17ca31c35d0a30f6e54c8dfeb87847ca960b723	4f3ac3dd70092e73abd0358812ec03b156828b637df9f9d81f3fa59635a9cea7	17	2	0.075853675461016845	0.66765562543414714	1.1579328287091351	2.0178214426618002	EVALUABLE	EVALUABLE	true	VALID	
ceb191ef0c46cde915d515bda249f8b702a935cc2b5272e477cb078eb0a42249	2	0.10,0.50	E0109	GIMME	training_samples=setx1,setx2	C2	G5	0.10	215aaec06194c85fc8915c4bae4f109c54d8498704d0279ad091b0f04037250b	f88bd6cf2efb8f44e7d076dd701147d46987ae954fb4b6708b6977e588db41be	0	0	0.49219286033357124	0.00012946688503467918	1.0003696961380542	1.3418135361763321	EVALUABLE	EVALUABLE	true	VALID	
ceb191ef0c46cde915d515bda249f8b702a935cc2b5272e477cb078eb0a42249	2	0.10,0.50	E0109	GIMME	training_samples=setx1,setx2	C2	G5	0.50	215aaec06194c85fc8915c4bae4f109c54d8498704d0279ad091b0f04037250b	f88bd6cf2efb8f44e7d076dd701147d46987ae954fb4b6708b6977e588db41be	0	0	0.49219286033357124	0.00012946688503467918	1.0003696961380542	1.3418135361763321	EVALUABLE	EVALUABLE	true	VALID	
cec70f337abd9d7f8a2f43cf46698f8f3165aa9557798a4b606833420cd90a07	2	0.10,0.50	E0090	CORDA	training_samples=setx2,setx3	C4	G1	0.10	11c92eb5eefda7cc64e53694479d802bc86526faac5ec503ffca49ddb81a3886	5aa9dfc3f05d4356dd4aae2f9affd61bee89f17b06004e56c2253e057c5d0c49	1	19	0.45904012662226179	0.0009410314636870698	1.1144074360001481	1.0135451515840099	EVALUABLE	EVALUABLE	true	VALID	
cec70f337abd9d7f8a2f43cf46698f8f3165aa9557798a4b606833420cd90a07	2	0.10,0.50	E0090	CORDA	training_samples=setx2,setx3	C4	G1	0.50	11c92eb5eefda7cc64e53694479d802bc86526faac5ec503ffca49ddb81a3886	5aa9dfc3f05d4356dd4aae2f9affd61bee89f17b06004e56c2253e057c5d0c49	1	19	0.45904012662226179	0.0009410314636870698	1.1144074360001481	1.0135451515840099	EVALUABLE	EVALUABLE	true	VALID	
cf1ecec87f2bced663980f1e71e55b32912283a9ba2c8e5fe1858fd3e87d28fd	1	0.10	E0291	RIPTiDe	training_samples=setx2,setx3	C4	G2	0.10	7ce358edc3a4bd7c08bb6daaad38e6b004b2499c6d5cdc3112e7a7dfa0faee9a	4b2c3f16a0d3fbf7b6d87ef249f7efb1bdfa3f5fc28bbef84e8bbba5e259dd2e	2	18	5.6906455547789392e-08	0.88122804850436987	0.99999999897131486	7.7703639321897553	EVALUABLE	EVALUABLE	true	VALID	
cf2698b2de05342f25e77d493957099c27157d09dd63cd28d079d84fea59508b	1	0.50	E0186	GIMME	training_samples=setx2,setx3	C3	G2	0.50	f644340953d72bb12da093189853db0ff0fc86bb66134a4f3d0a44308555f75e	0b742d893c7ca2cb7d6c3602f9b3060c69defdcca63058c841cf70d5b22d4480	1	0	0.020924796634955611	0.51247731842621946	1.171543382551951	2.8568975681358206	EVALUABLE	EVALUABLE	true	VALID	
cf2ca668129b823bf16eea45c49a499581a405d96a62f80a5dcc61a730012f28	1	0.50	E0219	RIPTiDe	training_samples=setx1,setx2	C4	G5	0.50	4989824e2df2467b6e60573ab17ca31c35d0a30f6e54c8dfeb87847ca960b723	a7e9e73c64d9d3f1375205efa617218792e4925fade6c0b5b1060f1e99eea4db	17	15	0.075853675461016845	0.66765562543414714	1.1579328287091351	2.0178214426618002	EVALUABLE	EVALUABLE	true	VALID	
cfa70f1cb3c7ae05f1209cf962bb25cc0a1376cdf370672f404cbce0963fd725	1	0.50	E0211	RIPTiDe	training_samples=setx1,setx2	C3	G2	0.50	3d455bd6c6c1107026e8edf70c2d6d8e202fc5d502a840648e30a9c7f4d8ac8c	ea240cb47d0b313f1c494d71ead03c4db28ceb3f21745e3fd6d4055eb5868913	19	19	0.70789375008052768	0.85978921462993108	2.6599917634563011	7.9805899537680958	EVALUABLE	EVALUABLE	true	VALID	
d02dfe1beef978194695e070002278d07705b73ea9cf375c974cb58e7cc03168	1	0.50	E0010	CORDA	training_samples=setx1,setx2	C3	G1	0.50	55c97010acdd0cdc52f98f416746a96a3e453dfff25d0e9f08e270f4213bea20	1ea47774d2d57dd56364d073a09b722eb9a57b76f852434934514136b5d1c293	1	1	0.21478429152419132	0.60022474286039484	1.000183781403492	1.4598470948721514	EVALUABLE	EVALUABLE	true	VALID	
d03ff43e0375f348932319364e6d308614c3ee15bb9cd97be3e816ebd10954c7	1	0.50	E0305	iMAT	training_samples=setx1,setx2	C2	G1	0.50	646a5c644a59a85946ca3a5bdaa04f073d39a57cae74abbda4fc566e8f03094d	0dcb4d9e9f31a415220f9c6fa35ee5c991ee4417708a58a8ae24391de0e15028	1	18	0.42978133871479074	0.7150876179340202	0.99999999999999956	1.9933221327621635	EVALUABLE	EVALUABLE	true	VALID	
d049ff8c8c0d173d9edd380f813365550ce10c4f2dc2d50eb25fa69bd12284bc	1	0.90	E0043	CORDA	training_samples=setx1,setx2,setx3	C4	G4	0.90	593312d7347feeecef6821743059de3d62c9a9e7bc1e0d7af7214fa92b03e33f	a5e71df85ff7da9f890eb3cd5dcb2b7117ced118c99b3684ee841000c8e0b65d	4	13	0.61410595774632948	0.79338211748389509	1.320473526954991	5.4896398111172138	EVALUABLE	EVALUABLE	true	VALID	
d11d2879a77f2aafebe5fab548c1079f529b1ce6543e04c8cc7d4f724b7e9b1a	1	0.90	E0178	GIMME	training_samples=setx2,setx3	C1	G4	0.90	fc9cea3fda62ec8719159e4dbf459bbc28745f0f61c94d0852b10583cb4c27a6	8ecf30a756db2f84cdf96655aeefb4791848aa4abcee2632121fb0bb43d6914f	16	9	0.79201979315062665	1.0442737896632082e-08	1.0519709523903003	1.0019172917447461	EVALUABLE	EVALUABLE	true	VALID	
d151f01385be78535d2899d5d6bbf524e81698a742923d576cb0543a659da66a	1	0.10	E0199	GIMME	training_samples=setx2,setx3	C5	G5	0.10	ec713323665316d5b12598b96ce058a5cbd45046ed44f9acd156cf13bb158862	475729c033b518a09675629939712759dc9a8ad22e9075cf75933b7b2ce22400	13	10	0.061277558425924306	0.89765771640880787	1.0081772947321537	5.1521551567521406	EVALUABLE	EVALUABLE	true	VALID	
d158a44cc54a250bca52d0f0ff8c21584b8853bb508155d7789daa5e83421867	1	0.50	E0184	GIMME	training_samples=setx2,setx3	C2	G5	0.50	f644340953d72bb12da093189853db0ff0fc86bb66134a4f3d0a44308555f75e	6c445f147e2f7e3a54f0c9c73565e6907f851295c004439051772255ab91a584	1	2	0.045548546711112081	0.81985448383473447	1.2064484074095803	5.0004549778826162	EVALUABLE	EVALUABLE	true	VALID	
d15e18b69dc7438362d681748e6c541edd2dbd9221d0276bad6fd907bdf1c90e	1	0.10	E0229	RIPTiDe	training_samples=setx1,setx2,setx3	C1	G5	0.10	0ce9f3c2ac8cacca151a431395692262091d1c40960aa953be66fdd4db529db5	098b45df89a363d775760f4500de0df44b45bb3a6dcc8574121a64dd9471b9f0	17	0	2.1713975306703048e-07	0.88328642193126006	1.0397008007689097	9.0238629751746871	EVALUABLE	EVALUABLE	true	VALID	
d1ab3b1c07255c62754f5c114606a51d4fe6f3dfe3947c2856844a0d7d04eee7	3	0.10,0.50,0.90	E0326	iMAT	training_samples=setx1,setx2,setx3	C1	G2	0.10	e2b2ddf86ed085b30c97911b98143c20b673b5444e88af92be27d19bc9e34b8b	ff08294218c297aa70d51d53f700660a24a0daa0e1e0239b74f592559b440776	14	0	0.00060723882936886131	4.060564726793281e-05	1.8488258933314179	0.99999999999836664	EVALUABLE	EVALUABLE	true	VALID	
d1ab3b1c07255c62754f5c114606a51d4fe6f3dfe3947c2856844a0d7d04eee7	3	0.10,0.50,0.90	E0326	iMAT	training_samples=setx1,setx2,setx3	C1	G2	0.50	e2b2ddf86ed085b30c97911b98143c20b673b5444e88af92be27d19bc9e34b8b	ff08294218c297aa70d51d53f700660a24a0daa0e1e0239b74f592559b440776	14	0	0.00060723882936886131	4.060564726793281e-05	1.8488258933314179	0.99999999999836664	EVALUABLE	EVALUABLE	true	VALID	
d1ab3b1c07255c62754f5c114606a51d4fe6f3dfe3947c2856844a0d7d04eee7	3	0.10,0.50,0.90	E0326	iMAT	training_samples=setx1,setx2,setx3	C1	G2	0.90	e2b2ddf86ed085b30c97911b98143c20b673b5444e88af92be27d19bc9e34b8b	ff08294218c297aa70d51d53f700660a24a0daa0e1e0239b74f592559b440776	14	0	0.00060723882936886131	4.060564726793281e-05	1.8488258933314179	0.99999999999836664	EVALUABLE	EVALUABLE	true	VALID	
d1bc525eaa41596be66af137405b446991b2eb2760f1eb8ddaf51d1c19265dd4	2	0.50,0.90	E0230	RIPTiDe	training_samples=setx1,setx2,setx3	C2	G1	0.50	0ce9f3c2ac8cacca151a431395692262091d1c40960aa953be66fdd4db529db5	d2e77ddb8a929cfcb9b862f9915f2d5a3eb09741f2765ade2b0bcd69a98c741d	17	12	0.3346447039982936	0.0063572334634590666	1.8639075724533631	1.0123976784237918	EVALUABLE	EVALUABLE	true	VALID	
d1bc525eaa41596be66af137405b446991b2eb2760f1eb8ddaf51d1c19265dd4	2	0.50,0.90	E0230	RIPTiDe	training_samples=setx1,setx2,setx3	C2	G1	0.90	0ce9f3c2ac8cacca151a431395692262091d1c40960aa953be66fdd4db529db5	d2e77ddb8a929cfcb9b862f9915f2d5a3eb09741f2765ade2b0bcd69a98c741d	17	12	0.3346447039982936	0.0063572334634590666	1.8639075724533631	1.0123976784237918	EVALUABLE	EVALUABLE	true	VALID	
d1c79e9c0f2e23a451aa107555a6fd84b249b7476565a427f650de4252a7f372	3	0.10,0.50,0.90	E0032	CORDA	training_samples=setx1,setx2,setx3	C2	G3	0.10	102f69f6fa8557e4e0067accc8216a851f9d96d112c3c1db033468920969167f	5f016d2a7e8c0ca9be2a0c7a65b58b776f02175e7864b34d3b8946ee4f826f29	3	16	0.055860077059445623	0.020869479776507438	1.0000178993636453	1.0001476877215394	EVALUABLE	EVALUABLE	true	VALID	
d1c79e9c0f2e23a451aa107555a6fd84b249b7476565a427f650de4252a7f372	3	0.10,0.50,0.90	E0032	CORDA	training_samples=setx1,setx2,setx3	C2	G3	0.50	102f69f6fa8557e4e0067accc8216a851f9d96d112c3c1db033468920969167f	5f016d2a7e8c0ca9be2a0c7a65b58b776f02175e7864b34d3b8946ee4f826f29	3	16	0.055860077059445623	0.020869479776507438	1.0000178993636453	1.0001476877215394	EVALUABLE	EVALUABLE	true	VALID	
d1c79e9c0f2e23a451aa107555a6fd84b249b7476565a427f650de4252a7f372	3	0.10,0.50,0.90	E0032	CORDA	training_samples=setx1,setx2,setx3	C2	G3	0.90	102f69f6fa8557e4e0067accc8216a851f9d96d112c3c1db033468920969167f	5f016d2a7e8c0ca9be2a0c7a65b58b776f02175e7864b34d3b8946ee4f826f29	3	16	0.055860077059445623	0.020869479776507438	1.0000178993636453	1.0001476877215394	EVALUABLE	EVALUABLE	true	VALID	
d29a265644733a153f091728b328f752fbbd0d75c4d3bc630a7b70499997cf88	1	0.90	E0296	RIPTiDe	training_samples=setx2,setx3	C5	G2	0.90	7ce358edc3a4bd7c08bb6daaad38e6b004b2499c6d5cdc3112e7a7dfa0faee9a	c354317cd806dd34207a630229a6ec6bd2b4c05b4ec94d341d3e30951308f2a8	2	13	1.609823385706477e-14	0.88122804850436987	1.0028739228934218	7.7703639321897553	EVALUABLE	EVALUABLE	true	VALID	
d29a89d3c21e8962453a23d21bfd75ad36a5a8d48a6b428922e434c87332db1c	1	0.90	E0184	GIMME	training_samples=setx2,setx3	C2	G5	0.90	f644340953d72bb12da093189853db0ff0fc86bb66134a4f3d0a44308555f75e	9479e42871e312cc9e8045bad83182066b1281c061fdcd80c3da7974e75e1d5d	1	1	0.045548546711112081	0.80817339985621484	1.2064484074095803	5.0212893733333575	EVALUABLE	EVALUABLE	true	VALID	
d2db143d5ae3b2b8198b07a4ab8adca43b72a3022cc7e6696331ca1ef07331fa	1	0.90	E0397	iMAT	training_samples=setx2,setx3	C5	G3	0.90	199d1232f9356b67d2811c1333b2b4466aa5cc643e0e7b3812579cffa59c92fe	7fdc2fa21fea6c28bbc011461e0e1d02cc38dbc1714a1b49baf6218c00d86339	17	17	0.70138928644675125	6.3497605324869255e-06	2.106688402352034	1.0206033124377409	EVALUABLE	EVALUABLE	true	VALID	
d2f8875b6df11259ad510f722cb5bef44edadbcf2427976955e4467a37ae4668	1	0.50	E0215	RIPTiDe	training_samples=setx1,setx2	C4	G1	0.50	4989824e2df2467b6e60573ab17ca31c35d0a30f6e54c8dfeb87847ca960b723	a7e9e73c64d9d3f1375205efa617218792e4925fade6c0b5b1060f1e99eea4db	17	15	0.075853675461016845	0.66666666666680796	1.1579328287091351	2.0000000000025433	EVALUABLE	EVALUABLE	true	VALID	
d30a4057a9cf8495dd5490731afab9b28a25e57e5bb18e3237a05a6748e4a51a	1	0.10	E0393	iMAT	training_samples=setx2,setx3	C4	G4	0.10	c68dd7b25160f329f504d6cca13ada30ca042fcbe53ec74e4fbc7caad25bfbb5	80a784effa6b3b2aafa37d724569e27dd6d62f8297103775ff360d41d6331aab	12	2	0.88175991433221401	0.92764349502186594	1.0611263708325771	3.2091963869354778	EVALUABLE	EVALUABLE	true	VALID	
d31a9bbc6726d253eb2dae1b21be2fb10aae1f5453836e7951d4fc638ba0fbd4	2	0.50,0.90	E0277	RIPTiDe	training_samples=setx2,setx3	C1	G3	0.50	7ce358edc3a4bd7c08bb6daaad38e6b004b2499c6d5cdc3112e7a7dfa0faee9a	c14d5ed0f81e787adc1913c3553bf14df5bb157bc649ea2040ac26996164fde7	2	14	8.2088737566321512e-06	0.12860087897247086	1.0000000035867078	1.2924726609838963	EVALUABLE	EVALUABLE	true	VALID	
d31a9bbc6726d253eb2dae1b21be2fb10aae1f5453836e7951d4fc638ba0fbd4	2	0.50,0.90	E0277	RIPTiDe	training_samples=setx2,setx3	C1	G3	0.90	7ce358edc3a4bd7c08bb6daaad38e6b004b2499c6d5cdc3112e7a7dfa0faee9a	c14d5ed0f81e787adc1913c3553bf14df5bb157bc649ea2040ac26996164fde7	2	14	8.2088737566321512e-06	0.12860087897247086	1.0000000035867078	1.2924726609838963	EVALUABLE	EVALUABLE	true	VALID	
d3f583282ec14af8b13d0f83b76ef4dd4f6ca2661612cad457bd13c0eb4e51d4	1	0.10	E0237	RIPTiDe	training_samples=setx1,setx2,setx3	C3	G3	0.10	bc31b2573e3654d69ba4dc987e4d975f87972c67efefef87ebb81d553332baa6	735464900e0db571bc0bd7f30fe3714c82f07057a86ebdd7484fd97746a089c5	10	8	0.79570625554217833	0.87201550379511916	6.2703437421179968	1.0530162891999366	EVALUABLE	EVALUABLE	true	VALID	
d402e4273b98adf2d39e1bdffd2a3728c70e76e123557bf6f8022747ba1a5c39	1	0.50	E0131	GIMME	training_samples=setx1,setx2,setx3	C2	G2	0.50	4eeef1890619aa578845837f43661ee7c19b674ff17bfb6610802a3013e3f2fa	3112b8d4aded8669cde397953cf284b43fec3262a7981bef090ac70d789c2f05	0	0	0.75018668230390695	0.33744810376728684	6.2450935658878546	2.9147549106155339	EVALUABLE	EVALUABLE	true	VALID	
d42d1f4ebf418c982928357d7d3a15a8f34605cf79894e2ac13afe19cdfc18f5	1	0.90	E0027	CORDA	training_samples=setx1,setx2,setx3	C1	G3	0.90	4d85e0e53f094e3e360e5f150709789f644fae3f51b6152c96087ddc8ae08529	5f016d2a7e8c0ca9be2a0c7a65b58b776f02175e7864b34d3b8946ee4f826f29	16	16	0.90707163616675768	0.020869479776507438	1.8336529231800984	1.0001476877215394	EVALUABLE	EVALUABLE	true	VALID	
d4462462546b6776a3234dce6a68ec0ae6abb10b6b1fb275f05c68ac7eaae726	1	0.90	E0011	CORDA	training_samples=setx1,setx2	C3	G2	0.90	9b3eb60c2fcc4a9ae62238b0c2f7954eee420bb3818ca6ad9cbf97843e48628a	4e3f6d6ceeb0b403b1b2482130d0f49869cd9e2da46c27f2006cd8893987eb72	0	0	0.78523544334179673	2.3163693185779266e-11	1.0000502661007991	1.0000339995864909	EVALUABLE	EVALUABLE	true	VALID	
d46db4903b0888430dbbbba6afba68271c75ed62e85ac2627500bac8ea1078e6	3	0.10,0.50,0.90	E0166	GIMME	training_samples=setx1,setx3	C4	G2	0.10	7d84eb225b8def23833824a5db45b74528179b1bd889afa1812a7b3af34d5dd1	0613270f4140a02dc933da8f58c1eea1dfd57164ef86989cfbd7dbf0d510376d	0	13	3.1444521491286181e-05	0.00037537127029696471	1.0000028289117537	1.4909527858096157	EVALUABLE	EVALUABLE	true	VALID	
d46db4903b0888430dbbbba6afba68271c75ed62e85ac2627500bac8ea1078e6	3	0.10,0.50,0.90	E0166	GIMME	training_samples=setx1,setx3	C4	G2	0.50	7d84eb225b8def23833824a5db45b74528179b1bd889afa1812a7b3af34d5dd1	0613270f4140a02dc933da8f58c1eea1dfd57164ef86989cfbd7dbf0d510376d	0	13	3.1444521491286181e-05	0.00037537127029696471	1.0000028289117537	1.4909527858096157	EVALUABLE	EVALUABLE	true	VALID	
d46db4903b0888430dbbbba6afba68271c75ed62e85ac2627500bac8ea1078e6	3	0.10,0.50,0.90	E0166	GIMME	training_samples=setx1,setx3	C4	G2	0.90	7d84eb225b8def23833824a5db45b74528179b1bd889afa1812a7b3af34d5dd1	0613270f4140a02dc933da8f58c1eea1dfd57164ef86989cfbd7dbf0d510376d	0	13	3.1444521491286181e-05	0.00037537127029696471	1.0000028289117537	1.4909527858096157	EVALUABLE	EVALUABLE	true	VALID	
d49e07e0ed4bb735307df44b953d4a53c96d43b09abfbc61bef8f6ba80eec10b	1	0.50	E0330	iMAT	training_samples=setx1,setx2,setx3	C2	G1	0.50	73800d86c4f889eaf4f5923c873981e1547c7ce8918bcad431aebb6957e65d8f	a29e516f4cdb615164980efb4a5ea439ebd420270dfdbd772cbaba783c759b3a	1	4	1.6288439486089601e-09	0.92808295093907289	1.1217230781177472	3.6870847177348467	EVALUABLE	EVALUABLE	true	VALID	
d4a32b9c7e1765ea09f576ec7a047b527b87ab9a9ec9aadeae22760297fb8c67	1	0.50	E0007	CORDA	training_samples=setx1,setx2	C2	G3	0.50	55c97010acdd0cdc52f98f416746a96a3e453dfff25d0e9f08e270f4213bea20	9b4dfe2ea6cf46ea72d0be1eb2199b4905b978c9c0654eaa8dc8492982ab6f48	1	8	0.064745544342134309	0.86593782296092314	1.0000000063236132	7.1226985020621267	EVALUABLE	EVALUABLE	true	VALID	
d4bd1d7f9b2c9cbed1566a4c4cb4deee244c46c346848f0ebd1603247cf9db50	1	0.90	E0042	CORDA	training_samples=setx1,setx2,setx3	C4	G3	0.90	593312d7347feeecef6821743059de3d62c9a9e7bc1e0d7af7214fa92b03e33f	5f016d2a7e8c0ca9be2a0c7a65b58b776f02175e7864b34d3b8946ee4f826f29	4	16	0.61410595774632948	0.020869479776507438	1.320473526954991	1.0001476877215394	EVALUABLE	EVALUABLE	true	VALID	
d52b6861834d9e1f36a2c3183c6b18caf03ef01081131b96d29fd3f782b8765d	2	0.10,0.50	E0112	GIMME	training_samples=setx1,setx2	C3	G3	0.10	215aaec06194c85fc8915c4bae4f109c54d8498704d0279ad091b0f04037250b	286f012707601f1e660b57acb2076f696d00fd3e81a881142b88a2984425a49b	0	16	0.34605572077794333	0.079126058198425109	1.0000002367370673	1.172333749433865	EVALUABLE	EVALUABLE	true	VALID	
d52b6861834d9e1f36a2c3183c6b18caf03ef01081131b96d29fd3f782b8765d	2	0.10,0.50	E0112	GIMME	training_samples=setx1,setx2	C3	G3	0.50	215aaec06194c85fc8915c4bae4f109c54d8498704d0279ad091b0f04037250b	286f012707601f1e660b57acb2076f696d00fd3e81a881142b88a2984425a49b	0	16	0.34605572077794333	0.079126058198425109	1.0000002367370673	1.172333749433865	EVALUABLE	EVALUABLE	true	VALID	
d5b37d8e117b47df01a0641f4072c1c33df94b03e1b8b1a038b2918b4f2532e5	1	0.90	E0179	GIMME	training_samples=setx2,setx3	C1	G5	0.90	fc9cea3fda62ec8719159e4dbf459bbc28745f0f61c94d0852b10583cb4c27a6	9479e42871e312cc9e8045bad83182066b1281c061fdcd80c3da7974e75e1d5d	16	1	0.79201979315062665	0.80817339985621484	1.0519709523903003	5.0212893733333575	EVALUABLE	EVALUABLE	true	VALID	
d5c4ca7491b4e4c8ab83fadd3358a49a1981501dc2e37b363aad9150a2f12d9c	2	0.50,0.90	E0301	iMAT	training_samples=setx1,setx2	C1	G2	0.50	a4cf0046a45aa0e47320ab5f4760e69930e9f99bbe85fdfc3b7ead7bafa2baa0	4a2fb998e907a76d9911c65dc23b53d134425ac6130d04103f1e03f7be8c05b6	12	0	0.13839920563351205	1.6805334901448532e-11	2.4879086996610398	1.0000101044181642	EVALUABLE	EVALUABLE	true	VALID	
d5c4ca7491b4e4c8ab83fadd3358a49a1981501dc2e37b363aad9150a2f12d9c	2	0.50,0.90	E0301	iMAT	training_samples=setx1,setx2	C1	G2	0.90	a4cf0046a45aa0e47320ab5f4760e69930e9f99bbe85fdfc3b7ead7bafa2baa0	4a2fb998e907a76d9911c65dc23b53d134425ac6130d04103f1e03f7be8c05b6	12	0	0.13839920563351205	1.6805334901448532e-11	2.4879086996610398	1.0000101044181642	EVALUABLE	EVALUABLE	true	VALID	
d5fc9fe9295fe4f811cad0a63e57f4c592fffc4609e1ba1a039b6138a6a7c71c	1	0.50	E0134	GIMME	training_samples=setx1,setx2,setx3	C2	G5	0.50	4eeef1890619aa578845837f43661ee7c19b674ff17bfb6610802a3013e3f2fa	22fb33288e2b49401552b365407f2e2a4a6750f0976fa1f8910e2ea85c79b851	0	3	0.75018668230390695	0.88118016041096525	6.2450935658878546	4.5097690167728599	EVALUABLE	EVALUABLE	true	VALID	
d673e744809d62dbcbbd75f600d295c60ad04e72bf152bb145f665b9b52880a1	1	0.50	E0073	CORDA	training_samples=setx1,setx3	C5	G4	0.50	922acc409690b4b94ea7e61fd138fe5eb67df3130bc7d7edc8faac768d87407d	d928590f61fb177ab6a5b0e11cbeca11a10927ce32463c8505150ddf6a21fd31	8	8	0.7970173818869577	0.086696615934440668	3.2700546606042038	1.0030853093304006	EVALUABLE	EVALUABLE	true	VALID	
d694085bdae05b6307223452dcbd40a2abdeba4c23ec62b7bf84ddb68ba0065e	2	0.10,0.50	E0313	iMAT	training_samples=setx1,setx2	C3	G4	0.10	646a5c644a59a85946ca3a5bdaa04f073d39a57cae74abbda4fc566e8f03094d	56619b4e4e6013ca0ea5dfecefc8a41771a2787473f82472dde4086101e026ce	1	1	0.20951615112740818	0.28040011114606589	0.99999999999999911	1.0000000000004945	EVALUABLE	EVALUABLE	true	VALID	
d694085bdae05b6307223452dcbd40a2abdeba4c23ec62b7bf84ddb68ba0065e	2	0.10,0.50	E0313	iMAT	training_samples=setx1,setx2	C3	G4	0.50	646a5c644a59a85946ca3a5bdaa04f073d39a57cae74abbda4fc566e8f03094d	56619b4e4e6013ca0ea5dfecefc8a41771a2787473f82472dde4086101e026ce	1	1	0.20951615112740818	0.28040011114606589	0.99999999999999911	1.0000000000004945	EVALUABLE	EVALUABLE	true	VALID	
d6ef239c36dc06dcd7dfd7e02991a4cece225be3af513c738b76e50c36d235b1	3	0.10,0.50,0.90	E0121	GIMME	training_samples=setx1,setx2	C5	G2	0.10	28de38258d03212a0d010bf8ac5b5dd9d5bb9878b0d353e342028da17117a4df	f88bd6cf2efb8f44e7d076dd701147d46987ae954fb4b6708b6977e588db41be	11	0	2.5049295970802632e-11	0.0066403373735881566	0.9999990493346953	1.9507343122027494	EVALUABLE	EVALUABLE	true	VALID	
d6ef239c36dc06dcd7dfd7e02991a4cece225be3af513c738b76e50c36d235b1	3	0.10,0.50,0.90	E0121	GIMME	training_samples=setx1,setx2	C5	G2	0.50	28de38258d03212a0d010bf8ac5b5dd9d5bb9878b0d353e342028da17117a4df	f88bd6cf2efb8f44e7d076dd701147d46987ae954fb4b6708b6977e588db41be	11	0	2.5049295970802632e-11	0.0066403373735881566	0.9999990493346953	1.9507343122027494	EVALUABLE	EVALUABLE	true	VALID	
d6ef239c36dc06dcd7dfd7e02991a4cece225be3af513c738b76e50c36d235b1	3	0.10,0.50,0.90	E0121	GIMME	training_samples=setx1,setx2	C5	G2	0.90	28de38258d03212a0d010bf8ac5b5dd9d5bb9878b0d353e342028da17117a4df	f88bd6cf2efb8f44e7d076dd701147d46987ae954fb4b6708b6977e588db41be	11	0	2.5049295970802632e-11	0.0066403373735881566	0.9999990493346953	1.9507343122027494	EVALUABLE	EVALUABLE	true	VALID	
d71903a835fbc624af36f9a06e3785993354328b9602974881073d670f74ab49	1	0.90	E0206	RIPTiDe	training_samples=setx1,setx2	C2	G2	0.90	4989824e2df2467b6e60573ab17ca31c35d0a30f6e54c8dfeb87847ca960b723	fc5a6e7ac9885276c1940614d572c21e145840e761a1b814fe18426f44ee7db0	17	8	0.76970127998051274	0.9095429793183355	4.4184532463197019	7.9464033130762948	EVALUABLE	EVALUABLE	true	VALID	
d75da73bb2921a64e0e0b591b19ad20b594712f4cfc4abfc8108f765f2f8fb0d	1	0.90	E0318	iMAT	training_samples=setx1,setx2	C4	G4	0.90	0ade1e6723eba029060099685dac55cbaa4e00ff2f16480fea28e11337f40848	4a2fb998e907a76d9911c65dc23b53d134425ac6130d04103f1e03f7be8c05b6	5	0	0.74665568845653696	0.71959988885400339	2.5886464860987317	1.0000000000001925	EVALUABLE	EVALUABLE	true	VALID	
d76aa1d74959f88c5101ab280d886dc98c077ecc4288477a23a12b9ea06efb9e	1	0.10	E0312	iMAT	training_samples=setx1,setx2	C3	G3	0.10	646a5c644a59a85946ca3a5bdaa04f073d39a57cae74abbda4fc566e8f03094d	bb1036ad8c6848f4f75fe3386020148be563bbaf2bb7551f2b1d8982a523c72f	1	5	0.20951615112740818	0.78554785390116533	0.99999999999999911	4.240790122562875	EVALUABLE	EVALUABLE	true	VALID	
d7b3865cf2381a2ae76b41de58521a56e630384c6815bf58266abb94bf7f58cd	3	0.10,0.50,0.90	E0377	iMAT	training_samples=setx2,setx3	C1	G3	0.10	93bcac7a72697a36bd2ebdfcfec80d11ce9ecaab48365dbcfddc2af85158d388	7fdc2fa21fea6c28bbc011461e0e1d02cc38dbc1714a1b49baf6218c00d86339	19	17	0.029678835029393169	6.3497605324869255e-06	1.0642276241648672	1.0206033124377409	EVALUABLE	EVALUABLE	true	VALID	
d7b3865cf2381a2ae76b41de58521a56e630384c6815bf58266abb94bf7f58cd	3	0.10,0.50,0.90	E0377	iMAT	training_samples=setx2,setx3	C1	G3	0.50	93bcac7a72697a36bd2ebdfcfec80d11ce9ecaab48365dbcfddc2af85158d388	7fdc2fa21fea6c28bbc011461e0e1d02cc38dbc1714a1b49baf6218c00d86339	19	17	0.029678835029393169	6.3497605324869255e-06	1.0642276241648672	1.0206033124377409	EVALUABLE	EVALUABLE	true	VALID	
d7b3865cf2381a2ae76b41de58521a56e630384c6815bf58266abb94bf7f58cd	3	0.10,0.50,0.90	E0377	iMAT	training_samples=setx2,setx3	C1	G3	0.90	93bcac7a72697a36bd2ebdfcfec80d11ce9ecaab48365dbcfddc2af85158d388	7fdc2fa21fea6c28bbc011461e0e1d02cc38dbc1714a1b49baf6218c00d86339	19	17	0.029678835029393169	6.3497605324869255e-06	1.0642276241648672	1.0206033124377409	EVALUABLE	EVALUABLE	true	VALID	
d7b4dce96930bdd5ca88ea91b9a59b160edda6b3ef3da55e337fe4f3894ee98a	1	0.90	E0015	CORDA	training_samples=setx1,setx2	C4	G1	0.90	9b3eb60c2fcc4a9ae62238b0c2f7954eee420bb3818ca6ad9cbf97843e48628a	32eee7f3879ac12eb2555790d4a68384c8aae85601ce98f8f7c8ad3733eb50c7	0	3	0.56681023419667553	0.51729867324651413	1.2332937864874507	1.5414126826127266	EVALUABLE	EVALUABLE	true	VALID	
d7ef67498c10dd0a9a05c4a4821dea30baf61e9938c457b376931f8bb466a8e7	3	0.10,0.50,0.90	E0066	CORDA	training_samples=setx1,setx3	C4	G2	0.10	7f09d6185ac5d193185190172ff78a97a79908108e64a74fa9c0e5c5b7a315dc	d928590f61fb177ab6a5b0e11cbeca11a10927ce32463c8505150ddf6a21fd31	0	8	1.9126485950593519e-09	0.01282364964166105	1.0000004037368553	1.0000633627122968	EVALUABLE	EVALUABLE	true	VALID	
d7ef67498c10dd0a9a05c4a4821dea30baf61e9938c457b376931f8bb466a8e7	3	0.10,0.50,0.90	E0066	CORDA	training_samples=setx1,setx3	C4	G2	0.50	7f09d6185ac5d193185190172ff78a97a79908108e64a74fa9c0e5c5b7a315dc	d928590f61fb177ab6a5b0e11cbeca11a10927ce32463c8505150ddf6a21fd31	0	8	1.9126485950593519e-09	0.01282364964166105	1.0000004037368553	1.0000633627122968	EVALUABLE	EVALUABLE	true	VALID	
d7ef67498c10dd0a9a05c4a4821dea30baf61e9938c457b376931f8bb466a8e7	3	0.10,0.50,0.90	E0066	CORDA	training_samples=setx1,setx3	C4	G2	0.90	7f09d6185ac5d193185190172ff78a97a79908108e64a74fa9c0e5c5b7a315dc	d928590f61fb177ab6a5b0e11cbeca11a10927ce32463c8505150ddf6a21fd31	0	8	1.9126485950593519e-09	0.01282364964166105	1.0000004037368553	1.0000633627122968	EVALUABLE	EVALUABLE	true	VALID	
d826a7ad2d5d9a064c80e15362c7adc7f6bc8abea5136daeb4b57fb66cbe9e04	1	0.90	E0316	iMAT	training_samples=setx1,setx2	C4	G2	0.90	0ade1e6723eba029060099685dac55cbaa4e00ff2f16480fea28e11337f40848	4a2fb998e907a76d9911c65dc23b53d134425ac6130d04103f1e03f7be8c05b6	5	0	0.74665568845653696	1.6805334901448532e-11	2.5886464860987317	1.0000101044181642	EVALUABLE	EVALUABLE	true	VALID	
d97eaaf457974ad85e0e04ea42dee671c8824d54afa7ba9152a7d42fe9f83733	2	0.50,0.90	E0347	iMAT	training_samples=setx1,setx2,setx3	C5	G3	0.50	846782759cfa32849b8d0b22aba8597dc284079e90e15443c93dc705c5cdccc4	1ff3f6f24399029ac6d6407339a7671dc0454a3da0344b173a866dad9366939a	10	17	0.4717913747011071	0.18935926463506469	1.1598504814637762	2.6102075929945316	EVALUABLE	EVALUABLE	true	VALID	
d97eaaf457974ad85e0e04ea42dee671c8824d54afa7ba9152a7d42fe9f83733	2	0.50,0.90	E0347	iMAT	training_samples=setx1,setx2,setx3	C5	G3	0.90	846782759cfa32849b8d0b22aba8597dc284079e90e15443c93dc705c5cdccc4	1ff3f6f24399029ac6d6407339a7671dc0454a3da0344b173a866dad9366939a	10	17	0.4717913747011071	0.18935926463506469	1.1598504814637762	2.6102075929945316	EVALUABLE	EVALUABLE	true	VALID	
d9c059e5a8262c3634a98b56580dd410fe54bd6ade9f4ed45e14aaebb5124379	1	0.90	E0186	GIMME	training_samples=setx2,setx3	C3	G2	0.90	f644340953d72bb12da093189853db0ff0fc86bb66134a4f3d0a44308555f75e	9479e42871e312cc9e8045bad83182066b1281c061fdcd80c3da7974e75e1d5d	1	1	0.020924796634955611	0.74136764643915098	1.171543382551951	2.0920829234955569	EVALUABLE	EVALUABLE	true	VALID	
d9e503caed730a3e71818292ce5bc758b4310dd2addaa9ab7ba7ed6fcecfbbfe	1	0.50	E0367	iMAT	training_samples=setx1,setx3	C4	G3	0.50	f748cd6aeca05446d28a19c599fcdda457fbd8a29c4d8a73e760985713b9f609	bd09497d41ee55e42aaa83e8316d7445fa924f491c973830af83a92070b5fe21	1	11	0.00036740755356445831	0.94632453112879367	1.0163496554444107	4.4000664865089565	EVALUABLE	EVALUABLE	true	VALID	
d9e679d5c3a68b1517c833f884b93b363c4dac8bac80720c9a82f6d4474c2c6f	1	0.50	E0303	iMAT	training_samples=setx1,setx2	C1	G4	0.50	a4cf0046a45aa0e47320ab5f4760e69930e9f99bbe85fdfc3b7ead7bafa2baa0	56619b4e4e6013ca0ea5dfecefc8a41771a2787473f82472dde4086101e026ce	12	1	0.13839920563351205	0.28040011114606589	2.4879086996610398	1.0000000000004945	EVALUABLE	EVALUABLE	true	VALID	
da285ef363b2249b38bfc5949960a8617694112a6fa57da845f8028bde740e17	1	0.50	E0040	CORDA	training_samples=setx1,setx2,setx3	C4	G1	0.50	102f69f6fa8557e4e0067accc8216a851f9d96d112c3c1db033468920969167f	190878c4b80fe628594f55359ecb202fdd3e2ee8bca1b5c56ddcbe21f6e9a053	3	18	0.47166946811266552	0.46290788343359346	1.4317915679526623	1.7920793210807067	EVALUABLE	EVALUABLE	true	VALID	
da5812f3b99f1e3528012a302c562be8e44e6e562592cd0862832e16f605549a	3	0.10,0.50,0.90	E0389	iMAT	training_samples=setx2,setx3	C3	G5	0.10	e0894b04544dae489a65af0d3d2e6b796b8d625f6b5e2a273115d0c767e3e693	2f971692e2765073ae8a6d2f6fd8f4e97e81f95489df3f2946d4c497d94165b9	6	0	0.044605963700236728	4.3214321010509593e-12	1.000000004521491	0.99993274541767907	EVALUABLE	EVALUABLE	true	VALID	
da5812f3b99f1e3528012a302c562be8e44e6e562592cd0862832e16f605549a	3	0.10,0.50,0.90	E0389	iMAT	training_samples=setx2,setx3	C3	G5	0.50	e0894b04544dae489a65af0d3d2e6b796b8d625f6b5e2a273115d0c767e3e693	2f971692e2765073ae8a6d2f6fd8f4e97e81f95489df3f2946d4c497d94165b9	6	0	0.044605963700236728	4.3214321010509593e-12	1.000000004521491	0.99993274541767907	EVALUABLE	EVALUABLE	true	VALID	
da5812f3b99f1e3528012a302c562be8e44e6e562592cd0862832e16f605549a	3	0.10,0.50,0.90	E0389	iMAT	training_samples=setx2,setx3	C3	G5	0.90	e0894b04544dae489a65af0d3d2e6b796b8d625f6b5e2a273115d0c767e3e693	2f971692e2765073ae8a6d2f6fd8f4e97e81f95489df3f2946d4c497d94165b9	6	0	0.044605963700236728	4.3214321010509593e-12	1.000000004521491	0.99993274541767907	EVALUABLE	EVALUABLE	true	VALID	
db243811484a56a4cd4e0647c0ebf1a0f639370c12b932e54a55cae5cdd24349	2	0.10,0.50	E0106	GIMME	training_samples=setx1,setx2	C2	G2	0.10	215aaec06194c85fc8915c4bae4f109c54d8498704d0279ad091b0f04037250b	f88bd6cf2efb8f44e7d076dd701147d46987ae954fb4b6708b6977e588db41be	0	0	0.49219286033357124	0.0066403373735881566	1.0003696961380542	1.9507343122027494	EVALUABLE	EVALUABLE	true	VALID	
db243811484a56a4cd4e0647c0ebf1a0f639370c12b932e54a55cae5cdd24349	2	0.10,0.50	E0106	GIMME	training_samples=setx1,setx2	C2	G2	0.50	215aaec06194c85fc8915c4bae4f109c54d8498704d0279ad091b0f04037250b	f88bd6cf2efb8f44e7d076dd701147d46987ae954fb4b6708b6977e588db41be	0	0	0.49219286033357124	0.0066403373735881566	1.0003696961380542	1.9507343122027494	EVALUABLE	EVALUABLE	true	VALID	
db7087df9610211aee625e4a72f30c2d4bfe5b46c2de26d5a2489d1f78411483	1	0.90	E0283	RIPTiDe	training_samples=setx2,setx3	C2	G4	0.90	b8fff488dd02060ace5ee1ad971713ffd8ade0edd5a4b26e9d5eac6c4edf1f23	c14d5ed0f81e787adc1913c3553bf14df5bb157bc649ea2040ac26996164fde7	3	14	0.83250297757793668	0.041821039936149162	1.0025198179079111	1.0844782954773249	EVALUABLE	EVALUABLE	true	VALID	
dc50dda623744e7a0f15fd86facc57fdde0c0897aaae283270b59cc9ba2cfa68	2	0.10,0.50	E0093	CORDA	training_samples=setx2,setx3	C4	G4	0.10	11c92eb5eefda7cc64e53694479d802bc86526faac5ec503ffca49ddb81a3886	1da91e6cbc1ec44f0d5dcba4f1de73f1c00882c5b1d520c8967a9b59c82629c7	1	15	0.45904012662226179	0.05223334857319839	1.1144074360001481	2.3284632827992651	EVALUABLE	EVALUABLE	true	VALID	
dc50dda623744e7a0f15fd86facc57fdde0c0897aaae283270b59cc9ba2cfa68	2	0.10,0.50	E0093	CORDA	training_samples=setx2,setx3	C4	G4	0.50	11c92eb5eefda7cc64e53694479d802bc86526faac5ec503ffca49ddb81a3886	1da91e6cbc1ec44f0d5dcba4f1de73f1c00882c5b1d520c8967a9b59c82629c7	1	15	0.45904012662226179	0.05223334857319839	1.1144074360001481	2.3284632827992651	EVALUABLE	EVALUABLE	true	VALID	
dc56b398f698c840d24f4d20a67a6b35b884472db768161172d1de7564ff0f68	1	0.10	E0015	CORDA	training_samples=setx1,setx2	C4	G1	0.10	55c97010acdd0cdc52f98f416746a96a3e453dfff25d0e9f08e270f4213bea20	75e0749c689cdf40549186cc03b478b56fab8ea8173a79eed5e10003a7a22fdf	1	4	0.49312951217532808	0.88258890637782006	1.2716030719337326	1.982998633515259	EVALUABLE	EVALUABLE	true	VALID	
dc662c5c658d490e5e7ff64e2b0c1af6143c23e6c587145703a5e362577cc6d1	1	0.10	E0300	iMAT	training_samples=setx1,setx2	C1	G1	0.10	d9bee4ec9dc9d1f3876c1811fcf6f8d020989bd2af3231c4cdaa3df2bbdcd555	a021d2219926286c3dcb59d412f56541cd3c639b9f8cb9f9f544799ca8c41349	16	3	0.95468904048766001	0.60992424376623167	1.2184878993509471	2.0049165670063922	EVALUABLE	EVALUABLE	true	VALID	
dcdc4c111128a7de3c050b92c1fad37928ef45045959fb3fcbcdbc748a1250e8	1	0.10	E0163	GIMME	training_samples=setx1,setx3	C3	G4	0.10	7d84eb225b8def23833824a5db45b74528179b1bd889afa1812a7b3af34d5dd1	f80ad607c1575d29cbb710927847afa0dfca390b07439baab0f53ee25e267754	0	18	0.00013933814558175772	0.72121267768445296	1.0000373225614838	1.081251933910268	EVALUABLE	EVALUABLE	true	VALID	
dda4c3f357553269018b75feb06f3e44ad2c4eedf6de7a58be4ec23ab4ef2f1a	2	0.50,0.90	E0292	RIPTiDe	training_samples=setx2,setx3	C4	G3	0.50	7ce358edc3a4bd7c08bb6daaad38e6b004b2499c6d5cdc3112e7a7dfa0faee9a	c14d5ed0f81e787adc1913c3553bf14df5bb157bc649ea2040ac26996164fde7	2	14	5.6906455547789392e-08	0.12860087897247086	0.99999999897131486	1.2924726609838963	EVALUABLE	EVALUABLE	true	VALID	
dda4c3f357553269018b75feb06f3e44ad2c4eedf6de7a58be4ec23ab4ef2f1a	2	0.50,0.90	E0292	RIPTiDe	training_samples=setx2,setx3	C4	G3	0.90	7ce358edc3a4bd7c08bb6daaad38e6b004b2499c6d5cdc3112e7a7dfa0faee9a	c14d5ed0f81e787adc1913c3553bf14df5bb157bc649ea2040ac26996164fde7	2	14	5.6906455547789392e-08	0.12860087897247086	0.99999999897131486	1.2924726609838963	EVALUABLE	EVALUABLE	true	VALID	
ddb16bf498263372f3b5a8a23d4ba5263feafc20fb0de5df38d56691745efa3a	1	0.90	E0237	RIPTiDe	training_samples=setx1,setx2,setx3	C3	G3	0.90	473831994471df82d0913ed151c2dbb8e7c1cd219e13a873df972be6fe45480f	d2e77ddb8a929cfcb9b862f9915f2d5a3eb09741f2765ade2b0bcd69a98c741d	5	12	0.94329429866901282	0.15043988227475114	6.3787311692783124	1.3508344594581947	EVALUABLE	EVALUABLE	true	VALID	
de6a5e031e1441dad10bdba7ca6c08be70850608dacf55c312042ed4ab7ce0c7	1	0.10	E0282	RIPTiDe	training_samples=setx2,setx3	C2	G3	0.10	7ce358edc3a4bd7c08bb6daaad38e6b004b2499c6d5cdc3112e7a7dfa0faee9a	473d4f1bd46e522454faaf88efcb4858d6c533e112800f714ecae23ee6efc94e	2	3	0.16854445976471022	0.8878080887183899	1.0125137867719272	1.0377305099016489	EVALUABLE	EVALUABLE	true	VALID	
de95b1b658bd0b74df8f27ac48fde9a2e46a159caced70570ce3763ad2b898df	2	0.10,0.50	E0333	iMAT	training_samples=setx1,setx2,setx3	C2	G4	0.10	73800d86c4f889eaf4f5923c873981e1547c7ce8918bcad431aebb6957e65d8f	ff08294218c297aa70d51d53f700660a24a0daa0e1e0239b74f592559b440776	1	0	1.6288439486089601e-09	0.40685280720186556	1.1217230781177472	0.99999999999999956	EVALUABLE	EVALUABLE	true	VALID	
de95b1b658bd0b74df8f27ac48fde9a2e46a159caced70570ce3763ad2b898df	2	0.10,0.50	E0333	iMAT	training_samples=setx1,setx2,setx3	C2	G4	0.50	73800d86c4f889eaf4f5923c873981e1547c7ce8918bcad431aebb6957e65d8f	ff08294218c297aa70d51d53f700660a24a0daa0e1e0239b74f592559b440776	1	0	1.6288439486089601e-09	0.40685280720186556	1.1217230781177472	0.99999999999999956	EVALUABLE	EVALUABLE	true	VALID	
df893730ce4a52981f478f6e857dc350870428598a93553e890b2d6791455190	3	0.10,0.50,0.90	E0381	iMAT	training_samples=setx2,setx3	C2	G2	0.10	e0894b04544dae489a65af0d3d2e6b796b8d625f6b5e2a273115d0c767e3e693	2f971692e2765073ae8a6d2f6fd8f4e97e81f95489df3f2946d4c497d94165b9	6	0	0.099830003389147048	3.5171432100078448e-08	1.0000000003998513	1.0000314927854179	EVALUABLE	EVALUABLE	true	VALID	
df893730ce4a52981f478f6e857dc350870428598a93553e890b2d6791455190	3	0.10,0.50,0.90	E0381	iMAT	training_samples=setx2,setx3	C2	G2	0.50	e0894b04544dae489a65af0d3d2e6b796b8d625f6b5e2a273115d0c767e3e693	2f971692e2765073ae8a6d2f6fd8f4e97e81f95489df3f2946d4c497d94165b9	6	0	0.099830003389147048	3.5171432100078448e-08	1.0000000003998513	1.0000314927854179	EVALUABLE	EVALUABLE	true	VALID	
df893730ce4a52981f478f6e857dc350870428598a93553e890b2d6791455190	3	0.10,0.50,0.90	E0381	iMAT	training_samples=setx2,setx3	C2	G2	0.90	e0894b04544dae489a65af0d3d2e6b796b8d625f6b5e2a273115d0c767e3e693	2f971692e2765073ae8a6d2f6fd8f4e97e81f95489df3f2946d4c497d94165b9	6	0	0.099830003389147048	3.5171432100078448e-08	1.0000000003998513	1.0000314927854179	EVALUABLE	EVALUABLE	true	VALID	
dfc4f8cf9850add49d2a98ac9eb889aec58d214ba5311d85b344e6aa7b1d4472	3	0.10,0.50,0.90	E0021	CORDA	training_samples=setx1,setx2	C5	G2	0.10	c55c11a6e3dc772e3c2e3b973cfb71fd8e41ddd3aef93d8b8367e17dfca95033	4e3f6d6ceeb0b403b1b2482130d0f49869cd9e2da46c27f2006cd8893987eb72	18	0	0.056378013431494511	2.3163693185779266e-11	1.6254008945261684	1.0000339995864909	EVALUABLE	EVALUABLE	true	VALID	
dfc4f8cf9850add49d2a98ac9eb889aec58d214ba5311d85b344e6aa7b1d4472	3	0.10,0.50,0.90	E0021	CORDA	training_samples=setx1,setx2	C5	G2	0.50	c55c11a6e3dc772e3c2e3b973cfb71fd8e41ddd3aef93d8b8367e17dfca95033	4e3f6d6ceeb0b403b1b2482130d0f49869cd9e2da46c27f2006cd8893987eb72	18	0	0.056378013431494511	2.3163693185779266e-11	1.6254008945261684	1.0000339995864909	EVALUABLE	EVALUABLE	true	VALID	
dfc4f8cf9850add49d2a98ac9eb889aec58d214ba5311d85b344e6aa7b1d4472	3	0.10,0.50,0.90	E0021	CORDA	training_samples=setx1,setx2	C5	G2	0.90	c55c11a6e3dc772e3c2e3b973cfb71fd8e41ddd3aef93d8b8367e17dfca95033	4e3f6d6ceeb0b403b1b2482130d0f49869cd9e2da46c27f2006cd8893987eb72	18	0	0.056378013431494511	2.3163693185779266e-11	1.6254008945261684	1.0000339995864909	EVALUABLE	EVALUABLE	true	VALID	
e0f40f86b40c910778e7ae632cf6e17e95c9d4af29573ed904263694835124f3	1	0.10	E0258	RIPTiDe	training_samples=setx1,setx3	C2	G4	0.10	308e6dd45a60ade8ee3647a3d186551365d6bdb0fe10c43efc88e4d195371e2e	ad3ae52546893ca463d0370db5c0243a4cd79da6df16d930a4acee2fee7bf062	4	3	0.86464957893918115	0.50000002594415682	1.709917595977211	1.000000207553265	EVALUABLE	EVALUABLE	true	VALID	
e106a19432dc9fb5149bc4fcd3d79e813ee785c32fd5b5eeaa944903a9d084a2	1	0.90	E0234	RIPTiDe	training_samples=setx1,setx2,setx3	C2	G5	0.90	0ce9f3c2ac8cacca151a431395692262091d1c40960aa953be66fdd4db529db5	4a61ea31056d52077ad2027e285dac5d697cdf600c4f12ff909f1ee64534d595	17	7	0.3346447039982936	0.89706794625571706	1.8639075724533631	8.9928000395883512	EVALUABLE	EVALUABLE	true	VALID	
e13f1dbdd642403a90e310c265936dc599e5a4b0ecf137b89c04ae8cd86beef8	1	0.50	E0348	iMAT	training_samples=setx1,setx2,setx3	C5	G4	0.50	846782759cfa32849b8d0b22aba8597dc284079e90e15443c93dc705c5cdccc4	ff08294218c297aa70d51d53f700660a24a0daa0e1e0239b74f592559b440776	10	0	0.4717913747011071	0.40685280720186556	1.1598504814637762	0.99999999999999956	EVALUABLE	EVALUABLE	true	VALID	
e1bf13f8a77abeb1276d069e55b69cf89dddaaaada5f51a0a36a299b0383df3f	1	0.90	E0152	GIMME	training_samples=setx1,setx3	C1	G3	0.90	e0656ed344a040c1c31d47313c246b5017dfe95469a56b860f75b9359b07ba86	e1e50204cde2f03790a3f2e74f66636d0dd7fd397ae5d4775dd61d74ccce0b76	7	19	0.90744501934742294	0.060660545194369586	10.280746338260672	1.0023140947557041	EVALUABLE	EVALUABLE	true	VALID	
e220685c0ac4cf236d50a77ceb271b73ead5deecd2677da52a71f2a4b2c03aca	1	0.10	E0322	iMAT	training_samples=setx1,setx2	C5	G3	0.10	41b88b4ee1d53a5ed347ca7ca6e242f063954bf817489f768d55c5cd466c4a09	bb1036ad8c6848f4f75fe3386020148be563bbaf2bb7551f2b1d8982a523c72f	11	5	0.32862257575172626	0.78554785390116533	1.0163549833362697	4.240790122562875	EVALUABLE	EVALUABLE	true	VALID	
e2522e23d0d9fd15ad974a3193a8e7ff7944e6de3ad7ee151df5525a2490dd20	3	0.10,0.50,0.90	E0067	CORDA	training_samples=setx1,setx3	C4	G3	0.10	7f09d6185ac5d193185190172ff78a97a79908108e64a74fa9c0e5c5b7a315dc	f3e9af567444075a63b7c2a2854ddee5538bfb4c47245f27578a66e389b5a9bc	0	18	1.9126485950593519e-09	0.022000495467268677	1.0000004037368553	1.7790276667250031	EVALUABLE	EVALUABLE	true	VALID	
e2522e23d0d9fd15ad974a3193a8e7ff7944e6de3ad7ee151df5525a2490dd20	3	0.10,0.50,0.90	E0067	CORDA	training_samples=setx1,setx3	C4	G3	0.50	7f09d6185ac5d193185190172ff78a97a79908108e64a74fa9c0e5c5b7a315dc	f3e9af567444075a63b7c2a2854ddee5538bfb4c47245f27578a66e389b5a9bc	0	18	1.9126485950593519e-09	0.022000495467268677	1.0000004037368553	1.7790276667250031	EVALUABLE	EVALUABLE	true	VALID	
e2522e23d0d9fd15ad974a3193a8e7ff7944e6de3ad7ee151df5525a2490dd20	3	0.10,0.50,0.90	E0067	CORDA	training_samples=setx1,setx3	C4	G3	0.90	7f09d6185ac5d193185190172ff78a97a79908108e64a74fa9c0e5c5b7a315dc	f3e9af567444075a63b7c2a2854ddee5538bfb4c47245f27578a66e389b5a9bc	0	18	1.9126485950593519e-09	0.022000495467268677	1.0000004037368553	1.7790276667250031	EVALUABLE	EVALUABLE	true	VALID	
e2803869eb32be2e238ebcf1ff2a2b8d4491a133ea83855d64677529f9a70562	1	0.90	E0212	RIPTiDe	training_samples=setx1,setx2	C3	G3	0.90	c9f35708db7fcd7ac314493307d80c85de78df9c6ae04b9ca9abdd6664a6ff8e	dcd23c7687b7a968c63bb9675ce7906f58320bde6bc3bfbab7121eccb9334be0	2	14	0.9567130925299222	0.66667367748945972	3.3670360343728247	2.0001261955076726	EVALUABLE	EVALUABLE	true	VALID	
e28ff11314b2851e1e6a05db60cb13e2c98643da55779f46777d208b60c83602	2	0.10,0.50	E0019	CORDA	training_samples=setx1,setx2	C4	G5	0.10	55c97010acdd0cdc52f98f416746a96a3e453dfff25d0e9f08e270f4213bea20	4e3f6d6ceeb0b403b1b2482130d0f49869cd9e2da46c27f2006cd8893987eb72	1	0	0.49312951217532808	0	1.2716030719337326	nan	EVALUABLE	NON_EVALUABLE_ZERO_POST_HOLDOUT_MASS under the frozen normalized-weight representation	false	NON_EVALUABLE_ZERO_POST_HOLDOUT_MASS under the frozen normalized-weight representation	zero post-holdout mass on one or both condition distributions under frozen normalized weights
e28ff11314b2851e1e6a05db60cb13e2c98643da55779f46777d208b60c83602	2	0.10,0.50	E0019	CORDA	training_samples=setx1,setx2	C4	G5	0.50	55c97010acdd0cdc52f98f416746a96a3e453dfff25d0e9f08e270f4213bea20	4e3f6d6ceeb0b403b1b2482130d0f49869cd9e2da46c27f2006cd8893987eb72	1	0	0.49312951217532808	0	1.2716030719337326	nan	EVALUABLE	NON_EVALUABLE_ZERO_POST_HOLDOUT_MASS under the frozen normalized-weight representation	false	NON_EVALUABLE_ZERO_POST_HOLDOUT_MASS under the frozen normalized-weight representation	zero post-holdout mass on one or both condition distributions under frozen normalized weights
e35cdcdf775f795101e09aad55066387fba11521aa04b53c4d53a1dc0ee49124	1	0.10	E0344	iMAT	training_samples=setx1,setx2,setx3	C4	G5	0.10	cdb7fb3b6973618b48e76861beeecf354fd3801d6426160c52656468ed7f7bd7	ff08294218c297aa70d51d53f700660a24a0daa0e1e0239b74f592559b440776	5	0	0.58994108761025377	1.2734108212342221e-09	1.7548613309204713	1.0000000692349222	EVALUABLE	EVALUABLE	true	VALID	
e3b5ca7f493fa103aefb32d99380c68641eeb9f01e9717007f4a73a050ac0da4	3	0.10,0.50,0.90	E0156	GIMME	training_samples=setx1,setx3	C2	G2	0.10	7d84eb225b8def23833824a5db45b74528179b1bd889afa1812a7b3af34d5dd1	0613270f4140a02dc933da8f58c1eea1dfd57164ef86989cfbd7dbf0d510376d	0	13	1.0966116903432521e-10	0.00037537127029696471	1.0000011716829813	1.4909527858096157	EVALUABLE	EVALUABLE	true	VALID	
e3b5ca7f493fa103aefb32d99380c68641eeb9f01e9717007f4a73a050ac0da4	3	0.10,0.50,0.90	E0156	GIMME	training_samples=setx1,setx3	C2	G2	0.50	7d84eb225b8def23833824a5db45b74528179b1bd889afa1812a7b3af34d5dd1	0613270f4140a02dc933da8f58c1eea1dfd57164ef86989cfbd7dbf0d510376d	0	13	1.0966116903432521e-10	0.00037537127029696471	1.0000011716829813	1.4909527858096157	EVALUABLE	EVALUABLE	true	VALID	
e3b5ca7f493fa103aefb32d99380c68641eeb9f01e9717007f4a73a050ac0da4	3	0.10,0.50,0.90	E0156	GIMME	training_samples=setx1,setx3	C2	G2	0.90	7d84eb225b8def23833824a5db45b74528179b1bd889afa1812a7b3af34d5dd1	0613270f4140a02dc933da8f58c1eea1dfd57164ef86989cfbd7dbf0d510376d	0	13	1.0966116903432521e-10	0.00037537127029696471	1.0000011716829813	1.4909527858096157	EVALUABLE	EVALUABLE	true	VALID	
e3b89c1395795543ea613e2b48a10784ec17493531fb02db7ede5468a0be9124	1	0.50	E0340	iMAT	training_samples=setx1,setx2,setx3	C4	G1	0.50	0508eab71a0004ea418e21afa788f5650366bde4b6f23c738ca6f77ea3989883	a29e516f4cdb615164980efb4a5ea439ebd420270dfdbd772cbaba783c759b3a	4	4	0.86344282254463156	0.92808295093907289	2.1434211475087155	3.6870847177348467	EVALUABLE	EVALUABLE	true	VALID	
e4982e498e7fbfa2d078d04c8d78cf1c174c77fb5a5620d3ca4adfdc8729b68c	1	0.10	E0202	RIPTiDe	training_samples=setx1,setx2	C1	G3	0.10	11f63e714d51958df651c04076bd5d7f5a2734e4e267f5aec63142685b555224	4f3ac3dd70092e73abd0358812ec03b156828b637df9f9d81f3fa59635a9cea7	7	2	0.87278836314849118	0.66667367748945972	1.0511165364348343	2.0001261955076726	EVALUABLE	EVALUABLE	true	VALID	
e5603d1adac7dee4916d3cc7f6cdb2e915313da5a901cc1d0059a794ed6343b0	2	0.50,0.90	E0138	GIMME	training_samples=setx1,setx2,setx3	C3	G4	0.50	4eeef1890619aa578845837f43661ee7c19b674ff17bfb6610802a3013e3f2fa	9d089ba3b0e645d3e16cc9b9a500224416307f7ee4379f38d87bf989d2174ec1	0	19	0.29071316070552367	0.012115231716883557	2.1236601906571737	1.4811366309352092	EVALUABLE	EVALUABLE	true	VALID	
e5603d1adac7dee4916d3cc7f6cdb2e915313da5a901cc1d0059a794ed6343b0	2	0.50,0.90	E0138	GIMME	training_samples=setx1,setx2,setx3	C3	G4	0.90	4eeef1890619aa578845837f43661ee7c19b674ff17bfb6610802a3013e3f2fa	9d089ba3b0e645d3e16cc9b9a500224416307f7ee4379f38d87bf989d2174ec1	0	19	0.29071316070552367	0.012115231716883557	2.1236601906571737	1.4811366309352092	EVALUABLE	EVALUABLE	true	VALID	
e5785224e46c8b6deb5141a0442faade2d3f47b0039dedcbb68b3660795c74ed	1	0.10	E0398	iMAT	training_samples=setx2,setx3	C5	G4	0.10	a1f48ef19613f6a65b331bca98ea3fad70a41cafb8ba8276bafb56980a7ae0e3	80a784effa6b3b2aafa37d724569e27dd6d62f8297103775ff360d41d6331aab	2	2	0.74479653446455985	0.92764349502186594	2.1537892065097521	3.2091963869354778	EVALUABLE	EVALUABLE	true	VALID	
e5aee04f2824544f3e003fb5bf49a6e3ada268d6c6f8452620aad63f1ae25ab4	2	0.50,0.90	E0299	RIPTiDe	training_samples=setx2,setx3	C5	G5	0.50	7ce358edc3a4bd7c08bb6daaad38e6b004b2499c6d5cdc3112e7a7dfa0faee9a	c14d5ed0f81e787adc1913c3553bf14df5bb157bc649ea2040ac26996164fde7	2	14	1.609823385706477e-14	0.5017784307489479	1.0028739228934218	2.8602677895300759	EVALUABLE	EVALUABLE	true	VALID	
e5aee04f2824544f3e003fb5bf49a6e3ada268d6c6f8452620aad63f1ae25ab4	2	0.50,0.90	E0299	RIPTiDe	training_samples=setx2,setx3	C5	G5	0.90	7ce358edc3a4bd7c08bb6daaad38e6b004b2499c6d5cdc3112e7a7dfa0faee9a	c14d5ed0f81e787adc1913c3553bf14df5bb157bc649ea2040ac26996164fde7	2	14	1.609823385706477e-14	0.5017784307489479	1.0028739228934218	2.8602677895300759	EVALUABLE	EVALUABLE	true	VALID	
e60f5f5dfb02afe57ad760219b8ff71af39d74f079d7dfd1d0950d9a14f4865c	1	0.10	E0310	iMAT	training_samples=setx1,setx2	C3	G1	0.10	646a5c644a59a85946ca3a5bdaa04f073d39a57cae74abbda4fc566e8f03094d	a021d2219926286c3dcb59d412f56541cd3c639b9f8cb9f9f544799ca8c41349	1	3	0.20951615112740818	0.60992424376623167	0.99999999999999911	2.0049165670063922	EVALUABLE	EVALUABLE	true	VALID	
e663c5b210f71aa5a0e6ba6a967e0cbbeded31e2aae26fae2a4d8e9200c4d890	2	0.50,0.90	E0140	GIMME	training_samples=setx1,setx2,setx3	C4	G1	0.50	820066d04598da3d239f0d23bd4e39ef57a720e88a443581bcf565cd8d99566b	9d089ba3b0e645d3e16cc9b9a500224416307f7ee4379f38d87bf989d2174ec1	18	19	0.19574959809029879	5.333362351089832e-06	1.0012851510453191	1.0331518001100977	EVALUABLE	EVALUABLE	true	VALID	
e663c5b210f71aa5a0e6ba6a967e0cbbeded31e2aae26fae2a4d8e9200c4d890	2	0.50,0.90	E0140	GIMME	training_samples=setx1,setx2,setx3	C4	G1	0.90	820066d04598da3d239f0d23bd4e39ef57a720e88a443581bcf565cd8d99566b	9d089ba3b0e645d3e16cc9b9a500224416307f7ee4379f38d87bf989d2174ec1	18	19	0.19574959809029879	5.333362351089832e-06	1.0012851510453191	1.0331518001100977	EVALUABLE	EVALUABLE	true	VALID	
e6776c4991bd29c05c8a0c434824833bb20aa2c68b88a815bb322ff41dd9d4ab	1	0.90	E0111	GIMME	training_samples=setx1,setx2	C3	G2	0.90	23292304d2d32b2fdbaff4ee52762d292782269c9b4414137b63abfae0a20815	f88bd6cf2efb8f44e7d076dd701147d46987ae954fb4b6708b6977e588db41be	1	0	0.65394432018415993	0.0066403373735881566	1.0000001252770447	1.9507343122027494	EVALUABLE	EVALUABLE	true	VALID	
e67a46cdded2580f6234cfcdd9e2f61d1e86d64a4f9013bfac8610ea983ab1af	1	0.90	E0205	RIPTiDe	training_samples=setx1,setx2	C2	G1	0.90	4989824e2df2467b6e60573ab17ca31c35d0a30f6e54c8dfeb87847ca960b723	dcd23c7687b7a968c63bb9675ce7906f58320bde6bc3bfbab7121eccb9334be0	17	14	0.76970127998051274	0.66666666666680796	4.4184532463197019	2.0000000000025433	EVALUABLE	EVALUABLE	true	VALID	
e685a70a01c0706e6024c4d353a343f5833f9a41589b61956d1696090f815197	3	0.10,0.50,0.90	E0083	CORDA	training_samples=setx2,setx3	C2	G4	0.10	11c92eb5eefda7cc64e53694479d802bc86526faac5ec503ffca49ddb81a3886	1da91e6cbc1ec44f0d5dcba4f1de73f1c00882c5b1d520c8967a9b59c82629c7	1	15	0.0610433176716626	0.05223334857319839	1.0000000002059644	2.3284632827992651	EVALUABLE	EVALUABLE	true	VALID	
e685a70a01c0706e6024c4d353a343f5833f9a41589b61956d1696090f815197	3	0.10,0.50,0.90	E0083	CORDA	training_samples=setx2,setx3	C2	G4	0.50	11c92eb5eefda7cc64e53694479d802bc86526faac5ec503ffca49ddb81a3886	1da91e6cbc1ec44f0d5dcba4f1de73f1c00882c5b1d520c8967a9b59c82629c7	1	15	0.0610433176716626	0.05223334857319839	1.0000000002059644	2.3284632827992651	EVALUABLE	EVALUABLE	true	VALID	
e685a70a01c0706e6024c4d353a343f5833f9a41589b61956d1696090f815197	3	0.10,0.50,0.90	E0083	CORDA	training_samples=setx2,setx3	C2	G4	0.90	11c92eb5eefda7cc64e53694479d802bc86526faac5ec503ffca49ddb81a3886	1da91e6cbc1ec44f0d5dcba4f1de73f1c00882c5b1d520c8967a9b59c82629c7	1	15	0.0610433176716626	0.05223334857319839	1.0000000002059644	2.3284632827992651	EVALUABLE	EVALUABLE	true	VALID	
e718397cac17a15d3f906e0163dc07bddc7fe588c56385cbdab84387f7a6aa15	1	0.10	E0352	iMAT	training_samples=setx1,setx3	C1	G3	0.10	450f27facf5b727caade83033c48b7b5204e2c728b3acdf5c1e72afc35ea97fa	e018e1e85f8fcd168cbc6ae22bdb5fe08a84bcc1860dddccdc6069714a07fba3	16	13	0.55696117619449703	0.83755045041212672	2.0312898089044293	3.8967877590709947	EVALUABLE	EVALUABLE	true	VALID	
e7aab80d8b8b87eee2f7b5756a5b8dba608a261ab3d5dd25525dbde7b4ee9c9f	1	0.50	E0300	iMAT	training_samples=setx1,setx2	C1	G1	0.50	a4cf0046a45aa0e47320ab5f4760e69930e9f99bbe85fdfc3b7ead7bafa2baa0	0dcb4d9e9f31a415220f9c6fa35ee5c991ee4417708a58a8ae24391de0e15028	12	18	0.13839920563351205	0.7150876179340202	2.4879086996610398	1.9933221327621635	EVALUABLE	EVALUABLE	true	VALID	
e7c11ed0e566331988257c389ff2f221dd11e617a1b2ad495dee784163d14540	3	0.10,0.50,0.90	E0101	GIMME	training_samples=setx1,setx2	C1	G2	0.10	28de38258d03212a0d010bf8ac5b5dd9d5bb9878b0d353e342028da17117a4df	f88bd6cf2efb8f44e7d076dd701147d46987ae954fb4b6708b6977e588db41be	11	0	3.3841141522383822e-07	0.0066403373735881566	1.0000000424174929	1.9507343122027494	EVALUABLE	EVALUABLE	true	VALID	
e7c11ed0e566331988257c389ff2f221dd11e617a1b2ad495dee784163d14540	3	0.10,0.50,0.90	E0101	GIMME	training_samples=setx1,setx2	C1	G2	0.50	28de38258d03212a0d010bf8ac5b5dd9d5bb9878b0d353e342028da17117a4df	f88bd6cf2efb8f44e7d076dd701147d46987ae954fb4b6708b6977e588db41be	11	0	3.3841141522383822e-07	0.0066403373735881566	1.0000000424174929	1.9507343122027494	EVALUABLE	EVALUABLE	true	VALID	
e7c11ed0e566331988257c389ff2f221dd11e617a1b2ad495dee784163d14540	3	0.10,0.50,0.90	E0101	GIMME	training_samples=setx1,setx2	C1	G2	0.90	28de38258d03212a0d010bf8ac5b5dd9d5bb9878b0d353e342028da17117a4df	f88bd6cf2efb8f44e7d076dd701147d46987ae954fb4b6708b6977e588db41be	11	0	3.3841141522383822e-07	0.0066403373735881566	1.0000000424174929	1.9507343122027494	EVALUABLE	EVALUABLE	true	VALID	
e7df8732fe3916e9d6fb8520b108abf5f3eec7665fee4320c5e7a97ca017717a	2	0.10,0.50	E0079	CORDA	training_samples=setx2,setx3	C1	G5	0.10	0e4370312b1abd45e6e65d5775cdbae8cb50208b4f035ea04dbf74dee753fe88	1da91e6cbc1ec44f0d5dcba4f1de73f1c00882c5b1d520c8967a9b59c82629c7	18	15	0.29507453281500551	5.0681681074138396e-12	1.0018565846234648	1.0045891512775165	EVALUABLE	EVALUABLE	true	VALID	
e7df8732fe3916e9d6fb8520b108abf5f3eec7665fee4320c5e7a97ca017717a	2	0.10,0.50	E0079	CORDA	training_samples=setx2,setx3	C1	G5	0.50	0e4370312b1abd45e6e65d5775cdbae8cb50208b4f035ea04dbf74dee753fe88	1da91e6cbc1ec44f0d5dcba4f1de73f1c00882c5b1d520c8967a9b59c82629c7	18	15	0.29507453281500551	5.0681681074138396e-12	1.0018565846234648	1.0045891512775165	EVALUABLE	EVALUABLE	true	VALID	
e7e1544bbf3a4cebb52c77185c9458fa672ef3295c532f6f6dc4b2c8a06fbd04	1	0.90	E0204	RIPTiDe	training_samples=setx1,setx2	C1	G5	0.90	4989824e2df2467b6e60573ab17ca31c35d0a30f6e54c8dfeb87847ca960b723	dcd23c7687b7a968c63bb9675ce7906f58320bde6bc3bfbab7121eccb9334be0	17	14	0.14891186736446671	0.66765562543414714	1.3401538914421374	2.0178214426618002	EVALUABLE	EVALUABLE	true	VALID	
e85df12c123feba80b67574b98ca548c1bd2615aa67a448f528cdd344acab835	1	0.10	E0038	CORDA	training_samples=setx1,setx2,setx3	C3	G4	0.10	102f69f6fa8557e4e0067accc8216a851f9d96d112c3c1db033468920969167f	7245d7cae566682e53e552376e5a7ab8b078a0afc829d984b35659d88f02faf9	3	2	0.20894673440458977	0.89318091042304615	1.0088504246050884	5.4663262905705885	EVALUABLE	EVALUABLE	true	VALID	
e8f02f81cff3f4435dbeb96735b86b75869ecbc7dff39d1b21b8294b4bb26403	1	0.50	E0207	RIPTiDe	training_samples=setx1,setx2	C2	G3	0.50	11f63e714d51958df651c04076bd5d7f5a2734e4e267f5aec63142685b555224	a7e9e73c64d9d3f1375205efa617218792e4925fade6c0b5b1060f1e99eea4db	7	15	0.78372615711363514	0.66667367748945972	4.3765091467803003	2.0001261955076726	EVALUABLE	EVALUABLE	true	VALID	
e927935a4d558e2dc4a70f29bb55cbd1bd898090145cd85750bd18eb48f81c69	1	0.10	E0292	RIPTiDe	training_samples=setx2,setx3	C4	G3	0.10	7ce358edc3a4bd7c08bb6daaad38e6b004b2499c6d5cdc3112e7a7dfa0faee9a	473d4f1bd46e522454faaf88efcb4858d6c533e112800f714ecae23ee6efc94e	2	3	5.6906455547789392e-08	0.8878080887183899	0.99999999897131486	1.0377305099016489	EVALUABLE	EVALUABLE	true	VALID	
e94149ed542fa5a729a3d615deb76102c162f93e282564c67d35ee4e038116df	1	0.90	E0181	GIMME	training_samples=setx2,setx3	C2	G2	0.90	f644340953d72bb12da093189853db0ff0fc86bb66134a4f3d0a44308555f75e	9479e42871e312cc9e8045bad83182066b1281c061fdcd80c3da7974e75e1d5d	1	1	0.045548546711112081	0.74136764643915098	1.2064484074095803	2.0920829234955569	EVALUABLE	EVALUABLE	true	VALID	
e953321d0059fa70c555cb30b9fe6541c76b70e0ef13a2d8316a288539b6f7c0	1	0.90	E0238	RIPTiDe	training_samples=setx1,setx2,setx3	C3	G4	0.90	473831994471df82d0913ed151c2dbb8e7c1cd219e13a873df972be6fe45480f	d2e77ddb8a929cfcb9b862f9915f2d5a3eb09741f2765ade2b0bcd69a98c741d	5	12	0.94329429866901282	0.078292259897551064	6.3787311692783124	1.1641833764420157	EVALUABLE	EVALUABLE	true	VALID	
e9b556d9bbf0920637dd806e94db413cf16f03906fda1e1930c45581f469de26	3	0.10,0.50,0.90	E0160	GIMME	training_samples=setx1,setx3	C3	G1	0.10	7d84eb225b8def23833824a5db45b74528179b1bd889afa1812a7b3af34d5dd1	e1e50204cde2f03790a3f2e74f66636d0dd7fd397ae5d4775dd61d74ccce0b76	0	19	0.00013933814558175772	0.0026313855300201805	1.0000373225614838	1.0000004299623209	EVALUABLE	EVALUABLE	true	VALID	
e9b556d9bbf0920637dd806e94db413cf16f03906fda1e1930c45581f469de26	3	0.10,0.50,0.90	E0160	GIMME	training_samples=setx1,setx3	C3	G1	0.50	7d84eb225b8def23833824a5db45b74528179b1bd889afa1812a7b3af34d5dd1	e1e50204cde2f03790a3f2e74f66636d0dd7fd397ae5d4775dd61d74ccce0b76	0	19	0.00013933814558175772	0.0026313855300201805	1.0000373225614838	1.0000004299623209	EVALUABLE	EVALUABLE	true	VALID	
e9b556d9bbf0920637dd806e94db413cf16f03906fda1e1930c45581f469de26	3	0.10,0.50,0.90	E0160	GIMME	training_samples=setx1,setx3	C3	G1	0.90	7d84eb225b8def23833824a5db45b74528179b1bd889afa1812a7b3af34d5dd1	e1e50204cde2f03790a3f2e74f66636d0dd7fd397ae5d4775dd61d74ccce0b76	0	19	0.00013933814558175772	0.0026313855300201805	1.0000373225614838	1.0000004299623209	EVALUABLE	EVALUABLE	true	VALID	
e9f71838e9e6618fe4a0f31a7592c378a29d737494d77625d25f31f8816f2cb0	2	0.10,0.50	E0042	CORDA	training_samples=setx1,setx2,setx3	C4	G3	0.10	102f69f6fa8557e4e0067accc8216a851f9d96d112c3c1db033468920969167f	5f016d2a7e8c0ca9be2a0c7a65b58b776f02175e7864b34d3b8946ee4f826f29	3	16	0.47166946811266552	0.020869479776507438	1.4317915679526623	1.0001476877215394	EVALUABLE	EVALUABLE	true	VALID	
e9f71838e9e6618fe4a0f31a7592c378a29d737494d77625d25f31f8816f2cb0	2	0.10,0.50	E0042	CORDA	training_samples=setx1,setx2,setx3	C4	G3	0.50	102f69f6fa8557e4e0067accc8216a851f9d96d112c3c1db033468920969167f	5f016d2a7e8c0ca9be2a0c7a65b58b776f02175e7864b34d3b8946ee4f826f29	3	16	0.47166946811266552	0.020869479776507438	1.4317915679526623	1.0001476877215394	EVALUABLE	EVALUABLE	true	VALID	
ea396c79baef2d6988a8a215427cc3b5b5b9454232801f7ebb5f5bc7358c0bef	1	0.50	E0190	GIMME	training_samples=setx2,setx3	C4	G1	0.50	394141b54352b224fc28580e817bd9529f6dc079245ece8a8f28d24752b5d692	8ecf30a756db2f84cdf96655aeefb4791848aa4abcee2632121fb0bb43d6914f	14	9	0.89186344470281353	0	4.0867163455296511	nan	EVALUABLE	NON_EVALUABLE_ZERO_POST_HOLDOUT_MASS under the frozen normalized-weight representation	false	NON_EVALUABLE_ZERO_POST_HOLDOUT_MASS under the frozen normalized-weight representation	zero post-holdout mass on one or both condition distributions under frozen normalized weights
ec83ae2e89f14a87cd4dea07ee97f1e4b4ba2651abb9a5cba568ae53f1d581b0	1	0.10	E0351	iMAT	training_samples=setx1,setx3	C1	G2	0.10	450f27facf5b727caade83033c48b7b5204e2c728b3acdf5c1e72afc35ea97fa	8919d77fd866b5a1dc2c64f31ddf3d2b0c854b469fdba34f75f79fe51e478517	16	0	0.55696117619449703	0.078328279385374566	2.0312898089044293	0.99999999999999911	EVALUABLE	EVALUABLE	true	VALID	
ec998dd4f5a491936337815edab1e2a29b256852a818305ef593fa490579cec3	1	0.10	E0095	CORDA	training_samples=setx2,setx3	C5	G1	0.10	722648b50fb7a1fecbf2dde75452eb95e5df91f0ab85ff61e3540293ef1928a7	5aa9dfc3f05d4356dd4aae2f9affd61bee89f17b06004e56c2253e057c5d0c49	19	19	0.66242056718359521	0.0009410314636870698	1.2982553663487022	1.0135451515840099	EVALUABLE	EVALUABLE	true	VALID	
ecc7667b1c59d7bf7b6cdf4960b31f341cb14a0cb655240759dd5f1b723a7cce	1	0.90	E0395	iMAT	training_samples=setx2,setx3	C5	G1	0.90	199d1232f9356b67d2811c1333b2b4466aa5cc643e0e7b3812579cffa59c92fe	02480ee2203a7247dc60b5c7ed203477c48ce766af288d2f669fd6d280f81869	17	16	0.70138928644675125	0.87992959543985894	2.106688402352034	4.0306196705740591	EVALUABLE	EVALUABLE	true	VALID	
ecfc49701c07b6bec2441e2105b4bf26b80ea2627bf066fb107b412b6897a2b3	1	0.50	E0191	GIMME	training_samples=setx2,setx3	C4	G2	0.50	394141b54352b224fc28580e817bd9529f6dc079245ece8a8f28d24752b5d692	0b742d893c7ca2cb7d6c3602f9b3060c69defdcca63058c841cf70d5b22d4480	14	0	0.89186344470281353	0.51247731842621946	4.0867163455296511	2.8568975681358206	EVALUABLE	EVALUABLE	true	VALID	
ed5ffb4b9a1f967cae39f234cabaf6cd9746848c3af89e42fb32d25641cd3d64	2	0.10,0.50	E0360	iMAT	training_samples=setx1,setx3	C3	G1	0.10	f715c48d725df09590892b8a0f532f274829fa59347013d5f282226dd527b95b	4b4cf4267fcb04925be0dfbb09053360ba7fe7c53232c32dfae0571e12ddfcbf	2	12	1.8678217881373804e-05	0.50576549219192124	1.0035262886233158	1.6588070231194156	EVALUABLE	EVALUABLE	true	VALID	
ed5ffb4b9a1f967cae39f234cabaf6cd9746848c3af89e42fb32d25641cd3d64	2	0.10,0.50	E0360	iMAT	training_samples=setx1,setx3	C3	G1	0.50	f715c48d725df09590892b8a0f532f274829fa59347013d5f282226dd527b95b	4b4cf4267fcb04925be0dfbb09053360ba7fe7c53232c32dfae0571e12ddfcbf	2	12	1.8678217881373804e-05	0.50576549219192124	1.0035262886233158	1.6588070231194156	EVALUABLE	EVALUABLE	true	VALID	
ed66ec073eef549ed16d6bf6573065a8039461eb1f78f37d826f9879efc9a9cf	1	0.90	E0005	CORDA	training_samples=setx1,setx2	C2	G1	0.90	55c97010acdd0cdc52f98f416746a96a3e453dfff25d0e9f08e270f4213bea20	32eee7f3879ac12eb2555790d4a68384c8aae85601ce98f8f7c8ad3733eb50c7	1	3	0.064745544342134309	0.51729867324651413	1.0000000063236132	1.5414126826127266	EVALUABLE	EVALUABLE	true	VALID	
ed90231ab9d32066f15f85602cddb95a62febcd4dfddcce3f1e24eccfeefad7b	2	0.10,0.50	E0027	CORDA	training_samples=setx1,setx2,setx3	C1	G3	0.10	bb0ad4b3dca9738ed169d4aae2f4f8fd0949efa9bd105de1d71889a580ae2be8	5f016d2a7e8c0ca9be2a0c7a65b58b776f02175e7864b34d3b8946ee4f826f29	19	16	0.37337614268516595	0.020869479776507438	2.1550924216373351	1.0001476877215394	EVALUABLE	EVALUABLE	true	VALID	
ed90231ab9d32066f15f85602cddb95a62febcd4dfddcce3f1e24eccfeefad7b	2	0.10,0.50	E0027	CORDA	training_samples=setx1,setx2,setx3	C1	G3	0.50	bb0ad4b3dca9738ed169d4aae2f4f8fd0949efa9bd105de1d71889a580ae2be8	5f016d2a7e8c0ca9be2a0c7a65b58b776f02175e7864b34d3b8946ee4f826f29	19	16	0.37337614268516595	0.020869479776507438	2.1550924216373351	1.0001476877215394	EVALUABLE	EVALUABLE	true	VALID	
ed9264d1976e96a6eddd815251c1662462e9579ef5b9bac92a4796164314b929	1	0.50	E0201	RIPTiDe	training_samples=setx1,setx2	C1	G2	0.50	4989824e2df2467b6e60573ab17ca31c35d0a30f6e54c8dfeb87847ca960b723	ea240cb47d0b313f1c494d71ead03c4db28ceb3f21745e3fd6d4055eb5868913	17	19	0.14891186736446671	0.85978921462993108	1.3401538914421374	7.9805899537680958	EVALUABLE	EVALUABLE	true	VALID	
ee75730c1d5f0ba56e8e3920fe5b3c9e475bcd3fd4957db7165dfebaaab5c94c	1	0.90	E0367	iMAT	training_samples=setx1,setx3	C4	G3	0.90	f748cd6aeca05446d28a19c599fcdda457fbd8a29c4d8a73e760985713b9f609	56f49755ad9fd488da413cdefefa89f19e6d4469948128c282c57ff52fb461d5	1	4	0.00036740755356445831	0.67061547524198106	1.0163496554444107	4.5930911601097986	EVALUABLE	EVALUABLE	true	VALID	
ee81d01f7e15a1b236148cd3adf770346ef69e3e31fd7cf551be8a087746c8b9	1	0.90	E0343	iMAT	training_samples=setx1,setx2,setx3	C4	G4	0.90	02a5544e4fc3b887f9768cac0b1d5ae40c8982fd620a763876acef8755995c11	1cd860a2429f051cd189f97b8ee6cd1f9b1fb1288a2d4b3c67e118e3ffcc8e3f	2	1	0.57685421516599134	0.59314719279813433	1.7754855518088264	0.99999999999999956	EVALUABLE	EVALUABLE	true	VALID	
ee9791034d8b9c96a57113870c3e5d073fe090b5c49758eac5de7e63c465e3f4	1	0.10	E0238	RIPTiDe	training_samples=setx1,setx2,setx3	C3	G4	0.10	bc31b2573e3654d69ba4dc987e4d975f87972c67efefef87ebb81d553332baa6	d2e77ddb8a929cfcb9b862f9915f2d5a3eb09741f2765ade2b0bcd69a98c741d	10	12	0.79570625554217833	0.078292259897551064	6.2703437421179968	1.1641833764420157	EVALUABLE	EVALUABLE	true	VALID	
eeb81781fee371098016d212668277ad029755939d845ee272bb37dac5aa83f4	1	0.10	E0233	RIPTiDe	training_samples=setx1,setx2,setx3	C2	G4	0.10	4ad59181fe7235c9f8799583e6a5926d9a3b391d8c90fd44a50e8f2ee914e297	d2e77ddb8a929cfcb9b862f9915f2d5a3eb09741f2765ade2b0bcd69a98c741d	14	12	0.88179206694945556	0.078292259897551064	1.5907262848203458	1.1641833764420157	EVALUABLE	EVALUABLE	true	VALID	
eedf85cee14c37a47bd1fcebc968255fe09344e05a9679f68a0b2e211e59ebbe	3	0.10,0.50,0.90	E0228	RIPTiDe	training_samples=setx1,setx2,setx3	C1	G4	0.10	0ce9f3c2ac8cacca151a431395692262091d1c40960aa953be66fdd4db529db5	d2e77ddb8a929cfcb9b862f9915f2d5a3eb09741f2765ade2b0bcd69a98c741d	17	12	2.1713975306703048e-07	0.078292259897551064	1.0397008007689097	1.1641833764420157	EVALUABLE	EVALUABLE	true	VALID	
eedf85cee14c37a47bd1fcebc968255fe09344e05a9679f68a0b2e211e59ebbe	3	0.10,0.50,0.90	E0228	RIPTiDe	training_samples=setx1,setx2,setx3	C1	G4	0.50	0ce9f3c2ac8cacca151a431395692262091d1c40960aa953be66fdd4db529db5	d2e77ddb8a929cfcb9b862f9915f2d5a3eb09741f2765ade2b0bcd69a98c741d	17	12	2.1713975306703048e-07	0.078292259897551064	1.0397008007689097	1.1641833764420157	EVALUABLE	EVALUABLE	true	VALID	
eedf85cee14c37a47bd1fcebc968255fe09344e05a9679f68a0b2e211e59ebbe	3	0.10,0.50,0.90	E0228	RIPTiDe	training_samples=setx1,setx2,setx3	C1	G4	0.90	0ce9f3c2ac8cacca151a431395692262091d1c40960aa953be66fdd4db529db5	d2e77ddb8a929cfcb9b862f9915f2d5a3eb09741f2765ade2b0bcd69a98c741d	17	12	2.1713975306703048e-07	0.078292259897551064	1.0397008007689097	1.1641833764420157	EVALUABLE	EVALUABLE	true	VALID	
ef87395b1d7119e64f93fbedb0766930be3757a1152afac2c0d2e49f3c0629d6	1	0.50	E0362	iMAT	training_samples=setx1,setx3	C3	G3	0.50	f715c48d725df09590892b8a0f532f274829fa59347013d5f282226dd527b95b	bd09497d41ee55e42aaa83e8316d7445fa924f491c973830af83a92070b5fe21	2	11	1.8678217881373804e-05	0.94632453112879367	1.0035262886233158	4.4000664865089565	EVALUABLE	EVALUABLE	true	VALID	
efbae1d5a561224136798625ce6dbbcadbb3b8bb48dfe2dbae5ff99a39a5a4a3	1	0.90	E0289	RIPTiDe	training_samples=setx2,setx3	C3	G5	0.90	1f934b3dc4f2e9a459543f2b3f436ecc7f80c3d79a147a95a65090f563b3f59c	c14d5ed0f81e787adc1913c3553bf14df5bb157bc649ea2040ac26996164fde7	17	14	0.94680661206646111	0.5017784307489479	10.201266743894504	2.8602677895300759	EVALUABLE	EVALUABLE	true	VALID	
f03c9542444bee6de85cf53d38089c10c13e34e74aa68085192ac5a9e59a586b	3	0.10,0.50,0.90	E0225	RIPTiDe	training_samples=setx1,setx2,setx3	C1	G1	0.10	0ce9f3c2ac8cacca151a431395692262091d1c40960aa953be66fdd4db529db5	d2e77ddb8a929cfcb9b862f9915f2d5a3eb09741f2765ade2b0bcd69a98c741d	17	12	2.1713975306703048e-07	0.0063572334634590666	1.0397008007689097	1.0123976784237918	EVALUABLE	EVALUABLE	true	VALID	
f03c9542444bee6de85cf53d38089c10c13e34e74aa68085192ac5a9e59a586b	3	0.10,0.50,0.90	E0225	RIPTiDe	training_samples=setx1,setx2,setx3	C1	G1	0.50	0ce9f3c2ac8cacca151a431395692262091d1c40960aa953be66fdd4db529db5	d2e77ddb8a929cfcb9b862f9915f2d5a3eb09741f2765ade2b0bcd69a98c741d	17	12	2.1713975306703048e-07	0.0063572334634590666	1.0397008007689097	1.0123976784237918	EVALUABLE	EVALUABLE	true	VALID	
f03c9542444bee6de85cf53d38089c10c13e34e74aa68085192ac5a9e59a586b	3	0.10,0.50,0.90	E0225	RIPTiDe	training_samples=setx1,setx2,setx3	C1	G1	0.90	0ce9f3c2ac8cacca151a431395692262091d1c40960aa953be66fdd4db529db5	d2e77ddb8a929cfcb9b862f9915f2d5a3eb09741f2765ade2b0bcd69a98c741d	17	12	2.1713975306703048e-07	0.0063572334634590666	1.0397008007689097	1.0123976784237918	EVALUABLE	EVALUABLE	true	VALID	
f081c68079fa490af888b2dabd3fee97230f7559b2e322c98106c9e0d2d84047	1	0.90	E0045	CORDA	training_samples=setx1,setx2,setx3	C5	G1	0.90	841f998ef00a0775a812107d6ae160399491e383a3bff330c20f771132333a20	5f016d2a7e8c0ca9be2a0c7a65b58b776f02175e7864b34d3b8946ee4f826f29	9	16	0.84626221092733167	0.94043579767345475	2.6308800934600693	2.1864905156924448	EVALUABLE	EVALUABLE	true	VALID	
f0905e8f14bf9f20b443692d846515d4bc06b70566022a9ad8dbf4b6c6b82ccb	1	0.90	E0044	CORDA	training_samples=setx1,setx2,setx3	C4	G5	0.90	593312d7347feeecef6821743059de3d62c9a9e7bc1e0d7af7214fa92b03e33f	a5e71df85ff7da9f890eb3cd5dcb2b7117ced118c99b3684ee841000c8e0b65d	4	13	0.61410595774632948	0.077931777908435307	1.320473526954991	1.1521560763699514	EVALUABLE	EVALUABLE	true	VALID	
f0ab0dd0f45297ad220c1fd17080367c33a6d7423aa81b9cbde729f3195f45e9	3	0.10,0.50,0.90	E0004	CORDA	training_samples=setx1,setx2	C1	G5	0.10	c55c11a6e3dc772e3c2e3b973cfb71fd8e41ddd3aef93d8b8367e17dfca95033	4e3f6d6ceeb0b403b1b2482130d0f49869cd9e2da46c27f2006cd8893987eb72	18	0	0.0065724073782047476	0	1.3332420312329403	nan	EVALUABLE	NON_EVALUABLE_ZERO_POST_HOLDOUT_MASS under the frozen normalized-weight representation	false	NON_EVALUABLE_ZERO_POST_HOLDOUT_MASS under the frozen normalized-weight representation	zero post-holdout mass on one or both condition distributions under frozen normalized weights
f0ab0dd0f45297ad220c1fd17080367c33a6d7423aa81b9cbde729f3195f45e9	3	0.10,0.50,0.90	E0004	CORDA	training_samples=setx1,setx2	C1	G5	0.50	c55c11a6e3dc772e3c2e3b973cfb71fd8e41ddd3aef93d8b8367e17dfca95033	4e3f6d6ceeb0b403b1b2482130d0f49869cd9e2da46c27f2006cd8893987eb72	18	0	0.0065724073782047476	0	1.3332420312329403	nan	EVALUABLE	NON_EVALUABLE_ZERO_POST_HOLDOUT_MASS under the frozen normalized-weight representation	false	NON_EVALUABLE_ZERO_POST_HOLDOUT_MASS under the frozen normalized-weight representation	zero post-holdout mass on one or both condition distributions under frozen normalized weights
f0ab0dd0f45297ad220c1fd17080367c33a6d7423aa81b9cbde729f3195f45e9	3	0.10,0.50,0.90	E0004	CORDA	training_samples=setx1,setx2	C1	G5	0.90	c55c11a6e3dc772e3c2e3b973cfb71fd8e41ddd3aef93d8b8367e17dfca95033	4e3f6d6ceeb0b403b1b2482130d0f49869cd9e2da46c27f2006cd8893987eb72	18	0	0.0065724073782047476	0	1.3332420312329403	nan	EVALUABLE	NON_EVALUABLE_ZERO_POST_HOLDOUT_MASS under the frozen normalized-weight representation	false	NON_EVALUABLE_ZERO_POST_HOLDOUT_MASS under the frozen normalized-weight representation	zero post-holdout mass on one or both condition distributions under frozen normalized weights
f0c250a5792c18faed32616dcb295428e8a1467e26175fa0e5b1aba357b55a55	3	0.10,0.50,0.90	E0159	GIMME	training_samples=setx1,setx3	C2	G5	0.10	7d84eb225b8def23833824a5db45b74528179b1bd889afa1812a7b3af34d5dd1	0613270f4140a02dc933da8f58c1eea1dfd57164ef86989cfbd7dbf0d510376d	0	13	1.0966116903432521e-10	5.5723343161617755e-05	1.0000011716829813	1.2137893587424984	EVALUABLE	EVALUABLE	true	VALID	
f0c250a5792c18faed32616dcb295428e8a1467e26175fa0e5b1aba357b55a55	3	0.10,0.50,0.90	E0159	GIMME	training_samples=setx1,setx3	C2	G5	0.50	7d84eb225b8def23833824a5db45b74528179b1bd889afa1812a7b3af34d5dd1	0613270f4140a02dc933da8f58c1eea1dfd57164ef86989cfbd7dbf0d510376d	0	13	1.0966116903432521e-10	5.5723343161617755e-05	1.0000011716829813	1.2137893587424984	EVALUABLE	EVALUABLE	true	VALID	
f0c250a5792c18faed32616dcb295428e8a1467e26175fa0e5b1aba357b55a55	3	0.10,0.50,0.90	E0159	GIMME	training_samples=setx1,setx3	C2	G5	0.90	7d84eb225b8def23833824a5db45b74528179b1bd889afa1812a7b3af34d5dd1	0613270f4140a02dc933da8f58c1eea1dfd57164ef86989cfbd7dbf0d510376d	0	13	1.0966116903432521e-10	5.5723343161617755e-05	1.0000011716829813	1.2137893587424984	EVALUABLE	EVALUABLE	true	VALID	
f0c9fb9be6a2a9792eee3ce85312ae62092d35fda1e01f0580774a2515a79f0e	1	0.10	E0378	iMAT	training_samples=setx2,setx3	C1	G4	0.10	93bcac7a72697a36bd2ebdfcfec80d11ce9ecaab48365dbcfddc2af85158d388	80a784effa6b3b2aafa37d724569e27dd6d62f8297103775ff360d41d6331aab	19	2	0.029678835029393169	0.92764349502186594	1.0642276241648672	3.2091963869354778	EVALUABLE	EVALUABLE	true	VALID	
f0de36f1cf92f9585040652ff8f082901742fe3be0c2113a97b5ed1de1055935	1	0.90	E0255	RIPTiDe	training_samples=setx1,setx3	C2	G1	0.90	227fe4afb2202ead22ee9d269e9306fc1462f44fe8ea75b1015ef56783db29e3	deff62e02ba886762368ef91d7c5a863a4429df48e2f355d224c8d1fd18fccdc	3	11	0.34889986098278924	0.50000000000031786	3.8506118423343687	1.0000000000025429	EVALUABLE	EVALUABLE	true	VALID	
f0ec2fb3b67ac9f5d85cce0b6ca49947a4a89b18535d9c171596ed3ce95bc77a	3	0.10,0.50,0.90	E0104	GIMME	training_samples=setx1,setx2	C1	G5	0.10	28de38258d03212a0d010bf8ac5b5dd9d5bb9878b0d353e342028da17117a4df	f88bd6cf2efb8f44e7d076dd701147d46987ae954fb4b6708b6977e588db41be	11	0	3.3841141522383822e-07	0.00012946688503467918	1.0000000424174929	1.3418135361763321	EVALUABLE	EVALUABLE	true	VALID	
f0ec2fb3b67ac9f5d85cce0b6ca49947a4a89b18535d9c171596ed3ce95bc77a	3	0.10,0.50,0.90	E0104	GIMME	training_samples=setx1,setx2	C1	G5	0.50	28de38258d03212a0d010bf8ac5b5dd9d5bb9878b0d353e342028da17117a4df	f88bd6cf2efb8f44e7d076dd701147d46987ae954fb4b6708b6977e588db41be	11	0	3.3841141522383822e-07	0.00012946688503467918	1.0000000424174929	1.3418135361763321	EVALUABLE	EVALUABLE	true	VALID	
f0ec2fb3b67ac9f5d85cce0b6ca49947a4a89b18535d9c171596ed3ce95bc77a	3	0.10,0.50,0.90	E0104	GIMME	training_samples=setx1,setx2	C1	G5	0.90	28de38258d03212a0d010bf8ac5b5dd9d5bb9878b0d353e342028da17117a4df	f88bd6cf2efb8f44e7d076dd701147d46987ae954fb4b6708b6977e588db41be	11	0	3.3841141522383822e-07	0.00012946688503467918	1.0000000424174929	1.3418135361763321	EVALUABLE	EVALUABLE	true	VALID	
f0f9983cd5579bb806667b2d5540c8a5a799c111352926799647160152378c62	2	0.10,0.50	E0323	iMAT	training_samples=setx1,setx2	C5	G4	0.10	41b88b4ee1d53a5ed347ca7ca6e242f063954bf817489f768d55c5cd466c4a09	56619b4e4e6013ca0ea5dfecefc8a41771a2787473f82472dde4086101e026ce	11	1	0.32862257575172626	0.28040011114606589	1.0163549833362697	1.0000000000004945	EVALUABLE	EVALUABLE	true	VALID	
f0f9983cd5579bb806667b2d5540c8a5a799c111352926799647160152378c62	2	0.10,0.50	E0323	iMAT	training_samples=setx1,setx2	C5	G4	0.50	41b88b4ee1d53a5ed347ca7ca6e242f063954bf817489f768d55c5cd466c4a09	56619b4e4e6013ca0ea5dfecefc8a41771a2787473f82472dde4086101e026ce	11	1	0.32862257575172626	0.28040011114606589	1.0163549833362697	1.0000000000004945	EVALUABLE	EVALUABLE	true	VALID	
f130e1d42edb4173280439986d34d1503984c204cdd273678a2ad7a3480fa392	1	0.10	E0289	RIPTiDe	training_samples=setx2,setx3	C3	G5	0.10	0a95f91928ebf23599e2fd99cce9339024b168bc277b7ee6b223dfc5b37da8df	473d4f1bd46e522454faaf88efcb4858d6c533e112800f714ecae23ee6efc94e	10	3	0.8810977913406266	0.74241171201616196	10.139210446872966	2.0421436316409589	EVALUABLE	EVALUABLE	true	VALID	
f188f1ec33f51009805118e5c1da4d307044b8c71abc8f62c86071e35e399d19	1	0.50	E0072	CORDA	training_samples=setx1,setx3	C5	G3	0.50	922acc409690b4b94ea7e61fd138fe5eb67df3130bc7d7edc8faac768d87407d	f3e9af567444075a63b7c2a2854ddee5538bfb4c47245f27578a66e389b5a9bc	8	18	0.7970173818869577	0.022000495467268677	3.2700546606042038	1.7790276667250031	EVALUABLE	EVALUABLE	true	VALID	
f31269272032493e899c0063e3e318aa9975695a8d34051a8ced5e26949dca79	1	0.10	E0332	iMAT	training_samples=setx1,setx2,setx3	C2	G3	0.10	73800d86c4f889eaf4f5923c873981e1547c7ce8918bcad431aebb6957e65d8f	c39666cec50f85c68c411fb7f35fd14dc87818c4e5eb5dcffc093c106d19e93d	1	12	1.6288439486089601e-09	0.9027534092714995	1.1217230781177472	1.2321449649549179	EVALUABLE	EVALUABLE	true	VALID	
f32c7c8affd5a8a880e3cc0929d81fcf5965effa6bac00d0538b403a66ee729a	1	0.10	E0335	iMAT	training_samples=setx1,setx2,setx3	C3	G1	0.10	73800d86c4f889eaf4f5923c873981e1547c7ce8918bcad431aebb6957e65d8f	0d37965ea995985f614ffc8e8261127f65775a5f6e502c959cba7441f181e37a	1	3	4.6432333755674904e-08	0.89839542635097869	1.2795248085257824	3.5328775400729078	EVALUABLE	EVALUABLE	true	VALID	
f3af3571a4b07b8ff8e10a106783c3d882ae7faca06dc701da2d5ad50e6cdb2e	1	0.50	E0048	CORDA	training_samples=setx1,setx2,setx3	C5	G4	0.50	dbd76666b3084fdec6b1c3315b220417ef6d15d44a34b19cb92d68548716b4ce	c369920187a75d899f06ea4bdc2750fd086c9e7dff9e33c43812a3ed0dd71628	6	12	0.64094395183080555	0.81196589996307045	2.461010068739427	5.4041597018660799	EVALUABLE	EVALUABLE	true	VALID	
f3b504ef4495e39494e8268d785e44f7b20d782508e0968c4bf38784e56bc4a2	1	0.10	E0193	GIMME	training_samples=setx2,setx3	C4	G4	0.10	ec713323665316d5b12598b96ce058a5cbd45046ed44f9acd156cf13bb158862	8ecf30a756db2f84cdf96655aeefb4791848aa4abcee2632121fb0bb43d6914f	13	9	0.68532626770174399	1.0442737896632082e-08	4.3767973435134619	1.0019172917447461	EVALUABLE	EVALUABLE	true	VALID	
f3d0a97a9bae572ebaee607f76e290155239bcca1d737f7ad9e68d7230999821	1	0.10	E0207	RIPTiDe	training_samples=setx1,setx2	C2	G3	0.10	64e14d92b1a5821eccddd0e1e6d5521f0fcaba2977c9eb34cfda886205c3493d	4f3ac3dd70092e73abd0358812ec03b156828b637df9f9d81f3fa59635a9cea7	8	2	0.80317842331243483	0.66667367748945972	4.3475354604705059	2.0001261955076726	EVALUABLE	EVALUABLE	true	VALID	
f3eefabc025772caa4ccb7e39c4f0fda6b27700fffa309677d3992168e710fee	1	0.50	E0203	RIPTiDe	training_samples=setx1,setx2	C1	G4	0.50	4989824e2df2467b6e60573ab17ca31c35d0a30f6e54c8dfeb87847ca960b723	a7e9e73c64d9d3f1375205efa617218792e4925fade6c0b5b1060f1e99eea4db	17	15	0.14891186736446671	0.66666667819853065	1.3401538914421374	2.000000207573553	EVALUABLE	EVALUABLE	true	VALID	
f3f13a22d1882f60a2a2d3b8f90118f6fd55858fc682185dbac0c86eed03af49	1	0.10	E0097	CORDA	training_samples=setx2,setx3	C5	G3	0.10	722648b50fb7a1fecbf2dde75452eb95e5df91f0ab85ff61e3540293ef1928a7	5aa9dfc3f05d4356dd4aae2f9affd61bee89f17b06004e56c2253e057c5d0c49	19	19	0.66242056718359521	9.3696706559009968e-05	1.2982553663487022	1.0161934278185878	EVALUABLE	EVALUABLE	true	VALID	
f4157d8aa3730c453d92021fae2410167a1fd52a41b6e1638df3d649539324d3	3	0.10,0.50,0.90	E0059	CORDA	training_samples=setx1,setx3	C2	G5	0.10	7f09d6185ac5d193185190172ff78a97a79908108e64a74fa9c0e5c5b7a315dc	d928590f61fb177ab6a5b0e11cbeca11a10927ce32463c8505150ddf6a21fd31	0	8	0	5.0411766523650314e-05	nan	1.0000000000666915	NON_EVALUABLE_ZERO_POST_HOLDOUT_MASS under the frozen normalized-weight representation	EVALUABLE	false	NON_EVALUABLE_ZERO_POST_HOLDOUT_MASS under the frozen normalized-weight representation	zero post-holdout mass on one or both condition distributions under frozen normalized weights
f4157d8aa3730c453d92021fae2410167a1fd52a41b6e1638df3d649539324d3	3	0.10,0.50,0.90	E0059	CORDA	training_samples=setx1,setx3	C2	G5	0.50	7f09d6185ac5d193185190172ff78a97a79908108e64a74fa9c0e5c5b7a315dc	d928590f61fb177ab6a5b0e11cbeca11a10927ce32463c8505150ddf6a21fd31	0	8	0	5.0411766523650314e-05	nan	1.0000000000666915	NON_EVALUABLE_ZERO_POST_HOLDOUT_MASS under the frozen normalized-weight representation	EVALUABLE	false	NON_EVALUABLE_ZERO_POST_HOLDOUT_MASS under the frozen normalized-weight representation	zero post-holdout mass on one or both condition distributions under frozen normalized weights
f4157d8aa3730c453d92021fae2410167a1fd52a41b6e1638df3d649539324d3	3	0.10,0.50,0.90	E0059	CORDA	training_samples=setx1,setx3	C2	G5	0.90	7f09d6185ac5d193185190172ff78a97a79908108e64a74fa9c0e5c5b7a315dc	d928590f61fb177ab6a5b0e11cbeca11a10927ce32463c8505150ddf6a21fd31	0	8	0	5.0411766523650314e-05	nan	1.0000000000666915	NON_EVALUABLE_ZERO_POST_HOLDOUT_MASS under the frozen normalized-weight representation	EVALUABLE	false	NON_EVALUABLE_ZERO_POST_HOLDOUT_MASS under the frozen normalized-weight representation	zero post-holdout mass on one or both condition distributions under frozen normalized weights
f46e2f2bf4f3515486146419735b42d77390d9d8a42bfc6f70df6d2be96a3cd3	1	0.50	E0256	RIPTiDe	training_samples=setx1,setx3	C2	G2	0.50	227fe4afb2202ead22ee9d269e9306fc1462f44fe8ea75b1015ef56783db29e3	0a9dfbbbf9f389fdfd621ebb50a400f6f5a3ddb9cb5fb51e4859c587846d9633	3	14	0.34889986098278924	0.89293334948723713	3.8506118423343687	9.9601742171462728	EVALUABLE	EVALUABLE	true	VALID	
f508610b7fadad28e5db9e8c3377b02119356df092fb2d23cc738e55134c342f	1	0.50	E0222	RIPTiDe	training_samples=setx1,setx2	C5	G3	0.50	4989824e2df2467b6e60573ab17ca31c35d0a30f6e54c8dfeb87847ca960b723	a7e9e73c64d9d3f1375205efa617218792e4925fade6c0b5b1060f1e99eea4db	17	15	0.0061606563835081563	0.66667367748945972	1.0120116284821428	2.0001261955076726	EVALUABLE	EVALUABLE	true	VALID	
f5ead5696b58773864c5751e1e4ccfe4de64bfb96c5cd674ed8ce283534c455b	2	0.10,0.50	E0265	RIPTiDe	training_samples=setx1,setx3	C4	G1	0.10	227fe4afb2202ead22ee9d269e9306fc1462f44fe8ea75b1015ef56783db29e3	ad3ae52546893ca463d0370db5c0243a4cd79da6df16d930a4acee2fee7bf062	3	3	7.6612478538962137e-07	0.50000000000031786	1.1135922927589117	1.0000000000025429	EVALUABLE	EVALUABLE	true	VALID	
f5ead5696b58773864c5751e1e4ccfe4de64bfb96c5cd674ed8ce283534c455b	2	0.10,0.50	E0265	RIPTiDe	training_samples=setx1,setx3	C4	G1	0.50	227fe4afb2202ead22ee9d269e9306fc1462f44fe8ea75b1015ef56783db29e3	ad3ae52546893ca463d0370db5c0243a4cd79da6df16d930a4acee2fee7bf062	3	3	7.6612478538962137e-07	0.50000000000031786	1.1135922927589117	1.0000000000025429	EVALUABLE	EVALUABLE	true	VALID	
f5edf0a954422faa54ba9dccfa0e954dce4c91caeb071c87a9fbf458d018614b	3	0.10,0.50,0.90	E0157	GIMME	training_samples=setx1,setx3	C2	G3	0.10	7d84eb225b8def23833824a5db45b74528179b1bd889afa1812a7b3af34d5dd1	e1e50204cde2f03790a3f2e74f66636d0dd7fd397ae5d4775dd61d74ccce0b76	0	19	1.0966116903432521e-10	0.060660545194369586	1.0000011716829813	1.0023140947557041	EVALUABLE	EVALUABLE	true	VALID	
f5edf0a954422faa54ba9dccfa0e954dce4c91caeb071c87a9fbf458d018614b	3	0.10,0.50,0.90	E0157	GIMME	training_samples=setx1,setx3	C2	G3	0.50	7d84eb225b8def23833824a5db45b74528179b1bd889afa1812a7b3af34d5dd1	e1e50204cde2f03790a3f2e74f66636d0dd7fd397ae5d4775dd61d74ccce0b76	0	19	1.0966116903432521e-10	0.060660545194369586	1.0000011716829813	1.0023140947557041	EVALUABLE	EVALUABLE	true	VALID	
f5edf0a954422faa54ba9dccfa0e954dce4c91caeb071c87a9fbf458d018614b	3	0.10,0.50,0.90	E0157	GIMME	training_samples=setx1,setx3	C2	G3	0.90	7d84eb225b8def23833824a5db45b74528179b1bd889afa1812a7b3af34d5dd1	e1e50204cde2f03790a3f2e74f66636d0dd7fd397ae5d4775dd61d74ccce0b76	0	19	1.0966116903432521e-10	0.060660545194369586	1.0000011716829813	1.0023140947557041	EVALUABLE	EVALUABLE	true	VALID	
f5f208d49afc637c1b9927c81c84026d3fd9d52813536bea34043d70a9098818	1	0.50	E0213	RIPTiDe	training_samples=setx1,setx2	C3	G4	0.50	3d455bd6c6c1107026e8edf70c2d6d8e202fc5d502a840648e30a9c7f4d8ac8c	a7e9e73c64d9d3f1375205efa617218792e4925fade6c0b5b1060f1e99eea4db	19	15	0.70789375008052768	0.66666667819853065	2.6599917634563011	2.000000207573553	EVALUABLE	EVALUABLE	true	VALID	
f63dd7ca4cd005564210b66c1ec9af61e383966b146edc541d41f90bdf3128dc	1	0.10	E0103	GIMME	training_samples=setx1,setx2	C1	G4	0.10	28de38258d03212a0d010bf8ac5b5dd9d5bb9878b0d353e342028da17117a4df	f6b0f2ba20b13928be8ad57375895f2cc1e549f77dfc7af9607209c545567596	11	9	3.3841141522383822e-07	0.57602289999592615	1.0000000424174929	3.3768953965091928	EVALUABLE	EVALUABLE	true	VALID	
f657ff8ef66350d4326fa720eeba96a52a83d8f1530aa9a2f7b69fd40a8f0c55	1	0.10	E0210	RIPTiDe	training_samples=setx1,setx2	C3	G1	0.10	7f680ec90ffb14e0cf02f3aa48fc2a9480180e3d4bfe2ca3fd207f7277645ac2	4f3ac3dd70092e73abd0358812ec03b156828b637df9f9d81f3fa59635a9cea7	16	2	0.59048583037751756	0.66666666666680796	3.2889586811236944	2.0000000000025433	EVALUABLE	EVALUABLE	true	VALID	
f66f95f620ed093ad3aa04c1a32f89f3a78eb99eb8d08ab1c3ca8b0edb69e256	1	0.90	E0173	GIMME	training_samples=setx1,setx3	C5	G4	0.90	652d4fa99bc208956b898fae76f9f32fe69a417d4073ce7544aad1ca9cc48dfb	e1e50204cde2f03790a3f2e74f66636d0dd7fd397ae5d4775dd61d74ccce0b76	2	19	0.62155846847818952	0.30666653421198597	1.4904951286750303	1.2045897146422317	EVALUABLE	EVALUABLE	true	VALID	
f67e5b8e6451d490e70ca154ea7ad84801cdc427fa818f389f57b11541d43ea8	1	0.10	E0192	GIMME	training_samples=setx2,setx3	C4	G3	0.10	ec713323665316d5b12598b96ce058a5cbd45046ed44f9acd156cf13bb158862	8ecf30a756db2f84cdf96655aeefb4791848aa4abcee2632121fb0bb43d6914f	13	9	0.68532626770174399	0	4.3767973435134619	nan	EVALUABLE	NON_EVALUABLE_ZERO_POST_HOLDOUT_MASS under the frozen normalized-weight representation	false	NON_EVALUABLE_ZERO_POST_HOLDOUT_MASS under the frozen normalized-weight representation	zero post-holdout mass on one or both condition distributions under frozen normalized weights
f7156884c3370f1bc76068edc6f3573e4837400467c0ebefb03f02d674807042	2	0.10,0.50	E0089	CORDA	training_samples=setx2,setx3	C3	G5	0.10	11c92eb5eefda7cc64e53694479d802bc86526faac5ec503ffca49ddb81a3886	1da91e6cbc1ec44f0d5dcba4f1de73f1c00882c5b1d520c8967a9b59c82629c7	1	15	0.21213407225811065	5.0681681074138396e-12	1.0000416367334737	1.0045891512775165	EVALUABLE	EVALUABLE	true	VALID	
f7156884c3370f1bc76068edc6f3573e4837400467c0ebefb03f02d674807042	2	0.10,0.50	E0089	CORDA	training_samples=setx2,setx3	C3	G5	0.50	11c92eb5eefda7cc64e53694479d802bc86526faac5ec503ffca49ddb81a3886	1da91e6cbc1ec44f0d5dcba4f1de73f1c00882c5b1d520c8967a9b59c82629c7	1	15	0.21213407225811065	5.0681681074138396e-12	1.0000416367334737	1.0045891512775165	EVALUABLE	EVALUABLE	true	VALID	
f73e0476e1fdb0f43e3f1920a1219d414e8e0b762d5f784edc0290f2e3678c26	1	0.90	E0114	GIMME	training_samples=setx1,setx2	C3	G5	0.90	23292304d2d32b2fdbaff4ee52762d292782269c9b4414137b63abfae0a20815	f88bd6cf2efb8f44e7d076dd701147d46987ae954fb4b6708b6977e588db41be	1	0	0.65394432018415993	0.00012946688503467918	1.0000001252770447	1.3418135361763321	EVALUABLE	EVALUABLE	true	VALID	
f75ebf13a0aa33922a187adf3d8fccf95bb2f5c5c22c80c1cb36ecc74b77316d	1	0.10	E0036	CORDA	training_samples=setx1,setx2,setx3	C3	G2	0.10	102f69f6fa8557e4e0067accc8216a851f9d96d112c3c1db033468920969167f	fc27b6af092e285d50c1968dde0a42a6920a84a660be54cb08c63990c795644b	3	7	0.20894673440458977	0.79297857385101167	1.0088504246050884	1.1729161906221426	EVALUABLE	EVALUABLE	true	VALID	
f818d4ad1c0cef41733b3d30641d77e834883f1809738aeccfcab4da8ab89b77	3	0.10,0.50,0.90	E0068	CORDA	training_samples=setx1,setx3	C4	G4	0.10	7f09d6185ac5d193185190172ff78a97a79908108e64a74fa9c0e5c5b7a315dc	d928590f61fb177ab6a5b0e11cbeca11a10927ce32463c8505150ddf6a21fd31	0	8	1.9126485950593519e-09	0.086696615934440668	1.0000004037368553	1.0030853093304006	EVALUABLE	EVALUABLE	true	VALID	
f818d4ad1c0cef41733b3d30641d77e834883f1809738aeccfcab4da8ab89b77	3	0.10,0.50,0.90	E0068	CORDA	training_samples=setx1,setx3	C4	G4	0.50	7f09d6185ac5d193185190172ff78a97a79908108e64a74fa9c0e5c5b7a315dc	d928590f61fb177ab6a5b0e11cbeca11a10927ce32463c8505150ddf6a21fd31	0	8	1.9126485950593519e-09	0.086696615934440668	1.0000004037368553	1.0030853093304006	EVALUABLE	EVALUABLE	true	VALID	
f818d4ad1c0cef41733b3d30641d77e834883f1809738aeccfcab4da8ab89b77	3	0.10,0.50,0.90	E0068	CORDA	training_samples=setx1,setx3	C4	G4	0.90	7f09d6185ac5d193185190172ff78a97a79908108e64a74fa9c0e5c5b7a315dc	d928590f61fb177ab6a5b0e11cbeca11a10927ce32463c8505150ddf6a21fd31	0	8	1.9126485950593519e-09	0.086696615934440668	1.0000004037368553	1.0030853093304006	EVALUABLE	EVALUABLE	true	VALID	
f8867e4878623c23bf714994b84836c21cf005f25c266a739424880564d48a57	1	0.50	E0226	RIPTiDe	training_samples=setx1,setx2,setx3	C1	G2	0.50	0ce9f3c2ac8cacca151a431395692262091d1c40960aa953be66fdd4db529db5	1e4730ea84327c2af00f7bf39dfe64b793d2c667d11063277acbba44643bb602	17	10	2.1713975306703048e-07	0.68967358079474295	1.0397008007689097	3.5993535642060053	EVALUABLE	EVALUABLE	true	VALID	
f8d20835e62ca5325b582106b01e631d3c9c9adfac76307d7ca48b7a20d6e4a0	1	0.90	E0324	iMAT	training_samples=setx1,setx2	C5	G5	0.90	ed0c17f7a22a64be5862f52a396317f78e98d4489d5d4467a22d858c65d1c63f	4a2fb998e907a76d9911c65dc23b53d134425ac6130d04103f1e03f7be8c05b6	9	0	0.67404310497845099	0	1.0079408158257146	nan	EVALUABLE	NON_EVALUABLE_ZERO_POST_HOLDOUT_MASS under the frozen normalized-weight representation	false	NON_EVALUABLE_ZERO_POST_HOLDOUT_MASS under the frozen normalized-weight representation	zero post-holdout mass on one or both condition distributions under frozen normalized weights
f8e403b5042ad882315301a6bbd2e8355a96bdcfd2df76b985185d2bd36ec655	2	0.10,0.50	E0253	RIPTiDe	training_samples=setx1,setx3	C1	G4	0.10	227fe4afb2202ead22ee9d269e9306fc1462f44fe8ea75b1015ef56783db29e3	ad3ae52546893ca463d0370db5c0243a4cd79da6df16d930a4acee2fee7bf062	3	3	6.3129538027562049e-05	0.50000002594415682	1.317146526385899	1.000000207553265	EVALUABLE	EVALUABLE	true	VALID	
f8e403b5042ad882315301a6bbd2e8355a96bdcfd2df76b985185d2bd36ec655	2	0.10,0.50	E0253	RIPTiDe	training_samples=setx1,setx3	C1	G4	0.50	227fe4afb2202ead22ee9d269e9306fc1462f44fe8ea75b1015ef56783db29e3	ad3ae52546893ca463d0370db5c0243a4cd79da6df16d930a4acee2fee7bf062	3	3	6.3129538027562049e-05	0.50000002594415682	1.317146526385899	1.000000207553265	EVALUABLE	EVALUABLE	true	VALID	
f987da756b08b73a71d66cf7b17143ce385eb3d62877d51b3d341eca240f5d9f	2	0.50,0.90	E0135	GIMME	training_samples=setx1,setx2,setx3	C3	G1	0.50	4eeef1890619aa578845837f43661ee7c19b674ff17bfb6610802a3013e3f2fa	9d089ba3b0e645d3e16cc9b9a500224416307f7ee4379f38d87bf989d2174ec1	0	19	0.29071316070552367	5.333362351089832e-06	2.1236601906571737	1.0331518001100977	EVALUABLE	EVALUABLE	true	VALID	
f987da756b08b73a71d66cf7b17143ce385eb3d62877d51b3d341eca240f5d9f	2	0.50,0.90	E0135	GIMME	training_samples=setx1,setx2,setx3	C3	G1	0.90	4eeef1890619aa578845837f43661ee7c19b674ff17bfb6610802a3013e3f2fa	9d089ba3b0e645d3e16cc9b9a500224416307f7ee4379f38d87bf989d2174ec1	0	19	0.29071316070552367	5.333362351089832e-06	2.1236601906571737	1.0331518001100977	EVALUABLE	EVALUABLE	true	VALID	
f9d918b9d6a5b49a1a7f9e2576efc9c8d264200242a0090afd59c80165d11b62	1	0.50	E0393	iMAT	training_samples=setx2,setx3	C4	G4	0.50	7694a9e011d4ebf44d303658c7154c14143b3e30ce56570e30c917120cb8c5fd	4aef105489baf9bef63ed97725d1de0a50cea4bd591f4c627ed30ca8b0d0f088	11	3	0.14429939582273443	0.70252741989967427	1.4390303388080905	2.6694229783419354	EVALUABLE	EVALUABLE	true	VALID	
fa23c3ad5907b567b2aa3f1577654cb7dfe1ac202dac5e43de2fcd308fe97315	1	0.10	E0096	CORDA	training_samples=setx2,setx3	C5	G2	0.10	722648b50fb7a1fecbf2dde75452eb95e5df91f0ab85ff61e3540293ef1928a7	1da91e6cbc1ec44f0d5dcba4f1de73f1c00882c5b1d520c8967a9b59c82629c7	19	15	0.66242056718359521	5.9220414986294045e-06	1.2982553663487022	1.1646680046001436	EVALUABLE	EVALUABLE	true	VALID	
fa3138bf7d8bfaa07d4a00666649755be39110e4173ea112e352734e17973508	1	0.90	E0030	CORDA	training_samples=setx1,setx2,setx3	C2	G1	0.90	102f69f6fa8557e4e0067accc8216a851f9d96d112c3c1db033468920969167f	5f016d2a7e8c0ca9be2a0c7a65b58b776f02175e7864b34d3b8946ee4f826f29	3	16	0.055860077059445623	0.94043579767345475	1.0000178993636453	2.1864905156924448	EVALUABLE	EVALUABLE	true	VALID	
fa671ac807defc16537d2c129cc4b68215a49043410fab4283d31a7d766f9e67	2	0.10,0.50	E0085	CORDA	training_samples=setx2,setx3	C3	G1	0.10	11c92eb5eefda7cc64e53694479d802bc86526faac5ec503ffca49ddb81a3886	5aa9dfc3f05d4356dd4aae2f9affd61bee89f17b06004e56c2253e057c5d0c49	1	19	0.21213407225811065	0.0009410314636870698	1.0000416367334737	1.0135451515840099	EVALUABLE	EVALUABLE	true	VALID	
fa671ac807defc16537d2c129cc4b68215a49043410fab4283d31a7d766f9e67	2	0.10,0.50	E0085	CORDA	training_samples=setx2,setx3	C3	G1	0.50	11c92eb5eefda7cc64e53694479d802bc86526faac5ec503ffca49ddb81a3886	5aa9dfc3f05d4356dd4aae2f9affd61bee89f17b06004e56c2253e057c5d0c49	1	19	0.21213407225811065	0.0009410314636870698	1.0000416367334737	1.0135451515840099	EVALUABLE	EVALUABLE	true	VALID	
fa7cac05fcb028d726aa3ce4fe5af523bdd702089fbfa6e70c6b26abeacf728c	3	0.10,0.50,0.90	E0384	iMAT	training_samples=setx2,setx3	C2	G5	0.10	e0894b04544dae489a65af0d3d2e6b796b8d625f6b5e2a273115d0c767e3e693	2f971692e2765073ae8a6d2f6fd8f4e97e81f95489df3f2946d4c497d94165b9	6	0	0.099830003389147048	4.3214321010509593e-12	1.0000000003998513	0.99993274541767907	EVALUABLE	EVALUABLE	true	VALID	
fa7cac05fcb028d726aa3ce4fe5af523bdd702089fbfa6e70c6b26abeacf728c	3	0.10,0.50,0.90	E0384	iMAT	training_samples=setx2,setx3	C2	G5	0.50	e0894b04544dae489a65af0d3d2e6b796b8d625f6b5e2a273115d0c767e3e693	2f971692e2765073ae8a6d2f6fd8f4e97e81f95489df3f2946d4c497d94165b9	6	0	0.099830003389147048	4.3214321010509593e-12	1.0000000003998513	0.99993274541767907	EVALUABLE	EVALUABLE	true	VALID	
fa7cac05fcb028d726aa3ce4fe5af523bdd702089fbfa6e70c6b26abeacf728c	3	0.10,0.50,0.90	E0384	iMAT	training_samples=setx2,setx3	C2	G5	0.90	e0894b04544dae489a65af0d3d2e6b796b8d625f6b5e2a273115d0c767e3e693	2f971692e2765073ae8a6d2f6fd8f4e97e81f95489df3f2946d4c497d94165b9	6	0	0.099830003389147048	4.3214321010509593e-12	1.0000000003998513	0.99993274541767907	EVALUABLE	EVALUABLE	true	VALID	
fade34802d6db353ccaa453e7bb8d941a5194d46b2bd1ac8ad4aa19f0f9c617a	1	0.10	E0211	RIPTiDe	training_samples=setx1,setx2	C3	G2	0.10	7f680ec90ffb14e0cf02f3aa48fc2a9480180e3d4bfe2ca3fd207f7277645ac2	0af4d52ceb5c7b84765092ebe689361bf969900f21c30351e6dea4de03bed02b	16	12	0.59048583037751756	0.84955711912667298	3.2889586811236944	8.0502349044828208	EVALUABLE	EVALUABLE	true	VALID	
fb0a4c6931dba2d40cf8cf46b7c6cce5f07b589e2866b478788f8de67860449c	2	0.50,0.90	E0346	iMAT	training_samples=setx1,setx2,setx3	C5	G2	0.50	846782759cfa32849b8d0b22aba8597dc284079e90e15443c93dc705c5cdccc4	ff08294218c297aa70d51d53f700660a24a0daa0e1e0239b74f592559b440776	10	0	0.4717913747011071	4.060564726793281e-05	1.1598504814637762	0.99999999999836664	EVALUABLE	EVALUABLE	true	VALID	
fb0a4c6931dba2d40cf8cf46b7c6cce5f07b589e2866b478788f8de67860449c	2	0.50,0.90	E0346	iMAT	training_samples=setx1,setx2,setx3	C5	G2	0.90	846782759cfa32849b8d0b22aba8597dc284079e90e15443c93dc705c5cdccc4	ff08294218c297aa70d51d53f700660a24a0daa0e1e0239b74f592559b440776	10	0	0.4717913747011071	4.060564726793281e-05	1.1598504814637762	0.99999999999836664	EVALUABLE	EVALUABLE	true	VALID	
fb637faab7aac9b9ad37649fba73832e91ed94ca498a5765e6324fd8508cdb6e	1	0.50	E0341	iMAT	training_samples=setx1,setx2,setx3	C4	G2	0.50	0508eab71a0004ea418e21afa788f5650366bde4b6f23c738ca6f77ea3989883	ff08294218c297aa70d51d53f700660a24a0daa0e1e0239b74f592559b440776	4	0	0.86344282254463156	4.060564726793281e-05	2.1434211475087155	0.99999999999836664	EVALUABLE	EVALUABLE	true	VALID	
fba69e72d75ca3beb41aa8023e47ac4313669ee0adeeb6bb5001a3b7efc3c54e	1	0.90	E0322	iMAT	training_samples=setx1,setx2	C5	G3	0.90	ed0c17f7a22a64be5862f52a396317f78e98d4489d5d4467a22d858c65d1c63f	fb799d596a8dc63472e08b557f1482c5a976d666fed4a252258ea7640ea54f8e	9	10	0.67404310497845099	0.74709340453341366	1.0079408158257146	4.3762669832554435	EVALUABLE	EVALUABLE	true	VALID	
fbf219dbce9959fc20eab840491cdc75fe4cb6894737dc4a3bce040225e51bdc	1	0.50	E0194	GIMME	training_samples=setx2,setx3	C4	G5	0.50	394141b54352b224fc28580e817bd9529f6dc079245ece8a8f28d24752b5d692	6c445f147e2f7e3a54f0c9c73565e6907f851295c004439051772255ab91a584	14	2	0.89186344470281353	0.81985448383473447	4.0867163455296511	5.0004549778826162	EVALUABLE	EVALUABLE	true	VALID	
fc3091b438813985771485b8a019db822513309ecacd3ef866554649829bf5c8	1	0.50	E0221	RIPTiDe	training_samples=setx1,setx2	C5	G2	0.50	4989824e2df2467b6e60573ab17ca31c35d0a30f6e54c8dfeb87847ca960b723	ea240cb47d0b313f1c494d71ead03c4db28ceb3f21745e3fd6d4055eb5868913	17	19	0.0061606563835081563	0.85978921462993108	1.0120116284821428	7.9805899537680958	EVALUABLE	EVALUABLE	true	VALID	
fc62911286258394faf5c0604648ab1c07d0241dc8df7d3591df4e3c3073c7ef	1	0.50	E0130	GIMME	training_samples=setx1,setx2,setx3	C2	G1	0.50	4eeef1890619aa578845837f43661ee7c19b674ff17bfb6610802a3013e3f2fa	9d089ba3b0e645d3e16cc9b9a500224416307f7ee4379f38d87bf989d2174ec1	0	19	0.75018668230390695	5.333362351089832e-06	6.2450935658878546	1.0331518001100977	EVALUABLE	EVALUABLE	true	VALID	
fd0d80030809fdcfb0f37a7d2ce45b95ec11bb9ed6b6f7c48ece60ebb2b2be04	2	0.50,0.90	E0098	CORDA	training_samples=setx2,setx3	C5	G4	0.50	b4ae76366e987fab217f0c6c55185c04e34463b12c4b0011689de6c987c02b7d	1da91e6cbc1ec44f0d5dcba4f1de73f1c00882c5b1d520c8967a9b59c82629c7	16	15	0.42413596054309666	0.05223334857319839	1.494941906620354	2.3284632827992651	EVALUABLE	EVALUABLE	true	VALID	
fd0d80030809fdcfb0f37a7d2ce45b95ec11bb9ed6b6f7c48ece60ebb2b2be04	2	0.50,0.90	E0098	CORDA	training_samples=setx2,setx3	C5	G4	0.90	b4ae76366e987fab217f0c6c55185c04e34463b12c4b0011689de6c987c02b7d	1da91e6cbc1ec44f0d5dcba4f1de73f1c00882c5b1d520c8967a9b59c82629c7	16	15	0.42413596054309666	0.05223334857319839	1.494941906620354	2.3284632827992651	EVALUABLE	EVALUABLE	true	VALID	
fe6196e94783fca5977114f7bde9c5f9e4dccd32514dba571cb5a15559f937f7	1	0.90	E0070	CORDA	training_samples=setx1,setx3	C5	G1	0.90	f477e3d5e656111b38ff39e23e8311ca8a8abd935c292bccfcb769f43f87ef81	64ab1614c0c568b77bd29ca3d3623f3ba1823bd3bf91fd0f4dc032039ade4cc3	4	15	0.7970173818869577	0.023826284701584988	3.2700546606042038	2.2103814319660819	EVALUABLE	EVALUABLE	true	VALID	
fe7f14c0fb468a2339a32436d8ee2ab6c9ac51f36a245cc3ff4ae7be8b929a34	1	0.50	E0035	CORDA	training_samples=setx1,setx2,setx3	C3	G1	0.50	102f69f6fa8557e4e0067accc8216a851f9d96d112c3c1db033468920969167f	190878c4b80fe628594f55359ecb202fdd3e2ee8bca1b5c56ddcbe21f6e9a053	3	18	0.20894673440458977	0.46290788343359346	1.0088504246050884	1.7920793210807067	EVALUABLE	EVALUABLE	true	VALID	
fefcd6251b858e40705cc45b71777b303cc83656644d74afd6779469648d63bd	2	0.10,0.50	E0013	CORDA	training_samples=setx1,setx2	C3	G4	0.10	55c97010acdd0cdc52f98f416746a96a3e453dfff25d0e9f08e270f4213bea20	4e3f6d6ceeb0b403b1b2482130d0f49869cd9e2da46c27f2006cd8893987eb72	1	0	0.21478429152419132	7.4251715886930469e-13	1.000183781403492	1.0000565526010636	EVALUABLE	EVALUABLE	true	VALID	
fefcd6251b858e40705cc45b71777b303cc83656644d74afd6779469648d63bd	2	0.10,0.50	E0013	CORDA	training_samples=setx1,setx2	C3	G4	0.50	55c97010acdd0cdc52f98f416746a96a3e453dfff25d0e9f08e270f4213bea20	4e3f6d6ceeb0b403b1b2482130d0f49869cd9e2da46c27f2006cd8893987eb72	1	0	0.21478429152419132	7.4251715886930469e-13	1.000183781403492	1.0000565526010636	EVALUABLE	EVALUABLE	true	VALID	
ff08cc8be2db2310a298ce7cff49204a29f010907b7b432356db439413438b4e	1	0.90	E0302	iMAT	training_samples=setx1,setx2	C1	G3	0.90	a4cf0046a45aa0e47320ab5f4760e69930e9f99bbe85fdfc3b7ead7bafa2baa0	fb799d596a8dc63472e08b557f1482c5a976d666fed4a252258ea7640ea54f8e	12	10	0.13839920563351205	0.74709340453341366	2.4879086996610398	4.3762669832554435	EVALUABLE	EVALUABLE	true	VALID	
ff54363ebe1119de56428f5b134c13a15f4366eaf0480607ba4fc8302d45d1d4	1	0.10	E0217	RIPTiDe	training_samples=setx1,setx2	C4	G3	0.10	4989824e2df2467b6e60573ab17ca31c35d0a30f6e54c8dfeb87847ca960b723	4f3ac3dd70092e73abd0358812ec03b156828b637df9f9d81f3fa59635a9cea7	17	2	0.075853675461016845	0.66667367748945972	1.1579328287091351	2.0001261955076726	EVALUABLE	EVALUABLE	true	VALID	
ff9694115f4bab5d49356f27178f2889d8a574460d966c2365806919f974ea09	3	0.10,0.50,0.90	E0034	CORDA	training_samples=setx1,setx2,setx3	C2	G5	0.10	102f69f6fa8557e4e0067accc8216a851f9d96d112c3c1db033468920969167f	a5e71df85ff7da9f890eb3cd5dcb2b7117ced118c99b3684ee841000c8e0b65d	3	13	0.055860077059445623	0.077931777908435307	1.0000178993636453	1.1521560763699514	EVALUABLE	EVALUABLE	true	VALID	
ff9694115f4bab5d49356f27178f2889d8a574460d966c2365806919f974ea09	3	0.10,0.50,0.90	E0034	CORDA	training_samples=setx1,setx2,setx3	C2	G5	0.50	102f69f6fa8557e4e0067accc8216a851f9d96d112c3c1db033468920969167f	a5e71df85ff7da9f890eb3cd5dcb2b7117ced118c99b3684ee841000c8e0b65d	3	13	0.055860077059445623	0.077931777908435307	1.0000178993636453	1.1521560763699514	EVALUABLE	EVALUABLE	true	VALID	
ff9694115f4bab5d49356f27178f2889d8a574460d966c2365806919f974ea09	3	0.10,0.50,0.90	E0034	CORDA	training_samples=setx1,setx2,setx3	C2	G5	0.90	102f69f6fa8557e4e0067accc8216a851f9d96d112c3c1db033468920969167f	a5e71df85ff7da9f890eb3cd5dcb2b7117ced118c99b3684ee841000c8e0b65d	3	13	0.055860077059445623	0.077931777908435307	1.0000178993636453	1.1521560763699514	EVALUABLE	EVALUABLE	true	VALID	
ff9f01fd7796add4b849470553a816e2268a8f3d3ee34c50933f410205068dc4	1	0.10	E0116	GIMME	training_samples=setx1,setx2	C4	G2	0.10	337634da0cfd0d1105cf8f37879f1f17ad4596420a8cfced6a550bb4701e5f9e	f88bd6cf2efb8f44e7d076dd701147d46987ae954fb4b6708b6977e588db41be	10	0	0.6237102538467284	0.0066403373735881566	2.1125520705523235	1.9507343122027494	EVALUABLE	EVALUABLE	true	VALID	
