reaction_id	split_hash	split_rank	analysis_split
LSTNtd	000c630dada32a3e67bfd03f39e2ddda23d87de5e4a318fb284c8892930f0388	0	CONFIRMATION_HOLDOUT
TRPVALASPt	003524fee0a3b403962febc6d4fd149bf3b9be79292d9b48f4162267cb961117	1	CONFIRMATION_HOLDOUT
FAS180	0038a07fa0ec3ca8cd08d463b22b55170f3c5df3dd05c54be3fe2356c6dac96f	2	CONFIRMATION_HOLDOUT
S6TASE9ly	003da7cd7476dcb73c765ea47019aa57536f910e57f9514137d516f25506c266	3	CONFIRMATION_HOLDOUT
THFtl	0046e74af8f7dc7fe2b140aeb3c072a84c6b3414d4c4d2454d2ffbcd6b0af7e7	4	CONFIRMATION_HOLDOUT
GLYCLTtm	005c8d6fb025c2d2d90f1098a01eb4ef96279d645525e7b35201fdafc0b27713	5	CONFIRMATION_HOLDOUT
LCADi_D	007ff940c2cf48ed11481aeeb941d10dd025569e808c20a924de902df2671b57	6	CONFIRMATION_HOLDOUT
LALDO	009e5e67a48130293b6689e608fb29cfe6fc6b00d4cec93024408d549be96256	7	CONFIRMATION_HOLDOUT
HISLYSALAt	00a6390fb29f1d3f2b75a282430d9f18fc0edf0cf52222052ce7084c5d706d11	8	CONFIRMATION_HOLDOUT
ASNSERNaEx	00ba730709de9d8c5bf1b58e59fc71880e27c16571d3271dc88b3529194c4183	9	CONFIRMATION_HOLDOUT
RSVATPtu	00d857c2c9c4292dc3a4e3600223dbeb5da8801c058d6de824f4af5cdef4e8cd	10	CONFIRMATION_HOLDOUT
r1595	00dd6acaa04bcdcae13210c3861274a0430fe659a4a363801bd580dbd27e7e90	11	CONFIRMATION_HOLDOUT
CDCA24Gte	00e01c19107dfa79c7a2daabe12a4814b41886f76eed4d7469930eeca659fae6	12	CONFIRMATION_HOLDOUT
GLYALDDr	00e26ab0bd398b2ecce809cc37d416be82dd71ac434419f40402d4199c8d4410	13	CONFIRMATION_HOLDOUT
RSVtev	00eb68dbd1a8982bfeddb28ae508a181941d473ee80d111f2c90cc8c5423f949	14	CONFIRMATION_HOLDOUT
PROSTGH2t	0106fc309d9ab3e002dc4a5ec19805882672651ab5c833b30263527f7946694b	15	CONFIRMATION_HOLDOUT
HMR_3071	012bfd4e43cdc5859d7ff2383f327d3bd96fa1bdbcf1a5e5ffebf62ba7c0a733	16	CONFIRMATION_HOLDOUT
HMR_0875	0135ec22058d7808ac308df7e608a1aa2ce2ac27f7c26729e26c8de0dbdff648	17	CONFIRMATION_HOLDOUT
r2392	01472ec17d4d81cd0a7a42d7d6ad053d9e0bb941642d7d03cc79cf5930ed02da	18	CONFIRMATION_HOLDOUT
PVSGLUCtev	0166a7126ff40a20bea359197924c9579f2b036232f96f3a9c24ec90e0b37f46	19	CONFIRMATION_HOLDOUT
HMR_2368	017c83ee3e78c87131bdaa0aed72ce214bf082d5eddfa4a6a41f897496b9578c	20	CONFIRMATION_HOLDOUT
r0149	01a879ffcdfb6c82dc2d38b031d500ce271a11bdfdae94fca0a463580b6109f1	21	CONFIRMATION_HOLDOUT
ALDD19x_P	01aeddb0ae987852c71ad6262f65632dc08ed43b225a21ba567c3d24d23f0d0e	22	CONFIRMATION_HOLDOUT
r1380	01b24f0fc1a6d25cee7ed1285bf67ce02307b0f61d4b55d1ed9979c641cc54ae	23	CONFIRMATION_HOLDOUT
r0596	01b54ea98b731d5e2c5b6215925751d2488993217c213feb44657a61e4c980be	24	CONFIRMATION_HOLDOUT
r2497	01b6fe5a3821fe021c4108b6e0b470c99fd5e8ad18010861fe7680f604ad79ce	25	CONFIRMATION_HOLDOUT
ORNTArm	0221dd5ae28b50c5e914bd8e1d07bc63fbe227ab9a927eabe36c3deaf3b6dc27	26	CONFIRMATION_HOLDOUT
R01803	022ff2356da13f8541a911451772b002f6e6d959943c2e23cbe63512f42ad43b	27	CONFIRMATION_HOLDOUT
GLNHISHISt	0253d23350bdb9181f1bfaeeb3d21c3d7ca6284adbebf6abd3d68a2e9abafcd2	28	CONFIRMATION_HOLDOUT
HMR_0842	0254f292338adfc61a344bdcf3bc620ff343b3adf5c5b5de42a711bb1303e29d	29	CONFIRMATION_HOLDOUT
LGNCt	025c0a3fa28c22c88cf0ba67dc509baa9ea4b7333319a9ab76e195292b203a2e	30	CONFIRMATION_HOLDOUT
HMR_2292	02757ffa4d132d2d214e48d2e3969b8b98b5ce866c4ef7bfcabf827632a6a77e	31	CONFIRMATION_HOLDOUT
CERT1rt	027c11f693a17dc5105c140925aae48994bb8197ae89cb95656f5385c4f766ba	32	CONFIRMATION_HOLDOUT
DESAT18_11	027e1b4f2ece8b2f89dc25c30e432677f65efa82a1d3f9c90970a9ae461d521f	33	CONFIRMATION_HOLDOUT
r1447	02817875f7cf1b710ceff783bb80e3884317f40017e30a0bacf49200dfd199fb	34	CONFIRMATION_HOLDOUT
FAOXC160	0297029a21cb1c196edb4c2d9e9284f7b5165cbce060c737790554d25616257a	35	CONFIRMATION_HOLDOUT
CYTK10n	02a3a8b7bb6ef5fc3e51593db27b9a925e0921129e9d913f350290eba46637f1	36	CONFIRMATION_HOLDOUT
TYRASPARGt	02bf7fd37cb4aa28475c4cb00ff33d3d4932e7228a0ad0675ae9f2578e230d31	37	CONFIRMATION_HOLDOUT
HMR_3348	02c2bcce298aeff17cab6a49e014a9995aa057897f359506ae71935fa7d8dc77	38	CONFIRMATION_HOLDOUT
HMR_2701	02c6afac8b90967945798a4872edab0b7d144a5cfe55c7bbe2777b852ca1937a	39	CONFIRMATION_HOLDOUT
UAGALDP	02fa1ebde99ae45da1a66b7330af0aa20cef816341af93fe178e010a8b36b40b	40	CONFIRMATION_HOLDOUT
B3GALT3g	0303a2035c2ae6182f51609a0974c86ade0003efcf8094e732d120da2d4f39e7	41	CONFIRMATION_HOLDOUT
PROPHEt	0304ff1f6b12f09e46468df42f5f0a1118833a0d550815811fbfed1c461a8012	42	CONFIRMATION_HOLDOUT
NADPtxu	03150b428709338a09b1ecef08455b4003476ed9e6528ad10194d4d70fcd5191	43	CONFIRMATION_HOLDOUT
HMR_2542	0327dbdfa5d10f3c5e98bfa1c77e5750b72de4a81b5e0d00d927aa16f618442d	44	CONFIRMATION_HOLDOUT
PETOHMr_hs	03314fa35e32c5fa1aafc2788b0a5c00353a19d4593d493c7495b1588d4b75e4	45	CONFIRMATION_HOLDOUT
LCAT16e	033706a1f82889dac06f5e4a92847ac6421e5926e0247e7e933019f0a52548ee	46	CONFIRMATION_HOLDOUT
KHK	03428fd1f96cfbf554a788d00a5ff8b0ce38b0b7afa7a8fe69b490dcdddd5058	47	CONFIRMATION_HOLDOUT
CYSGLNNaEx	034ae81cfacc95bd399e004777786e4ce4ac3bf17015b51c9d2bbaaa466c965f	48	CONFIRMATION_HOLDOUT
r0311	034bda7a36ba755f5712081464d3f77054578b107dd87966a061e9b283bf61cd	49	CONFIRMATION_HOLDOUT
FAOXTC142TC122m	034deadd98a87fbcfe307f08629d99727a5378da2b30314f412fcda887b6ab5f	50	CONFIRMATION_HOLDOUT
KHK2	03515c120990a03b32f6a05ac5aaba37931af80d407428a722004f2d6dabf02b	51	CONFIRMATION_HOLDOUT
BETALDHy	038f6183a4fb6b4496284cee3675ed48574bea934f5264d3d0f45ce0e473d828	52	CONFIRMATION_HOLDOUT
RE3113C	038f8fba266147f51d2ef678920223fad95ef0297ff4c66b922967f1f6d71afb	53	CONFIRMATION_HOLDOUT
HMR_0811	03a0c27581fbb4a4144eed31df8a3d53d57a9b20c8e597dc9b4f94a878c1af16	54	CONFIRMATION_HOLDOUT
3HPVSteb	03ac459b5be7668beae63399346db8c6e2b65a2e35c0f83c06329fb66924a01b	55	CONFIRMATION_HOLDOUT
SMS1	03ead4b35c2ba03eabadc3877716fa60c7d87a4beb7970580a04dcc571f82c14	56	CONFIRMATION_HOLDOUT
C161CRNt	03fbb7a47299a46708915b94915a16951c1e006dcdfa7671496ceee3e3682d1a	57	CONFIRMATION_HOLDOUT
HMR_2349	03fdea9a75e193ba4562f31865e3ea87c879b41d9fb52c0819fced47c6df3774	58	CONFIRMATION_HOLDOUT
ARGSERSERt	0422bfade3809d293bf77e3801e070efe5922295240cca1d3facb967b783b2d5	59	CONFIRMATION_HOLDOUT
RE1518X	042788386635fcd66e19c15adaa2cb0ef31ee5f18f266e48e384b2cbafbc0be8	60	CONFIRMATION_HOLDOUT
PCRNtm	044b7f9c5b4c31c7c6e10acef33a2da8a0cc162ee71a1f4012ae14cd16f2040d	61	CONFIRMATION_HOLDOUT
PCHOLN19_HSPLA2	045712b4a7ce450a01090857b276edcda15cd28223da639e340c1701fa9cdbea	62	CONFIRMATION_HOLDOUT
HMR_6545	04618c2b00d8f17e3220e517d335e376ca0b6a447d2814d30e9c94f63ed1eae2	63	CONFIRMATION_HOLDOUT
GAO2g	04799324f5005c3c2a593176889784570fd128a27486b6862df6337d28a27b16	64	CONFIRMATION_HOLDOUT
LYSTRPARGt	0489ce256af17f608b15a59a1fd86edaded7f6afe3f49c4b804db46dbb49b921	65	CONFIRMATION_HOLDOUT
LCAT37e	049538f14a14154d044f9a5dd763605f49ec43c30fc94f0118904f43bce9dc14	66	CONFIRMATION_HOLDOUT
2M3HVACte	04a10f08d913ca82ae92744506842d19d5ef8d5d983a35ce96ac18a94aaa7424	67	CONFIRMATION_HOLDOUT
S6TASE14ly	04b07901ee429aa0cc4037bf1e15e88f08bec641d8867a13ec1de3f9820ec4b4	68	CONFIRMATION_HOLDOUT
r0483	04b58f5132d76083f01f6bd3c10bffee6145cf6cd3c9471b2b050a68e503f541	69	CONFIRMATION_HOLDOUT
HMR_3219	04b662c91cb740452d00c63d30c4ccad7dd5de66c04833aeb4cab1611b5a197f	70	CONFIRMATION_HOLDOUT
GLYLYSPHEt	04be02e912a95700c00b344810400d4a1610e889f0060b7134a3b91950f1ee0e	71	CONFIRMATION_HOLDOUT
PItx	04c3f1c62c94945f79a6bcec5a4700ab247d31274253352da8d3707d0e190d2c	72	CONFIRMATION_HOLDOUT
GLUPRT	04c66509009ca728ed31d78df064c571d9ad6473cf8cac183a19101788c18416	73	CONFIRMATION_HOLDOUT
r0954	04dc362a2c6afed837224018bb86ca82a45430fc7e91f009d33c26b292fbb20c	74	CONFIRMATION_HOLDOUT
HMR_2669	04df9cc915fdb4f91f0ffcc11d3a4ca880bc83edc0dac0e77d7293a2da58e53c	75	CONFIRMATION_HOLDOUT
2H3MVc	04ee3b841a076aa56cf26a6c8bd903a8dff3f376e97ca25e8db506ad976be83e	76	CONFIRMATION_HOLDOUT
CRVSATPtu	04f4e11a7e3528a5a1dd642690bec3661afaf96d39b91efc801042d83d97999b	77	CONFIRMATION_HOLDOUT
VALLYSTYRt	04f76f05b01f4e93c40891d1bc7f46f6732b00c11004965a27d30c04cb535844	78	CONFIRMATION_HOLDOUT
r2438	050dc43526ca7cb1a2142cdf42b042adc628694e799693237d817914d3c1f6d3	79	CONFIRMATION_HOLDOUT
HDCACBP	05135cfb0022f7a54be1786257699fc5b1d4ce6d152305259a45ab698436b367	80	CONFIRMATION_HOLDOUT
HMR_2284	051ee5296727d04aa715a929d879f6eda4f21d6450e008de81702c3258acd2db	81	CONFIRMATION_HOLDOUT
HMR_1305	053914bc91deaa02495a2df5f685154fb1afd44f5210119c699a6bda4ec93e66	82	CONFIRMATION_HOLDOUT
PCHOLHEP_HSABCt	05435381f9c79cc0b191fd6fe9d3314026a93803baf615a0f727caad289af71d	83	CONFIRMATION_HOLDOUT
HMR_3343	055e99d78cc5b8487c246ab9e7b4bbd36a40c3b82179cddbe85472b035899d51	84	CONFIRMATION_HOLDOUT
ACCOAC	05758c1c5ef7a8d7f32f9923347032039ad5dc80ec2036b314b816ea1db016cb	85	CONFIRMATION_HOLDOUT
HMR_0393	05870f64d42b2f50695f23a631bbf249e9e09f3153f442a0919e36ff91521146	86	CONFIRMATION_HOLDOUT
HACD6m	058d37b119091d3f49ed5eb07c8549e061c6ed73881e2bd22a544144bcc71155	87	CONFIRMATION_HOLDOUT
FPGS8m	05a624c02784d99437f30d8bdc3a57f284b1195c81fe2cb795dbdb29b259775a	88	CONFIRMATION_HOLDOUT
NTD2	05bf00ba03ed218b44c90af62380b2c1feeb0c2755bf07ab86bd6efd597aa3b1	89	CONFIRMATION_HOLDOUT
LSTO2r	05e22890e9c3fc3d6712a5263ff446f6a956cd789d06cd927f64d43c2d67e0ef	90	CONFIRMATION_HOLDOUT
AK2LGCHOLt	05f49109ca4850c34ad6b8d34f4ecb100be8d2f5949548885da0bb96a4310ae7	91	CONFIRMATION_HOLDOUT
GAO1g	05f6e4697f35fabde622924fc2f978b8a3d9b064a5fc707133bd3c702716b202	92	CONFIRMATION_HOLDOUT
PRISTCOAtcx	05fbba506239712e387303a4318521305e605028c65a16fe10dc2d83befd40cf	93	CONFIRMATION_HOLDOUT
CAATPS_1	064d2e7e36ef85513a4a5b2d19929e30364d2dbb81314048e8216c3ea71e2198	94	CONFIRMATION_HOLDOUT
r0830	0665ca9a504e72d74acc62928ee5a4abe9e6a5cbbabd52c5c5ee30516faae9e1	95	CONFIRMATION_HOLDOUT
FAOXC163C164Gm	066b91fb4cf47e3f9aad4eabd939381889292e1fb276e3eced74d4e3a612cd1d	96	CONFIRMATION_HOLDOUT
NDPK5n	06a75baa18417d7688350ca247c784d2d1d15b6ee6003e4171c8ca0940009f46	97	CONFIRMATION_HOLDOUT
GLCURter	06cfe01b9cce8a17e7182a34a5558ef2b3c180264f8ccfa2da03c518dac6c90f	98	CONFIRMATION_HOLDOUT
DNDPt40m	06d48ae00752b7ea29d7735a4537d6dc1538599ccee03943d7e4e465fe9adeef	99	CONFIRMATION_HOLDOUT
GA1tl	06eec4680938b276d3ab36cbd65dea1f8c22bc59e2d65e051d8721a3adfb1763	100	CONFIRMATION_HOLDOUT
PCHOLN1836_HSPLA2	06f413b40d2affe8b0b5275dcc0798769cbf42b2918ed8998ff2c495dd552312	101	CONFIRMATION_HOLDOUT
r2385	06fa674d80884ad9ec74ecaf7c797d725993d3ea2a9a7d7274ff45c9d24bcd73	102	CONFIRMATION_HOLDOUT
HMR_0268	0755394d6efeee5fb7c129d8d63dd3effaf54913934476ee5b6728bba6944014	103	CONFIRMATION_HOLDOUT
FAOXC183806m	07812e1bd11482f72d7fce76610da3efcdd3f4c63bb42bb92e43dfc038bce5a1	104	CONFIRMATION_HOLDOUT
RSVSPONhc	0782ce7f75a24d00bbfb68a0941317aeafe021827091729a9b2b7b7f8cdcfe06	105	CONFIRMATION_HOLDOUT
HPDCACRNCPT1	078dce31b12d2065d13d12cd214cf126135d9c27a8d20e3a72e276557a514dd9	106	CONFIRMATION_HOLDOUT
SARCStp	07a1a476d0b65297f860c5e7367bd9960ca2e08a699c733f92df1f0054fa59a1	107	CONFIRMATION_HOLDOUT
C162ACBP	07ce572f7121beaf4023dce11b3b08905ad17429277fc409066102b257efde80	108	CONFIRMATION_HOLDOUT
THYMDtl	07cedced781e581f2421f44bd3be1e549651e0b1781a21b24b76e5b764138f64	109	CONFIRMATION_HOLDOUT
HMR_0954	07dd414d1ce14e2f1ccc1740c6e5a44a763ac2cc1a347ee0cd9ac1a184dbdf7e	110	CONFIRMATION_HOLDOUT
SPMS	07e0645073e74b6e4613caf56ef3028d7a464fa6e09e9d18b0fa3567126d3288	111	CONFIRMATION_HOLDOUT
CE2510ABCt	08095b41ad2fd47d00ed8c368851520a647fbc5b0886736d68fdb8abab21bfca	112	CONFIRMATION_HOLDOUT
CYSGLUHISt	0819379a64978d4d9843208a5ffd5ff593ad731aba9706c16d5d557d912243e2	113	CONFIRMATION_HOLDOUT
STRDNCCPT2	08226979f32a97cebbd5ba224bf500d93380a1cb5d7a296707d9f5dbd400088d	114	CONFIRMATION_HOLDOUT
4HBZtm	082f8959a74c6ace7f99e87dc347512605053067fb1093f3a2e0f585cac0a8b7	115	CONFIRMATION_HOLDOUT
PCHOLN261_HSPLA2	083421699cc7613adc8ad5fa3ceb0f2029bb81ccad713e4e8ce8a054220e9888	116	CONFIRMATION_HOLDOUT
XOLEST183CEH	083d245b45cb6300416107b33a56792bfeb8a5fab1b337a07768446300f87199	117	CONFIRMATION_HOLDOUT
r0196	0846bb8189ff3f71b8736f4380a4f94be6406c4d5add84024a7efdc295518f29	118	CONFIRMATION_HOLDOUT
ACOAO8p	0850affec7c8c6a7bbbe4dfec98e82634ecd469502dbbf2a110da2bae4511f96	119	CONFIRMATION_HOLDOUT
PROTRPTHRt	08585bd6d20b1eba2973acbc73f01d188b5931223e5154bf1da65be1776c89ce	120	CONFIRMATION_HOLDOUT
G14T21g	085e401b1a1fd788cc7d6ec362e1c2b4262dc19f4c1ebf43854befdb6778b044	121	CONFIRMATION_HOLDOUT
FORtr	085e87739a83b64875f52481d6c577e5389b9a2e68e6024c1f0fbaaad61a23c2	122	CONFIRMATION_HOLDOUT
GTHRDt	0882afc880830493cb653f3acd1cac5da5b2a2549a02be5fce920cd60c59eaf5	123	CONFIRMATION_HOLDOUT
LYSGLNPHEt	088f9f92fb666680c599a73fdd09ce9bf69871cbeff38b76827eb12267cb281c	124	CONFIRMATION_HOLDOUT
r1260	08b1b8ea6ab9a8bda3ca5182c5721633da4eb3c15c0dbc7762aee8929fd85360	125	CONFIRMATION_HOLDOUT
DSAT	08cf41ce64d43e263ac63156877db68216f10a215d2d612d4ed26d7ab294f39d	126	CONFIRMATION_HOLDOUT
CSAtu	08d3f7fb66300f6c82a6e3f89b475430339e7450c46c97da77dc7a4dfca3f637	127	CONFIRMATION_HOLDOUT
RE1534X	08d5f5d93ebbcd796fe77d094a9cb9653addef946a84a8e00db6c42433a390ca	128	CONFIRMATION_HOLDOUT
BUTt	08d9762d5a1b30fb1f1f5afafa8d6783890162a70ceb695b4c1a6bcc21a2d725	129	CONFIRMATION_HOLDOUT
HMR_3650	08e0ca155d843264d9cf9121be841f3c12348dba137adad7dde807af8902e59a	130	CONFIRMATION_HOLDOUT
CE2510t	08e8330ca5c2fbb3c3f52a73600bb01a35bbd69a781b99b3cce58bf340200b28	131	CONFIRMATION_HOLDOUT
HMR_0301	08ee50088bf8e55107ce85fcc07c2044a21a415e43ecd095285a17bbdc887087	132	CONFIRMATION_HOLDOUT
PI3P4K	08f900ecfe33252c3a4916e92239395f042576478b4b8f468531488b67d7786e	133	CONFIRMATION_HOLDOUT
ECOAH12m	0902a81660f664dde1244012df879ff81122af675968d22eaca4aea9d7245961	134	CONFIRMATION_HOLDOUT
HCA6Gte	090d31b7e717979b8373b230265c979964a60216c2b97fae261ef5d4e8438f88	135	CONFIRMATION_HOLDOUT
THEXDDm	091db8c0c58baf318faa113292e2a7e994ef7a830f255b4c8f01bf828afe4489	136	CONFIRMATION_HOLDOUT
FCLT	091ea0b865b082ce70d2fdc99d47e3c4e0160be056e4c15f1b66b652964a848d	137	CONFIRMATION_HOLDOUT
PEDH17_HSPLA2	0940ad9692289da5fdfa86ca86796ff8f32ce7ca79d8ce2d5ffe164d625968c8	138	CONFIRMATION_HOLDOUT
MCITS	0948eca1b23d44a06f6e58808765c7f6bcfb84cf389ab57cac453184183e3f13	139	CONFIRMATION_HOLDOUT
DHCR71r	096323c791cc8239a8307e0f35e5370face9b9818f144b6225832ba176738677	140	CONFIRMATION_HOLDOUT
C6CRNtcx	096c334e868470d128a3613772e8f4806fbd9d70e5360091369bd81f238cbe08	141	CONFIRMATION_HOLDOUT
NACHEXA2ly	09742d7ff4a19c14eb873513bce5d1a4bb01c92cf2cfc7958e48834e0f2ce62e	142	CONFIRMATION_HOLDOUT
DOPASULT4	09754be416ff8c34548ad574ce87bd8ced42f555bbc7e82341d530f9a1de18dc	143	CONFIRMATION_HOLDOUT
UMPK3n	097b8c2817da6ed296bfd0961f4ec50c2f1dbc973e192ce8311e6ffeaa0490d2	144	CONFIRMATION_HOLDOUT
r1575	09872d1167b6861b901b38889183f86929a0c6c6d3cce42bee4fcd4e63add742	145	CONFIRMATION_HOLDOUT
SMS12	098ae137ff9c30b99929694761aa2ba58d83506c646610179327f383ded0dbbb	146	CONFIRMATION_HOLDOUT
DNDPt43m	09ab30ac1e75385254d346eb833b435de836e04cb7f834cde2bf4e9e117b7047	147	CONFIRMATION_HOLDOUT
HMR_2190	09abb60ac1f57da1d95f9a4cf13c0fc21e2d9e17a6d372a52d17cb437ebbcf18	148	CONFIRMATION_HOLDOUT
HMR_8510	09b49261d743a572eaea7aa6a693c03b1a90368e426a8da2756ca80c451118d1	149	CONFIRMATION_HOLDOUT
PE224_HSte	09ba804238e179ed621b390280a594d47e6aa9fe4104eeba06badd4fa9841b76	150	CONFIRMATION_HOLDOUT
RE3231C	09be85e9457d8053092eecfb52c44a544d5ce25884b8030f1712c754a017a3db	151	CONFIRMATION_HOLDOUT
ALAGLYexR	09c5b9f40b06b12fee4f8eaa68c672ba43df5ad6b5c8abd509e0fca41db3a1a9	152	CONFIRMATION_HOLDOUT
r0082	09d52648fd6ed8d15eabc9fdd07dab6c6d9fcdc6a2f7653e618bfcfa239fd2f2	153	CONFIRMATION_HOLDOUT
LPASE	0a092f8128d468184e45d136c2e5d304adce8b61b958448d60c0822e0641b64f	154	CONFIRMATION_HOLDOUT
TTCCOAtx	0a0baf35b5e8cd864a0d86fb60a3bbfe54bef9930c8fda15daf17ab3c0d7c557	155	CONFIRMATION_HOLDOUT
HMR_3716	0a1e0722b3cb2868c093746f9cf9fa96a597fc3b34b484f05e26f361fd0b6744	156	CONFIRMATION_HOLDOUT
OIVD1m	0a2eb81560f2d1c7f1823f2f23900d155f96b4e80ab12eabe346691e83745996	157	CONFIRMATION_HOLDOUT
r1625	0a30f55cec4e1840199651428606e87cc53aeec3602523f16af0b4f2d0be3a07	158	CONFIRMATION_HOLDOUT
MDHm	0a48183b7b63ce92580f9b195f5f5ab7f768806a298317e3efced9ac62a48467	159	CONFIRMATION_HOLDOUT
r1609	0a59ae6fe6d2ced2415da12f7aaa4f837889b11523e160aee626ed6c82845e90	160	CONFIRMATION_HOLDOUT
HMR_3221	0a66fd94107faef9d72fe6070d6501898a27ef6f587d07ee014970d7176f20f9	161	CONFIRMATION_HOLDOUT
EHGLAT2m	0a6a40abf2cdd060642e6444457cd253b8ba0f2685776aac281b856e5cdc89a8	162	CONFIRMATION_HOLDOUT
S6TASE8ly	0a70cdb20a4f77d63e6dfab7c922f3d40e65391604e43580ff3a9e4a0f906833	163	CONFIRMATION_HOLDOUT
HMR_1752	0a89c7420896ee68b9f1508bf07b32f12e801490d1cc7e575cef34c02dce8c61	164	CONFIRMATION_HOLDOUT
GD1Atg	0a9187fdfe057071eed58686db73e27fd888d94e3f1cda97a97bf0397b0f6fd6	165	CONFIRMATION_HOLDOUT
PIK4	0a9f82d0effff40820947933208c16178ceea35f627b6be520ce226dc11f48de	166	CONFIRMATION_HOLDOUT
ILETA	0aa0bf6e176b330e9d93bd103fef336474479b29b6100319057f256d2c62fb31	167	CONFIRMATION_HOLDOUT
RE3496C	0ab86aed5dc0b8d39262f0963068e2e5847c57e2b328790dc9a6fd57b62a92b6	168	CONFIRMATION_HOLDOUT
r1003	0ac7b901e987a074c2254a8c1685b35b6fba933802cd672e400769b25d424fa6	169	CONFIRMATION_HOLDOUT
HMR_1503	0ac85bc743f23b931532eceb1698f51e7179b2e877983877babfb3fbd05cfecd	170	CONFIRMATION_HOLDOUT
GTHPm	0acdefd9eb0dc5cf0b6c4bf3351e57b12bc7ba6a6b7163256caf3f5d9780e646	171	CONFIRMATION_HOLDOUT
r1165	0ae4263d79de806d82557e41483e3183635a9026d0dc4c596c9e16ccab62c767	172	CONFIRMATION_HOLDOUT
DCSPTN1CRNt	0af0a6c237c5afb2c7047699d0cb4fafe1513edaaa729bd8c88c201d9cb2c10b	173	CONFIRMATION_HOLDOUT
FUMSO4tm	0af117bfbc423497ea5165a26621ef70e920f632766849b52b900712cb4bf763	174	CONFIRMATION_HOLDOUT
ATVACIDtdu	0b0d284183ebdd6a142358b8f5bf3ae57374123a01fe86b1c20104778d4a37a5	175	CONFIRMATION_HOLDOUT
VLCSp	0b189330b773657b26eb17405c83fc9eae76489fc2cb1ecbd1d76a78a34bd419	176	CONFIRMATION_HOLDOUT
FACOAL181	0b1f9cae108fb106d240094a5666df989ef34e669ffbee908dcf1666bb598ed2	177	CONFIRMATION_HOLDOUT
HMR_0963	0b1fb2ab6a03ba7106e4664e8b6ad2703156dfb6cb9b5ae171c07331416f8900	178	CONFIRMATION_HOLDOUT
PAFHe	0b20f994ed387eff4ae93fc0190413c5a68fdb0acbfff96a4596e2b6ccd500dc	179	CONFIRMATION_HOLDOUT
r1378	0b27d102a4db4f171eafd2ec14be093cdd7fea9bcab3134b5945db3416380670	180	CONFIRMATION_HOLDOUT
r1170	0b2bc6bc92fcc774e3cb0808ed2df929010f1458945226b7e49379f01c1a9f6b	181	CONFIRMATION_HOLDOUT
HMR_2350	0b4838904fe5e7b77a17d43dd0f1b3b0c9b933cd02d7c67aaab0b75cc792570d	182	CONFIRMATION_HOLDOUT
XSERtg	0b4d8481adda0bbdf8a70a645b7545816e9ee84da03ed323bb777116b196154d	183	CONFIRMATION_HOLDOUT
HMR_0823	0b5c3869ece9809d705c9b90e88ea8abee82f873c73b5651c25c413889b542d9	184	CONFIRMATION_HOLDOUT
SPHMYLN18114_hs_ATPt	0b7504384bbed5fb2c1ac3f4ccf5ab702930c23ee3a49590a9bd8f35ab064927	185	CONFIRMATION_HOLDOUT
HMGCOAtx	0b758f005dc966bb772125c6ece82adf8c16cb26a5bf7a7132ef1a92d4fd801e	186	CONFIRMATION_HOLDOUT
ME2m	0b78124de0ac98cd180743ac4237d13bc59c08e49a2b09f86d8f0d9635d106fb	187	CONFIRMATION_HOLDOUT
PI45P3K	0b7efbe3e60246437e99b51d42a8b75cc97e6bcb5d53c14972e199421ee9a687	188	CONFIRMATION_HOLDOUT
ASNALANaEx	0b863468713e38299295ef6e415b0e9b8310eba25ce607a0b5eb9b2170caf1ef	189	CONFIRMATION_HOLDOUT
RE2988X	0b9321f4d3b7970f671ce30aadf92835bc10fe52137e04c86ca17214c4e1dd03	190	CONFIRMATION_HOLDOUT
PHEPHEt	0b9f022ef876be817c5ea4e5c448808ed72d40608bd3052a66c87cbf765aec7b	191	CONFIRMATION_HOLDOUT
RTOTAL3CRNt	0bb1c4adaefddc5df4e9f7c8da9b822b2b096eb8c44f01ea13dbff2a31925c3f	192	CONFIRMATION_HOLDOUT
C161CRN2t	0bc695ad0f05f0051d31eb6b39dbc54bdd4fd514a2069d346697d7947f6bf465	193	CONFIRMATION_HOLDOUT
FAOXC164C143m	0c0f0d99b7b33c74d4c529a0ca9a0ae476f8f2b9f0cc59fb0f3dedc61c4c18eb	194	CONFIRMATION_HOLDOUT
r0714_1	0c128c058e59f91ce52295a1cf25e9d4e7e79925e1758ba9a783083684511144	195	CONFIRMATION_HOLDOUT
HMR_0805	0c6e8e6db082861e59421bc9ae0f866ee848cfd2f6b1afdf30bd37c5c4ce8f5b	196	CONFIRMATION_HOLDOUT
TRIPVStev	0c708c9c2c6e97c7f3628581453eb9d2973d5d69a66895ec51b3294053d3adc3	197	CONFIRMATION_HOLDOUT
PE2LINL_HSPLA2	0c91c9d15a707f398562ec59680d79b13db26ca97fde7f4e1fee62ad2b2c0f54	198	CONFIRMATION_HOLDOUT
LYSOXp	0c98c416cf6a9f4f788ae2b0f0ff95aa3e394c0f8cf41d7712a0acb4badb4183	199	CONFIRMATION_HOLDOUT
CLPNDCPT2	0cce195d1cf28c038df2c9c56033688faf9e3910ba2e34c39e2267eeebb8788d	200	CONFIRMATION_HOLDOUT
HMR_0841	0ce1575ca78ca837d11be9af50427d7b83700565272e94da7b305a9a15952e93	201	CONFIRMATION_HOLDOUT
UMPK5n	0ce5de947ac9e694249bd9d7602defe0d8d832b13d9a8becf1b90fc7192cc90e	202	CONFIRMATION_HOLDOUT
ADRNCPT1	0ce742a5559ed4a03e51ac1f7b6a706c9745a8f224bab2ec6a77eb91eb4c3658	203	CONFIRMATION_HOLDOUT
HMR_3197	0cf5c08d26277484ec83beb37ed00d965cb79613731501832fa376d22b2ae649	204	CONFIRMATION_HOLDOUT
34DHPHELAT1tc	0cfae1f067267bc567ae1a773f636939ed0ace81b06d843ae616e7d3174536f3	205	CONFIRMATION_HOLDOUT
HMR_3682	0d02e9823c252cd8e074fc568550c0da8cc76a962b8d1bd3aded6ce4452c6e67	206	CONFIRMATION_HOLDOUT
PCHOL2OLE_HSt1e	0d056e39ef60bdeb99b35ba0bb6e43ea43f878bdd985b9df14bb944bfc4b6670	207	CONFIRMATION_HOLDOUT
HMR_3713	0d2ba84608347333ee57162a1aa6f1f0acb15b58df840f02da4b63b2ca683e26	208	CONFIRMATION_HOLDOUT
ASNPHECYSt	0d4aeac6e5b435b846a38f2039ea30eb67ac1903cda30736dc3071b44c7c43b9	209	CONFIRMATION_HOLDOUT
HMR_9720	0d504c1adffa107b9950550786e2f9c3616185792116bdc9fa18209523c8154f	210	CONFIRMATION_HOLDOUT
ADNCYC	0d63943b270dc22b185aad36b1c714391824e9df3da0b9a1d2c83a05671ec537	211	CONFIRMATION_HOLDOUT
HMR_3666	0d6913fc5582e5a60c4432d6aad25bf1bcfc2f9f18a4dc19bdbd6655e28667fc	212	CONFIRMATION_HOLDOUT
PYK	0d8d017c45623018a5be9db592912c966780331e96c08983e302cc7c300ebcd7	213	CONFIRMATION_HOLDOUT
PHEASNMETt	0d8d44d68a9e4d45a68df5bcfd994bb1f7e69a1cb7ec96bc4bdd44682db50f75	214	CONFIRMATION_HOLDOUT
ASNTYRPHEt	0d9831e8e4b9c8dd3c6414dd86882d8ad9a6b192fcc33122ca514cd36dfe4787	215	CONFIRMATION_HOLDOUT
HMR_0946	0da4b346671ba76060acc3cfcfef1fb7a2809ab0c133c52982e986aa6fecfd59	216	CONFIRMATION_HOLDOUT
FAOXC16Brx	0da8728fdf6ed76080c331fa7ff20659e69caf0f4f8a01354d3d80c11a841cf6	217	CONFIRMATION_HOLDOUT
TSTSTERONEtr	0dac7a8ccc58b4c67debcd40c4ea923fe2f7d0f32ba6a194b0974b1bfd91eb9e	218	CONFIRMATION_HOLDOUT
NAPRT	0dc997b7cd9236c617f8ebc2c99e20d71308ac32d83fc401960da01e8f248393	219	CONFIRMATION_HOLDOUT
PCHOLN225_HSt1e	0df86ece0703f45da9613a049dc24dd65e1408238d5b3104654906f68e17210d	220	CONFIRMATION_HOLDOUT
RE3134C	0e03b2288218ad92bd033adccd2f7f85ba6436ce905c477f0a3a9416d00e3fa0	221	CONFIRMATION_HOLDOUT
PI4P5K	0e15bc4cd91aa80f06c119b087d36f30f1b34ab024b2b2595282f7b172919736	222	CONFIRMATION_HOLDOUT
FAOXC18280m	0e2c3925cd59461854b6ec14b4af1477328999da1973c0968cd6c4719e4887ec	223	CONFIRMATION_HOLDOUT
r0287	0e407abcdd3434ea997c71d9d272ac263d281787024ffb7bd1378958cdecb94b	224	CONFIRMATION_HOLDOUT
r1531_1	0e42b25413d8f864c8169eaef2f98525adb2915add8c7ed125ee9a3b89a49663	225	CONFIRMATION_HOLDOUT
CRNtp	0e6798ba7bd2ea6a15db411d20cf501022ae2b9e7c79f7b197d8b911a5c6bc4e	226	CONFIRMATION_HOLDOUT
HMR_2676	0e6f3e8160bb1677f73decd943f5e6a5e4d344c3e4a1feb52f0cf28f65743283	227	CONFIRMATION_HOLDOUT
C3STDH1Pr	0e715fa604bea4bc3a8da4714a610d01b9fae3b57a16dc4f71ce0fdff728abac	228	CONFIRMATION_HOLDOUT
HAS2	0e7d39268ae76d56a51bc2f4f79aa84c696a92fbba62da279f94ccfaa6e8704c	229	CONFIRMATION_HOLDOUT
PUNP7	0e9d2836397b9c06652219582ee4a3ca2dd1a113e4a0a4208c442940f3adec8a	230	CONFIRMATION_HOLDOUT
HPROx	0ea4811799dc0dbef539a79b601a57cb057c8b42789be9dfba565a65df84d8bc	231	CONFIRMATION_HOLDOUT
RE3010C	0eae3ed19663efb426e07f4b311d77fada793515883d3b07d470ef3cd0a200e1	232	CONFIRMATION_HOLDOUT
5THFtm	0edacbd1bc3703a7cf79431af5e882693e2ee46f7b400a8cb9b1d046a7ebdf61	233	CONFIRMATION_HOLDOUT
56DHPVSteb	0ee14b13f6921574b3ad719d169603d14fb845b0564b53edfaa09b32f1dfd316	234	CONFIRMATION_HOLDOUT
HMR_3709	0ef9d6f505bae471203d16823083d29b49ee2b4c72fa90e701673c1bccb4a493	235	CONFIRMATION_HOLDOUT
HMR_3344	0f05acf8b643d028c569c191ce6b9a2af756bc9237efdbd63ad678c3edfb63aa	236	CONFIRMATION_HOLDOUT
HMR_2962	0f05cc8bdce43d22b3628f7d4629dedb4eb599599416d533e1f6238e3f048a14	237	CONFIRMATION_HOLDOUT
G6PDH2er	0f2292582d45776dcc67f1b08b40fbd6ea82dd75653f1cf2ae890c4b185c7b2e	238	CONFIRMATION_HOLDOUT
RE3001M	0f31a6dfefe5eb7916b90a2b4a4d7f974bea4853ecca29369a4eb7c0e635717d	239	CONFIRMATION_HOLDOUT
HMR_3631	0f3e6425e8f43fbd1bd03891b00ffec294fe56d6e9d9ef2a8d36e52e432c1542	240	CONFIRMATION_HOLDOUT
HMR_0437	0f51552b566703fae836ddf72a115e7815e2eafdb9b1da5708b1126ae3c91e43	241	CONFIRMATION_HOLDOUT
DHCR242r	0f6130eabb30b97a29c78b9346e533324ae399403d758863adae900470cde2f0	242	CONFIRMATION_HOLDOUT
A4GALTg	0f618d727a38e5c4f601c8e150f58baa9427cfcc990d9e44f0d562d943de6a9d	243	CONFIRMATION_HOLDOUT
HMR_3059	0f6a5a5a24a0c4876e0090f2a35cf3894ebf359ce29dc5fb748b588b3253754a	244	CONFIRMATION_HOLDOUT
GALNACT4g	0f71e1a34bd3053169cb61255f74c26803d799bf927c3235bb12da25f36dd382	245	CONFIRMATION_HOLDOUT
RBFK	0f75dd4476b7fe26a0ea3ef5321f6c0ef6b81da09b7f9b15e453c20cec2ce8ec	246	CONFIRMATION_HOLDOUT
NACHEX24ly	0f98126a80e09d4dca58f5455154d5ee05c04544764029e56553db1754b438d9	247	CONFIRMATION_HOLDOUT
NBAHH_ir	0faff491fc12d0835fe64217fb7d7cbc6db54c98368a91786ae679bdcdac8460	248	CONFIRMATION_HOLDOUT
HMR_1549	0fd07de0edbf802a0049d66c172f7870af42ebe36366d019752bbe9a7fe5db24	249	CONFIRMATION_HOLDOUT
r0386	0fd6ac5bbde55620ddddef56b1d365c789561e3cd750ddb72536f902d38b897d	250	CONFIRMATION_HOLDOUT
PEAR_HSPLA2	0fdf6979143be895ff5b5b00686d0aa9120cebb4cb18262cca591b1fc4c960e3	251	CONFIRMATION_HOLDOUT
SPHK21c	0feca8910ee5d325c73d8874b48c0def00614523e5b84a7dd0e4ac38324d2275	252	CONFIRMATION_HOLDOUT
FORtm	100cf4d2ac4c66845a401a35fa70ef73c355abfb164554c6e6a129301d162fe4	253	CONFIRMATION_HOLDOUT
AGPAT1_1	1011f99ec97d421d517094039798f316dbeffe4acf560250a9c19976ca850214	254	CONFIRMATION_HOLDOUT
HMR_0429	101ab1888a7044996435e53b9ea657a0e2f3ea7b64fc9c6054360801bc6f8eee	255	CONFIRMATION_HOLDOUT
FAOXC140120x	102d9007889f4d4c50c97f29b24a04f4f838efb43f9268813a00ed6e8db12530	256	CONFIRMATION_HOLDOUT
r0440	102df6447d3c835ac88dda53d2a7861e62c8cd2c717a2d734fdd3d4ce079632b	257	CONFIRMATION_HOLDOUT
ASNASNARGt	1035ee7c6d82ed9c27b6e25f5ce8a4a7779f9672c8e861ec8f333bc5fac1094d	258	CONFIRMATION_HOLDOUT
MACOXO	1037dd20decb3cd8c31dfffeaa9805c4b9ab63836d08a4d63f22da3e6d508c61	259	CONFIRMATION_HOLDOUT
HMR_0835	104d97ef938884b12895671e894cf414af8235c95362e14ed0a66584e2f2c2d5	260	CONFIRMATION_HOLDOUT
GALGLUSIDEtl	1065a3d8869bf64395792bbd9d265596652a31fa8f446224193927130c480e52	261	CONFIRMATION_HOLDOUT
r1599	1078dd0695c0718ef8768efb148784060138cff724b34bf74bc9e8e00fcec9c3	262	CONFIRMATION_HOLDOUT
HMR_6839	108e30453546449860b0f9320c4605b5799045769d560aa791285a48e03d5c44	263	CONFIRMATION_HOLDOUT
PGLYCt	109b4f0e4c8386714a046b9ee94f21597e24c20b153b8a785ac31b2b2ed206e8	264	CONFIRMATION_HOLDOUT
r0407	10bfb3204e8207e4e0c2beac1b53b976aa62c161207cd6aa965983152f7c39c0	265	CONFIRMATION_HOLDOUT
HMR_1280	10c022fbd7ae3b8d134f7d5230708d9a7289d1ad002b55c19e298006950bf1dc	266	CONFIRMATION_HOLDOUT
ALAASNNaEx	10da4b920e35828bf7229fb2faf93c17798a1efd18259a2b3c3b563fd3421c9f	267	CONFIRMATION_HOLDOUT
GLCAT3g	10ea873999474ab603b478a43d885ce42a17099b51988c8cd765cf975cb8287b	268	CONFIRMATION_HOLDOUT
DHDPBMTm	10f32ec7ea4a23a4154bca476581d85233209b3ab03d92b84b4cbfa89b71f4b9	269	CONFIRMATION_HOLDOUT
HMR_2543	112cbe122d5d3dd1d38a49cdafbbc66a3cb7319f17ff2ec39f0c01e8950548f0	270	CONFIRMATION_HOLDOUT
NNMT	11365b6656722019c0abe1914d36f5dfb638d3838e0cdce5d9e6c405d0decb41	271	CONFIRMATION_HOLDOUT
PE12_HSt1e	1147fa24cc72d7508e44ed12a1ec5719e5aa1554fdd0740d6c8c38f5d720757d	272	CONFIRMATION_HOLDOUT
r0385	114fe0823fd4613e63827ad7d14c4222e7eec19b313d7ec21aa6119261374a1d	273	CONFIRMATION_HOLDOUT
r0643	115583e4fd9fa563af356464597e7e3d025e2db5d98c0c1092792c9971b2d4ff	274	CONFIRMATION_HOLDOUT
AIRCr	11578a8ac5132522c6892fdb219be60b031db4e73fd20b86064ab9f72c393c0b	275	CONFIRMATION_HOLDOUT
RE0453N	115fcf1f0db0145d74f226b2b9714e36e36cd41f1396bc0597688d16641d4c9e	276	CONFIRMATION_HOLDOUT
FAOXC10080m	11680c501ec80f21f973d4cf44f420eb6e7189cacef73f8678ab12161496f212	277	CONFIRMATION_HOLDOUT
r0403	1182c6f424353e50fe5a4a7c1c6e5fb53f3f99eeeba835edeac8034bf326c667	278	CONFIRMATION_HOLDOUT
LCAT52e	11850e36c3e7998c0e3a1c96553be911bcc56dc167cb53e7ef0649c07ad74f23	279	CONFIRMATION_HOLDOUT
4CMCOAS	1191e3f5dcd621aaad97ae9a4e5b3975fd5131cf3bef2d06cbe09b8cc365fcc7	280	CONFIRMATION_HOLDOUT
S6TASE20ly	119e02ea53a9159d94ac99bcba218531f479db819e2810058d43eb90334963eb	281	CONFIRMATION_HOLDOUT
GLCAT7g	119fc7e1013f9692fcca0ae3e6eda226318540c6a2e01a66f7f33fa67af4a5fb	282	CONFIRMATION_HOLDOUT
r2521	11a61f15005d70823aa00dba9e7605e32bc0c0c922dcd231e2fee269ff734ca6	283	CONFIRMATION_HOLDOUT
r0170	11b24c2e6e95c3c565a87543d64e8f88e937e6823ee6abac0b1c6e717e14ca76	284	CONFIRMATION_HOLDOUT
TACRtu	11bc7d661ff32ccb5c7194abaf63e9605d5ce9e498408092cf0d995c092c0251	285	CONFIRMATION_HOLDOUT
UMPtr	11c73d638a72c338f43b353d7ebda4f4247f7f0751c0a4f9b3dccf28a5ca2dde	286	CONFIRMATION_HOLDOUT
IDOAASE3ly	11d1140f5c369e8297756f3bf53a745d6dc341bc045a4c51bd339a2a722a2d48	287	CONFIRMATION_HOLDOUT
GLNALANaEx	11d40b0450963fd6acdd846058eaf69eab551ce39550e8b5df47c1f8d0148aa8	288	CONFIRMATION_HOLDOUT
ACNMCT	11e1aba59ca87a37415b749daa7e11540e4b10a8360b53d93d19607f08ba2292	289	CONFIRMATION_HOLDOUT
ACGAMtly	1227b64d37edc45b80d27f6541917614e2120e7e6619ba81ac0f2fcc9decc81d	290	CONFIRMATION_HOLDOUT
r1999	1228a37fc5c7c819cdadf9d9f84c9a8519cdb4ce8051ffcce7afc6610752f48e	291	CONFIRMATION_HOLDOUT
HCO3Ee	1245b06e08c588ce8e7e739dda0fc3aec041100103d9b21d1c94c62193cb4c49	292	CONFIRMATION_HOLDOUT
ASPDt6	124cd4984d863c8f949aa5588fea85553d927c5e3220417fdbb0ae1278f54135	293	CONFIRMATION_HOLDOUT
r0673	125811db0b54323e33a1169695e17526a13fc2024137b45968897c9f995c04e4	294	CONFIRMATION_HOLDOUT
TRPMETARGt	126490dbc5426e2404dbd7901d6c385deb5e8cc8e1bb1492569f16753dc19c9d	295	CONFIRMATION_HOLDOUT
CE2211te	1270141c27368fef49f7eea3ecc6c5fb5b1e52fbf08347f258545f13eff5decf	296	CONFIRMATION_HOLDOUT
COAtp	12883e3978fb11a8faaa0b8fd664b2e5e562b21adf354b1fbb4bb92d73a515f2	297	CONFIRMATION_HOLDOUT
HMR_3645	1288de3cae6137ad22c7c4b8ae35d91dd2dcd9cd96388ba80b7d5772d84eb591	298	CONFIRMATION_HOLDOUT
FACOAE180	12912e0bc856db88d74bd2ace0151ca4645e18e89da66228e3c68bf1f07bcae2	299	CONFIRMATION_HOLDOUT
HMR_3423	12b052ea4d2ed45a9d9042cf17f8e9355045eceb42455a20279a02b45044925d	300	CONFIRMATION_HOLDOUT
GLNSERNaEx	12b27c20ccaa48c22a08abe68cfa83f6dcbb555ed3e274ee071248120dc07ed0	301	CONFIRMATION_HOLDOUT
S4T1g	12c3d3c49b96e08d7b3e6230be5766ba8ed833c1fa420ce49c2ce47c9d15f43c	302	CONFIRMATION_HOLDOUT
GAPD	12d4b9dd3ab055cf61d4842a9bcf78bf4f49edb404b2286857c11fa6b517fa3f	303	CONFIRMATION_HOLDOUT
DNDPt25m	12f2ded4888d51fbaa87120d3a0cb1585880f1487694bc54effc0fd70dbb44d6	304	CONFIRMATION_HOLDOUT
HMR_3663	12f72b4b6d4adf375a1f29cf3be136bb2b10f3cdbf0699b5dc2a93f0151926ad	305	CONFIRMATION_HOLDOUT
BAAT3x	12f9958adf6a752d2b86906663e891a30d6835263a2a20ce15b8fbd9d4752543	306	CONFIRMATION_HOLDOUT
PCHOLSTE_HSt1e	1300f5be19f5eed987610c1417b40c481247ff424341e8bbd77c67bb0b5b08e6	307	CONFIRMATION_HOLDOUT
DGTPtm_cho	130307867475e0b40ab78b7577066b9eedfadc996ab7a858aff1383fe3626d13	308	CONFIRMATION_HOLDOUT
HMR_1771	130a76a6590d631bce38466a3a66ca438f1a22cb3136513873059a5f47add6f1	309	CONFIRMATION_HOLDOUT
NDPK6m	131f6b0fc0c7dec93e285c54abd57e50e55d90b652e93c1c09f7c954ec0831ac	310	CONFIRMATION_HOLDOUT
r1559	13220a19d120d518a91c1d092af2979598d665bda0d027cecad33c6e25c4655f	311	CONFIRMATION_HOLDOUT
LCAT17e	13436c5eb2c24628ee0bd2ace1977b351a929c3af0c417b4c75e898541981f93	312	CONFIRMATION_HOLDOUT
RE1527M	13475ea2de399bd18a4e26f7ded13a3566f6ecea89640b74efc3140f78b8e892	313	CONFIRMATION_HOLDOUT
DIGALSIDEtl	136fa2674aa70e05d239ac6d4b3838bf04fc5276334a1f2f870457647a27cb60	314	CONFIRMATION_HOLDOUT
SPHMYLNtg	137462b3812794375943aab907ce2f75aedb19913b43ef38ee58507d6e60a1c9	315	CONFIRMATION_HOLDOUT
r1560	138e3ac675258c7c1d31ea5a19d5aee28b153ff5ab427be5a8945669113fd547	316	CONFIRMATION_HOLDOUT
HMR_4772	1394fdc2815a6702449c548e214f6a65bd261ac171f815df057f0dbcb9a956e7	317	CONFIRMATION_HOLDOUT
HMR_0178	13b6b06ade6283b5be3423ef3a3a76e7726302ff1d78ef16cca2ce864f18c47d	318	CONFIRMATION_HOLDOUT
HMR_0625	13bb429931ca29f0683b59809ab6edd2f188e6bd18210902ba346625fe99f833	319	CONFIRMATION_HOLDOUT
HMR_3425	13cf23aff0991fd5d89076d20b884417880ba1292e793eba1369846f31acf702	320	CONFIRMATION_HOLDOUT
HMR_0370	13edeae636c3bee37dde54e03667155486ad3efede101648cb83a30b092331cf	321	CONFIRMATION_HOLDOUT
COQ7m	13f0c673e3531f71505aa195093ac3d7bd1178db9b74877593eb8490193304ac	322	CONFIRMATION_HOLDOUT
HMR_2675	13fc5e3234d627916c90f92c76250a4eaefd2bc40c5955ab999fb6d99793e246	323	CONFIRMATION_HOLDOUT
GULND	140889498ddb9874462fc88a71c5cfc7485ec19dd6b1169811558dd0314441cf	324	CONFIRMATION_HOLDOUT
ILEPROLYSt	1414b6b47b91daa4a4a52db456300c3308bea0a4554f66ec0792c6424af47369	325	CONFIRMATION_HOLDOUT
ODECOAtx	14415739bf613183242848cb2ccfc20797380febefa57a51eb7c1c3a40a4dd39	326	CONFIRMATION_HOLDOUT
SPHK11	1449d0e789462bef4a98684b7e843d767cd4df968f7d72f3e3c662137e21c9a4	327	CONFIRMATION_HOLDOUT
HMR_6583	145e283c6a9d41b607dd720e9a00618bae944a8ceeecf1a76e3d004dde65e339	328	CONFIRMATION_HOLDOUT
HMR_3097	145efc69b463a0bea131d40a894b095aba4c1d4588022c3dfb58cbac661b7677	329	CONFIRMATION_HOLDOUT
PELPALM_HSt1e	14828a81d007406f69ee2aba3c2f32157b2ea66e6f38440a7328d2b7842fadc1	330	CONFIRMATION_HOLDOUT
HMR_8776	149241b4d54480d9f76bcda00d31809cdd57bb210e282ff414642d4833a2639a	331	CONFIRMATION_HOLDOUT
HMR_0428	14973c198a2613bb4b8e21cd22b98a7da41e4d3bc4994a6ce3617827eb3826eb	332	CONFIRMATION_HOLDOUT
HMR_0194	149fa25a698d710af8db7964398640a137ec4e93da18334b6094508511b32e20	333	CONFIRMATION_HOLDOUT
HMR_2088	14ac4eb42ddae1ee1a2b98e7816cf6e78e4a49d7364e891792e03561f4534fc3	334	CONFIRMATION_HOLDOUT
DCYTtm	14baee2466eca172442c44ed762135a24851de1cfc509af217f167f9f61ffeb5	335	CONFIRMATION_HOLDOUT
GLYHISLYSt	14c23276233eddcba5f1390c67749be306bf30c7b1bd1ca3ec8ef99760622c08	336	CONFIRMATION_HOLDOUT
HMR_3864	14c7bc0fc536407f998fb1d39fa94312622808b9d623815a616461e68625be6c	337	CONFIRMATION_HOLDOUT
GLYOX	14d77ebbac561f766ffcf22aa7b46968a2755026f655e52f04741748318d012f	338	CONFIRMATION_HOLDOUT
GLCter	14e0570f12bdc6056e27cb3a965540378e298602440cbc2cd3e02ca1aea3038d	339	CONFIRMATION_HOLDOUT
r2125	14e1114dececd9381fe84735a458f93266c983550efdac299020c1d1c165ad53	340	CONFIRMATION_HOLDOUT
CYTK4n	14e1a0c10974030164c4e711bfbbd91712879604d1507979cd70c18bfed7f83d	341	CONFIRMATION_HOLDOUT
GLYOp	14ff52c110c0079f1c87ca5d8ea96475e831acae7f4b42afbf709556e737ac14	342	CONFIRMATION_HOLDOUT
DUTUP	151fef98c66df7fa01f53654f893880205c09e820bf7301438b3193bc7ff1036	343	CONFIRMATION_HOLDOUT
NRPPHRSULT	1538d0296150d2e0f415f1a9aabb171be7da3b086cceee196b71016c0ab7736e	344	CONFIRMATION_HOLDOUT
LEUKTRB4WOHt	15439234d37cf0775e8380640a71da11c96391f0aa78b9bce980c5cd175205eb	345	CONFIRMATION_HOLDOUT
ECOAH1x	156eb8b4322a07aafebbfb2c5fdd8e835348c156659dab688c39ea8c83341526	346	CONFIRMATION_HOLDOUT
ST8SIA52g	15953e0166ecb3a417d9bb0eee0b5067f1dc002ed1ef53ad1ef4729f93a659ba	347	CONFIRMATION_HOLDOUT
HMR_3175	1595f51f22b0eda5fe1da2efc4901feaca2d3a8979b0bae7f278c67d9c2847a0	348	CONFIRMATION_HOLDOUT
RE1517M	15a1d1b981a9cc1712560f0cff583320535ae6b58e629880316df3350bdecf26	349	CONFIRMATION_HOLDOUT
TMNDNCCRNt	15b110bbbc78e0b02dc1fc926030bb67110cb3ea4673b154890d5c91ce8d423c	350	CONFIRMATION_HOLDOUT
DNDPt5m	15b3950594dbe5be20968777ce4cf3783d053b308256339d36af524a0b234c4b	351	CONFIRMATION_HOLDOUT
r1116	15b796dbdb789804e0d97b41b28c9f8e16a0d3f8081051aceb43672bcf4ac169	352	CONFIRMATION_HOLDOUT
RE3016R	15b8c32047cefe6c7a1601c74ddfebb278dd4b1ca36923c0bb2393db7f4e9f98	353	CONFIRMATION_HOLDOUT
DRBK	15ba999e2220767e2727e326cb9cb12c5bc346c29d5d8e50c1b284afd14db7d8	354	CONFIRMATION_HOLDOUT
SPR	15bf47a04317ff4ec1d1adaeb078e67e9b7485fcc1be80eb7fa00b05969d4e2e	355	CONFIRMATION_HOLDOUT
HMR_3636	15d863846e02a246b0d5c2b3242aa9c4b1e6e548d34f4a9cab6193f015dda516	356	CONFIRMATION_HOLDOUT
PMEVK	15fc2866eec2be111b8e8e488ec337da4643430945edead71ff1501d83cddb05	357	CONFIRMATION_HOLDOUT
SPHMYLN18115_hs_ATPt	1605c880ed276259f65e148dc8e32ef843fcba9f9f28e08873e06d09d3b7a9a0	358	CONFIRMATION_HOLDOUT
LCAT53e	16224974b453993f926fe4a6d7e082f3961b7ccc90fa6893a8a4843d29a2cf1a	359	CONFIRMATION_HOLDOUT
DNDPt2m	162ee584087744fe43b54ab4da5f588264ff5412581c9836e0ae05374c80193a	360	CONFIRMATION_HOLDOUT
SERGLYexR	16367d730663b74393199355bc8bf1cfcc2c97a7d86a38c398296b4f2863ae55	361	CONFIRMATION_HOLDOUT
HMR_6786	163e03e328400eead1f1493c2fff61496bac9ebb79c12003b281ee287a0b91ad	362	CONFIRMATION_HOLDOUT
3AIBt	164cbd1204876766d7eac548ff9d9a5643463ed4da1651acbecbcbbceebc44fc	363	CONFIRMATION_HOLDOUT
DNDPt46m	165cb6826b84b5233c98822183c0eb11f1b13973a6c1556f30ca6ab51de92ba4	364	CONFIRMATION_HOLDOUT
DNDPt15m	1681e56ac24d1cdf67da8cab6cf198786f163d50c0b1b339e4ecbe5e8a7fcba3	365	CONFIRMATION_HOLDOUT
r1183	1688cd3094dc61fb09824674d82b716edff3022d1dbf47101be47290f18997ba	366	CONFIRMATION_HOLDOUT
GPDDA1	16b42ccabb43dcac59e67c31706267468a4c8a7caa376496d07fbe4b673b995f	367	CONFIRMATION_HOLDOUT
RE3166C	16b5a686322b60b0ecdc9ff69c5dbc1590d52e5a0ecba8c250342d57897699a3	368	CONFIRMATION_HOLDOUT
4HATVACIDhc	16bd2f915dafdea0f2d2b03a1b3056800251357daa83f0c6268290a5f6d227af	369	CONFIRMATION_HOLDOUT
SIAT9g	16bff508f57c31b673ecf015dfef13543f55d423210a025781938f1c567cc520	370	CONFIRMATION_HOLDOUT
METLEUex	16d6c07fed67c1c161348e819c8b466f69e4f90a3ddb8ea8e3a10164e25e8c33	371	CONFIRMATION_HOLDOUT
HMR_3694	16d7a6842ba4c8fb4c27018af8c41422503e63453ee47abed0bb32e740c661bf	372	CONFIRMATION_HOLDOUT
SUBERCACT	16d8c3a14356d0e04f26a9ee713949a8ad982737f6bfafed83705eb17fb47b1b	373	CONFIRMATION_HOLDOUT
AMACR2p	16dabd332e3bda6b2caf01b2a27fbf3dde9af6c5f6ef27ef802d811cd7936e19	374	CONFIRMATION_HOLDOUT
r1574	16dcb9d9f1fd9303c42c83c95e342811f4970cb4952d8e9e9c7bf13d603621e1	375	CONFIRMATION_HOLDOUT
CPK1	16e1b8e72490956545c15eef20e5337ff565da8798a8e194234a2213f34ddc52	376	CONFIRMATION_HOLDOUT
NACHEX23ly	170d522b84be3b3d70ba3789657d04a31786aa2afcc0e89e5dfd2f10b5c66337	377	CONFIRMATION_HOLDOUT
RE1523X	1714c107d84ae51bf35ef52b7763ed453d510dbe0a1145370f7c4e2b63adb19c	378	CONFIRMATION_HOLDOUT
TRPILELYSt	171cab55c0b892740b80edc27e4a64068242da32df58ecc17ff56a8adbf15676	379	CONFIRMATION_HOLDOUT
ADKd	171d19ae2e028fdcd985b16f627d0b719ea9b6588e13e4849074c8a2cbc015aa	380	CONFIRMATION_HOLDOUT
HMR_2624	172ed163ee6d1d07e1f72f833a119bebb693fa44fdf44bd2e52e86df8999f369	381	CONFIRMATION_HOLDOUT
NDPK7	1740b44969697f8c4276d4d230c4d2e23d7f150cf98ce6b048f2f670b402dff1	382	CONFIRMATION_HOLDOUT
HMR_2704	174a9dcf1f74dbb989e5bd59f8f366a6b1e27431616867e6d9d7e5636fc7c09b	383	CONFIRMATION_HOLDOUT
RDH2	176a54946b1a658f292cf32de947dbd6ea189cabdd473b139556e9e891a2bdf1	384	CONFIRMATION_HOLDOUT
S4TASE4ly	1770f127d8aeaacb6adbec9acb826c46c515c6bb6484841f532637de881e4aaa	385	CONFIRMATION_HOLDOUT
FAOXC16OHC16r	17868e0b960f22377c18b0a4f9f5cba6ada5969c33acb31bb52c635fe551795d	386	CONFIRMATION_HOLDOUT
NDPK5m	178afec89c8231ac52d72529ee1a3051c2afaa54ed9a15adf4c25979cd2ba501	387	CONFIRMATION_HOLDOUT
ACOADH120_m	178facc1a042e8deeb913ee5dc2e1c7b6026b360a8c3da5b662b9a3d406963b9	388	CONFIRMATION_HOLDOUT
HS1ly	17aa9cab048f5f9a0b548807573544fa2dba0caea43fa7f8c462d8234ac10301	389	CONFIRMATION_HOLDOUT
GGTe_1	17b8ba0f1b463ee03a8df8650da7b94eada3fc685bca17a632631c5c5c835219	390	CONFIRMATION_HOLDOUT
r2376	17c1fc189c01168b447fe1e0b35582e70e6d4c5abdd3b05dea095e823633fa2e	391	CONFIRMATION_HOLDOUT
HMR_3236	17c5a043eca7d9d9ef273033b97bfe9ce891eeca07a35866c923c3ca22c94d0a	392	CONFIRMATION_HOLDOUT
CE2209te	17d478cfdaf5efc44cfe84203229fe65f0cbfc0b54ff1e598a1ab735407094ca	393	CONFIRMATION_HOLDOUT
HMR_0767	17d4a2845e3c090dc12d91b51cd3c7facd7af50d1817b314af1583c6717e51bd	394	CONFIRMATION_HOLDOUT
PEOLE_HSt1e	17e7f8fb0a45bcd2bcc21040ffa052664ded6a1b77944289cc0d7f12bad5ec62	395	CONFIRMATION_HOLDOUT
FACOAE140	17fe21eacc2994048a99cca2726c9c65bf44e2e25baa44299d3db00ac77cc3a9	396	CONFIRMATION_HOLDOUT
HMR_3240	1800a12fdcfbd8ba69e9e7df4a075b633e7d701ec6e100982210771feb282494	397	CONFIRMATION_HOLDOUT
2HATVACIDhc	1803fbf010e4f1a124996849f3a4d62a7ea50a859c13cbd1c33cc1a2726da00e	398	CONFIRMATION_HOLDOUT
HMR_3337	180bbea5c13e520452176bdedf2731589760e3ba730d60921871ae114d60dcc2	399	CONFIRMATION_HOLDOUT
RE3119C	1811ba0197e6e94120f94c5bb7f98c20891c54baf9b911cfce0a6eab1b8c4d69	400	CONFIRMATION_HOLDOUT
HMR_3063	1817d83ce771dd11fdcd422f7d9e0a9d2a877235a24287237061de844e408ece	401	CONFIRMATION_HOLDOUT
GLCNACT3g	18277780b1188c056e9eda99c072a3c11e73022eb1dd54535d10065660cd698c	402	CONFIRMATION_HOLDOUT
ACACT4m	18805b58e943b664d2587db440fa66f7a312b09022d0d964244180ea17abd20a	403	CONFIRMATION_HOLDOUT
HMR_7748	188e1e94c52997827e09d8041eadf98eb1cb63a6cefe1cc23ed38b382acec535	404	CONFIRMATION_HOLDOUT
HMR_0346	18949b728b5b6ddde62518731329fc95ee177be39030b53d079a7311913590a1	405	CONFIRMATION_HOLDOUT
ACGALK2	189a9ce69a8c78e041804ea6ca0f784f02ff3f81b1f477df8472ef51a7c3b661	406	CONFIRMATION_HOLDOUT
HMR_2348	189c59e4466947bcda4d858c83d8fac3c5aa7c3b604a9bbe59a84d2e42355343	407	CONFIRMATION_HOLDOUT
FAOXC121C10x	18a5209be63a9421f6870d2491fab6b60d50b5fe5eab2e87b11d63a04746e3ad	408	CONFIRMATION_HOLDOUT
DNDPt1m	18ada26a157ed371e7d44f3302da6432388657e63b9c3d90f501ab74ef62fbb1	409	CONFIRMATION_HOLDOUT
RE3626M	19053e09ec4845da5715967d518ad6e9dc95e6a6b6db67e6f8e8dc62ae7264b4	410	CONFIRMATION_HOLDOUT
PROCYSt	1908c58755bd16bbaae942019a610323aac951c4031318b906f487aa167a9008	411	CONFIRMATION_HOLDOUT
ILEASPt	19154ee7997da7c2d7f5b664a8ee102aea2fc424889d0a16be1a46b23b9c4f55	412	CONFIRMATION_HOLDOUT
6EPVStep	1929e515f6e97d5228b5ca695c1445ecb42c9a0ec58dd06f784823b025652c1f	413	CONFIRMATION_HOLDOUT
PCHOLET_HSABCt	192e8488343d5450c40ead0ff60eb635020c08d573641f2b8c5d1b57d24acb06	414	CONFIRMATION_HOLDOUT
H2Otp	1942779cab856676d4d6bbed9520d0f9cc736f4cb608c1683e9b1ac7c6149eab	415	CONFIRMATION_HOLDOUT
FAOXC103C102x	194c8ff8c9407c5b0a2aa86f6e506b4e216fec59f20fb9c5eebe7577871ae499	416	CONFIRMATION_HOLDOUT
O2tp	196285b0576aaaf45d0fc5c517f6e34710b8be2e15ab81e8005974b9ddea8519	417	CONFIRMATION_HOLDOUT
UAG2EMA	19638574149bade80649dff8b69138205aff190b384b1c26c20b8696a660b0a3	418	CONFIRMATION_HOLDOUT
HMR_0328	19649a85c07ade96622ef43346895369b14d6eb7bd3a314cfff29df7a4c7cd15	419	CONFIRMATION_HOLDOUT
r0860	1965b94e4ff2de6ee999362aba46a637faeeb73b9c8dcbb7d1299c46987801a0	420	CONFIRMATION_HOLDOUT
TPI	19a29310d53caf1bbc2930889a6e57b5777dfa2a66a4f6106509fa325e52383d	421	CONFIRMATION_HOLDOUT
KAT180_m	19ad1f64ed9dee30611b5431290a339ae57d8c3a0a91d1186bbd90bf0a353273	422	CONFIRMATION_HOLDOUT
G14T4g	19d5ec4d71435849aad407ca34ddbfdc6e0f76ac09587a1ff79986c786afc384	423	CONFIRMATION_HOLDOUT
FACOAL246_1	19fb44558e586e7cd958fc7e6317b2a5737bd6d4b2a15661b2fb8393f047fb72	424	CONFIRMATION_HOLDOUT
HMR_2994	1a0b5e9b5b34effa1379dd9ecd341864480140aa6960b731b13e36e52da74600	425	CONFIRMATION_HOLDOUT
DOPASULT	1a0eff78c8539cd52f8ba2f373dc9aa4aa60f7c444550c7fbf6f2dfba9bd47e2	426	CONFIRMATION_HOLDOUT
HMR_2963	1a27e61598be5a9def644674366b0a310082066e2be54601f5b30c8901b0cd61	427	CONFIRMATION_HOLDOUT
ALDD19xr	1a292253a4d84a052d3a343411f17b037cfe5784fb2e8a99b41e332156f5a973	428	CONFIRMATION_HOLDOUT
PCREATtmdiffir	1a49c7cde763ad23a847f23b867eea15589c46fce04bf881cd2872baaa166716	429	CONFIRMATION_HOLDOUT
FADH2tx	1a4bee0f835db4dc8cece344f410dbaef149c1eb201eea3aa2a6ad3ee641c389	430	CONFIRMATION_HOLDOUT
HMR_0822	1a6e09d5c86678e08abe58e19edb4fd7afff82f15b3ec6dfdbfd75a33624b610	431	CONFIRMATION_HOLDOUT
HPYRDC	1a77b3f71ac96c87fdb2e432d6cd9bfcc8e8eb9aed66ec3d52f55b67e088ee7c	432	CONFIRMATION_HOLDOUT
HMR_0770	1a8d0de8869316e670b09373ee636af6c92143f43294371492f6de69da3d914c	433	CONFIRMATION_HOLDOUT
PCHOL2PALM_HSte	1a91fa79b5868ab813534dfe77fcc9f60b5f403ed5b4057f48bd08efcf6a402d	434	CONFIRMATION_HOLDOUT
HMR_2282	1a9ba36e67ec766494c7a8c768052aa9cbd9d79efcbc1e932834b89f2ffdb707	435	CONFIRMATION_HOLDOUT
PE14_HSt1e	1ab5535ca11ac1cb9d764107f454b35249b9099321243ebcb52f9302632b8bc3	436	CONFIRMATION_HOLDOUT
GALNACT3g	1ab824359e065dca6c9e3d2a99379c61bfae28083835b7d54c81ec17a91d424c	437	CONFIRMATION_HOLDOUT
RDH2a	1ac1bc1dcf67a538857f51efa888c871bb76abc5ac817bbb4f9831ffc0b6310e	438	CONFIRMATION_HOLDOUT
HMR_1758	1ac6eea76c15aa9275fb958c4d4f2ebf6230f6a8287edfd3526f72c15b15ecbd	439	CONFIRMATION_HOLDOUT
IPDDIx	1acb480397351655a41d4470c6193110345abeba1d21fdf8fd59117a6b5b5262	440	CONFIRMATION_HOLDOUT
FPGS5m	1acb78584c7437f873d6ccd832cd3eaf5fa6c1954e4f8ee469019b06a228f87f	441	CONFIRMATION_HOLDOUT
HMR_1637	1ace7f6f579b0e9f80fa7a621300ffe2874aec79f655746ef52a284a609b5f70	442	CONFIRMATION_HOLDOUT
G14T19g	1ae8f98aed346cf96237a7afe577516779cf856575e1dc0a51df6b042bc212fd	443	CONFIRMATION_HOLDOUT
PCHOLN203_HSt1e	1aee003257f94235286f393a65ef11a3fe803edb525654980276a477fc2c8cc1	444	CONFIRMATION_HOLDOUT
METGLNTYRt	1aeead5530acbc5ba224d987082877584b068838da56936e168dde2c5a5dade0	445	CONFIRMATION_HOLDOUT
FAOXC160140x	1af18dd4f306a1d6091e2a622414cb8abd35e7e9ca7f2f8eb3c999b9f6c9f2f8	446	CONFIRMATION_HOLDOUT
r1150	1af8dca749936892acd01852c34897ce01e305c665a08f4f604f43eec9eaf4c3	447	CONFIRMATION_HOLDOUT
GLYtp	1b431b4a950532d20040c99196bf73d849e42f50e82c4b14c4eb8f3750729846	448	CONFIRMATION_HOLDOUT
HMR_3679	1b60034eb8b5ccbae57d3157fd34d238d552d9bd8b4d2fc4ad2a9eaac6de4177	449	CONFIRMATION_HOLDOUT
B3GALT41g	1b79263a18750015d1a3df6d92640689f556bbf509e8e2e09afd3834c1ec1fc3	450	CONFIRMATION_HOLDOUT
ACONT	1b825aa6613dd143053e9278a17f59437d75d79220f49485d3962c30ff34f36e	451	CONFIRMATION_HOLDOUT
B3GALTg	1b964ec49f54360b1d06fb47371c38fb65e1dae14cac2990e3f9be82daa63235	452	CONFIRMATION_HOLDOUT
PAILAR_HSPLA2	1baaff8e49d7f2bb25783d3c461124ebc5c908d78b9270feb0e5d34a0cebb2a4	453	CONFIRMATION_HOLDOUT
FPGS8	1baccbb87ee78fdc2f25f8167c73eedea4dd0f77c9aae52f68860a4853fa67fa	454	CONFIRMATION_HOLDOUT
3HPPt	1bb03bf88b6171e731857f6e679a4bce148f15e93a0ab17a4bd125ffec8b2c55	455	CONFIRMATION_HOLDOUT
SMS8	1bc2b89dd60c8f9e606204659551c2d1d82846ed7c22ddb96508a7b150083a89	456	CONFIRMATION_HOLDOUT
HMR_0280	1c01958ae51d7a77a94c3f19494734640c8d87ab9e0610288e59be674844cb4b	457	CONFIRMATION_HOLDOUT
FAOXC2051843m	1c08dd8dbadc1cde34ae9d297841f44786f8d7abcc5d981d9a5767e0a395b102	458	CONFIRMATION_HOLDOUT
NACHEXA4ly	1c0da8dba817e617b201df3701e5ad0b07880a5c1a20ea0ae2ec26be28bd7c53	459	CONFIRMATION_HOLDOUT
LEUSERTRPt	1c4507a6e96cb002fafd87d160b961f1c7a066cf9fca8154c642e4aa45514c0e	460	CONFIRMATION_HOLDOUT
HMR_1740	1c4b15c1240c52d4dd58db1049b47d365cf8d55fd3601fdc9e922854488073e1	461	CONFIRMATION_HOLDOUT
FAOXTC182TC162m	1c52d15f91a9a897614f5e510208603801d61805e4c2dba7c4684032a9f99e07	462	CONFIRMATION_HOLDOUT
HMR_2342	1c5bd365c891bedace414572b368d39a3f667ed511ddebe5afb066d114c0b1ef	463	CONFIRMATION_HOLDOUT
PI5P4K	1c64949e2b43a65da21600ad4881496a2a5bab3afeae26d9af1ca4b50f636df9	464	CONFIRMATION_HOLDOUT
DCK1n	1c796751bebbcc0358ce21ac53c8cfd156c1f8962fdc92b49c71ab33cfb72e91	465	CONFIRMATION_HOLDOUT
MTHFD	1c91fc1243c9b6a8b8d06e02bcb357aa9c7a082993da91426f4c0abe59cf26d3	466	CONFIRMATION_HOLDOUT
GDPFUCtg	1cad394e793bd757473681aebf51aedc25b0c256c26a379503d6a669af485dc2	467	CONFIRMATION_HOLDOUT
r1584	1cb396a2aad222d66b8ae9737a0d6dc1695631472e488da83507ba0703ab8ec8	468	CONFIRMATION_HOLDOUT
ABUTt4_2_r	1cc7caae456ef7b5e2e984867eea36d1bc4c5b0b02abe68ed27701488c92ea09	469	CONFIRMATION_HOLDOUT
THFtm	1cdcfe085de0d3ea334c470ef7b86a8ba46c410262a48b70a30695bf06739525	470	CONFIRMATION_HOLDOUT
NRVNCABCt	1cf209bc54cebf8192463b600f321aabd48759d18feffd83fa1e6c1e8cf6061f	471	CONFIRMATION_HOLDOUT
ALDD2xm	1cf62b818bf45ac4d879759682edca11fb185b65c0d1924992817222eb56474f	472	CONFIRMATION_HOLDOUT
r0002	1cf7ddf7d3b6ce817794935e131d535e885c4318ab1a8216f0dbb669d234afcc	473	CONFIRMATION_HOLDOUT
HEXDTRte	1d114e9e4ee348d4930db4287aa3286019a53c235fe4fbcb416572932ec02b87	474	CONFIRMATION_HOLDOUT
ST3GAL21g	1d15c56354bfd3219f9d2c3e6212e580aea0ce417a465c7fcc7d6f276f17387f	475	CONFIRMATION_HOLDOUT
GNDc	1d15ea52866fd6f418e5c9d8c0fb543cd7370b8d739fb4d99424de158d6ecfc8	476	CONFIRMATION_HOLDOUT
EHGLATm	1d1bc469e49fdaafe0657865009f61cb132690670c775cf014e996953b635a07	477	CONFIRMATION_HOLDOUT
FOLABCCte	1d2e0aed347f441feb3fada7a296556f5ef4ff8cc9a9107e65a56360bb48a5a0	478	CONFIRMATION_HOLDOUT
HMR_0876	1d3b2ed5f2ad7104f93ce73a244dcad390f677a13ab02b204ec294bf9f433e84	479	CONFIRMATION_HOLDOUT
CARN140t_m	1d4100fd38ebf94e61ff29991fd26bd9ea4ae2b672ccc531037b5c661ddc4bf7	480	CONFIRMATION_HOLDOUT
RE2912M	1d46af140b3a6cd26555dc557ee1066da88e9baea88b56c485aef973700f1128	481	CONFIRMATION_HOLDOUT
HMR_0200	1d49ab0ab152679be80c6ac1af77bc6590b99d891d3fc19ab29dfc8534ec15de	482	CONFIRMATION_HOLDOUT
ASNGLNNaEx	1d81c579e0fd2866b0310b113987276439ad19ff99cf1d73476c022a919adc24	483	CONFIRMATION_HOLDOUT
HMR_2713	1d894bb216a11dbc659233d8ed38e9d68780fdaf236d24fc97288c273b832820	484	CONFIRMATION_HOLDOUT
RDH1a	1d89a730194dc14c120f2ce5c01f8363b15be05249106bde2ebf8c48daa87c63	485	CONFIRMATION_HOLDOUT
HMR_0837	1d95e171d2542088fdf3da79dabc29d2a7edb985d4f13ce9c6397f3479db47d8	486	CONFIRMATION_HOLDOUT
HMR_3110	1da33098332c6028e0955f212a29aa470f1671976d98aa5f76f5380ce22acd68	487	CONFIRMATION_HOLDOUT
CATp	1dac81e6dcf33e30c11b646ac12f1ab03d10aa654769eeaeaec8c616a04bc4c7	488	CONFIRMATION_HOLDOUT
HMR_2978	1dbf3cfe053e69e40fc0d21995639926e7a5b4621738fd4e29c496414db96e14	489	CONFIRMATION_HOLDOUT
NMNAT	1e0baade75b8ec806680c9f18bb5553138dc6bc4fe605d516fee47fbc45695f8	490	CONFIRMATION_HOLDOUT
PGLYCtm	1e4924b6f2b95b92c720f92a8cbb2e777b0c4a26030e7c7260eb9a4bb4b1a6cb	491	CONFIRMATION_HOLDOUT
HMR_1127	1e4a603674cbffadd3fe2bba41ca0a150487c8798115b12cfff8cb14fe77ce7f	492	CONFIRMATION_HOLDOUT
4HPROLTASCT1	1e4b3066915e8895a276f0791c68ebb65b8feb47c2c820f90b5b8c7a471c766a	493	CONFIRMATION_HOLDOUT
HMR_3411	1ea3212225415db99ffd97f282e99bb10c4481fd7bfd15fe0337686ffcc448f2	494	CONFIRMATION_HOLDOUT
HMR_3001	1eb8c710a39bff054be77959ffb98c63492986ff186254574193ebe3a69a97b9	495	CONFIRMATION_HOLDOUT
HMR_5389	1ec1578d252606b4cf6c417c58acd1a606ba96ba356ba2a56bc8419d5e38d9a6	496	CONFIRMATION_HOLDOUT
3MOX4HOXPGALDOX	1ee2f5a98b70e7effd5144cbf2898d9affe8dde329ab7cf4d11faba173b1d6c2	497	CONFIRMATION_HOLDOUT
HSD3A1r	1eee2e56e68e2d886f88def5cf1d64ce5d633368d3ddef3d4885ed42ebb41a0c	498	CONFIRMATION_HOLDOUT
r0706	1eeebb3492fb0f6a8f086241d8eb5da6a4550e0dce9f4c2fef2d3fbb46cccf29	499	CONFIRMATION_HOLDOUT
11DOCRTSLte	1f05a3f6b3bb3d734e290c89cc1aa5d83582ff7e4611257fee0e04a3d7bfcff3	500	CONFIRMATION_HOLDOUT
HMR_3003	1f40f9f03f0d7fa0ac4fbffcc509db18e0361d989cffd1c6a9bef8f0c15ca527	501	CONFIRMATION_HOLDOUT
HMR_0244	1f43684a8181e70d8a3b25a68575d61783e271e13d24d140af0dadc0381d2c45	502	CONFIRMATION_HOLDOUT
r1592	1f4d5108b06bb485d53ef901c12973ddb3a8ef7362094fcbb858ac012fa0151a	503	CONFIRMATION_HOLDOUT
NTD4	1f59167d17adff6077501668de2aa650aa27667469010c28d562f6a2910b6ddf	504	CONFIRMATION_HOLDOUT
C4CRNCPT2	1f5ccf910086479f60a7510e75924f6b2e54c6f97de8922162bac8bbc0600b38	505	CONFIRMATION_HOLDOUT
ACOAD9m	1f8628e8d3b532395f2c86f4df73d7fb4ed5892d904100f43c8e827d1dd58c08	506	CONFIRMATION_HOLDOUT
4HOXPACDOX_NADP	1f88db4bf91915f2f49ba4832cea581e093d90612dadf4e5857dcb27f1dc7ab9	507	CONFIRMATION_HOLDOUT
LEUTRPARGt	1f9db113a8194830255bfb8af3a9c66f085608ba602eaffbb1999446d94d8231	508	CONFIRMATION_HOLDOUT
GCA3St	1fbcf0e5c76196a7736e26c4fd405b734588450198ce207d78266b29d41584e2	509	CONFIRMATION_HOLDOUT
HSD17B9r	1fbe4bf6e0e1ec26fde8856b2022ea81224cf5d0579783680bc878c0d428291a	510	CONFIRMATION_HOLDOUT
RE3346M	1fc5164ce4e055a268bd0cf64b56cadecde3e29c607fc417576237a8e601730a	511	CONFIRMATION_HOLDOUT
DSMSTEROLte	1fd6ee34c22f56df289168b3b82d36ee19d9f156748ceb3e4eb150d6dbe9c819	512	CONFIRMATION_HOLDOUT
HMR_0238	1fd89cc744e42c03bd36980a8164aed8657b8f34f38fe7b9c602894e56178bbb	513	CONFIRMATION_HOLDOUT
PTE2x	1fdcc7b12eaf7e3f267d98185b00c803486bf0e129b81aeced183b37b324abd5	514	CONFIRMATION_HOLDOUT
RE0566C	1fe1d11719ffdc63eb6dafad4821c8106977095531a16beba32a1f4a50603d97	515	CONFIRMATION_HOLDOUT
HMR_3452	1fe299cec950ac226edb8df545df158917318fc509541f13274a2e330bbb42b3	516	CONFIRMATION_HOLDOUT
HMR_0614	1ff9491195a9adf6010754712d53d7f70a1a5438c74542da839343cdef39a1c9	517	CONFIRMATION_HOLDOUT
RE3121C	2006829228cd0e9f061eba65ae1e040bc978b25a4a3d61d68c931d80e5bb8383	518	CONFIRMATION_HOLDOUT
DNDPt50m	202a977aa888e4f419d43cefe48dfa3043069553aa4265f08aab7819bb00f58c	519	CONFIRMATION_HOLDOUT
GLUTRPALAt	202fad33417f879d55cc7aa59aab8fb679b56fcfc2735bf4c9da92bce9320cdd	520	CONFIRMATION_HOLDOUT
G6PDH2c	203bfc19aad8ee5c988e6679db91e760486fa9ce59143c41fab5036ca59ffb96	521	CONFIRMATION_HOLDOUT
r0636	2044fba7be0262fe338696183513ec758839e2ce4a7475ab68fd3b24b6df32a0	522	CONFIRMATION_HOLDOUT
CDIPTr	2053783da85cf643220131ba5f4ead7baf1406e644a9d0354a8552025599e958	523	CONFIRMATION_HOLDOUT
HMR_0209	205fdde908d33002c26aa63cdf881aa9f934cc52609545d166e61442bd7884f7	524	CONFIRMATION_HOLDOUT
HMR_2332	2071a23b06fde680088e964b13c23ee77d107c788e4755fdfe433ece5c38843a	525	CONFIRMATION_HOLDOUT
PHEMEtm	20bb750812ab600545f5146e698f677be38adc874deacfdde276b2b160aa0d7b	526	CONFIRMATION_HOLDOUT
FAOXC163Gm	20d66ba5365c1951f48d9d2a6e59031739d5b156bd8470b344662d257dd74f38	527	CONFIRMATION_HOLDOUT
PROtm	20f8c5c8e3c2a0af4ea6edfaa7fd9b08dbbebab8f1f86f72bfec38a3e84954cf	528	CONFIRMATION_HOLDOUT
HPYRR2x_1	20fc535410e3a682b6ad7df5df0e14ae6233f2f7a85a581de440c2687d7de415	529	CONFIRMATION_HOLDOUT
4HATVACIDteb	21108c59e0a950c2c043ab2b5ac1c9fae31559931e00ea0680e7459d244426cf	530	CONFIRMATION_HOLDOUT
PCHOLN15_HSABCt	2113f96a922048f2b124190a73d45d754fb268ad9d4ed88e527ab73e988cb199	531	CONFIRMATION_HOLDOUT
SACCD3m	212cee8598657c7c803da27061ce85c857f0a27ca691bfe4cd751769fc6a3e3d	532	CONFIRMATION_HOLDOUT
RE3172C	212d542e06e0e4b7a9647d6f074b3677595073608d7d16055889189d223127a7	533	CONFIRMATION_HOLDOUT
HISMETGLNt	214b011a2c57c042c85e60449b6a008ee5bd21b44b39081e5e0f7a5ba8e4ef09	534	CONFIRMATION_HOLDOUT
PTVSThc	2192bffb55e431f093a4365e3cbbfcafc45640068eaad27b6ea9f4f854297af1	535	CONFIRMATION_HOLDOUT
HCO3E	21a97ca923da3535b2d8e83c5c8945774aeed5abb596447459d2248b0c28f573	536	CONFIRMATION_HOLDOUT
DHEAtr	21afda36e5bd2738071f5bc673e7161b6d7ce6771325ad6d02e0e868dc3f9626	537	CONFIRMATION_HOLDOUT
FOLR2	21b852ce56c0b66153a3ac4e91af1ef3346147e332b7c344189620835d7c72a7	538	CONFIRMATION_HOLDOUT
STRDNCCOAtxc	21bd98103fc95dd811baee3cf9066b05c7a211d33a71f2d5240a419f210f5632	539	CONFIRMATION_HOLDOUT
HMR_3073	21bf94b4c5ed90d763660dbba622eb93bb6ee63749f00196198fc5d1a9d7e279	540	CONFIRMATION_HOLDOUT
NADtx	21d5ea251feafef00d9e64333925fd9d78ae6ebf70e7c87995a587dad87bb183	541	CONFIRMATION_HOLDOUT
RE3242C	22068442ed5c591cef79f46cf328028df0ac6b014fe0c9499c614f51d99092bb	542	CONFIRMATION_HOLDOUT
CYSGLUexR	2207021a73e1f643db94d5e5dc2c1f2679e82b285c75b1681f3e44febb677195	543	CONFIRMATION_HOLDOUT
DNDPt19m	220ff951611dff34c59b9012192bda2afa0cfb2029d48c2c3d4c0a5fe9e39a21	544	CONFIRMATION_HOLDOUT
r0444	2239d7c4fdd6a58defc65a92c568807b00e96f4082ce0369d7ca5ebc849427a7	545	CONFIRMATION_HOLDOUT
GLU5Km	2243b7e1f615537ce0e91502986ca349477ff714f2e9799d71ded740d84cf2b6	546	CONFIRMATION_HOLDOUT
HMR_0211	224d6eb24c6bd4067dc1368a1c11a435d3b6f7709254b991993c5bd51c9d7a53	547	CONFIRMATION_HOLDOUT
HMR_6834	225920789b0aeed7430e930fd6e1f026648205a87f2790e09d073c479bb1e8b3	548	CONFIRMATION_HOLDOUT
10FTHF5GLUtl	226733f3c61212da4c6ddd717e61898621f9206edf0ad26d10d10c28ae1a5cb5	549	CONFIRMATION_HOLDOUT
HMR_1976	226a1861caa72e9cce0581254abe4283e3c1d1df287dad8eb8e266c4904ec958	550	CONFIRMATION_HOLDOUT
DCA24Gte	22840d09488046577b5a2f7f29fdad7d29d65a54107a35f8e719cd4000b9c001	551	CONFIRMATION_HOLDOUT
DHFtm	229519ddd3e11ba7077562644e119b1c7e0ab788739d7161b74b3999f3996c21	552	CONFIRMATION_HOLDOUT
GLCURtly	22c359162d688e3c7725290e252a3073341a9f374d4ed62c6d2a324d5da1a626	553	CONFIRMATION_HOLDOUT
LCAT39e	22ca5e12ad457d3162f49a8e4010c4d9d58a48e585b053ba6f566e630823f78d	554	CONFIRMATION_HOLDOUT
AADSACYCL	22cbe2bc61ceb0ef98ce1c6541ba0da8f16dbfe26de26dbdff69963eb58daeae	555	CONFIRMATION_HOLDOUT
FPGS4m_1	22cc978be2b81e73143c653c117c24397dbb33bdce98406d1976cb4aab0d90a7	556	CONFIRMATION_HOLDOUT
RE3243C	22cf50c4a787c48b535acb93071c7225dc3901ae2a89000b02aa5c84763d020e	557	CONFIRMATION_HOLDOUT
MEPIt	22d0687610788e72aca7c78624487bd7c7ff836df8e27a6722dd9e9b5bb412ff	558	CONFIRMATION_HOLDOUT
ALASERNaEx	22d3cf8a136a2b607a51d74a5e53188c6d93f9ae2185d8c9c9e244b484badb51	559	CONFIRMATION_HOLDOUT
ADSK	22d73c2d08806056afae3738e6a9702476565ec6dd257e1b2c7a63cae446144f	560	CONFIRMATION_HOLDOUT
OCD11COACPT1_1	22e4557a9ac71c794d8691e2a11f044646cfcebec2b12800bb2dd09ca7d1033d	561	CONFIRMATION_HOLDOUT
RE2677R_1	22fdea771de1cb41ac122e7c89849beaf5b96234c37d33c015b40b4cac937970	562	CONFIRMATION_HOLDOUT
PEPALM_HSASBCt	230b80e63f5a04741ee05113d96c72f286c4ee31f4c8809be7c8055a31093173	563	CONFIRMATION_HOLDOUT
HMGCOAtm	231271a0b8616f6e660148b2b58137a3fb7ba3c09f35cf3baba89aab217038f3	564	CONFIRMATION_HOLDOUT
SMS3	231b044b1d74ae109038af1406fbeba184388ebedfaa9954efbe89d450f92465	565	CONFIRMATION_HOLDOUT
HMR_0204	232bba85b83e46e045144203ae1342b4c582798e8786497c2812c7be2f6ea6d7	566	CONFIRMATION_HOLDOUT
HMR_0203	23448c0549acb9fedb215e510fb21d4d0d7aabc8f0128462500010ab062ba54d	567	CONFIRMATION_HOLDOUT
DHEASULT	234685a2f0e462c0f262a0bc452088fa17ad7a76fdcb0ee7c9f3887896435190	568	CONFIRMATION_HOLDOUT
LCAT25e	234b71140eb469e6dc64f30ca56ea6233a195d497f215ba7e09106fe640fe657	569	CONFIRMATION_HOLDOUT
CSPG_Dtly	235d4ecbd3ca8777a3f0cc42e620180809c20d8ae7595b814e784a85a6aba898	570	CONFIRMATION_HOLDOUT
r1557	23869d66abf3113d543d0119ce7642e8894b74065d1a3705e0d912bf04772ce9	571	CONFIRMATION_HOLDOUT
SMS4	238b8e0455b967f2632f65d13bac68213a21d2bcaa86988663afc2c357d6b4a8	572	CONFIRMATION_HOLDOUT
HMR_2611	23d130f2aaeb28e4b867f7cbb8bd2ac5b748ce1d9773ad637eb16a983306597b	573	CONFIRMATION_HOLDOUT
PCHOLN224_HSt1e	23ea2663b3797e3f6b4082031e4acd7b27592c2fcbdd64e8a67a32fe3c2af8ab	574	CONFIRMATION_HOLDOUT
NTD1m	23fcd81e04e452710b8c38251f3f79798c567e6bd29d5dfe089ba99adbb585b2	575	CONFIRMATION_HOLDOUT
r0756	23fd3cdc014c7e1990bfe300a49a57116a1fa8d9786af75dd423e8e5bf458eeb	576	CONFIRMATION_HOLDOUT
SULFOX	241a5a263c62cd39eaaadbdfb1274386ae5b595f6cc250a285af66609ab84175	577	CONFIRMATION_HOLDOUT
PIK5	242849de076e16376c16c4795210cf92483469ad4aae058befee6b4b87c932f3	578	CONFIRMATION_HOLDOUT
2MCITt	24349b67442ce7b9a41f3d0e147dffef81c64f51a9be00d58f4afb699a51e4f7	579	CONFIRMATION_HOLDOUT
RE3173C	243ff8074511dcae94ca46a670222a46ba32cb87c27f58d67c1116d99381010d	580	CONFIRMATION_HOLDOUT
CYTK11n	24465c6ae99dd9c41896ec5df9b234627878cbfbd7b6becfd7937ef62f4a0881	581	CONFIRMATION_HOLDOUT
HEXDIACtd	247ac1c9f7cc97aa6a8604f49f3695af16b4345168c5b8815ee5fdaee12cb216	582	CONFIRMATION_HOLDOUT
FAOXC18480x	247d8399035c9fc4ab1b8b999eec08191bdf228bdd78d2831e692942eb26fedb	583	CONFIRMATION_HOLDOUT
FPGS6	248155840bf2385d2a6e0e02d7861dadb343ef259cf1f87d7b199bb8bd1358a6	584	CONFIRMATION_HOLDOUT
RE3076X	2497bc3b62cb195e3ac3e1f95dbe6e9a7c10288b34c6618e2c68e22a49b375b7	585	CONFIRMATION_HOLDOUT
C226CPT2	24aa581da624d35c08bc531d1362e3917db427e8f781c6daf80563d8a1f9b6e9	586	CONFIRMATION_HOLDOUT
HMR_0816	24b8cfd1e0ece6c8eb7ba6493fba7f8bb915923a4f5ac50a700cb36666d5dd57	587	CONFIRMATION_HOLDOUT
r1164	24cb81c120f2aeffd6e56c91f79d52209649b959bf71032f274d0d87a5f480af	588	CONFIRMATION_HOLDOUT
PHEPHEASNt	24d94d3e9bb649a945bba4c84bcd020d3477f324b47a145b598a7a5064f2cdf9	589	CONFIRMATION_HOLDOUT
S6TASE4ly	24dd926236236dfa0395e641aa0038165c2197b9bbc0c796c5ba7c068d412fcd	590	CONFIRMATION_HOLDOUT
HMR_3692	24e3358fbed0b2c9be139c08c644f25a19b1543c4235da2557945ba12b9e97c8	591	CONFIRMATION_HOLDOUT
4HALDD	24f6989e703b95d50b39cbf751835eaa162945fa9fa8403f9f2cd82f79d03c81	592	CONFIRMATION_HOLDOUT
HACD5m	25039e0d8961a01866d67d153aecab1451e8d6d17dc89b356a2ae09d2e5d3426	593	CONFIRMATION_HOLDOUT
NDP6	251b83ae9fc5d8332ae03618ecd79d881a43bb362755f0207d7ca12052bb9e20	594	CONFIRMATION_HOLDOUT
FAOXC184m	251c0ea7b6769a78c3348375e3e07b5d6fc7bc1b48b3fed70b4256ffde605fae	595	CONFIRMATION_HOLDOUT
VLCSr	251e5c4c0bce0b61ac9f399a02e1747da97f5e460b2b3eac67d00110aef8d34b	596	CONFIRMATION_HOLDOUT
HMR_0297	2524a23319189a476bd93cc99b82897c5f2e66b0ae95eeaa0b3c959d8d18910e	597	CONFIRMATION_HOLDOUT
HMR_2433	2525420582f04cae945fe79b44556dd5e851dcb1851611c4293b222a93e806eb	598	CONFIRMATION_HOLDOUT
CBPPer	25314e8ebfd98e645a61025ef87f13eb043b332c95a67b2f56e8d7a8060dea6d	599	CONFIRMATION_HOLDOUT
GLNPROGLUt	2533571a687a12ffd61e20456bf2e6ce4abc74da146a64bac74ae66ae1a5e59b	600	CONFIRMATION_HOLDOUT
ACChex	2534da5a573cad4f7d74a64aa6ca3a00610c053691c067ac48721306ec98c759	601	CONFIRMATION_HOLDOUT
C4x	253652111321b752f623742b33d17328f37553c0a7fe061742461e8c1d0d9006	602	CONFIRMATION_HOLDOUT
D_LACtm	254ea7d8d04f4766c853f3463921f748d964f7d0a90a1367c14b863cdb3dfd30	603	CONFIRMATION_HOLDOUT
RE3156X	255d26b9cba195da57ea95fcade4c589f85a358ace5f8d8e3a4e72e1ddb09904	604	CONFIRMATION_HOLDOUT
TDCA3Sabc	256b2ed1c6eb5f053d1a1ee487241db204a6b8b5eae7d6cce8262fbf5dd1f415	605	CONFIRMATION_HOLDOUT
G3PD1irm	2589da8206b225ad4a4f6ba3aa5f5a28d56f5a86f3ba54eaf7a14c185b150c5e	606	CONFIRMATION_HOLDOUT
PTVSTGLUChc	258bf143b02c4cd4509599135efb392f9856000e29704ac3d68d9d7ab4e00f39	607	CONFIRMATION_HOLDOUT
HMR_3653	259fd7ad02b04967e20dec9bf5339f89ee1f3a8d6c6dd9662131aebe61dcecef	608	CONFIRMATION_HOLDOUT
ATPH1e	25a0bfc2141ce5ffb82e83c24c7a9d0d8c51df01b4a772668b88e0fd9248264a	609	CONFIRMATION_HOLDOUT
ATVLACtu	2613180de5ad82949f5b8e477145de72c2aea7f323e024cd1460b912bbb42516	610	CONFIRMATION_HOLDOUT
HISLYSVALt	2626b52d3ca4544a17d146eb2c2c7970f9c4749ce0e99339c1a99bb843327ea2	611	CONFIRMATION_HOLDOUT
HMR_2700	2639f5ff090f9fee096ce1a75a56a9fbc71644be26b47954e770cee46783f302	612	CONFIRMATION_HOLDOUT
THRCYSNaEx	263b91e430ca42d0af6496b576956875466ed2e24b33e857bf4b367c2b500c42	613	CONFIRMATION_HOLDOUT
CYSASNNaEx	2648f10cb2a2e9f011478f7530bd06d88ef7b1d6329a9a5ba9b68447e70229c2	614	CONFIRMATION_HOLDOUT
HMR_0325	2654b290c8c9d619e5799cad7eb5889fbebea4c625561aa066c02fafc4522916	615	CONFIRMATION_HOLDOUT
GCALDDm	265a598adf27f42c287db42f7205b3d279a2f4b88bb56d6b26a417587de3db31	616	CONFIRMATION_HOLDOUT
HMR_1546	267c1fdf6992572550e9cdd80e483b1efacaa4532dff18b035bb982c9d52331c	617	CONFIRMATION_HOLDOUT
HMR_2635	267c350c60d2702ab5571cd8577956c8b36e66d8bb935b85719501efe57a87c7	618	CONFIRMATION_HOLDOUT
r1654	2692ee814efc08818a73c74570c6282e8441debf2ad70198a76cb481eabc7e6e	619	CONFIRMATION_HOLDOUT
FAOXC121x	269d6f5e316a6c33a21c930fe41b1a84e8e7f5933a7b29ebc7756df6eb0c5ec4	620	CONFIRMATION_HOLDOUT
3AIBTm	26a651174ab7279a423736ae20dfbd9d4cd143b7f4460c781c7aed74207fdf11	621	CONFIRMATION_HOLDOUT
DHFR	26ac638ab20eba688272b98bce9528cdef062edc203ea7a35a57524ebc93ce98	622	CONFIRMATION_HOLDOUT
RNDR2	26b4d43334d4329a5670c38749fe2ea0987a0f6878989c08f28b33ecc5fa4d4c	623	CONFIRMATION_HOLDOUT
XOLTRI24tc	26c9a82400832e1ff002c7483defc29b179639501be44a5235fee723dd543bce	624	CONFIRMATION_HOLDOUT
SPHINGStl	26cd93ebd0444fff38488b07d9fb918b6da722279f8b74d68dfc982c796b8015	625	CONFIRMATION_HOLDOUT
HMR_9680	26d15c8606a12d8c882f150549e006331996e2b1019c8bf424f516e9760f78b7	626	CONFIRMATION_HOLDOUT
URIDK2m	26ea8f1e5cdef94083f81081e4543ef43f0ab8954482c3e536fc72973a2fcad2	627	CONFIRMATION_HOLDOUT
HISTASE	26f8556a3030ba96b3a2480cd0054014848c6a880b46dd32b03ab9e77c274bfe	628	CONFIRMATION_HOLDOUT
HMR_0020	26fdf4695e93dc941a99fa16c008b738396adebd15ef0156016d24c99d57e3f0	629	CONFIRMATION_HOLDOUT
r2372	27120a37721f2e606c51934e028a02411b0d87c783b690e9fc45e488527c4dde	630	CONFIRMATION_HOLDOUT
RE3161C	2712dab1a2bad86df5d1720b1b4352bc619342e3ae2128611c393bd17d576f71	631	CONFIRMATION_HOLDOUT
CSPG_Btly	2713fdd273b80c6355168e44267490d2d28c6ebe32dea863d387e01c9357c311	632	CONFIRMATION_HOLDOUT
NEU23	271a87aef33a49ce52db1f6a1156a1b7c1d3341901abf9b09cceb152ee21962e	633	CONFIRMATION_HOLDOUT
ACALDtm	271b5a9ccbe6a696bc23bc973476f0068378af4070a9b2b91104b16bceabf3a1	634	CONFIRMATION_HOLDOUT
FAOXC226m	273fc45081bb43482db1c8162ed203820ad4296cef9c06f66be18df36345d298	635	CONFIRMATION_HOLDOUT
HMR_1738	275e32084b78aa30670b8292c9521aba279e9f133f23fd499237760c51e23a7b	636	CONFIRMATION_HOLDOUT
HMR_2364	276c45691114a504c4130a8f3cf236fdb83f60e3c4e90662ca0d6119d533b023	637	CONFIRMATION_HOLDOUT
FAOXC101x	277d32d2176a4f748e5dca49550665a126c8ad512de916788e70d031b48a96e2	638	CONFIRMATION_HOLDOUT
HMR_2947	278023b8d896d0c7d711118b36e4994f564a6ebcdd4a64556a0a1f08a7f661ab	639	CONFIRMATION_HOLDOUT
PHETYRGLNt	279ce1d21740aecec18514fe30f13a237b409baf4f139ab19ca178aa4a3f1d73	640	CONFIRMATION_HOLDOUT
H2O2tm	27ac0c0dd8cf2d41dac92e2b8e013369c287a30d203a10fc82e33fe78b9b0423	641	CONFIRMATION_HOLDOUT
MGCHrm	27add910939e1d66aa187f7a82ff05358c8d944d9621c64b1de3763b6c24e9cc	642	CONFIRMATION_HOLDOUT
ACOADH160_m	27b525774e051012059a1b788c9a24e334f8e82e388392a73d903017a8688e9e	643	CONFIRMATION_HOLDOUT
DTMPKm	27c210ad82c4d18b85eca9d509f805fae62f6f111de6de228dfb1b423390b867	644	CONFIRMATION_HOLDOUT
RE3000M	27c628a6331b2a06999c2465775c0d7a751af6b8a65da7649dc43e419c7db49a	645	CONFIRMATION_HOLDOUT
PCFLOPm	27d9652d5c02522792b5f4505544131cfad82ded481b5978516432a377f40cd2	646	CONFIRMATION_HOLDOUT
6EPSteb	27eb59f1bd97f7155ca292a8bfa3862de19072bfb0d5b8f4aa5d33eeb8553925	647	CONFIRMATION_HOLDOUT
HISHISLYSt	280946cb1df9c092f6b6afce1e11b940f39eeb2f87eaee0fee37f45a9bf688c4	648	CONFIRMATION_HOLDOUT
TTDCRNt	280e1cf1c6016786f44649ce014b6867bb02f18540c75b4edc87ac4c72f9fc26	649	CONFIRMATION_HOLDOUT
FUMAC	2810c490573bc86559e79523f95f00c3572a09cd9af4368f097ac9636f55454b	650	CONFIRMATION_HOLDOUT
TRPLYSt	282a8c4ec8ce23265b6a2059566c83fcc9eb49f2bec79ed676f26486e2e04d14	651	CONFIRMATION_HOLDOUT
r1596	282e35d857d7d380d2ad39b3795392ea204543b42ea8b42793a288168cd100b2	652	CONFIRMATION_HOLDOUT
SCP3x	282f0f37f2d99a173e99ae7c3e55ab15276ff75ce39f0338426be38165dc1758	653	CONFIRMATION_HOLDOUT
r1628	2831f23015afd524d1773962c842c2647de173e96d559a1afdecdfdc1527bb6c	654	CONFIRMATION_HOLDOUT
HMR_1284	283adf20a64cf579e57bc0198ff7b9f26e831cc3401ba701dfb3af35b480e6a2	655	CONFIRMATION_HOLDOUT
HSD3B11	284a76465574f3445c0e83c1b00718c015c58e8fe75d126960e058f63febe0e2	656	CONFIRMATION_HOLDOUT
HMR_3695	285df6eb1213414599092ac304efc04781b40bd1b22173e502373545289d6306	657	CONFIRMATION_HOLDOUT
HMR_3345	2881c0bd4c624763be07ec5200b6ef9d638832baa1a3fa5d4d1bb65077402ed3	658	CONFIRMATION_HOLDOUT
PCHOL2LINL_HSABCt	28931f8ce3c9b0a1741dc0a7769f0459af4dd08dde683be9498a2bc2c4c28ae4	659	CONFIRMATION_HOLDOUT
LYStm	28a212f7b45946742edfb0277c756cdbee01def7f172d99abab1891e3831a455	660	CONFIRMATION_HOLDOUT
6DHFtl	28b071f9fa70fc30c9a5de834f1ea6b7a2372881dfb1966e095f076eda9e95b9	661	CONFIRMATION_HOLDOUT
FAOXC184C163x	28cf3920f679ccc66da63d3b91eb7296b3c5dac06be11745e103ffcc08d54675	662	CONFIRMATION_HOLDOUT
GALtly	28f38fdc47a14f732e0ec1a0e36f245f528c26597ac8476014d695b243e43cb5	663	CONFIRMATION_HOLDOUT
HMR_1392	28f86c0f86a1148d2cffb6a85e4db521eac34fd11a0d9840b8e46a6002364d3b	664	CONFIRMATION_HOLDOUT
ARGTYRVALt	290254ea8038b7ee67f6affa5bbd7ceaa75e95d774a270a7d40dd27b365d0583	665	CONFIRMATION_HOLDOUT
CSAPASEly	291afbf18929711276748d9244c8763ae75c64ad7f0ce342140e6935fab77446	666	CONFIRMATION_HOLDOUT
ABTArm	2929b92021f59e8d23c9526802fc5b27f9451ffca943285db4d47664cd59be3e	667	CONFIRMATION_HOLDOUT
SMS2	292b987b7091fec9c0a090e5fd105df950dbbc5116bd5efee472f36d119db005	668	CONFIRMATION_HOLDOUT
HMR_6785	294404176f139454ebdb999e5b4f90b1d21ac70a9055534a9d3c44f647634e78	669	CONFIRMATION_HOLDOUT
HMR_2969	29665460a9cd0ea77b030cf86a1b8e89efc45c63fc56c13d20d37c33bb006cfc	670	CONFIRMATION_HOLDOUT
CLOXAtex2	296b4da2f2f883b19cb33032937d7216dc0800642caf6aece999b4274e05d9c2	671	CONFIRMATION_HOLDOUT
LCAT34e	297013b0c18f585197b96ba272ce43b818e0064dca97d1c8f23e8689e2f7ee8e	672	CONFIRMATION_HOLDOUT
GRTTx	2976b5a3e28ba3d94ca0e3d998d5c2599d42bea24e19bd976a384165be9d7ac7	673	CONFIRMATION_HOLDOUT
r1382_1	299a7b86daa064c2a827ac89e2ca6cb7f3ccf10338429ffe26a26c5a80922224	674	CONFIRMATION_HOLDOUT
HMR_1927	29a08245bebad3813af5b7a1bb3436021c02cf9d1e86ff8d305a09329214a0b0	675	CONFIRMATION_HOLDOUT
FACOAL204	29d14f70496e50a27eda655a03a088f313dc5654c8ec8e0953a0a5dfb9ec04bc	676	CONFIRMATION_HOLDOUT
PYK6	29d75d1b3b0500290c3b63725fc64a8a6c01cf7830e9a7c9c87dc95156f115d7	677	CONFIRMATION_HOLDOUT
RE1573X	29da7ad09047e612baec785264a6e014a4ccc75b4ad33a1c20c19a8ec98df6df	678	CONFIRMATION_HOLDOUT
LYSACm	29eb0ec97ee98e232b2ec672ec37d077b80ef145b5eefd3136f9e6c87b55bd76	679	CONFIRMATION_HOLDOUT
FPGS3	29efc875bb9effe06b72bf8a7c83253d05314b105a96bb15bf442ed44d3231e3	680	CONFIRMATION_HOLDOUT
r1051	2a0c5047d71fb709cf0afe7d4d4fd6525ea9095828a56caa2d796e83057b8a1c	681	CONFIRMATION_HOLDOUT
GLYVALHISt	2a31f729fa8a15f0edeff14baa8023c4eb6287bf8b28fda1fdfaf489f77ff4d2	682	CONFIRMATION_HOLDOUT
r0670	2a3450d6399b103edb2b07f156c330bffaf207de7955a9a8688674ee75185871	683	CONFIRMATION_HOLDOUT
GACMTRc	2a3affac3bd0bce049ccb2a19d104a78bd3ba144f7dd76856fc1d4f759df5411	684	CONFIRMATION_HOLDOUT
PCHOLEIC_HSt1e	2a76f13871701228e2ee0a4ba889e7637553331a47d0370d42458226dbcc9704	685	CONFIRMATION_HOLDOUT
GTHPi	2a8ebebcbc4f713572bf0d970c5ad3430d9e703cffa9dc27217327a8d1b643b4	686	CONFIRMATION_HOLDOUT
HIBDm	2a9c7a2377d3b69a030b6e3e5cfa41c8c448f6ccec95f5e5fc1185c86557f0e1	687	CONFIRMATION_HOLDOUT
CYTK2	2ad3158b9afea5c7edc3e93cf0fd834f28abc2b5cd60560c5b37e4ed78dab40d	688	CONFIRMATION_HOLDOUT
HMR_3112	2adc3936efbfafba3241153a64c5a19befefa4d58539b127ceb57d25c85ad277	689	CONFIRMATION_HOLDOUT
PEDH203_HSt1e	2aeb74c2d508d138427be088b19e08db623f7edee09efa586a504ae7bc4d99ec	690	CONFIRMATION_HOLDOUT
RE3170C	2aee2082e4a1fae9882ad626444572ca82be37d7c4c1fde1d7ff405810ad5c30	691	CONFIRMATION_HOLDOUT
TYRLEUARGt	2b0be3eb15b31d3652e0c05eecd6c70d8ceb3fbbc7589468a29463bf54fc8f05	692	CONFIRMATION_HOLDOUT
INSTt2	2b627249a8179aeefb3e9428d9c4c46020e43718b0bec01e82220e21e226a7f2	693	CONFIRMATION_HOLDOUT
HSD3B7P	2baa99f0fa29e755460e2cb64d949ff7f4a8b6a93a1f6ce1e585d0c8cc60346b	694	CONFIRMATION_HOLDOUT
PPPGO	2bca00327255524b32b978a078f72bad2c8659f2d435fcdbadeb2cf8975bf121	695	CONFIRMATION_HOLDOUT
HMR_3428	2bd0eacfc098fa5bcb98d7ef783f1167634b71100c0f41780e1379e2262ed6a7	696	CONFIRMATION_HOLDOUT
r0511	2bf735b3e5f3650efe607d961362440267cad8eeeaa26185d60f2598d1ece2fd	697	CONFIRMATION_HOLDOUT
SPHMYLN18117_hs_ATPt	2c10a5ea14ab8fa15e50866b5ded6637c914031ba30d8ac3fa398e025a2917b7	698	CONFIRMATION_HOLDOUT
FAEL183	2c3562218e7ceba0bd13a137314ea11a69a5d0ca2c58510228203bc668f8c7e0	699	CONFIRMATION_HOLDOUT
PCHOLN28_HSPLA2	2c4463d3871298556f75418d1fec818f41d96818335f59b4eddb614ec6edd37e	700	CONFIRMATION_HOLDOUT
RNDR1	2c46b23dc8df47469a297a350bbae7ae3a95f4e3308faba5b209e18363fe9422	701	CONFIRMATION_HOLDOUT
RE3432C	2c4affb7f9bb3b0567aab7dceca0daf027253b6e999c32d9b00e6f09f378d51d	702	CONFIRMATION_HOLDOUT
VALLEUPHEt	2c622aaadb442f0b9e73eba47b8997f7c2866a845c37e285106ac4e3b3fbf492	703	CONFIRMATION_HOLDOUT
PCHOLMYR_HsABCt	2c6c7ea844f720cdfeba7625c951b4c9142c4c26306578a32b32dd0a5c9f5326	704	CONFIRMATION_HOLDOUT
SALMCOM	2c7ede3ad75c34997869a1c2ce81b8f5cff9e08c71eafd3d184809abbbe0bdf1	705	CONFIRMATION_HOLDOUT
HMR_3715	2c80d02d62f5832391ca7d7c3ae3f3128b67252b6670345fa04042decbb06ee0	706	CONFIRMATION_HOLDOUT
HMR_3099	2c82e187120612028d2b76baa2de3f5a239ddc1de45759cef4a02315c055029e	707	CONFIRMATION_HOLDOUT
r2510	2c8f5a365169e5a23d560edf434e40c8545418d12fde1f4ede0e4b412fc4b09b	708	CONFIRMATION_HOLDOUT
HMR_1968	2c9277c6b6efd82f9608ef54a81039f49b389215e8aeced74ac0cbfbd16599dd	709	CONFIRMATION_HOLDOUT
r1367	2c9f2383fb85a2b821f7f37e2ae7b6d19a58a0f800ec2be05654aee8d62b98b2	710	CONFIRMATION_HOLDOUT
ACACT9p	2ca33c1bb002b0d1966184d0df930a595f8099e588526e9c70769401052967ad	711	CONFIRMATION_HOLDOUT
RE2677C_1	2ca5031c238c64b6cdfbde48abfbbf07d58d6f6480262026a892afe9c610e704	712	CONFIRMATION_HOLDOUT
RE0918C	2cae63fd36d5c7d27b640159aa992d774a0fb6a535e6f7d5c3cec5507e153c8e	713	CONFIRMATION_HOLDOUT
RE1835C	2caf317187ce8d2f16860c45a5815c6cd24ea6c2b009916137e2e3f0729382fa	714	CONFIRMATION_HOLDOUT
RE2235R	2cbeb2fb1ed38576cb723fda08134afa4bbe5e6ae417b90c2d787f2eb9f8a406	715	CONFIRMATION_HOLDOUT
CE1352te	2cc10f8ea1f8c83981f7bcfefa7df1ed35d508dea1c2bd99859173c057249001	716	CONFIRMATION_HOLDOUT
DPHMBDCm	2cd6c1323a812f5fcb19c145d2f18a219afc6e60b9dd364e15b3490250721af1	717	CONFIRMATION_HOLDOUT
ARACHCPT1	2cf2b9c7d79286dc78463d804de701ef7f08b1fbbcee30d86f948cfd5ad1abd9	718	CONFIRMATION_HOLDOUT
TETPENT3CPT2	2cf5816ce0e2ec8249a984117d479d33aaad07f3606e55cfd74cdfc56d746f9a	719	CONFIRMATION_HOLDOUT
HMR_1748	2d3a189fe3b1d44cceb0c59d7c616d45d5c3836b89966006ec3c9e02bca786db	720	CONFIRMATION_HOLDOUT
r0422	2d409500e6b249740ddea3f80ce1e4a696b7a5c21046413444914e35589d6860	721	CONFIRMATION_HOLDOUT
3SPYRSPm	2d410b061475b4fd31347c3daf8f681059ba52d8957c4c561fa8451b4e0dd641	722	CONFIRMATION_HOLDOUT
HMR_3342	2d4154da73460f124a0eef418f53980ad7c5710eb0bfd15831d64f05a74592ed	723	CONFIRMATION_HOLDOUT
Pe13_HSt1e	2d424fe077201239e471881a7d0278c39e3a83143e32c6a7a0782ca0be6fbb6c	724	CONFIRMATION_HOLDOUT
PCHOL2OLE_HSABCt	2d6dc12d3e9700d2f7875e0989d75fd918c168553d8a2692b13d610f78826b57	725	CONFIRMATION_HOLDOUT
GALASE19ly	2d8ab8b285e55638e48e5c26136621d172cf1703df32354754c6f915612c83d4	726	CONFIRMATION_HOLDOUT
H2Oter	2d8bfb0837bb6669d09df014d0d155644a73cc1732bb84da2b48cdb6b7537a73	727	CONFIRMATION_HOLDOUT
CLOHtex2	2dc37a6fa7d8979073a51f2bcdb90b206ad21083138d9e318169cf4869cad8e6	728	CONFIRMATION_HOLDOUT
GLCRt1	2de004434fd13f480ae1ef7ef4e2eec19f2609e5803970d79320b89ee528fe7d	729	CONFIRMATION_HOLDOUT
GLCNACT2g	2de47e0a20dae61dcf5f42faf8e308e706089a5c14d2d6a2411c369369578f9a	730	CONFIRMATION_HOLDOUT
ACRNtp	2dee26f67367a8f9174953be59cbe1441395eb8f9c0670a924a505c92c19a15a	731	CONFIRMATION_HOLDOUT
CYTK7n	2dfa218c5d73af756f9ac30dc8cb2f999ac8ec43bfbcfaa46c0205f459ab0b15	732	CONFIRMATION_HOLDOUT
NDPK4m	2dfb65ddb1553aa96c1c9e5591d04d7aff5bf647b0d4282bbcfa129dcd31b240	733	CONFIRMATION_HOLDOUT
HMR_3106	2e34b150f7b2aec839965bd65abfc1d400c23dc87e174715df5af41a38d5f6f4	734	CONFIRMATION_HOLDOUT
NAHCO3_HCLt	2e3f7b2d3134e3ab5d41d38d4ee8017e434c107a18db5a6299e9a063e21c307e	735	CONFIRMATION_HOLDOUT
ACGAM2E	2e6f2bd5d35c0373979d2afc2fedcace96bb6f871b6b73071726148010c50995	736	CONFIRMATION_HOLDOUT
UGLCNACtg	2e7da14da517b2c6fb3f5ba3f0b537f901b67615100abda64f708881f65f864c	737	CONFIRMATION_HOLDOUT
CYST_Ltr	2ea56d5ec7315e96529c42b5113bb485bb22c71200fa15857f326d88cf2814cf	738	CONFIRMATION_HOLDOUT
HMR_3648	2eb8e46dfa26fd7a305a3d0daaa0a0ddff93f2bacc1cb1796dad3b7d73a1407a	739	CONFIRMATION_HOLDOUT
HMR_2966	2ebd13036d37a48daf7bb44aae98686ddef466bb9481b3b1435ffbbf8c374fd0	740	CONFIRMATION_HOLDOUT
3AIBt1	2ecd41b24bf558caf0668e7b3b0d7fc4b549c1f7ba80931e029e7fa30d8deb4f	741	CONFIRMATION_HOLDOUT
r1472	2ee1c1bca5d42936734f8ac6e2fdd4499af9ebf491d458a7110d1cf4e0edec48	742	CONFIRMATION_HOLDOUT
ACOADH60_m	2ef476d8f6c8b323c5e35f6342e1bd43b3b9488606765c37512d0b6800f924f1	743	CONFIRMATION_HOLDOUT
HMR_3021	2efb4c217d47d92c6658b2ae0ad66df2be22ef3d0ad5d9f2983e83ed87c9bd11	744	CONFIRMATION_HOLDOUT
HMR_2338	2f085964275816efd801fb793eaea4438c530ab137aac62fdc37236d376cb078	745	CONFIRMATION_HOLDOUT
5HOXINOXDA	2f0c57d8732c9734f4c78fe81564c9e8ee11fbd377bc35ac77449eee29cbc1da	746	CONFIRMATION_HOLDOUT
S6T18g	2f0e7389fd47e78ca89e8c25f0ba66f03231120f392c2c4207f885d37dede5a5	747	CONFIRMATION_HOLDOUT
HMR_3449	2f1c8ed318c00dc3c57eab1522859f88051de94b0457b456bab7b7fcbadb5177	748	CONFIRMATION_HOLDOUT
34DHXMANDACOX_NADP	2f22161bd7b7e143435165bce006881affdb2cff54c6577b889d59f6d09ef466	749	CONFIRMATION_HOLDOUT
r1657	2f3236bc6f23f7e0ff5d50a86b85f8e434d977c6cc3ec1053abf6bfc269c1b18	750	CONFIRMATION_HOLDOUT
FAOXC140120m	2f38263a6cde1b8d5c3ed36946a04f0fa52878c56dde025d16be7794d4f2e73f	751	CONFIRMATION_HOLDOUT
LCAT42e	2f4841ce3663d615a57a8dbcb33c674a9702c83aee5bbc6e9c5ee6145e4b365e	752	CONFIRMATION_HOLDOUT
C14STR	2f4967f101cb13fc5b1c817aa2af14b9fe18d388751f831621c1346502796da4	753	CONFIRMATION_HOLDOUT
OCCOAtx	2f49882aeb77fe32332b7a8f74bb55cbcdae7908c2c5aac35511ded96baced05	754	CONFIRMATION_HOLDOUT
AG13T3g	2f4db78bdfb8e8c14bca15f8fdbf2d9791b50a8279507801adcb3618907417ab	755	CONFIRMATION_HOLDOUT
LNLCCRNt	2f5a4d24f3fb024bf58f137fc9b859816002825580a36a0b7e5e663aff142c8f	756	CONFIRMATION_HOLDOUT
r1653	2f5ace768fdc73a5a6fa589090b682672c4432fe91009c6c7bde177168ed9c2b	757	CONFIRMATION_HOLDOUT
PCHOLLINL_HSt1e	2f61d1ea449e88b96a82fbf06e82a923e049db4e149e3ca5b396763f73bfdc0d	758	CONFIRMATION_HOLDOUT
HMR_3721	2f74ba95b54d7557191212c3618d27487519894b25022bf5e955e66f02ff7791	759	CONFIRMATION_HOLDOUT
NRPPHRSFt	2f82a358e2f80039df6bd45f8208b7fa44d4576b179a4034d7e47966e603c1e0	760	CONFIRMATION_HOLDOUT
HMR_2376	2f8d06653497e5152448e58029c36a37a0233760da4cfad56aa45fc5dff5525d	761	CONFIRMATION_HOLDOUT
3M4HDXPAC	2f8df86d70f9dda4a42492cb3216b8e9c6d6d70eecbb2c6fb32869f63c1d148b	762	CONFIRMATION_HOLDOUT
LCAT14e	2f9e0189cda7010c10a6843a5b55c96a788c368db53dcb09fabb2a8ea2306474	763	CONFIRMATION_HOLDOUT
TMDK1	2f9e8037c134f0e6620487e84849ad058b922907b3cae809873b93dc3587ecc7	764	CONFIRMATION_HOLDOUT
HMR_9652	2fc64b1e231eba1f41dad4d4978a8c1e62dc2a722ed71b065842f6f01db85aae	765	CONFIRMATION_HOLDOUT
FAOXC81C61m	2fc79e5b0892fc52998d850d256927097dab19f99736097fe98345eb9fc71921	766	CONFIRMATION_HOLDOUT
G5SDym	2fd09f4ed2cfa06295962b939479d74826577ab2043937423935cb0f19a388eb	767	CONFIRMATION_HOLDOUT
HMR_0214	2fd979f4b81bfe6320d30441951838182cb7849939efdd75ae371e7db383d64b	768	CONFIRMATION_HOLDOUT
FACOAL180	2fe7eca34bc36f2cb44a6b00c4b72e76efbc0aa8f75116b57ee5763c82037063	769	CONFIRMATION_HOLDOUT
NTPP2	2fe9ed34eccf020560b8c8b04096ff0f932a1aad87ad237a9fd8d1f52e58dba0	770	CONFIRMATION_HOLDOUT
FTHFCLm	2ffc6dba7d312655526b08351cf922e26270d72dd01c527a9dedfd2b535e16b0	771	CONFIRMATION_HOLDOUT
ARGARGMETt	2ffd6837b361ccca98e58eb6f951c932f5748b535cea0c77cc43f38d4c95db1a	772	CONFIRMATION_HOLDOUT
NDPK1m	2ffe07b853d984d6a5bd4d3dcfc245109f5bd04a34fe052d57e973674dd74c01	773	CONFIRMATION_HOLDOUT
PIK3	3000ca1772d6b439d8498a1e8c766600836415ea56091bc33d636428c6069fd1	774	CONFIRMATION_HOLDOUT
PEt	300673489236684195656078aa7ca75ae7c9372349050909529d57a2986d3306	775	CONFIRMATION_HOLDOUT
HMR_0192	300bb3087257b4b76b642b9883acceda2dea7a350c7a52180ed17e118be7b8e0	776	CONFIRMATION_HOLDOUT
r2514m	3010b738eb49de98072d88440340a2c397e86371d26bf9f1144ee1a793fe704a	777	CONFIRMATION_HOLDOUT
ACACT1x	304e8490155e665eb730df0b2c4461ea0575d92c1459c4fd89d04facb6fccf4a	778	CONFIRMATION_HOLDOUT
r0410	3050cc6b5919044132a9fa60e1b71d174bcd3c00924fd350d2955c678095f282	779	CONFIRMATION_HOLDOUT
ECOAH5m	3057752214d4535d222dcf5ead4cabe15b92b887240fb04ff601d10b6ce41b1e	780	CONFIRMATION_HOLDOUT
PMI12346PHn	30613695b6e071ea3d2a6694cef28e9dd9879010561f56caf3b846e886a74991	781	CONFIRMATION_HOLDOUT
r2002	30640bba3a7da20b4f8ebb8d57ad6c0f74f148b50e4ed463611161e3ddaff2bc	782	CONFIRMATION_HOLDOUT
CYTK12n	306519d733f4c8d6bc182861f73777c0b2856c45d2a9020b3a4113ed62bcf320	783	CONFIRMATION_HOLDOUT
HMR_0960	306e275134a9cb3dd960361adc5646bfbecc0c3ec49f53c34f8193e3d74d30fc	784	CONFIRMATION_HOLDOUT
HMR_2363	306e7fe537ad253995684c44b6fb9cf725c593a9075861d99e03ebc5036246c3	785	CONFIRMATION_HOLDOUT
SBPP1	30705f8aef0e395dfc6d7be919a5768032c7726dca0cf10e0c4f65a131bf37c8	786	CONFIRMATION_HOLDOUT
AKGMALtm	309195726e4ea82ecf825de9ea210ce900b5ac3c702ae5b58a80489acebf4113	787	CONFIRMATION_HOLDOUT
THRPHEARGt	30c3628f3de60f50d3676dd16a0010c2d2a8728d059ad8ca64d4eeb153a97af0	788	CONFIRMATION_HOLDOUT
PTDCACRNCPT2	30c54738cf14c9f67f5dcf4c7e37a0f332fcf2e0fb23dc620a083ec3a881553c	789	CONFIRMATION_HOLDOUT
ARGALATHRt	30d1928fcebbb35392042ce1aeb8d3217d28429843d80f940ab0514f62f41a25	790	CONFIRMATION_HOLDOUT
HMR_2670	30e05a1d73e7e5b705f03ff9e20dff6e7defcc2dae2ab6dd4bc2ad13f17a6cc7	791	CONFIRMATION_HOLDOUT
HMR_2668	30f638f3c77f3fb5010b5fcc25f681a9e203913ef8c228d7a297cdfc8aae4bd4	792	CONFIRMATION_HOLDOUT
r0202	30fc74f428052e272cafff5cbe9d681db85035b8ea1670b4f6c96b7e630c3c21	793	CONFIRMATION_HOLDOUT
ATPtg	31078668895d80a97682ca5b38fd9ed4f7c7affbaf7ae8c623ab92b0a7dd4974	794	CONFIRMATION_HOLDOUT
ALAASNLEUt	3117c54653241180f4c188b7a0113bbc53eaf2eadac7fcd5d2b30e7e0ca20a23	795	CONFIRMATION_HOLDOUT
S3TASE3ly	31389a8cced16329a88c8b3d52f956e75626659cf437efb7a2dd320c905f58f1	796	CONFIRMATION_HOLDOUT
GALGT3	313e33cf9f71f5788664ca402a153de27e4ef62320432e2a953ca9751c7c3f06	797	CONFIRMATION_HOLDOUT
GALASE20ly	315286e7042067d126bba2a76291c098e459be1ce900db34dfe55db730c76734	798	CONFIRMATION_HOLDOUT
CSPG_At	315488ff0f07fb30142329efca09226091bf662696a1e7069db7d0f6afd0f019	799	CONFIRMATION_HOLDOUT
G14T18g	3154ef1c3572cdbf4230a35f698288128e7252615a7eb9bbbe4458eb0ab7485c	800	CONFIRMATION_HOLDOUT
GLNTRPGLUt	315f2bf6fefdc5ec0b91abcc9a885f67ce939093ee8dfe09420d4c4bcca1f885	801	CONFIRMATION_HOLDOUT
HMR_0769	316bfed240a18ab474c8d4f3947a2f2217ca1d21ca915ca66fddd3f9b93cc137	802	CONFIRMATION_HOLDOUT
HMR_3234	31a339f91337df9a3da755049e4c84af923cc6142edf799b18808ea108d52a56	803	CONFIRMATION_HOLDOUT
AGDC	31a65a3857600c8fc0bfdf54c5f139887c78ad56e75129f7c88918e6625a31f4	804	CONFIRMATION_HOLDOUT
PCHOLN24_HSPLA2	31ba0a8405fdbb5f880cf26f690c07cbbfc0591e5c353e0058f59c6aeb4c704a	805	CONFIRMATION_HOLDOUT
CDCA24GSc	31c247a28b8b8fbcff25c268b82a8fd656fbcf867ff656a47a81c81a3962c011	806	CONFIRMATION_HOLDOUT
r1604	31d7a5df7dbb2c510dd051e0f3a13de39d7ec5eef80d87dfa2246c9167e56f58	807	CONFIRMATION_HOLDOUT
CSm	31da5b178321d3e75b279d941cacc9bca943b58b508c0adff6ba48602e797dd8	808	CONFIRMATION_HOLDOUT
LCAT5e	31db3dd6fa8d89da33387c4a485bea0bca2388f4f414bd39b35575124a773b8c	809	CONFIRMATION_HOLDOUT
r2035	31e22912d13906f984629f53781ff3d405dc7b4ecda857cb1b368e00e7c59dbe	810	CONFIRMATION_HOLDOUT
NDPK4	31f7606dc4c5e6347d9fd022161baedd7d328335b4f681a6b2ebba7764cf83c6	811	CONFIRMATION_HOLDOUT
ETHAMPtr	320751a21e758fccd04b0800742405649512a7a761443adea2300b726e64c0fb	812	CONFIRMATION_HOLDOUT
RE2999M	3224c31314389706b89efcf839dee34f1659b69099cc49511281f047529737e1	813	CONFIRMATION_HOLDOUT
HMR_0206	324b9b92b55b1c31228a903822fe93102b9671c4cf93424018e00167483e9c17	814	CONFIRMATION_HOLDOUT
PUNP6	32751f1eb7e9ebe5c47e7af00072aced2dd777bc73e13dba0287e501f860b5a6	815	CONFIRMATION_HOLDOUT
HMR_3688	3297648a1198dbc5b169c133a277b015de726afded6fd5f05dd39ae0b31f7b95	816	CONFIRMATION_HOLDOUT
HMR_3413	3299594d68739de61409ac9b94fcd3bd287555328c121228103c5833666eb1c2	817	CONFIRMATION_HOLDOUT
HMGLx	32ad968ae4b585d6704073a0f37b0e94bc8732dd2faa74b0af88b7f73cb5a044	818	CONFIRMATION_HOLDOUT
C05301te	32b5083e049f0643a4aba941bf2d829f305c71c83b4e4ead90c097518c89abbf	819	CONFIRMATION_HOLDOUT
PCHOLN205_HSPLA2	32b54b3202027439d9b690608c0fe575b22e68fddc29d1c7bbfa4b9aa72aea31	820	CONFIRMATION_HOLDOUT
S6T2g	32bf6e2a653451a214894f1e65bd74f4300fa52dfa8756c82587e9284e22f3e4	821	CONFIRMATION_HOLDOUT
r1660	32c8f263fee6a05e168741d7ea3626ef33ca8fd46829b0571efc052e40d6cc4e	822	CONFIRMATION_HOLDOUT
11DOCRTSTRNte	32ed11596a7be06e106b75439773a2c76b29c25f9b04800b84d70ee89473bc5f	823	CONFIRMATION_HOLDOUT
LEUTRPt	32f9c40e011f77e5796ba4413e9c40ee18b0931e64c73dc7b65d73f4d40b1d48	824	CONFIRMATION_HOLDOUT
HMR_0439	3324170b0862db05f780544c7d1d7a8fe5fa59dc3cd650dfe05f71f996f67712	825	CONFIRMATION_HOLDOUT
r0156	332faabc2704e3db12c245a00810ef9bb4908b45dbd58641a4af8c53ef9e6504	826	CONFIRMATION_HOLDOUT
r0425	333245f9ffb32f1f560df072d16946440437a0ac426968dd211b90d942150c94	827	CONFIRMATION_HOLDOUT
HISLYSTHRt	333c86aa65cc82ddd19e55657c1c0d9cf92411f0c248c3739e2d4d2df9859c65	828	CONFIRMATION_HOLDOUT
FAOXC16180m	333dc4d39fd0f6e587c200b484ca7556723673c3ab00c19390606c7d929c8785	829	CONFIRMATION_HOLDOUT
ASPTA	3343ada490617e04b2c5a1ce952254f3fa022bc0719c1c8063eda7bb158300f1	830	CONFIRMATION_HOLDOUT
HMR_0293	336317590c0924b91b9fc31d4d419b56873a8bfa6e57e235a5703dee43a63522	831	CONFIRMATION_HOLDOUT
r0926	336aa35cac826b3627c12bb621f5ebebcbae1617ff2c3a03cb02fb3320524d42	832	CONFIRMATION_HOLDOUT
THYMDt1	3375126944c6f58df783b5eff1e503874d61121f8572ac24c25eb148b2e85c1c	833	CONFIRMATION_HOLDOUT
HMR_0303	338bc665a4b1e20ac95704ed0c6b2f171ff0e560da187aa7fa6f6a31eea3bad6	834	CONFIRMATION_HOLDOUT
CYTK8	33c2439a44fad604f23f98418a269abfff0c459f8b7939aa707f1ccc2c65b563	835	CONFIRMATION_HOLDOUT
SPRMS	33c769b33bb6b1e75ccf4ccb7198c3c4ed29574b563e839c61e05ef87e16a833	836	CONFIRMATION_HOLDOUT
HMR_0329	33cc1514d7ed440ce7550981c257cd946a6753c0b659b4b4d2078739273f87ae	837	CONFIRMATION_HOLDOUT
HMR_6910	33d1222ed6d0169039216d81feedc0a50bf30bdf0f3bab36e1016dca3db74152	838	CONFIRMATION_HOLDOUT
HMR_3705	33d1543e25bbeda990ae367042c5458214c69e4bc4ab0fed5561f20ee6a0690a	839	CONFIRMATION_HOLDOUT
S6TASE11ly	33f8d655cac9007be9ca365bfd6f59c4c9798b81cb5a1e273c8474c213d03900	840	CONFIRMATION_HOLDOUT
CE1261t	3418e4c7cb6472b406753d70517ec3217a9219e8e62d8f32b1546ca8ecab9b02	841	CONFIRMATION_HOLDOUT
ASPPROLYSt	3432ee34c010d8aa74bbfabd3abb30fa4711fe1970c3fc50ff48fa9f57c98b2e	842	CONFIRMATION_HOLDOUT
2HATVACIDteb	34630309864a5fb787848e68ebcf5fa2d122ae7b2be504949c1b94dae80e881a	843	CONFIRMATION_HOLDOUT
NDP1	347699faf032d34f6aeb134bf690c2b6121089a50f8e67deb1a6a101d16d4155	844	CONFIRMATION_HOLDOUT
G6PDA	348e7d8ebcbd81ae4c031f6e35a4b089ba631110e45cc5a763b95275f37112f5	845	CONFIRMATION_HOLDOUT
r0431_1	349c499aceb8e34b4c0a30ea03130193cea2a6bac9200b2b7579626ba8257894	846	CONFIRMATION_HOLDOUT
HPROxm	349dd110a307cc43176d11aec2b7887877a751be61ba26bd16a5ba7b3ca72ef6	847	CONFIRMATION_HOLDOUT
RE0575C	34a1e48055365f7141c6004c2cae6729f9c7c6005ad5a54e0deff146d05eeffc	848	CONFIRMATION_HOLDOUT
FAOXC143C123m	34c8e27c48320820eca874adcb5a43754ff863779a45d6950eb78c7c57e5266c	849	CONFIRMATION_HOLDOUT
PHETRPLEUt	34d54b1402c2fd4b0cd364c8aa54365c047f8857b223e3bea4b33e7ea7243058	850	CONFIRMATION_HOLDOUT
PCHOLN203_HSABCt	34d6f8cc9610293bd9f6c3348bbe061a3c4cec121ce76260aecc350e8b5531e7	851	CONFIRMATION_HOLDOUT
r2502	34eefcb33e3c7af590872c5d81f51221f786b356336dc0c69277b3d6f660e53b	852	CONFIRMATION_HOLDOUT
SO4CLtex2	350c0e3391537751dac45f0c7cb7278c20ae1d115bb3ccfd51460a5c1d5017ed	853	CONFIRMATION_HOLDOUT
SERTRPHISt	3518b5f76a468fda85f415a7dc0adc34cd744bf5631b13934f045455d99aa97f	854	CONFIRMATION_HOLDOUT
FPGS5	35199504699daad8f3b5cba48cdbb521ad140c7de31136087f3d70fa241cc88c	855	CONFIRMATION_HOLDOUT
HMR_2296	352d9884d24326003797277b10aab12a1eb6681d61b76685c630491dd6f2965c	856	CONFIRMATION_HOLDOUT
METGLYARGt	35539a0abe8762c273e5393cb9abd57e37f58403fde630c65ad03948c6a263b4	857	CONFIRMATION_HOLDOUT
HMR_0765	35659f69b591b559dbfab9af6b37adfaa1d621ebff55c3d43eb67ffb206d5db8	858	CONFIRMATION_HOLDOUT
PCHOL_HStg	35691b6d2a6842ff953fdb80a54bfc03acfb7537bbff2ff8115360ca7d6da737	859	CONFIRMATION_HOLDOUT
S2TASE5ly	357e8c5028c70eee818cf79514084c7da72d5c1b050f27f638464d52f493dc4f	860	CONFIRMATION_HOLDOUT
ST3GAL61g	358117a65a5b497681d41a7e68ca0879b1e45da913ef8844baf346ec942628fc	861	CONFIRMATION_HOLDOUT
r1573	3585d89e48510e794896fc27b3bc3b01bdcf32eac03ac16a5fc53fc32ec83b30	862	CONFIRMATION_HOLDOUT
HMR_3224	358d9889233bdf105d540aeb08aedd59e06ba1a5f034e1bf34b356f3935de409	863	CONFIRMATION_HOLDOUT
HMR_9638	3590df583a48d2ac6054c6b1f9b9abd1f94ee6b4f66a40f33d8d8a582c350998	864	CONFIRMATION_HOLDOUT
HMR_3627	35a7835c5eb5ae7bdf5126254805de82830aaa309f0c502134832b208c7ad707	865	CONFIRMATION_HOLDOUT
GLCNACASE4ly	35ad3df597de66a1ecf894c9afcd3bca8c3ed91381c946c37b2db778577c9fe7	866	CONFIRMATION_HOLDOUT
CYTDtm	35c07d0892710fd176d49e75057fe411ef9c673372b6ad6af4b853242d878f10	867	CONFIRMATION_HOLDOUT
ASPDTDe	3605e9130a1f566562427191afa1b732d4f8ddc544f06eb60bcb9769e5f4545f	868	CONFIRMATION_HOLDOUT
r1148	3629ed5c4db3f890f388bb21a45d6c94ba26ff69455ebd9f94c23d2c9a1319d0	869	CONFIRMATION_HOLDOUT
HMR_0374	364187aa2146ab7c793afc506097b666503b0d69d69575d21a16ae47f8ceb232	870	CONFIRMATION_HOLDOUT
ARGPHEARGt	365baec3b30f727295cf1965d452fe6e974697af11ecd3b881fe95652e176793	871	CONFIRMATION_HOLDOUT
HISASPt	3660a80df21591b6b5acacc0e8baae73bd1da21f362d5f846e4530d0538c4205	872	CONFIRMATION_HOLDOUT
HACD4m	3669a5ad03ae8f0d6ef51feac86ced0b0395575fd7ccdda5fd10d4af9d6fa8af	873	CONFIRMATION_HOLDOUT
r1435	3670279ac679a3f99641f94b5a073a2a985eb287525717106643225d2f9180d2	874	CONFIRMATION_HOLDOUT
r0732	3683fd0c715ada720013e6116783c43eb09399de5c92c0bd3471515cc95e0132	875	CONFIRMATION_HOLDOUT
HMR_3421	369b753fcd4f3a07f3037ec9bd59e4f7e060a80c22564839f69bbbe52a9cf092	876	CONFIRMATION_HOLDOUT
LCAT38e	36c286f6481587869006b56d4b0f059a7cf768c9eb0707bfe77c63ca6b6547fb	877	CONFIRMATION_HOLDOUT
FACOAE120	36c6072cb90e233a49e93b1b1d086e687955fd36617e6517b7903d7a3ee2d74d	878	CONFIRMATION_HOLDOUT
PE203_HSABCt	36d7bf4b09a5faf1577e08722b94d04dd980554d6be28028316baec05617c5e4	879	CONFIRMATION_HOLDOUT
HMR_0255	36e5f60034f43f3e5f8e36d5c2da60c5fb57c8a895948cc7d3b893b9be4b52e2	880	CONFIRMATION_HOLDOUT
HMR_2677	36fc81812ee2ac2fba4bcadf5ce789ea4662e0ab769d202397aa2dab37cb19fe	881	CONFIRMATION_HOLDOUT
ARACHDtr	371560f57e82b240189e2790f50396904e76d17c2434642cf22afa0825195179	882	CONFIRMATION_HOLDOUT
RE2407C	371ff694e543f164abb64e57ff15d1c5ab6f9acd8aa8e437883504a7f4350811	883	CONFIRMATION_HOLDOUT
DAGK_hs	37237e51200d85ab756d120c32dd98598496a0535bd60d29aa7b3de07fff79aa	884	CONFIRMATION_HOLDOUT
RTOTALt	3728ab417476d5a022de982d44a163960fbd234c02f62edf532aa07fdb668ebb	885	CONFIRMATION_HOLDOUT
r2508	3730d9ef51672d4c393ccdef0684a2a5171afe3af4e88e8bfafdb29048e38c36	886	CONFIRMATION_HOLDOUT
RE3193M	373705d8e6416924a5d484b5b8cfab9abd377192b481564c4d8e9a67445822c9	887	CONFIRMATION_HOLDOUT
HMR_7749	3738b1cefc22f916b5e2e7784c5ffacf5ee96b97451b23c3ae3b2cfde10d242c	888	CONFIRMATION_HOLDOUT
HMR_1746	3745519b7ba1f9c197faddedf8538d42af967449e4d713e79933518829f50201	889	CONFIRMATION_HOLDOUT
HMR_2334	3755b9f634ab8ccce5bce6174c6b6ad0b8b67e0b9e485d4beb8cefb01ab63be9	890	CONFIRMATION_HOLDOUT
GGH_7THFl	375aa25a43c03b3563fde5fcee833fbc77504e35bae60e63f2d78e468ed53834	891	CONFIRMATION_HOLDOUT
HMR_2215	3783f874b9d211be4ff6b462244b1949de2829d44099cfc1783fb596d03c9405	892	CONFIRMATION_HOLDOUT
PCHOLLINL_HSPLA2	37856bd81e358e4dc31921468f69d5b3089bb07a1cbf09cd497839848d0e684b	893	CONFIRMATION_HOLDOUT
DNDPt62m	378931b82198ab2af29d44f5e4d33d5bb67bb9d8914382937f5fdb7cbbb18f6f	894	CONFIRMATION_HOLDOUT
r1568	378963cb75232f68016b3f1a6a19fb5b5283a1d6f6bb54dd189214601d6e9147	895	CONFIRMATION_HOLDOUT
MITKP	379add7c66f22cb0f3df39917ec49223033f9dfad8ef62ed896e277028b1c0cf	896	CONFIRMATION_HOLDOUT
RE3120C	37a1d349480871a515695069cfecca9ff7e643f41efe74727df518122e30e34e	897	CONFIRMATION_HOLDOUT
G6Pt6er	37c939899538f3298aedac8f5b5f0180fb7b821ce8eda472565a4e3930435d3b	898	CONFIRMATION_HOLDOUT
ORPT	37cf710834f43c551f3b609951bf471d996384e44f47825cd92d3eb8ec7ee604	899	CONFIRMATION_HOLDOUT
P45019A2r	37d657d062b868d68861699ea8be5b044fe7fc2a0bfd7fc694cbabc8c21c9fe7	900	CONFIRMATION_HOLDOUT
NACHEXA1ly	37d74786714521a56bc891eec16a430f127423733b8cb20c67e541a2a1bc23d6	901	CONFIRMATION_HOLDOUT
PPP9ABCte	37eef2702e103bc161c64b9b472f02b95e3bc7b09905ad191dd89a0ae20ed05c	902	CONFIRMATION_HOLDOUT
RE1521M	37f5500c70476f1adb8e634bd7bec6a879d839a98b2efc6fe69215f090263ac5	903	CONFIRMATION_HOLDOUT
HMR_0305	37fdd110a9ce5b21f3545ef53d226f3f425ec6aa0bf64cccac63664c386b80f5	904	CONFIRMATION_HOLDOUT
S2T3g	38052282bf06c1378724e7ee20d38eaf23e96fe09fa6db4c205fcf325540cf85	905	CONFIRMATION_HOLDOUT
FAOXC121C101m	380a2b6bba301f7ea34dd7a3d00eb41461a69594852122729b603cbf59445eac	906	CONFIRMATION_HOLDOUT
HMR_0347	380fa3c85c1f81693ef9ad2a1131b1d54e55da8cd6c8210c7bab3cfed5f1ce5b	907	CONFIRMATION_HOLDOUT
HMR_0302	38129a60f364d255b87ce4302ff8511ce178638b691e74ca7d1300ff18315a68	908	CONFIRMATION_HOLDOUT
PROPROARGt	381dd2946d9525514f310be1bd94ea9bca008109310ca604058b08292be2fc82	909	CONFIRMATION_HOLDOUT
r0016	381fead25f60415e3d0828e9dae0bb3f7203cdddd25cf9d69615f495934bd21e	910	CONFIRMATION_HOLDOUT
HMR_0830	382ae67559b311f919a12bd1509cdaf59bf84d1647af543f0558b2b61a87df75	911	CONFIRMATION_HOLDOUT
r0899	3854179134e5a12ae82e97b19742d3d802f094318240e96ae890c54f9daed75a	912	CONFIRMATION_HOLDOUT
HMR_0678	386ffc2d4510bffe3495a487a017fc63c22daa4c2ff7d1aa01b2349d39bfde95	913	CONFIRMATION_HOLDOUT
UMPK4n	38759a747cda0c343c93212e6c120c13eab09cce42e9cbf279386b528e011651	914	CONFIRMATION_HOLDOUT
RE1533X	3896a390c51a6a946627bf75ea713771b4788b05c688f04095469e54db0d6e44	915	CONFIRMATION_HOLDOUT
ILESERARGt	389f70f9d5cd7518590cf26a59104dbec063cd1f0b30352e934d5d9ed1f200c5	916	CONFIRMATION_HOLDOUT
RE1530M	38adafd3a6eefac333506c8fc37104d30fdb208992602fca1a77cc7e699428fb	917	CONFIRMATION_HOLDOUT
DCA24GSc	38b1d7aefabaddc570d67ba8876c5d11f8a8efc714edc8941bee37e6476d68e7	918	CONFIRMATION_HOLDOUT
r0166	38b5a669a802c004ad565fc380d2ad960338380c740b5cd898977a860c3b8bfa	919	CONFIRMATION_HOLDOUT
GLCAT5g	38b80cc3006c83be4c26ffec327860aea85af0e622593ec55b61dbf444ad4ccd	920	CONFIRMATION_HOLDOUT
TYRGLUt	38c0692d7123028a12d0d0fda82146250ca141f9949b092c1febd9a3a41fa97b	921	CONFIRMATION_HOLDOUT
RE3470C	38c501161cb4a535e514e3ea74a9eefc80ff95006f1c57f6d65f276a4874a981	922	CONFIRMATION_HOLDOUT
HMR_7628	38c862e9dc3ef4ba45f2798af0898c56b87246e5bba2b72d9ad56fbe51ce0007	923	CONFIRMATION_HOLDOUT
r0892	38cb625d5b00063f23e74fbd38caa560ce8ccc281953d794fce8d4d2963958b0	924	CONFIRMATION_HOLDOUT
HMR_3729	38cfb2a1e6f2829d6e19d17c62022d68368e7c5fc74ff6ec05c247bc727b6639	925	CONFIRMATION_HOLDOUT
ALR3	38d3ccd8f2ceb3c897545bab156de0ea9f89f7df67f62894e836d03f623eb526	926	CONFIRMATION_HOLDOUT
NTD1	390846094c5a4f5eacb43e977b15d500c055e2c1157e229261380bd52a8bf3ff	927	CONFIRMATION_HOLDOUT
LYSARGLEUt	3915955efa4e5ce43a89874f08839f5daf21f88c99e634a6626346f9e68a0374	928	CONFIRMATION_HOLDOUT
r1168	391d889a6727766f80b0206fc2efb461038c1344a879a1c958bc51ea184e2229	929	CONFIRMATION_HOLDOUT
r0786	3929bc9f4d9e155b3f47d85c660e73fbe61cd300f01b4ef497b12838682db2fa	930	CONFIRMATION_HOLDOUT
LNLNCACPT2	3950dd82d42428875c67b843a44263e82c791aec5cc69a5d60f61e5b10565a14	931	CONFIRMATION_HOLDOUT
HMR_2262	39638c15f4f4ea92a229d159df8efb358501353837f759e82575320118d595f9	932	CONFIRMATION_HOLDOUT
HEXCCOAtx	39651509841eba0a92c35605bfcbe4b9a349973636465d730baf4d6409094956	933	CONFIRMATION_HOLDOUT
DCSPTN1CPT2	3975473c42bb98d0e1ded295f4202b5883432e58ed3f6e7184ecf12a042f4fcd	934	CONFIRMATION_HOLDOUT
GMPS2	3984f7b9bca168ce042d01aaeca27aa295edaf0e0002ac52f1720ea7fbb6149a	935	CONFIRMATION_HOLDOUT
PSDm_hs	39940e31e7c3b0e35a91b2fdeb2b12c4bc83b4458931913bde628f9446d3b323	936	CONFIRMATION_HOLDOUT
RE1520X	3996318e6111f9137f398d42baed85c9c5bd6e18cf88d2991f3e37ab454fc4a9	937	CONFIRMATION_HOLDOUT
HMR_0380	39ae4622a5fa31d59be920192ba255dba86cb3e758b03e7faa97ea2eab461826	938	CONFIRMATION_HOLDOUT
GSNt	39d18aab90f4b62f8a76f7fbd771f471737c9a1fac968112a1569e5a1c5d6420	939	CONFIRMATION_HOLDOUT
DNDPt24m	39d46ffdd82fcd94f6236600219b90a90bccfdd6fc725fdc8877db2d5521c9b7	940	CONFIRMATION_HOLDOUT
HMR_2974	39f6f11076c502ba856b0474a290c35c95cb27d58af5e5e9fe244cfced002e54	941	CONFIRMATION_HOLDOUT
HC02220t	3a01255913e2a75492731a12dafa2c9a7e48fd23d92dceddb6a279c1bc1f0e97	942	CONFIRMATION_HOLDOUT
CITtcm	3a01357a6d32470be89a41faf7764177d5b521685330661e8976a97e0b69dff5	943	CONFIRMATION_HOLDOUT
CSNAT2x	3a0af04c86d5e1d8d5458dc7a077fb5ddfc18ce84dd2291c3077a8b0f4400569	944	CONFIRMATION_HOLDOUT
CRVSM1hr	3a116859af0f5dc27509de02099b2777b9f96fd6eb195f3a9859304ab9156264	945	CONFIRMATION_HOLDOUT
HMBS	3a2a07cb5fe0ffc4b4d27a8dd331f3bf4c0d5237825dbd95ad54315f9908eb7e	946	CONFIRMATION_HOLDOUT
P45019A1r	3a531457eeadb7fbb46e4a073f3e1d7b396eaa2d3f1c0c4cbe119ad81473c058	947	CONFIRMATION_HOLDOUT
3SALATAim	3a546b5ea59eb327f4397f9e45c7e1ba608061988deaaaa43fbdc3674b9b00ae	948	CONFIRMATION_HOLDOUT
HMR_2193	3a79dc16f547edc79e212f59f40780be4c1349cd176a9132af73765615151acf	949	CONFIRMATION_HOLDOUT
PCHOL2STE_HSt1e	3a8711ac3cc41042dfd4f5424660d512dc8931a54eeb80cd2826610a2e0664d7	950	CONFIRMATION_HOLDOUT
RE3488R	3a971d5020a9bcd3d348aa21cc28267963244175842f39ca4dac0e4ec53fb1a3	951	CONFIRMATION_HOLDOUT
7HPVStev	3ac0e047b3684383a42d2dea64d782ab7ca477c1581493a5e17cd3d8bd9e5cbb	952	CONFIRMATION_HOLDOUT
LCAT45e	3ac42dd4dccb01e13b6a67d5ab6e1416823841218ada7ec3ccdf947fa0e1de02	953	CONFIRMATION_HOLDOUT
CYTDK2	3b11db3ea62d55c8c4794b70c771efd6173e837383c986bd4f400e69eb035008	954	CONFIRMATION_HOLDOUT
GLYTYRLYSt	3b2307e006661ba100a2859976c0543a64e59f47d4f232d04ffe6ed0dacdb7fe	955	CONFIRMATION_HOLDOUT
r2335	3b2f87f98f46585053b1e51029f484b05cc9e8680702e2ee069f93a378ab93c4	956	CONFIRMATION_HOLDOUT
HMR_3128	3b57f320806852c26be655034faa0b50e1f01ae3a03936378d9d17fa0a0d4df8	957	CONFIRMATION_HOLDOUT
HMR_3339	3b9423c281a28c00070f43a820ecf981e1953d084c9551ab4984993426ba9d0c	958	CONFIRMATION_HOLDOUT
HMR_2393	3b9d71b6e4e0d19817120431e4c90501f0b4549f8092b2c09059ec44b87cb5fe	959	CONFIRMATION_HOLDOUT
ICDHyp	3bbbc77b36496b2971e90265603a66945cc25b131185ec90a64989dc68f2eb1b	960	CONFIRMATION_HOLDOUT
HMR_1557	3bd37f5d245a7b6c23647213e480f18eb7fff94666a7bbf13d31b105b717b36a	961	CONFIRMATION_HOLDOUT
r1637	3bd71fe4261989d392eb4048987e74a417278e9baf21dce65fca9f51b4c8ff1f	962	CONFIRMATION_HOLDOUT
GALT	3bf3409af4301a3fb04d82a221408aebbb1a89fd91d588a6544e55fe6be0bf35	963	CONFIRMATION_HOLDOUT
HMR_3218	3c0a9eb9414de138641083a93fbb0f8a0ce8bcbc01ba5bfeeb9c8d1b25de4eef	964	CONFIRMATION_HOLDOUT
DOCOSCOAtxc	3c0c797cb1cb09e198d569eaf4c8b1b55e8f3f8613fb3049f9aacc7e4ff60773	965	CONFIRMATION_HOLDOUT
PFK	3c0c9c0581715c572976b1f61b1b6c51e535a3d240fc741206688e16316fe1dd	966	CONFIRMATION_HOLDOUT
VALTA	3c13ef2c36f18b6d07570b76fbd01379434318701ed591d95875d113ddc87977	967	CONFIRMATION_HOLDOUT
FAOXC22OHC22r	3c16ba46b68c603211110c4ebc3ded61ee05e489f121270abb3bb9cb7fc4739f	968	CONFIRMATION_HOLDOUT
S6TASE17ly	3c1c2839e54badbf2345c93fe201a93bf00f7b788460286b115da78f7526ec71	969	CONFIRMATION_HOLDOUT
r1383_1	3c3be2730bcd40f309c2fe046b3629d28fa23f17720c66ca7243c59ce21c9599	970	CONFIRMATION_HOLDOUT
HMR_3347	3c47417db4a3e1f2ebf835a375f0ce8f24541a24b610e14e6334bf7dcf5e02f7	971	CONFIRMATION_HOLDOUT
r0249	3c6412e0ac3e8395200cff21762d7990b3d5ad12fca0300cc5331bc635629d8d	972	CONFIRMATION_HOLDOUT
HMR_2945	3c6ebe1d81d78cbf93d09ec0c0a50907449ce0ce55353d7ebc87359f2c251324	973	CONFIRMATION_HOLDOUT
HMR_2707	3c786a9b41ca3efb5888b97da623b41e0899930d2a5893a18b7c245325eb1a33	974	CONFIRMATION_HOLDOUT
DOPAc	3c79fe4aaad1435ac3930c03acb562a24ffdac8c7a55937ecc363e4051470133	975	CONFIRMATION_HOLDOUT
PRISTANALtx	3c9a7c208a3a9baba732ee04f36b51a59e64f390c01574c725b7ba5bb5eb2cf3	976	CONFIRMATION_HOLDOUT
TYRVALMETt	3ca33222527a641b656492cf307db8e53487d4659f0819c469b05b7cccfc2def	977	CONFIRMATION_HOLDOUT
HMR_0254	3ca33ded0bd6e85c722ccf954aafa199b3274cf1a08fee2799aee944302ac969	978	CONFIRMATION_HOLDOUT
HMR_3353	3caa792fc55d094b55c159e0e4757e7da816faef27d201b79349f32a36fc74d6	979	CONFIRMATION_HOLDOUT
r1615	3cc361fe6fbbb54b1479dfb8cada8dc77277c2729bf721a91b452f8e73122db4	980	CONFIRMATION_HOLDOUT
SUCD1m	3cc36c332167366acb38167251550db1f7748b003bba84bdc1784cdcc9a6f861	981	CONFIRMATION_HOLDOUT
GLUTHRLYSt	3cdd4e795ff48e93839fdcee9659d9611d039e4ad5e50a2351449ceb390f1f39	982	CONFIRMATION_HOLDOUT
GLNTHRNaEx	3cef845b95fb26839ddffc0df1236021dcd4f0c4ff4a9ed7d0d424f5d40cfa19	983	CONFIRMATION_HOLDOUT
NTD6	3cf0b8fc301850ccecd58b82100d1d247e2bce6aad090a54ed289d72219e9900	984	CONFIRMATION_HOLDOUT
PE203_HSt1e	3cfb0b0f6ffdd33393820beda70c78ddebfed519063a818fbcbc169a181813e2	985	CONFIRMATION_HOLDOUT
SADT	3d1021482056c1a88c8f122a86266566c341c359f1908dfd1a3eac4c0a68bb5d	986	CONFIRMATION_HOLDOUT
S6TASE24ly	3d38c56ff4b6d5e29afd935f3014823cc67edc27725d3c1a69d5224ca93e43b4	987	CONFIRMATION_HOLDOUT
LEUASNASPt	3d64fe6adbd106ab910967ce21c2f53fec20405a03c13dcc7f670f21cb7a9665	988	CONFIRMATION_HOLDOUT
HMR_0817	3d6713ee9c405a3f6ea8e369ad52568bf82dce85d231aedb3d8687a86f7b6109	989	CONFIRMATION_HOLDOUT
HMR_6755	3d6d6562034bc01c14c82a2abfd78447ca5660fc1043666e4fe6fa1d50ae1319	990	CONFIRMATION_HOLDOUT
HMR_2689	3d9066079759f6cb26958c7ec19a2fe817bedb03cc96f99983b6f6594706db52	991	CONFIRMATION_HOLDOUT
FAOXC226C205m	3da7c0e56dced138a8c3429d8b0f946f20fd82172a8e0bd65d1b70cd40198b59	992	CONFIRMATION_HOLDOUT
CSPG_Bt	3db01fb94407168804588afd6ed8279f3e4ed4c505eaebbf4c7479fe21de1880	993	CONFIRMATION_HOLDOUT
HMR_5387	3dbf8afd9b6cb883e88e55bf531364492b8564a07cff5cb867efb1c08b50689e	994	CONFIRMATION_HOLDOUT
LCAT31e	3dc6f6cc22d329fbe97275f6181eaf9d3e458cc5f68364b1a9d8f65699d19a61	995	CONFIRMATION_HOLDOUT
LCAT20e	3dcc9e32de44b66589d7bd0dc38269703e356b3201999681ed55d804031a0d4b	996	CONFIRMATION_HOLDOUT
ORNDC	3ddcbd40466c8cdc301a2a7182aba99dc3cca8b3f2ec4c02aa2a5ab9703707fa	997	CONFIRMATION_HOLDOUT
r2381	3de96cd0f2d838460445c1b320d1d3b6b42cd8fd2675ed6f93b7171e04b0c28d	998	CONFIRMATION_HOLDOUT
TETTET6CPT2	3df85168d8abd0805330cad48e464d6bdf75565c213f23aec75b6b9cab1d6874	999	CONFIRMATION_HOLDOUT
OCOAT1m	3e018e19bd82e294f3325b7b0e58f458a22b789c731efd7494e3b7bf9a2bf2ea	1000	CONFIRMATION_HOLDOUT
CRVSM23hr	3e2a2f71f65b1385f11aca65a38652344fdc12619e929f03624506533aa16aba	1001	CONFIRMATION_HOLDOUT
METARGLEUt	3e39b7a6187320e88860c838ffdb31c555821592a0e5591943f4fc7d8bc4fef9	1002	CONFIRMATION_HOLDOUT
ALCD22_D	3e3b926a6cc3cc021cd642f153b7300898dc86e481a937a0d473fe1374f85f0d	1003	CONFIRMATION_HOLDOUT
HMR_2951	3e58cc41ff7f84e79e372f824efa58abefb01d51e04269b23cedfb542e1abbd4	1004	CONFIRMATION_HOLDOUT
Htg	3e88d9c12ef5021ea7301cbd557c1b442f093237fc68500dcb2b3f2879189d83	1005	CONFIRMATION_HOLDOUT
HMR_3101	3e91def96eac51afa049d1a8461b8c0aa290aafb16693b03b351620f4544965e	1006	CONFIRMATION_HOLDOUT
GULN3D	3eb65e63ff6a9547ba620f81eadaae5aa3e8452c0bc214c4e2d72f7c4054f818	1007	CONFIRMATION_HOLDOUT
PHELYSPROt	3ec07066650769682e08eeb67dbea36c18a9feafc8a48985ff3fa336b65cacba	1008	CONFIRMATION_HOLDOUT
FAOXC16080m	3ed400fb446c1ed45abf3f4a637ab14a0b9182cf0601bf44e3aabf4afd7e67c5	1009	CONFIRMATION_HOLDOUT
CITL	3edf31f5d61e24cdd98fbe10c729a2af85dd2110685207fd1b0109a7de6c3a77	1010	CONFIRMATION_HOLDOUT
HMR_2955	3eea0aca9ce37b34bd97b88ab966401b91c7232ff96529a465ae911fe7665736	1011	CONFIRMATION_HOLDOUT
GLCAASE1ly	3eecc1fea5e02ae239c3d54d0f514c1971e7f8ae4c99faef77496c317d205214	1012	CONFIRMATION_HOLDOUT
HMR_3681	3efdc4a8b8a797fd2f66c8779ecd6d1eefd3aa1de9ce31bcbf301b5bfd970a27	1013	CONFIRMATION_HOLDOUT
HMR_2652	3f0431f195a97a1af96b8bd34e1f8ea61b5e16a8572e5f1697b6e93307e345c5	1014	CONFIRMATION_HOLDOUT
HC02220te	3f06ec16be3a33ad142df94de738aa65a29f8ce02df837461130bf8a6b97175d	1015	CONFIRMATION_HOLDOUT
GCALDD	3f12ab4eb59aebe558050a12e42757c1d793e22d207172b1dfcf69fdd982bf28	1016	CONFIRMATION_HOLDOUT
HMR_1760	3f2837397eac2ad106842b2256d8d3499bfc1047552a664cc8c45203fe1b0725	1017	CONFIRMATION_HOLDOUT
r1134	3f3c1d94285b46fd27484f95446842d125dca7dc46a93060c109f56927427396	1018	CONFIRMATION_HOLDOUT
TRPTHRTYRt	3f4ab6c6c884c8cbf4502a8b7edd688a18b963453e7c46101a58d16c0b3e6909	1019	CONFIRMATION_HOLDOUT
HMR_3644	3f5f5f714b36e47b2b4a4898c04f097bac73ec82abbb512620d23bd5120bc452	1020	CONFIRMATION_HOLDOUT
PEPALM_HSt1e	3f753aa0618a674366fa23d854b99017604eee54374277ec0117114f72048cc6	1021	CONFIRMATION_HOLDOUT
PEOLE_HSABCt	3f77d331eb402b95413b460424edb60e0c27da789d1028f5e8e809cec7d31c11	1022	CONFIRMATION_HOLDOUT
r1583	3f7bbab2a61c340e2375a33c890c785b58d6163afc216d4bd77b20bd964af544	1023	CONFIRMATION_HOLDOUT
HMR_3198	3f9e64064699149f29f254614dddfc0e7d8938dde04ee76b444e91114d062ae8	1024	CONFIRMATION_HOLDOUT
S6TASE23ly	3ff0fc8b7fda25f3637ac2459918efd3d3db0c9cf756c4240c14d85cc25f6604	1025	CONFIRMATION_HOLDOUT
HMR_0653	3ffdc9bf8de456d30539dab3a9b6808b04e4ab698e64c57c2416b5c399e76677	1026	CONFIRMATION_HOLDOUT
DNDPt31m	4005d065f19e99e1ccf49dc5bad7358cdba7c07c13810fb11b92e10dcf91af81	1027	CONFIRMATION_HOLDOUT
C226CPT1	40179471ea168b9d2d5894b7abadf2efac6a713db5639e59849c6e3e413e58aa	1028	CONFIRMATION_HOLDOUT
PROHISTYRt	404f52241a6e10daaa38b41c96e6249d8e91b39633bc0f0fbc383a6ff02fa12a	1029	CONFIRMATION_HOLDOUT
ASPNATm	40638c55a42abd60edbdc5637acdc2f5e21edf07dadcf60d2289c6102a28e7e4	1030	CONFIRMATION_HOLDOUT
SUCCACT	4071fe14ff44c806f8f59fa2f1b90ac6148cf60d82b0b369472d6a25c9ae7051	1031	CONFIRMATION_HOLDOUT
GLYHISASNt	4072d0f894dc70bb91f51eaa25c5a4a420464c7aec134feb611e8397bca1a02f	1032	CONFIRMATION_HOLDOUT
HMR_3432	40873a747a4bb9e863dd4ad6359696b1c155864ff2166ad8895bcae3199f54e7	1033	CONFIRMATION_HOLDOUT
PRDX	408913e40d5db715a1a1dc60a14ebde80f42cc5642649a3af103fa49523e5be5	1034	CONFIRMATION_HOLDOUT
RE3218C	408ffe7413e6482969a5d8da3f0cf54e2d4f5a88fbcbb65a048d742db2a1ad82	1035	CONFIRMATION_HOLDOUT
LCAT50e	40900e36f4bac27301d46e5a5f9e24304221fc2e093f6314661de6dce6b44423	1036	CONFIRMATION_HOLDOUT
HMR_2954	40a30a6896c6706021ca5a31f9d52c83c821255c813b71c2050b7d865b9cdfc1	1037	CONFIRMATION_HOLDOUT
HMR_0176	40a4a0f7ddb27c868735dbc87d93621111eeb850e17012f205ce8d64b7508b61	1038	CONFIRMATION_HOLDOUT
FAOXC12C12OHm	40a90dc72f25814fa22effb4c7eba25461a775df1b2807f7adedd8adda42e775	1039	CONFIRMATION_HOLDOUT
P45046A1r	40ade25b2ab925a3262da1817be0da8f27657cd6136c29c32b486cfa88217e28	1040	CONFIRMATION_HOLDOUT
HGNTOR	40dad3f416a4b7e23d718cbfe92b91b0344f40d866b5ec42e6c2f9f33fecc4d6	1041	CONFIRMATION_HOLDOUT
C3STDH1	40e01f7cc0ca331a673e3c67d78682d22ae10cf1108bdf79716f26f1bed2a182	1042	CONFIRMATION_HOLDOUT
FACOAL205	40fa34b80088fe3f9622407523cd81e89493bb6df7eb7b6630604c8761a77d10	1043	CONFIRMATION_HOLDOUT
ELAIDCRNt	40ff6dc2e4259788ced9685f8074e388bdd406872d84bbeef381664ca611f15e	1044	CONFIRMATION_HOLDOUT
C181CRNt	4101595a9fc1f1976b8c6e79a5207b46c3c913a23d15b4d393197795f37968c1	1045	DEVELOPMENT
HMR_9614	4106d50d1b1578cba1ac87bc24d430ae37490c8a53a87dd764fac59fdc3c8c2c	1046	DEVELOPMENT
r1642	4107fbeb2869c65c6b5a8bb4badc32d04cf4bbf526897321e8b2903e91ba2bc1	1047	DEVELOPMENT
HSAT1ly	41282c5966454d53d2c9c4984f5bba1c5d4c497f4a3f38f0e5ee46d24f3df9e9	1048	DEVELOPMENT
LVSTPGPtu	412a24c6ddf0f2ac171d077fc980eb88b99593bc2cdb63e352632bf3e935c715	1049	DEVELOPMENT
HMR_2973	412ba56d3475846f4de83b3a8fb1e38e52cd87adedc56c914843b77edde04f7a	1050	DEVELOPMENT
CO2tp	413f07b558969f33ff54257c6301862b34ae4f72105fc2930edbb4708e4da956	1051	DEVELOPMENT
RE2987X	415e621b7dde85ae491433cc0f4c0dc29b6bd5aefefb146a47e706887bce8bf0	1052	DEVELOPMENT
LCA3St	419cd8635b93cb4d872b993095a187156db5773e22c82280340487e2b3a7d153	1053	DEVELOPMENT
ARSA	41a1eb5cecf3ee0af7039903d3e7978514b01295ab2248affd298d22d91d744f	1054	DEVELOPMENT
GCDCA3St	41a8c6d4264273c4c94961288d48888bd86389aa2e680c9e7a289592eb092ac9	1055	DEVELOPMENT
HMR_0319	41d7c7259ad62cf862f45bae5b5bd1fe8c12b033749c4fdcb435eae19f7f7919	1056	DEVELOPMENT
CYSGLYex	420b7a64c33c1a33f761436e6b777068fe7abcae8fa32792193132ff342663ff	1057	DEVELOPMENT
TRPGLUGLYt	420e20d8e38d7e45ff08ef8c7402514cd8ed3a6cf9d2cc79a59810a5a6a8bd7c	1058	DEVELOPMENT
URIK1	421d7cb7e68de24fb824be4d0513d2cb5c3d08fc6099f6d86556d0aa547d7a80	1059	DEVELOPMENT
C06439t	4221aa05a449edc8955360bf3ff693eba8934ec3bf5f1344bff0f61979a2cf44	1060	DEVELOPMENT
r2425	422296a9542ecd8f19ac9d407fc7af223e51c7fbd2783f212aba77f88596fa95	1061	DEVELOPMENT
GLUt6	42321caf63d3b4332a9acbc03daacc24f7ebf27985f666eb138bddfc339f579f	1062	DEVELOPMENT
HMR_1538	4239739cee7e42b86e5799438f0022003089f52964f669465a7e96db3a69ab28	1063	DEVELOPMENT
GDCA3Sabc	423f6e5d3f7052649a963674867311d95d418a08562cdcb45aa9a63d84ce69ba	1064	DEVELOPMENT
HMR_0381	424a4cb00e8122cbf92297e2eec1a8816a571778d87d399aed0f0d3491f95b5a	1065	DEVELOPMENT
AGPAT4	42528b1308481ca0c1e7e400e5035e1239455e0d6d32c9211a832261de0e9bdc	1066	DEVELOPMENT
LNLNCGCPT1	426f860c0e683a4a492a83507c81cda55b08a1e613bdfacee3fd5488d669595f	1067	DEVELOPMENT
HMR_2857	427654ac471e5b17380329aa1ecb82f0db0c2cab443cc3a1f062c6aa8f9b332c	1068	DEVELOPMENT
DNDPt47m	42794d75d454ce22b26643be3d8ec65a7ffbf4d145ffdce11595d7be334b987c	1069	DEVELOPMENT
HMR_3095	427f3bb388809cb53ae74baf942f328d1056c9c89560c383cea17ffc926c233e	1070	DEVELOPMENT
HMR_0323	4288d9f11051082caa61f956018819c9f76c34fe651e921286fc3fc87599f061	1071	DEVELOPMENT
FAOXC164GC163m	42958752e9cdf240fdf27a8760b370033e7eab20c6e4902c5fc4aea2c13cb092	1072	DEVELOPMENT
CHLSTI_1	429f6bee7393349f8e2d2c15b126f6923338d862e8d2ccae364b661e4cccec58	1073	DEVELOPMENT
NACASPtm	42b1ac3716c7e3a9e372509eefc3c244eff84379ece38173a4ddc4e320a713ed	1074	DEVELOPMENT
PCHOLDOC_HSt1e	42e064a9ddeef03d1c19ea0f11d39c76d2bc295d391576e0ca33984dee2e302d	1075	DEVELOPMENT
TKT2	42e6a289d954b594986d33889b737b7d14d663992134f75bf592b282f4d9055b	1076	DEVELOPMENT
FAOXC226205m	42f6b46871a3a2ca66e4bd48561e400ba8c396057d8c334771ca743dc6e2c511	1077	DEVELOPMENT
HMR_3351	431f0302e06735c14c4f5e3a2f7e992c9d58d9d1b6d2856f4a5a6c674ede4700	1078	DEVELOPMENT
DOCOSACT	431f36baae6668e3d2a639613d3f3d9032738fee05312dd0aec1dfc03a3578cd	1079	DEVELOPMENT
ACCOAgt	43253c86fd87c0d380a020fff08db55a54758b5861f9e84c73549617576492cf	1080	DEVELOPMENT
SPHMYLN181181_hs_ATPt	43467644d6b526bef90113275fd4d966ef7b7d5a0591bcc946f3393d7c8b9b64	1081	DEVELOPMENT
HSD3A2r	435deb392e13cc8414d12f1293311b5d85cb85bb13597b00483573ccbe8c3539	1082	DEVELOPMENT
ARGHISTHRt	43642e356e1519e0463cbd3f58431cb20cecf72587f8961549b3ca67cccfc506	1083	DEVELOPMENT
4OHPROIMINOtc	43742cf489c9f191a95b3ea6c69050bee7774d7247a14641b2b6817e45930c5a	1084	DEVELOPMENT
HMR_0438	437a8244a805e20d28b429280da0ddb053a362ca5158c3bde0728676d4d4f961	1085	DEVELOPMENT
ACER11r	438662124aca4f909afce0d8439718896a91a91eb7c4c6df93aa2e1013dbb2c2	1086	DEVELOPMENT
LPS3	439d0dde6feeaa7fecc3b82fa168258039be0765a10a1fd283c8435ca23492fe	1087	DEVELOPMENT
HISGLNALAt	43a2036ab42fdd42d81f0a8b516551f47b635c3fbea09141fd01efca5137c20b	1088	DEVELOPMENT
3HADPACx	43b8ac2513c2b97f09d37a2750aac9c037dede6d9b2ac0527313600bd8f03beb	1089	DEVELOPMENT
MI1PS	43bae84273ba9319ccbd1220cd309c39b259c608a88cce751eb34c304075bdd7	1090	DEVELOPMENT
RE3051C	43ed9b8ca5b5dc614de04ba5ccd69c11049c55a45096f4afe106f83442286d9a	1091	DEVELOPMENT
r0757	4413d76d3acb298a6ac20a2d966e5d404557b1bbbebeef9d4860e204822efce6	1092	DEVELOPMENT
C160CPT1	4420a386fe52269933ca5ffdff9a58df92d5d424e1eefed3f5d9f188d51387a9	1093	DEVELOPMENT
RE3346C	4443f9b4aaa65427dbafb5fb3dff2dc83be4d7978057bd774859c69bcd2e3533	1094	DEVELOPMENT
HMR_2697	44582c9fbcbed1750a505f3a0d4b4f4a52907cc0f5f59021882aacd3cf9bebb2	1095	DEVELOPMENT
HMR_2495	445b947f9f3fc5fa54f03b528059e73521a8b67100261cb4e000331a52bc4571	1096	DEVELOPMENT
DCSPTN1CPT1	445f75e9c5371a4ff70f3ab28e1f3a1982af7c1ac0e537e146a7d3fc452a6628	1097	DEVELOPMENT
HMR_2217	4462645aef5bbbed275581ce98377f67a5fcb1863912189b449a93f90c9cc643	1098	DEVELOPMENT
LHCYSTINt	447175c8b77798880c6a183340c287c58df0bc58801bffda07bf03da535a9e55	1099	DEVELOPMENT
MDHp	447c3cf0c9b3cd07c904eaec05c750e9350c1270c84e976046f2e3d7212f60d3	1100	DEVELOPMENT
METHISLYSt	449724996fdbdfbefb949c46e7130436fca619410b0de5b9f87a984fa20fe2d7	1101	DEVELOPMENT
S2T4g	44f4e17b337f5f20a843f75943aa937b4324bc88fbe45e4d219b3788dd766a73	1102	DEVELOPMENT
RE3628M	452d06509f83c3c216af0cbb626663c48fc455db8879902e1eaa0984d6735f36	1103	DEVELOPMENT
ATPH2e	453c678537e8dc1ece4cc48e001513804fb8bc962bbab524c226cd88a3a07aef	1104	DEVELOPMENT
TRDR2	45411564e8838bc6d70b4f973b8bc0cf492abd916e11c7a12d3d572c4a83f39f	1105	DEVELOPMENT
r0310	4547044f2a86a346cf3d5a0947944d519bedbbcd8a35b7f6b4a659bc8470a511	1106	DEVELOPMENT
ICDHym	45475eb89fdd55480995df93049b08ebbd0a4c03e6be8c1978a72a2fc8b8119a	1107	DEVELOPMENT
HMR_3149	454a771aabd7fb9708ab49a088d91f2a26088e46636c1785f8a6e9c840abf3dd	1108	DEVELOPMENT
FAOXC204C184m	456cac7aefbb8cf19ebaa51a3209d2dca2b751dbeace3a14853742902657d28f	1109	DEVELOPMENT
CRVSM24tev	4584c3e5fdc78b190bc6f08d91b1f84baf2647eb127101c46566dfaf0bafe300	1110	DEVELOPMENT
UMPK2	45adf3dd47e5a2c7d2e9cbb23c764334ecef657fb51dd671ea54b4571d2da500	1111	DEVELOPMENT
CSPG_Ctly	45b3e70fcda6343fb42bd12654f3627638f4f4cdd5151f6e6d15d37205b1f95c	1112	DEVELOPMENT
TYRARGSERt	45c7552d354a7b94318884ce41f4229fbab8245bd2df76f32ef6566a680dee9d	1113	DEVELOPMENT
r1593	45ddadb7d07339be90e71cbf8a6a20491078c3c0f334ba3a31ee098dfe83749c	1114	DEVELOPMENT
HMR_0327	45df2332d5141445c0d944bdbca4ade7c9ad8e7da3f4ceb6f306b1095799bdb5	1115	DEVELOPMENT
MACACI	45f2d6a49c080879c74ad41bf7d947bb7adf6963babf2aecf26b9f7c732b680b	1116	DEVELOPMENT
DCA3Sabc	45f6d51c8c129a7246954c0285b9b021839aa82ed5f16b5592d1e6c4458ae144	1117	DEVELOPMENT
DNDPt49m	460355c6f31365d36a249132a63417413181e48148f7b03c251e18acddbc1db3	1118	DEVELOPMENT
LGNCFATPtc	46108b26a012aca1f4b7c05846d21eab97f9663e9f03bd8080ea108705fc2350	1119	DEVELOPMENT
HMR_1479	461ae2bbc8325bad92409fc6853334c4e83f459c2d345e875cb06b12704f79ba	1120	DEVELOPMENT
HMR_2344	462adbb643a548ab2d658dcf68427e11f728493b4a903e16a9746a35bf994560	1121	DEVELOPMENT
PE15_HSABCt	465267c48cc2afe1d3e13af3bf29cfdeac96268faa259b96bc13399ec7cc5e90	1122	DEVELOPMENT
r0398	465a8f0637c94be8665f94e304d47555375d56d313f2365aa63bec6227336469	1123	DEVELOPMENT
PE226_HSPLA2	466575da0aed12982c70dbfbe2b2f58eeecb20a395da01024e10bbe59d47760f	1124	DEVELOPMENT
RE3167C	4668ebc8765c37a3252b97df446e6ccd099ed140283fce4d461e005e3c5271d4	1125	DEVELOPMENT
ICDHyr	466b076b9a2e226874408247f64a11d88b20b6ff220ec4d04af5e3d3cafe1e1f	1126	DEVELOPMENT
2DR1PP	46984e4f4e617f509cd5d4ce6cb62996c2ba79eaa50d0076376f603383fc7156	1127	DEVELOPMENT
FADtru	46a07a89fafd5eb8faef6e110922cf18715d40678b34ded5854257f0cc593ab5	1128	DEVELOPMENT
RE2992M	46aee30815d5db3b84476eff35227dbe657a6f76331bb9d054507a3b2009bfb5	1129	DEVELOPMENT
17AHPRGNLONEte	46b2f974cab1f9c281d524516270e2a0c4b0d3562de7ceed1b89fa93f6245904	1130	DEVELOPMENT
DADAe	46c32cbf268048e1039daeca02aaba6def84618e20f164532ad80dd8287d164f	1131	DEVELOPMENT
CSEPASEly	46c4764095d9652999da29910a15e1aabb22d50d8c6702726aaa38515ab672d9	1132	DEVELOPMENT
CORE2GTg	46ce2afeaca100b1ad31c46adceaa7c3e0c04bcc9e2ad4eed9536b503e50890d	1133	DEVELOPMENT
EICOSTETCPT2	46d17e490adcf85d9d8a817ec58440a66878dd3f392abd2a6c466826bbddb756	1134	DEVELOPMENT
HMR_3637	46ddfbe18869d3ac9b4e9b04be9484e34a28bde5874b16740b26e2ae40d215f6	1135	DEVELOPMENT
HMR_1467	46e4bedf305606a46f996f8a6f6b01880b753b7454f7227d08b3480974294523	1136	DEVELOPMENT
HMR_2634	46e9b9e4993899b3a4931fdc937a97166815461e7366fc754471fef6e494f439	1137	DEVELOPMENT
GLCNACDASg	46f3c9d8f3172525ad59feea66568d9ac04aa2d867de8436d0e917f4ec457f26	1138	DEVELOPMENT
BALAPAT1tc2	47255ee630492834daf6220b964f63f53004d030bd44f568f6336aec5380ebbb	1139	DEVELOPMENT
HMR_0806	47299b63ed0c12995bc683f1004ae26ac603c0a86c743b12ed1f75c0ee521ce3	1140	DEVELOPMENT
RE2759X	4732f37dd89269fcd7c9d20997b632e3193dca54fbde19f71efcd20baa473dcc	1141	DEVELOPMENT
GLCAT6g	4734dcd0708f2c9bcee933a3b89f2f0d263f71a681cf1cc4b766673fa9ca1cb3	1142	DEVELOPMENT
BGAL3l	4745e6a0bce55d855575e19804afe79010c5f50c3bd282e6d09a43e3eff9e809	1143	DEVELOPMENT
RE3151C	476ceac6fbe5d60ffc8b7129a01411461ccd666f4f704627731b98da19a60cf8	1144	DEVELOPMENT
r0739	477f3aaff608bb08c3b4c92cb2587b06152964e03f4a33cf732e49106cf0bf8f	1145	DEVELOPMENT
ARGVALTRPt	478bd0d250d9c4b6cda8de48c11851d44685d6f7409bdc223ec4175e190c681f	1146	DEVELOPMENT
ARGPROTHRt	478e9df85c439fcc7b82ec5f64944cb8785f8001779dcdaa8845c55916da02ea	1147	DEVELOPMENT
PEDH203_HSPLA2	479e1119a62c43ef2fec48ab7697effa757131b956c68d1c88d8b0e924fca941	1148	DEVELOPMENT
ADA	47c7e9b093ea184112980551c75201670951f07696f594072a1a2f85ba3be7d6	1149	DEVELOPMENT
HMR_0384	47ca4e17c94d43a2880a206260ca9fd6ec0fc7c686c18b5626c7964e7d4cd4c0	1150	DEVELOPMENT
HMR_0273	47d8dee37cef008ca35224c614398c04966381e1d6c152d9feae6f92049a4b6a	1151	DEVELOPMENT
LALDO2	4800ec8114388c5b7e75edabdcf3f62b1c55ca52bfb721810cd9cd68a1068d9c	1152	DEVELOPMENT
HMR_2659	480ad51c7869b84b524d9b65946bc4e57f81fd21e685ee1d106c3b41c5808f56	1153	DEVELOPMENT
FBA2	480bf24798ba093d825d72e52225b941edf2f9549c94d60bf4fb1b1739c4c581	1154	DEVELOPMENT
GLNHISLYSt	482a0b6914a13692d46eda36fc1ae9b197282426614020519a8a45a7972544fd	1155	DEVELOPMENT
S3T3g	482a74370ceb16535e04e76e0fe77f5ef83944d23d86130983f9250e17fc4099	1156	DEVELOPMENT
PGS	4837caaf4de0160b35ae7051c9141fb5c4a5904bdccb36d101c52d657f0d6b02	1157	DEVELOPMENT
HISGLYLYSt	483ddc75f464a4d88475deeb19d064f2b5109d842d45cb3f00f8077a441b4dfb	1158	DEVELOPMENT
3AIBSYMPt	487342fc49f6b14fe492106b6a6cb9837b8f0168bd17ff884676bfdcef152d01	1159	DEVELOPMENT
THRt4	48b028fe58426363ed7531fe3b3c7682dd8768811231e39bbd54c4a7172663b7	1160	DEVELOPMENT
CYTK1m	48d51b88dc0211a7611bab106de34708fe1528f7dda69a78ab75bfa74bdba3d8	1161	DEVELOPMENT
DHORTS	490bdf01ab6b64532ef0c1a3b374a4af255fb9d30ae651fb1dd035ad67f7ffc8	1162	DEVELOPMENT
DNDPt53m	491561b7d29cc2003832da4cd74644c5f9e01113876650b79b8ff4348ed4179f	1163	DEVELOPMENT
VALTRPVALt	491d62d3466de560f49d8c8f5e6e22e4455c5a76de83bed7527937ba8ce3ff09	1164	DEVELOPMENT
GHMT2r	493c5ca0d61989bd3b3d33f6ba0039ec17d278499d01831d8ad00bc5f387589c	1165	DEVELOPMENT
HMR_1081	49448dc1246384b978f6823a83b9d7da974329bff5c0f91d562438120279e56d	1166	DEVELOPMENT
GAL3ST12	494c3eb98be5f31d361603c01ed90479f1fd96aa4015aac37c0724c7c099d051	1167	DEVELOPMENT
ACt2m	495831f0c926224e24403c99610d227b16a22346b45513b6d23eb346a0526786	1168	DEVELOPMENT
6THFtl	49706963368afb8c9b11a19830ffb61f161daafdd158d73de399eb4ce9015f20	1169	DEVELOPMENT
DCA3Gte	4973ce90060c95a47e10d26afbfb61dc2556cd622be889258ebbd193f7b74f8d	1170	DEVELOPMENT
CRVSM23teb	4976449f1b0e2877ed92c25b664d6491e84dcc408311400067a2d961aaa2332e	1171	DEVELOPMENT
HMGCOASm	497fa0bf3164bd47a5c19448010193d4059ea75c9b7f58d7fe3a6174136c719b	1172	DEVELOPMENT
SMS1S2	49967b18504de218d01144865261d19af4efa029ad1a88775f3f6d76065cf8b7	1173	DEVELOPMENT
NDPK6	49b9d9ea93b2e9a3b7ce3776827fc0b5715ac213284e9715bc09388ce27e7201	1174	DEVELOPMENT
r0317	49cfac81cacde48666261b153d479abbef82b75c1ff566c0b9f4b1a0111d5035	1175	DEVELOPMENT
ASPGLUt	49db3f3956044bdfe124c8dc70fa9c1b8efce832b2e6d80ac18e7f591b137aae	1176	DEVELOPMENT
PCHOL2LINL_HSPLA2	49ffc0415e96fa4c6a32889355e96811bbe79e92615cb1451e57c364184aaad2	1177	DEVELOPMENT
HMR_2687	4a1f1eb55a627a82ad4082b635e0271cfdf03e7aa1fe33cfbe68b3d8cc1d0e06	1178	DEVELOPMENT
CRVSM23tev	4a22be132b4808eca8b4026f299deff4f6a4532a83ed24d942f078ccaaa506ec	1179	DEVELOPMENT
r0637	4a2bc83513f86f87fbbffe4717811d49b532ac76e4ec3966fa12b13d6fc7bd90	1180	DEVELOPMENT
NTD9l	4a45a6dcc90265d8759e5a9e0a1bc52874899ac4a564356ccfb173836c07b173	1181	DEVELOPMENT
FAOXC204C205x	4a487f92de8b8270496ec919ec88ad1b2b3df9938fec78325e7612c1ee7f071d	1182	DEVELOPMENT
DES21	4a5703fad80f4db02820b612d51eb401c94ad65fffc9f2e56ac1fe41da88d0d0	1183	DEVELOPMENT
HMR_0878	4a6a2b5990ba5c980e1368c8909d9ca43b546cd532e3cf9d2b360ba0e0bc775f	1184	DEVELOPMENT
DCA3GSc	4a892d018d6c42907ad615d605577bb5ae49aceee19039f31e2ee5baedfbcf75	1185	DEVELOPMENT
HMR_2365	4a9b472f8af8dc8074982fc2794acbeeff7be7ab0d39bb753fc4fece0f4d0c73	1186	DEVELOPMENT
NDPK7m	4aaaf40d89496518eb76f48f09a00c64765249438c7489534405d263ce349097	1187	DEVELOPMENT
SMVACIDhep	4ab740e265c44e14af992e411276844b524e47ccb1d2c961c36d0c13dfd5fe30	1188	DEVELOPMENT
r1643	4abf28a93fa9930ae20714294628e1158bf914ebc2b9600a4d72831f71ec0028	1189	DEVELOPMENT
PHEMEABCte	4ac72fc8b9140a26c2bb8ec3a61d6c732b1ae02acfb7110114a45bf7d5e4ba8e	1190	DEVELOPMENT
TYRTAim	4ac8655e5450233bbe14233600a5130916829c20f4a3a536a0b77e3cdb474dc9	1191	DEVELOPMENT
TYR3MO2	4aca398c00035015dd4013516a577cc1c74ed85574930bfa1df24f2970a163aa	1192	DEVELOPMENT
TRPGLYVALt	4ad938ffb3c615865f4be0e4be7d878c919ad6191bb44ed079286065d4135bdf	1193	DEVELOPMENT
TRPTYRGLNt	4adaefd5726c70cdf0d80ea4106dc39077f1aad8be7865baeaa938469c041f92	1194	DEVELOPMENT
FAOXC204	4ae40a98a6fc3df5d28af689e5b9a3ad687d4df7c6319820c6f69f996fc273c7	1195	DEVELOPMENT
HMR_0378	4b025bddd520c88d12836f2c63acb2de0e91a7e8c6f956b29b80096eb7ebd74a	1196	DEVELOPMENT
CARN1836Z9Z12Zt_m	4b3435df63abf56f660eed88a700aeb73842d839ccf56b92fe28c1423160c3a9	1197	DEVELOPMENT
r1580	4b4c00800d0994c2e3106319f3acfee972a902a0761a1b49aed845a65feec4f6	1198	DEVELOPMENT
HEXDTRtm	4b5a10ba23c785211105cb3a9c74d4286bf4037198731331e742292dde0e98c5	1199	DEVELOPMENT
NDPK10n	4b5e51668df86e741e88b4929eb971cedbdcf0fc40305407a32a698ba98b5f7b	1200	DEVELOPMENT
UMPK6	4b8955218383827ba3ab333ad3b008f9fe1d6d59146321e63b0803560f15bd28	1201	DEVELOPMENT
r1259	4b90820e163841613a6d1034d510fe5e26170d82ad8cf20d99054e8f9ab25e4b	1202	DEVELOPMENT
PCHOLPALM_HSPLA2	4bbfad9484f86a6d6ab206c549d0322c6a5c38d05ca6b2cd1c3b2991f45c22a6	1203	DEVELOPMENT
HMR_3448	4bef60864792700e51cbc4523faa5208bb68fbf008d0d8a058d613cfb414cc9f	1204	DEVELOPMENT
RE1525M	4bf0ab2f6227ceb3fc5f7193ec8e83370ff7a494e5f671e3f7c0f7ebcc208803	1205	DEVELOPMENT
LCAT44e	4bf12a3adb3b2dedbc10af405a1d83d7ece78c89372d36fca9670602ed01a044	1206	DEVELOPMENT
PPNCL2	4bf1786625e38aa0e54938c6cdeeb51bd5dcbc4679cce4dfc7070e2c59b7d819	1207	DEVELOPMENT
SCP21cx	4bfb53e82db5ecfb2d228f2fa0338fa0a441c372347e90412f1d80543976bdaa	1208	DEVELOPMENT
r1554	4c43881a55e7c1cfa30f7d960dc6f9aa4fe088e4772333d80ef7411e9b7da0a9	1209	DEVELOPMENT
THRTYRMETt	4c4b31e1e80decf0a8ffea975272e7d5e671aaeade14caf4bcf4f9325ca4c256	1210	DEVELOPMENT
RE1533M	4c6aa35f5dde97b07d500a2c038f6f89a7296367b00bbd2a44946e0ffeedd9e5	1211	DEVELOPMENT
HMR_3202	4c6b7cb998da3edce44433b931a69f6f85dea90c91ba90abcf8e92c1ffa61b3e	1212	DEVELOPMENT
SPODMm	4c7937c5cac713f391dba185512e054ff6a30e840686c33f7e1c5d5f581f5c2c	1213	DEVELOPMENT
RE3624M	4c8ec337bcbbdc104911354db4f3c57610e36762fa10860454ce2e158b5b56e9	1214	DEVELOPMENT
FACOAE1836Z9Z12Z	4c940fd7b236fea8919cbf5809addf9170fe1e5ed1fc4addcde1449a9f9f7095	1215	DEVELOPMENT
HDCAter	4ca326848e79c3c11ba777facaceaf91617af65fbc9b0029983b6c38213eb2b0	1216	DEVELOPMENT
3HBCOARc	4ce242d7281b7c01bc139c48a642cb317cf64982f5f4791f8b5307d2ced9f20a	1217	DEVELOPMENT
DNDPt20m	4ce48770dd2638121f9cb2d8ddfeb501283b914ba24cd7e6f75c4dd9751c1806	1218	DEVELOPMENT
SPHMYLN18118_hs_ATPt	4ce4e068a4f5cacf39f3f05b5fbb7f2672bbee505ccc9b22fbcb0b5c329381ae	1219	DEVELOPMENT
FACOAL2251	4ce69baff3a114a24305f224fb4d6bb5ceaca5e625a21753da19caec9c712ef0	1220	DEVELOPMENT
MLTHFte3	4ce7aed1913314fb30c6e7328c5e099597429d38f078a4c5fc07658e9b1b8a9d	1221	DEVELOPMENT
HMR_3398	4cf1ae38d7ad0a6cae5e91b31b2749968b71579f2af19983d3c85110aee052aa	1222	DEVELOPMENT
RE3191M	4cf1f34d76009a704cec8715711c9062d34cf624c3b4e6a6cdfdcf17ccf9dc6f	1223	DEVELOPMENT
PCHOL2STE_HSABCt	4d05a1ca30287331c9076c5e3ac83d6fbef6536b7e49a89af45187619386898c	1224	DEVELOPMENT
LEUASPLYSt	4d11bf1ab33b27abf403718fbb559c4bb60ae3e23679e67be6aaa8fed3718bc8	1225	DEVELOPMENT
HMR_6595	4d129843712cd8ae796749da3f345953d0f7c46db485dc6e61772af016bce5c6	1226	DEVELOPMENT
r1631	4d39d04b396701a6adda78d35b1280238bf1e7f274ab3ec4f84bfeca01655b26	1227	DEVELOPMENT
CHSTEROLt2	4d3ee2889c274b11c1b64d9aa2c7ee4bcc62cdca826258f66e2f16c54f64fe87	1228	DEVELOPMENT
S23T4g	4d4df68fc60e12999dca04d3d36bb42b62ebda4af4e6e5622c50ab7b91dff9ed	1229	DEVELOPMENT
DHPR	4d579437e963b9c49ed08d1ded0a037b708b97beb48239882f929b9db1fd0ede	1230	DEVELOPMENT
LCAT22e	4d794d556490ccce9f9f2041e2c8a295b93690030dd25af089f562370c6946b5	1231	DEVELOPMENT
SPHMYLN180241_hs_ATPt	4d7994d1a22e9bb68311e259f7b7cee5bcf7b292de518dffea1bc15cad8bf5c0	1232	DEVELOPMENT
HMR_1547	4d84d98653c11a70f35e43803cdb95abbf9d1a4b29f2a6a472514fdd38138c6e	1233	DEVELOPMENT
PVSATPtu	4da93d49e6309ae6152c72090993899a59f3c142bc6bb00e0bc890f1b7d35946	1234	DEVELOPMENT
PLA2_2	4dbb57e88a872957418fd11222fe923d8d7b9b4d2193bce7debf391548077311	1235	DEVELOPMENT
GLCNACT4g	4dbd189edb9b976cc636d9a3d91fe96b9d5ff015aba569e087a3122b3296be09	1236	DEVELOPMENT
HMR_6365	4dd0ca0fcfde3658b71fdca40157d111c8473bcdf5e9dc51fac5c7179278cdf1	1237	DEVELOPMENT
TCA3St	4ddc3ec8a04bde3762ded43d7d50e7629504034cf58c8895dce727cda5e047f4	1238	DEVELOPMENT
r0783	4dfad9f089f34da9938c236804123e37e4aafbc40812ecdd45c4946048edb003	1239	DEVELOPMENT
HMR_2391	4e059dfa58133340b21299cff378a8baabca44450200fbc41f5ae945aff55fcf	1240	DEVELOPMENT
HMR_1944	4e08c0672bc9ea3607766ac538fd8260a8a4567d05d43df3c872815ecc593f9e	1241	DEVELOPMENT
r0990	4e30bbbf825892d690394732a46ccf8bd439e68dcb22563b132c3c4442db061d	1242	DEVELOPMENT
UGALNACtg	4e368da472c20397c4c0f541441c8ec6064ee0436181d6e468e66d6759631c64	1243	DEVELOPMENT
GALGT1	4e38aba425801fcf7bb074e0ba534ae319e5c064900f7b716924f03fa9bdbb50	1244	DEVELOPMENT
CREATt4_2_r	4e3cef7d993bc449370d0153e166f23e83e5da0e3c497be63cc3dd91fcd37940	1245	DEVELOPMENT
HMR_2979	4e3df8695a1cd142ce79352434c4f3c7963ad0fca870c640a5dab82136c3583f	1246	DEVELOPMENT
GMPS	4e41ba1a3661fe75b51f0d8076135f19d781a49597ddf638c69e62e8f5481ee8	1247	DEVELOPMENT
HMR_1651	4e454ea0f912b3a3be453af54119f7c6a7fef43d3d5f3a7e97c6bf7d73d4aa03	1248	DEVELOPMENT
NP1	4e5d9cba78642fae703a88a978cf4897b9864a3b7bd836bd09dc1805f2272b42	1249	DEVELOPMENT
r0774	4e647818022ba99d3b952fc99de45ff46eb1b3ccc1a2825bf8384a2f35e759f9	1250	DEVELOPMENT
RE0571C	4e6c814f3a1ee33ba40c0d8329dbcb220be58973d6d9b1c7ac472c33b220acb3	1251	DEVELOPMENT
RDH4	4e7781c707ad39c6b0b916a09bf6035b0e650e68c556a370444410a2a89269a8	1252	DEVELOPMENT
FATP3t	4e88d383aba4861e1a6ef873c6be0a3e1ce1dc52d4322c5d44b6fdd371f7c837	1253	DEVELOPMENT
r1636	4e9333d607d4aa96a5b64dfd53e95dd23e1d2dca15f194b8464c1c72287bc707	1254	DEVELOPMENT
r1303	4ea0cef7c092767c97387163623b4332ecb3dc753cd8cb95738b425630b00d3c	1255	DEVELOPMENT
DHAAt1r	4ea25bc5718ec0e0af15e61fbb09c8643ef0d66911e548e7cf94f5859c3c8252	1256	DEVELOPMENT
FACOAL1832	4eb4edc87e799e982b16b009878b826ce6bed44fa8ce463f6d1cef565cb70ddd	1257	DEVELOPMENT
SMPD3g	4ec47da9f1642fd1852445f0e82bbd655978f7cc27ab3d16b968c0b66ecf8503	1258	DEVELOPMENT
FACOAE1829Z12Z	4ec8cacb8d55b1f13a737ff844ccb663a9e61877e2a3abb1d73a63908d697042	1259	DEVELOPMENT
HMR_1623	4ed7bf4bba8c71a761446b25cec9d659d64737ba0917fcc7f1abc9cdbca61348	1260	DEVELOPMENT
HMR_3067	4ee0a00ccabad1663d3bccdb29e16e25d5e2f4137391b23eeba3b142348557e1	1261	DEVELOPMENT
HMR_7197	4eea034814475abd90318b98aee3cdb30b6a6302a894685534140fccc995fe45	1262	DEVELOPMENT
r2334	4eebff9409ad360ec32abcc29393592eb8d9ba51c1f918bb5b5e9f41c249fe94	1263	DEVELOPMENT
C03681te	4ef4537389ba3c5ca9caf0cf6b93f5b04fb7c8c36155fba690e6085a72585d78	1264	DEVELOPMENT
DHPM1	4efb8646ba431446c5882f4656e3fd378383ba2ac793662dec696e15d5322c5c	1265	DEVELOPMENT
PROt4	4f24e95c9b7bc356854d95ce2526085c7e3895526345347a7b23df5fcfeb1ae7	1266	DEVELOPMENT
HMR_6908	4f339e26bfcd4037a36e168640d2bfb558a9b8b167c2496a9f4475c7359394c4	1267	DEVELOPMENT
SELMETHte	4f35e7ebe9616bcf40730f2489e1784c3d17b34ba2fd9107c0a0344a87291eee	1268	DEVELOPMENT
G14T3g	4f36e1b6e8fbe22148466739a093fda7be2d77a08fedd39234466003b7ae2c59	1269	DEVELOPMENT
HMR_3451	4f449df3a26ef9230038e3a2567b552f5385bf497812671c41341b3a2fda5c26	1270	DEVELOPMENT
r2513	4f5a95fdee94aa2087e9067b761cbe36cda96f728095ef9a389c72faff1cf3b5	1271	DEVELOPMENT
HMR_3633	4f619b87c1c5108eaea8df5345a6739518eb172b4502e6ee32849fb09a824e9e	1272	DEVELOPMENT
r1594	4f6f228ec66017ee672b558fac5c929d7e264bc5d193221c4ac1ab02a56b7103	1273	DEVELOPMENT
S3TASE1ly	4f7abc5c62de2998276df3d0250c51663d98d9dd070ce2f88205fec492b053ac	1274	DEVELOPMENT
FAOXC164C165m	4f7e804e784091f2c0769e1cfbbd36015d897c784c64a6fab42267ebaa789532	1275	DEVELOPMENT
CYTK2_1	4f811e463847fc221a38bc7868ed037cbe9ce7337245ccc0b971159b89b5e306	1276	DEVELOPMENT
ALDD21	4f83f93b0b940b60c50f9d56b5ea0f53874106c62aa30667f69ed0aae19c9e0b	1277	DEVELOPMENT
HMR_3220	4faac6d853f0e2f3fba6b646c21459bdd54598014939f8faa88b9c8605345dec	1278	DEVELOPMENT
HSPGtly	4fab615a959025c31b64cac78e5cff0805bedc619d56811e3781be962d204d0a	1279	DEVELOPMENT
RE3189M	4fba69f16575ef002c355325ba681502129236f5fc1f05b9eedf0b1105ac0c17	1280	DEVELOPMENT
PROASNCYSt	4fbbb856bed69c9fa251a8e4450247bf67eae29946cd2c4278267f930a38ad37	1281	DEVELOPMENT
NEU310e	4fbcaea1543220c91b584828849e394a768cc95a245dbf88bbb9927019e8958c	1282	DEVELOPMENT
HMR_1551	4fd0d0c6a8ce114279a1266f3cebd40b997bc5681ab9ce1b7127f1d348174679	1283	DEVELOPMENT
RE3230C	5004d796d77f0da473326344b762eea0cc7b2da1b1f0aefcdd49676c56f38f42	1284	DEVELOPMENT
CDS	5025791a1b78647a26634d537b32354254b3b7a2f0e32dcbdd6f98862fe46c8d	1285	DEVELOPMENT
RNTR4	5040987103ea70f8904bb5ee2261b26010d271f699de0a6637e0dbe86bca1b20	1286	DEVELOPMENT
TRIOK	5056670c2001e280c45cbf0a983330fe514178c7ba03cd04819baa2b62d41cac	1287	DEVELOPMENT
FPGSm_1	50575921dba994335f0901ca1fce51e365fe969cc45d1639f4d30718cbaed2ef	1288	DEVELOPMENT
SALMCOM2	505a3e5bdb9709fc6f7bed692c730070f90ffc9afe8d0c01f012ee5a391763e6	1289	DEVELOPMENT
ASPMETASPt	50626b27179f143922bd060a5e22d30da2d949fef72a07f6bc1d205a4583fd52	1290	DEVELOPMENT
HMR_2347	5062b99e2cdd2005be2b5bb82fb67c5be31c2960ff45fa80ace05dbfdcebcf6c	1291	DEVELOPMENT
PUNP4	50635848234525ecfc11557f57257f917f6b3c1723814c3d978ead1fb4bc256d	1292	DEVELOPMENT
HISLYSILEt	506e1a0db4e9fbe94b398060d68613a9b88fbb249a7aa45b2a37b8331972a340	1293	DEVELOPMENT
LINKDEG3ly	5077a98d4b89015d4378386b440f24921818faaa851ca5b91f58acfa4ea32382	1294	DEVELOPMENT
HMR_2691	50791e117eaeb3b3a80e15249fd372645465c6e009d935b5fe73fd4ada11fd16	1295	DEVELOPMENT
r1589	50d132a03ff4a6652a086e8dd4a914517a7694c90eb1929b5b57490511706b22	1296	DEVELOPMENT
MI1345PP	50d41fb214d8c490553dc9ab0b6f6a35fc4cafa5c73471dee8ae6b71ca62c046	1297	DEVELOPMENT
FACOAL184	50ea6e25d839844cb3ce80da76308aa8ce4233df7653105db3b6343d14124279	1298	DEVELOPMENT
RE0578C	50eeec8e2f6083e9193f86e8fd8a872c7f4643bb1316edc4d0ba75580c11e802	1299	DEVELOPMENT
FAOXC161802m	5115ef5112b9d30d6ec32521090234bd77c1a6b8346d96590abb8e584f74a462	1300	DEVELOPMENT
r1254	5117b75531ef342f67bbf2733bc706dbbbf0c857e3c569d536d6f9c6cae27b76	1301	DEVELOPMENT
CHSTEROLt3	5117bec05bb3ea4759e4493a6a8073ec9306a8a2cb81d5cd700adb64a58e6eac	1302	DEVELOPMENT
HMR_3737	512dcdec2944bf236029e2dd4983303f94fa0abe00411b239b81560a44b7900d	1303	DEVELOPMENT
ST3GAL22g	513f98b7d59e8c5036cdf950cdc8a52d48d0c09731b5e0848f055cfcb90375bb	1304	DEVELOPMENT
ADRNCPT2	51444ecfc01a2cdc34be1031700f30dc76b034c653efe2077f4727559c57f5b7	1305	DEVELOPMENT
FAOXC225C226m	5146a8d284541b1e9e90921f300febf0ddd9d5f9c61d626995635fed697339e0	1306	DEVELOPMENT
LCAT1e	516a5bd5df0bdf666f6eb4fe4409b931d39441d119b78b18cf734a632db1bf29	1307	DEVELOPMENT
FACOAE160	517e137540912a3a27c87b87341acaaad420e733683ac6206aac4d214a670380	1308	DEVELOPMENT
TYRALAt	518367b3a2e6fa19db0c7dda1b70de16db438f9782bf3fa1e9dbfe747ce49c16	1309	DEVELOPMENT
CA3St	519e3d6f184536e4dead890cef3140f9395a85660cd04344fcd27b0dab5ff469	1310	DEVELOPMENT
HMR_3408	51e5690fc4380d302e2f4db55ce17472e0754b98348c0ff1a192f07c52d024ef	1311	DEVELOPMENT
PMI12346PH	51fea7058e2f988f49bb0c29c3623d583f598df264190628ba8fa0ae832293d7	1312	DEVELOPMENT
FAOXC102C101x	5206376e5e4afd7c07b10b9a1a96be7c6420c472840edfc8a9f0b6ee62cee701	1313	DEVELOPMENT
r1578	520f22f0cdd78f2a42ddbe33720bfac1533bc2aa56ed65fb859a164935a4f044	1314	DEVELOPMENT
ACP1e	522f7ec7237f74d70b2dea1d4d59525b9dadc773175eda047a0d3366934b3519	1315	DEVELOPMENT
S4T4g	52390432879a3028a5adf2383e1785a69ee27f5d77a2a5f258e69808e8c3af6f	1316	DEVELOPMENT
PI45PLC	5240b14ce973c7cd3614af40df61bbe8661cc9f9e32eac2a4a3f974eddb986a7	1317	DEVELOPMENT
HMR_0299	5265a1dd3b1f0ff2c71dfe131b7dbeb86b66b54c245583659edf3c4fec03a617	1318	DEVELOPMENT
HMR_0241	527f888cb758f979277621a4a394c32c5ca54daea6c596613d49f984099fbc60	1319	DEVELOPMENT
ASNNm	528a7e8bbb137f0796a1902330cc77c5b49309352fe06515516929f305cade8a	1320	DEVELOPMENT
DHCRD2	528d6ffc3c57163584e5a25e7167f0f30ee9e34bc4b3692da47fe8c085933511	1321	DEVELOPMENT
VALHISASNt	529bcfaa5231b9c9789d69b33cccc733fc424a7a32bc7b16d7ee055757d54b56	1322	DEVELOPMENT
NT5C	52dfebabfe36f47752b82bed3b5756a666a0099efebae88330a5ae68119bdcc6	1323	DEVELOPMENT
OCCOAtm	52e668acfdf998f110bd4ef7d5d8d05fad018d102ffc3d96c08d7d4b927d787d	1324	DEVELOPMENT
AG13T18g	52f141470f9f43f509edeaf0655c4d6f6a76308b7b28fb696e23eb2feb51bd32	1325	DEVELOPMENT
r2386	52f22295634330cada19a84e77ef32223c36b8ea15d50aaeb286203258a1b7ad	1326	DEVELOPMENT
FAOXC165C164m	5302bba833933a82cb5512c89c9ad113827cc499113db2209cfe83f0d8186826	1327	DEVELOPMENT
S4TASE1ly	532e80dd3e25bb6b3f270aec9660513c1d2df54bc4c37b48156e6b92a7f6871f	1328	DEVELOPMENT
FAOXC181C161x	5333c88a538e8477725b48f09d92d9c1522a6caf6bbce90ca19d917f30e487c6	1329	DEVELOPMENT
PPM2	5385965822071897fcaceb7bc99ff769c8574e2370bd1af7799db701bae7bd56	1330	DEVELOPMENT
HMR_2354	5388834eda8554b5c45712d5dadb69f364ee83e7059b3a1ec25c2fc1ba742228	1331	DEVELOPMENT
ESTSULT	5389c3ebc095ddf350863f0e564268e5780c74c7b201667c1505de0c4040287d	1332	DEVELOPMENT
GALASE16ly	53a332bcf8b978d9ff7b9e42fdf5a251691da43813885c7b676892522fa83ac0	1333	DEVELOPMENT
PPItr	53a5cd3b0a408e246326e79fb4afb45072f2f0c93a7f650c8ef33b191d605f9c	1334	DEVELOPMENT
HMR_0844	53b7a59356c49d7df638884d4d69585ec812211d32d02b0ddf013b54d2e84a35	1335	DEVELOPMENT
R_group_phosphotase_1	53c28921e621d28d7d430c4671c22017b8a8672d5ea291576d727e6b92e9ca99	1336	DEVELOPMENT
HMR_0345	53d47a94bafadf4847281cbd140fbaf17ed8189d61c7af19529f490e9c556cb6	1337	DEVELOPMENT
GLYKm	53f0ad907177f3155abc59f2186686645842fb60289ac07347e41380cc31ec24	1338	DEVELOPMENT
HMR_1754	54020359e58ee6451c264035ef44c9e45e276eb91efc06fc2c7c187113951a68	1339	DEVELOPMENT
S6TASE18ly	5402de58841f39850625e3398f241a548d5ce79f5fadf8216e44ac9056011321	1340	DEVELOPMENT
4MOPt2im	5430d6488ce5d0497023dfc02f4c5953f80548ac98499f65a5a5e92e71f5543f	1341	DEVELOPMENT
HMR_2727	54313355d1c57080c7027d49db3bbad4259ce3f0e99eed0da2f50249a7453f17	1342	DEVELOPMENT
HMR_3685	5455d1fea4c9069600449c66123ec8a01363d2340721b6f42ee75fd10a779cfe	1343	DEVELOPMENT
NDPK9n	5458926cdd530860cb0d48f7bb813605ecedcad0ddcfdc726b098ca4b7d1ae26	1344	DEVELOPMENT
ELAIDCPT2	545f699024f2154c7e3362238af0ed0fdad14a3478816efe1f3be438611d0b7f	1345	DEVELOPMENT
PEDH203_HSABCt	546adfdb8eb7152d115d919bc24b33ff6bc3e2f5a5fa2cf75e8c81b287604768	1346	DEVELOPMENT
r1477	5475490240c07d1a346da6f747580486309d0e1e8a96b7fcf0b1fc9dcc1ca210	1347	DEVELOPMENT
PGSr	547829c54b5b931006822efc3f4416f150d90fb80523b1ed59389d0943f24f1e	1348	DEVELOPMENT
HMR_3722	547ba66af46eca7b3a7c7f0a11d42c905054bdf11f94ecaf2e48ce52e9f165db	1349	DEVELOPMENT
5HLTDL	547f51e1c2934f177f4c969f84cb5989c0b0623aef32060e80e242522d77b68c	1350	DEVELOPMENT
ARACHDFATPtc	54858586f530de3f68858957d25b67273820be750ef215badc2450f75afe18c6	1351	DEVELOPMENT
HKYNRtr	5489b7cece42590ef2b0141e3e102d32be180e59ba6f5406b4e57b2cd042489f	1352	DEVELOPMENT
HMR_3429	548af543d9743bf381c19bdea91c05b2ed603506508fc76b6a4cda02c3502dfd	1353	DEVELOPMENT
PGP_hs_tm	548b6f607507c9ebf512f30eeaf29e85105985a54f772e9e48249eff97650886	1354	DEVELOPMENT
HMR_2610	54951e3796ca1f80b476e7088a67ecc808778c6509f677e66a2c5a647275e0f7	1355	DEVELOPMENT
RE3011M	549a57ac24f7c255e794e3b9410d8972e7dc4121b756fb57abd7ed7da0b4c3c7	1356	DEVELOPMENT
r1655	549bcffdb158f63a0b87938334317cc6fd09543ced63414bdc811af667fdbefa	1357	DEVELOPMENT
B3GNT310g	54db833d492ac9db24c92510ddb0011087791c569bb11ca5575825e6e96f1ab0	1358	DEVELOPMENT
r0246	54f52d018955de58172487c49a543f9e4c19f18419cbdcde6b57d833b6641d85	1359	DEVELOPMENT
HMR_1539	550737f37b097328d3e6d7f3f4ab431ecb4972ddc56435393dcb24244f19f4ec	1360	DEVELOPMENT
ALCD19y	551d6ed5c973c7a0670e7c7a131943441bfea2ff69343f05423ef31df9f32cbc	1361	DEVELOPMENT
3HPVSTETtev	552a81641425d9ca1fa08dbf0633540d0125f65d6630e38ffbdc844c9dfcf56f	1362	DEVELOPMENT
HMR_2667	55459eecf739a365a171d87b4952ebb8d2601f04ecbe837df56756d2f27ef249	1363	DEVELOPMENT
THFATm	554e8f11440b5e8abb64596bba97088ea8b1cd916464ee8899da604a40611417	1364	DEVELOPMENT
NACASPAH	555a9a074d89c5a457830653415aae63bb31d80b7c9134c2e8a9d2083040d3ec	1365	DEVELOPMENT
HMR_2695	55a24a74e60cf943a073be1495a0be99838e3038bb382c9288b779000f8d4fa9	1366	DEVELOPMENT
HMR_0601	55a6010bfb8eebce33c4249800ee5f2fe18f248628299a568a11eaeeb31474ff	1367	DEVELOPMENT
DNDPt41m	55e183945ac59c95985fbf55273083a50abe8dc66535a9a652a1cae0a672969b	1368	DEVELOPMENT
RE3153C	55e1ef00e92b5b3e9724b35caa5bc3db56c5ceb75d1fac1356a507c011bb3c64	1369	DEVELOPMENT
HMR_3098	55ea02e2957216a1c5c703e00766226d695c38a01c7e8e5b373ae7b8280a942b	1370	DEVELOPMENT
FAOXC1811603m	55ef187fe688ec8179ce291fc2c54296e1846dc384da1181b461f1ce78aa3f21	1371	DEVELOPMENT
SPHS1Ptr	55f3de65a1d3971ae424280366942b8de29e422dde911a40b69673ed06871b68	1372	DEVELOPMENT
NDPK7n	55f5c35b8c7f56ba409791db38ad493c5b5c69e6cafc97b483e1694d5fbebfd6	1373	DEVELOPMENT
METMETILEt	55fe0269d9335f56f4bd55ba41a0f8bb8f81f5c5ab8dd515ba117322f1dd32ee	1374	DEVELOPMENT
ACMPtu	5606c2fe71af021feb83a4f63a3b543bcc91ff7ea5c248227ec514715906135f	1375	DEVELOPMENT
GLUt7l	560f60615c79ad321f32a5020c462a1e6a5208101c19e226fec92f567941db7e	1376	DEVELOPMENT
r1597	5610681ecb844bc011cd8b6953e746a316c10cc77e54c35be94bd0d3a4e8f861	1377	DEVELOPMENT
FAOXC123x	5612762e3e3e8057dcb63ed53bbd2ead3da679f5a099480aa2080939c8dcda59	1378	DEVELOPMENT
r2518	5613231e227fcf9323f180e7ee8b85a10a4b442ec67596bdc635a99fef6b319b	1379	DEVELOPMENT
CE2006te	5613ba0db836078f4dbf6608335aa634be9a863a35c6cad9b26c3b5476c2bf5e	1380	DEVELOPMENT
HMR_0750	5624558ef2865104cde05c6503d069bfce3342125f77e1d5308b9d31532e6714	1381	DEVELOPMENT
HMR_3447	56484bc68dff45a07c974d3dfcdfa79b654c36d18aa5e26dcdf0464adcadc8be	1382	DEVELOPMENT
PE14_HSABCt	56666d079dff132ec448cff2056ba007188040e63eb983a3462559a72fd6646e	1383	DEVELOPMENT
PGDI	566c5014efc2a3f8a734caa575fe45608f8e469e880a854bdcc42d5a42af9941	1384	DEVELOPMENT
PE2LINL_HSt1e	566c8dfab8c9d78a1b11db43ed136a94b27ed91a21020c779cd16f11e09c71b1	1385	DEVELOPMENT
r0354	568d02c771a4c7eeb04639d1cea38f10dc46bfa22eefd07df4b0ad3790558d4a	1386	DEVELOPMENT
r0942	5691051604f4307db417d3873dbab4f9cc55210145e82b4bf49ea077e2ce756b	1387	DEVELOPMENT
TRPGLUTYRt	56a78e610443da87ef5167fe4905c56512f25101290def983cdfb91b64407fc6	1388	DEVELOPMENT
HMR_2710	56b2f43ab3c63867fc1226618b49f9539fcca2d595a51a75a3dab5ea6444028f	1389	DEVELOPMENT
r1670	56db6c3e4cd4c8bbd7bc7b5cca1f8e8becccfd8c41153c5851a59cedda33e6c3	1390	DEVELOPMENT
HMR_2537	56ee18e4c0771144682e2939fd116cf8a0c7538266916ed875b2d083b07f0c87	1391	DEVELOPMENT
FADRx2	5705a8862b0df5393828ec4b7eb411f10b2cebd54e3cf3501b97cbb3addbab8a	1392	DEVELOPMENT
SGPL12r	5708770c4e2e5575e24ccfe8a5389db0622a7d4a6690c9f71df56d4bdd013a57	1393	DEVELOPMENT
PCHOLN204_HSt1e	571e9acb4922b0937b5670227e9972dd8253f82aaceaf865099a58b532b9e557	1394	DEVELOPMENT
HMR_3115	5721e091987241c59f3c0221ae4ce383331a240ea018de30a78722c96bc787eb	1395	DEVELOPMENT
BGAL1l	5760b374ab73d0f01908daef001f46620f81e1a612ae57a9e96977ab14b4cf2c	1396	DEVELOPMENT
HIVCACBP	577562e125da777fbba60a1445e3ef7dd64585d19469c099dfd695672d1465aa	1397	DEVELOPMENT
RNMK	577728beafedd603ec1a714cd034315feb80e9fc7b4f1802e86f7ebd07186f87	1398	DEVELOPMENT
FATP1t	57934f2c9509d30292eb2d3d394f31f590b7ee463928dfb8a9430ebb911f5771	1399	DEVELOPMENT
r2116	57a8b8fd95f3c99dd518172a45c7fad8a619347b1fcf75484ed32608bb5a069a	1400	DEVELOPMENT
ALOX52	57a92ecd7b48cac3d89492dadb7200993ca095f32c33014842b0f68e3a27b124	1401	DEVELOPMENT
THRGLNGLUt	57c0d318c14f7afcc492f42bf64e7b49740f7d7a7bec0648b11777b14e3c45cd	1402	DEVELOPMENT
FAOXC163C143m	57ccb77a39e7162ce85bce63a3cb44eca4e931deba5a02ac33a38625859a25cf	1403	DEVELOPMENT
AG13T1g	57eaf354a44adea2d192f09560b0a012910af8da3e4766bc077ca6b7de067a6e	1404	DEVELOPMENT
DESAT18_9	57f3722313ae40bff40f09ecfdb7356285fe9518a60f5b48a2f85c5fbe1b602b	1405	DEVELOPMENT
UMPK7	57f9c31e2dcd8cfedc594dba43e68cea3453881ca52347dbb9d9f9fe8d77530b	1406	DEVELOPMENT
HMR_3023	58354e86e06730923abeb1abe7c396fdabc665f6fefcaf25dd776d3a48ae2377	1407	DEVELOPMENT
ACTNMO	58476aaad2133029556d0ae64a4f915915205236c0c1cb667db5497e13378a04	1408	DEVELOPMENT
GUDCA3St	584d3e8a6256ec71b021bcfbcc727693dbbb054b18c0c3de68dc44d78df00e24	1409	DEVELOPMENT
LTC4CP	58559c381f0eebba006659021c79f763185ae5ec6a13069181b9c8f9ce4eae7f	1410	DEVELOPMENT
r0173	5864b998f5a7801d39a642a0a133d2201374127486b63c227a1d5c9f4cd877ff	1411	DEVELOPMENT
LTD4DP	58724bea9e606dc26707247fd5cc787ee233aa36c86317105f551d7a30bb97bf	1412	DEVELOPMENT
DESAT18_5	588fdfc9be815f3414e8d94ad768f0b9535b29d63375fa19a5e18b1e7675edd3	1413	DEVELOPMENT
PCHOLN281_HSte	58ad72191d2eca73fe3ca69bf4cdac736c68cdd8f34ee8e55a4cf07366f5eba3	1414	DEVELOPMENT
DGK1	58e92ae674be10a2a17d98f9f4cb53b4fae5f1a80287d3f9b4ec8545e5da3434	1415	DEVELOPMENT
SPODMx	58f8fe2465dbccb2300e6f87d92b1091a07f197891d200088e9b1e337b2d521c	1416	DEVELOPMENT
RE3597M	5921497dccb1b57280071ca3f99fbc457719cb4df87679f7db72faf49f88f426	1417	DEVELOPMENT
HMR_2734	59270b3ef7fd0f87a21494914a62e519b8b326f00bdecbdf056bb7085b9c3a58	1418	DEVELOPMENT
MANt1r	5928940f8536b42ba2edb4c88d983bd148e7dffe693ccbe885b95384f74ebf79	1419	DEVELOPMENT
HMR_3626	592fe69398198eb13fc8e4f6e532beaca4dd66844c588b2a97159ba673722175	1420	DEVELOPMENT
BALABETAtc	595149cb097fa49d3a60d427d1b40913e557fc0c67d342299ea20dda8659ded8	1421	DEVELOPMENT
HMR_2287	59615bfa871f5948852aec3c8c504f844f858137890144aae05ecb5bacb0b398	1422	DEVELOPMENT
DOCO13ECOAtxc	5962980c7b86a4d00a08107eb5346dc82ee2029a792d95bf6573d492271f00f8	1423	DEVELOPMENT
GLUt2m	596631c0d29bdd3b385cfa3a7360314d7adc0f247c2d051d89188664201a68ef	1424	DEVELOPMENT
ACYP	597a5a7f95a3f7762525e4ad5701295f0753e2cfbbb1f2ebc09dafdc8fe5a42e	1425	DEVELOPMENT
ASPT	59bf189af33304b1a469d1ccbe1bff7a536ce6e6bf2dc55aad71de17c11ec187	1426	DEVELOPMENT
ABUTD	59cceb04a1c1300a9625d457e2a1844d10b7047be4cdab6e168002053aa0ca11	1427	DEVELOPMENT
PHELEUASPt	59d464aeffde8aeeea062652e574f4d230cc18532dc75523e4d983e9119a6d2c	1428	DEVELOPMENT
FAOXC16DCC14DCx	59d6f90f3b114e27349d30557a49ff55cec307ebd9bf7ba08b6e9035e8be4731	1429	DEVELOPMENT
HMR_2685	5a0986851f150eab8f85e16df58d3e419918abcd57ae6ea33bc6cd19bf8191cc	1430	DEVELOPMENT
r2382	5a211757fd744381b5165c62efc055580069432de7e01787445c5c652299cd18	1431	DEVELOPMENT
HMR_2682	5a2236b475618245dc6491906de30bb8f19c759747ef5c036d67c15c09b76914	1432	DEVELOPMENT
UMPKn	5a2b2244689236909f4fa0690db90d4657e6b753a7ec4c922ff9bab0e4479d9e	1433	DEVELOPMENT
r2539	5a2fc7a977864b1f89c108c7a1f7d193589f763f0a82d4c2eb308eed36841d8a	1434	DEVELOPMENT
TALA	5a4ef091ca5fa3d244a8ba08b218a5ced58a8d2105972e891200ece45194e45d	1435	DEVELOPMENT
HMR_1971	5a4f36c7785d4dfc0423ef0ac1b5d7398678b1c353853446ef574d4a5b532bec	1436	DEVELOPMENT
CO2tg	5a573cec0485b7791175d52aaa448ff84c7674070880d47527495ddc20866feb	1437	DEVELOPMENT
GLYCLm	5a58c4435e6de992124886773a444dd97a0eecc422d4f1111c28a99633bbe9e3	1438	DEVELOPMENT
RE1860E	5a664c1cac00268bdc905336fe5d44f2af64c9b41e1091a04a05dc2f0879d1ed	1439	DEVELOPMENT
TYRTRPPHEt	5a761db9b372fd8ebdf5114d4a46251b5978ad34915caee9cc745de2e746d4c5	1440	DEVELOPMENT
DNDPt32m	5a7f66e7d995f0751ee954fea0cb8b747195f714bc314800b03f2a1ca9d81860	1441	DEVELOPMENT
r1468	5a8c29e4a79dcdfe031da7cfccc25dc8c72e065653e4efeb9a1eaa05955d6a62	1442	DEVELOPMENT
HMR_3678	5a96f65608a5534cf98d4cb6c04b49f67d857b3c0144f687d17ac50e3ec78eab	1443	DEVELOPMENT
IDOAASE1ly	5a9cd8cff42230f13201fc4c3351eae2d684407114b0ec66a7014977cf5e543a	1444	DEVELOPMENT
MEVK1x	5aac3e9bf5162b77f7abad65e7568a22c1da2c70efaf10bdb4914de79ae8ba01	1445	DEVELOPMENT
HMR_3736	5abc232451c48cee676de6bcd869437658f41dd42f593167ed691275d912de7b	1446	DEVELOPMENT
RE1523M	5ac0701c14ff98969b84fed51001322d3748c5a687cdb561e843f6559d64bc94	1447	DEVELOPMENT
PE203_HSPLA2	5ad89e282fcac21c3627659b611a1c2f885bdd6e181a505c90390d350060f4a1	1448	DEVELOPMENT
r0409	5ae76d3ec92c007b78b368718c4a6fbbce16a818591ac2df52d7ac1d22b137ed	1449	DEVELOPMENT
ACACT5m	5aed2d83d5bdea94a62d09fb00e848131b97c962ac6daee741940598203fa4d6	1450	DEVELOPMENT
HMR_3201	5af4d8ef144e21cfdff48215b3a6ad85ebc4b7d6dc5204b7e077c712968d5463	1451	DEVELOPMENT
ACER31r	5af5f99acc3d1321277ab5d03f6431d80c2ffc76686aaf5764cc1ee5f6e5d947	1452	DEVELOPMENT
LCAT23e	5af8d5f1a72db92c6e74b69c67211eeb98103600ddb5bb89202d2ca64699bbae	1453	DEVELOPMENT
GLCAT9g	5afaed553dac79f514e15d696a818f93bdd90bcd0bf3d278f27865157127b413	1454	DEVELOPMENT
HMR_3450	5b01c068d0f533225f1152f742ad78633475e52fae37633680537a276da2ffbf	1455	DEVELOPMENT
VALARGGLYt	5b0e13542627298756753d51ca536b5768b2103057d501b4398bdf94836ee1d1	1456	DEVELOPMENT
HMR_7756	5b1d327256db6f5016a374bf3b69d8265d09c912e8e93f747b765558fc0bcb11	1457	DEVELOPMENT
7THFtm	5b2f3f19ac5c673b5556255491592587a9c967af568b141e908b4fea951b9178	1458	DEVELOPMENT
HMR_0267	5b3119d2d1d9c3bed4bdcb9110c237695c0206ca768acf80372a47ed1f6cb956	1459	DEVELOPMENT
ACNAMt2	5b37c10769a72a89cbf019ae80b1246eddc3bfa88046edc7eb27de8166cb002c	1460	DEVELOPMENT
SPHMYLNtl	5b412128a64a190ff7bb43326f9290ece69d393c5e80424d819645ff7295705c	1461	DEVELOPMENT
UPP3S	5b58151adee03d5ba283a3678cb990efa9d261a156f1b6264c7fa1aedc3b04e9	1462	DEVELOPMENT
FUC14GALACGLCGALGLUSIDEtg	5b7a4c55c5dd00924008890ce95cdf17db33322a4cc81bc9480b78fd33e1a7bc	1463	DEVELOPMENT
PGK	5b7c5e12e43f9b9496ac99cf69e01b9c5d61e14f7a1d0d90cc51e2d1dc5c3db5	1464	DEVELOPMENT
AG13T2g	5b7e6c96677387813ab11cb6a3841e7165bcdd6c3386741070e24a084b68f508	1465	DEVELOPMENT
TKT1	5b9bd2ebe4cfa4777a2dcc8b36a1855d080be17607623954634aff79b9e4a3d2	1466	DEVELOPMENT
SMOX	5b9e58f7f1fec106a49b46efa85cac90cc6a81da7f9e40bf8276bc72f481cb17	1467	DEVELOPMENT
5AOPtm	5bb8609d84680af2bc213083c9ee46217662b4bceb88faef51f0374b645a7123	1468	DEVELOPMENT
FAOXC225m	5bba0317758077747f3f04404e1338da60cd759f7e614d5f164681cb97e9aebf	1469	DEVELOPMENT
RE2640C	5bf18336d6a9d2d2b3c6ae0a245cdb8841b88ffc771a3072bf488c4a486ae981	1470	DEVELOPMENT
TUDCA3Sabc	5bf3b22cd3592587e9680a7f66b2600e82f6b3e2e884b4d9cb3984f6fea906f9	1471	DEVELOPMENT
CERT1gt	5bf9235ad5bcc4d09a8e7a92c747cb3ad0160629b9457f198ea0c18ec6468765	1472	DEVELOPMENT
HMR_2089	5c1fd91d0917a7fc1a16bcbdcbcb10e1d346b3cd30a415f8f6cd066fa74b0487	1473	DEVELOPMENT
GALUi	5c24349602690a85fd0c897e0e7f5970e8050c2c0e68404166ecb09007e634f8	1474	DEVELOPMENT
ALDD20x	5c2435a92608e21888c8592e333589677faae3836b71ea6ee9bb3373b08d5614	1475	DEVELOPMENT
HAtly	5c2703f0a7f66e095e0a4205b852db84c5f5048666142673bfdf892d72c12020	1476	DEVELOPMENT
CYSTHRNaEx	5c2bb2f39aa8ab2bf79fcf78210866a5f097002a00ca293ddb7c68ffb9180ac3	1477	DEVELOPMENT
ME1m	5c2e7d46add944622476a2167e792cac67ef60f034520b99aa03bce6aa4d4999	1478	DEVELOPMENT
PHEt4	5c3c07f3e4abcd69555500d5f3fe97eacd2bf92d70e954cbea38ee042db64434	1479	DEVELOPMENT
PGLc	5c4688c1b1ecc5fac9bf945864b28c9dcc776bd2b30c4dd42c9ef3ab2e62479e	1480	DEVELOPMENT
FAOXTC122m	5c6d005f51de4a9df5a74a6bacb8e074d9e109cfa461959d72f40d57e785d7cf	1481	DEVELOPMENT
HMR_2281	5c8517c70f4dfecc0c096e883d4554daa905d31a61c31ceb2794c5ed4d29e22c	1482	DEVELOPMENT
THBPT4ACAMDASE	5c93548adc8b9dca2fcd84f2c38c421a1fe3dc98b36ecde1ba220f744ec20c61	1483	DEVELOPMENT
Htr	5ca02b6edac91ea408499af28126288462e7789645e9265d89d23649f6074dcb	1484	DEVELOPMENT
SERGLNNaEx	5ca4fd06b82f2e35a502197556d2f87fa5b490f5bca04c2afd50f00ff4d859ae	1485	DEVELOPMENT
LEUVALt	5cd9497b76659a1cef495a393719e998680cdb144c14e2dcf8c17df2055727db	1486	DEVELOPMENT
NDPK3n	5cfbe67a987f4a2176d562a24019414280fe4416f4ee326050da425399e2e080	1487	DEVELOPMENT
RNTR2	5cff466cbe22aa401725c0431bf3a37fa88c43c69517f00ed4a3f6fece25f745	1488	DEVELOPMENT
RE0579C_1	5d3c251f8f781decd15831ea10255b0bd0828787e3e0ed022fa726c2d5b714b3	1489	DEVELOPMENT
FAOXTC102C101m	5d4972da3a094e4fdfd6c9d3f9c89e4c85cdef54764f1082f00a1f592ecb3930	1490	DEVELOPMENT
ACP1_FMN	5d57ccf7f6d128dd5406f1c0c5b313ff6f3eb86353dbfcddfa56d5882f23b711	1491	DEVELOPMENT
HISLYSGLUt	5d7125533cbca0e93b28321b364583f278b2bcf24dcbe613e47de1daa65b06bb	1492	DEVELOPMENT
FACOAL260	5d74304e076ce4425b4a2f818c3ebf44871e62ea804735698b7d1150c6a0c678	1493	DEVELOPMENT
APAT2rm	5d873b33f8eede70ee000ec24c60c8dc12ba3a21c150c89dbb05568d70755bee	1494	DEVELOPMENT
PTRCAT1	5d990c7bf4737892d39eb1196ce9144c9ed3277b5c641a426bf02f4a4fd38b8d	1495	DEVELOPMENT
RE3239C	5da152cc0d34cb2bce37be471358fc26a91ef23df511588ca6da688cc77ff2a5	1496	DEVELOPMENT
GTHPe	5dafafa3f5427c1789928cf4dc6a9cac43a040f888e76c535f9e220f17a3615c	1497	DEVELOPMENT
HMR_8505	5db4f3bb966181fa372cfe6012a287f5db44ffe9931e0d557918cb3126275a92	1498	DEVELOPMENT
NADHtru	5db76d8ed5330d848ee1e093917784a145ae1c98be75ca495f0538cb0392f122	1499	DEVELOPMENT
NDPK1	5dc2c5ba8cee613a0706b78cdcf7b9ce45a10b4caf46893632f82d7557e7a370	1500	DEVELOPMENT
r1571	5de40ad1076b176a39a1a9ecf82817c4db4ba7976c1973359c98c225047a3d82	1501	DEVELOPMENT
FAOXC102m	5e29a78ee53df0648b60bc039ccd44519234913737f092e3d8a5129523f64ec0	1502	DEVELOPMENT
LCAT48e	5e3053c60e6c58051998b09737ab4ac95313321b42b86faa1cfb286dc26764f8	1503	DEVELOPMENT
r1997	5e4646232fd2f336ad151188c99c8c602544a7e92a96a1190c9693265e01a869	1504	DEVELOPMENT
r1257	5e73c64dd8070dbca0951a3b300c531b7fecdf30188634f4c004f4052361efbe	1505	DEVELOPMENT
HMR_2622	5e7a6dc12d88b823f410dd075e066dbe89bc6dcbaa6797768665c159346015bc	1506	DEVELOPMENT
ADSL2r	5e7ba0d8eb326e35aa1c134a8d861299d04f71c3eb1b020f896658fe1a679f19	1507	DEVELOPMENT
LTA4H	5e82ab32ea787e5902a97f744d678609c9fe69edc9d9fb3523c4a6cef543b3c2	1508	DEVELOPMENT
DCIm	5e8ee982db99cef5d592c37a704844b4d09a34e0d50e5137b86aaa068134ddba	1509	DEVELOPMENT
FAOXC122m	5e99560a8732ab618564c02bb696607fbf78c9899917603ab9d5f1443d8e3600	1510	DEVELOPMENT
17AHPRGSTRNte	5ea404a8012cdec567355e0649fdbf301c6f56b3acda5f6cbdd54ceb36629ccf	1511	DEVELOPMENT
PCHOLPALME_HSt1e	5eab9852a42c1cb4a9e0b007cb8ddc0cb50f765e5ccc986212a3cb30c29078a1	1512	DEVELOPMENT
DADK	5eadc80e61962854fe548e42b4dbdf130f85fc39004b748a5b55317d83f448e7	1513	DEVELOPMENT
CYTK13n	5ebeef9ec500847c7f3631ba6bc061c670828fadb6047a731983502bcf3a06d0	1514	DEVELOPMENT
S6TASE26ly	5ec31f606db3ab1a61a1ec0a1d03119ccb41fc247bbd8f930a7e750065dd495f	1515	DEVELOPMENT
HMR_3656	5ec8757e93ef8e7e936b17e7e1e9b79208f09e660e3b17d78983a5779040c83c	1516	DEVELOPMENT
DURIK1	5ef5098046567a8490e54d47a711cddaf1b33402d1f3630d878d8f3d715831c6	1517	DEVELOPMENT
DESAT18_3	5ef5499bb5200124e7ffadfb9e490659f714b3d5b033aa8d28c8956878afef38	1518	DEVELOPMENT
r0514	5f07d98ea59de815bf36fa0645819b9f24c90fafd7e978df5ecac3b08b6fb227	1519	DEVELOPMENT
HMR_9613	5f316f320484148cab62cf2357b2a2f47fe121e696f21ce391e02d038a1499f4	1520	DEVELOPMENT
STS3	5f33f3ca2f6f0ea01d8179d3a1c2a49660caa4f68c5efc1a1e5e820d9ea853af	1521	DEVELOPMENT
LTHSTRLt	5f36c88ae2f9537ab70aabd10c89506a92ccdb6fc7b72870534de5e75516d13b	1522	DEVELOPMENT
S6TASE22ly	5f378955a1101c971a8a1052df7c7250530d7058d68511c27ce02f903c974e78	1523	DEVELOPMENT
PCHOLDET_HSPLA2	5f69ae3a5890278372724ea22f7925dc4de95adc213e5fcbf4ca35519a0ac190	1524	DEVELOPMENT
TRPGLYLEUt	5f6ca320325e48e35e46b9600f56b0cf5c95b57b9a576a684236a2f3692fdc34	1525	DEVELOPMENT
HMR_0654	5f747185db02a531eb5ad6263c8158847fae8dac8d2b5cbdf9559ee19be08358	1526	DEVELOPMENT
GALGT4	5fa5843dc2247cdf7ac20c7446e19be65bddd0a2c0ba63b93394176d11cde8e8	1527	DEVELOPMENT
HMR_0831	5faab4d85ac3956f1caed38d1faeaaefb2a23450b5736dc13f34662b8cfb3820	1528	DEVELOPMENT
NTD5m	5fb0d90cc1f69474212126ac9bbaaa0d413ed08c171523bf42e09fa035d61de9	1529	DEVELOPMENT
HMR_3094	5fbdf1e0fe8e4df6b5bf71a9965227618a6412b0757a65a3aba6275034fe1c97	1530	DEVELOPMENT
CYSGLUTRPt	5fc922460d0f112a86f9cc00d9e39221d2c0b9d8617678a68407f7bafd6b6172	1531	DEVELOPMENT
THRARGTYRt	5fcbbe7f2aa9744f0cbd9e9aaf8f63ff0a4c470bde44370d371ba6d5f35957f8	1532	DEVELOPMENT
HMR_3231	5fd302f15d99933e1cdc1a140a6d508fa04c06372146a3ceb861568b820a0c19	1533	DEVELOPMENT
PGL	5ffcbffb6c7d4f1cd252ceb4afc9fa7d01b19a282308e3d469445871a8d97bcb	1534	DEVELOPMENT
C4STMO2r	60086569d859b26bc8e24e133fa3382200b7f20cca2eab65f8f18dc7936499a4	1535	DEVELOPMENT
ILEGLYARGt	600f0848704ff535f173f993050f5fb4d42678b2bae5168c93e8e57a7bb795c8	1536	DEVELOPMENT
SMS10	6010b9eecbce2b8439a833aadd219e077584d8b4e2485eef897ec0ed9fc13113	1537	DEVELOPMENT
SIAT4Bg	602233f05c921545097d1a49c889adea3fc613bf4c7f5477a60f5e36712d5dd0	1538	DEVELOPMENT
H2O2tp	6033c94aec51ff419cc142634db24d2f34c9dcef41c88e90d9c888e342294be4	1539	DEVELOPMENT
PI45P5P	603cf88c7dfd10031360694789d0a0a1c20ed22f0e2fa386c261d244d334c424	1540	DEVELOPMENT
SMS7	6043ce16c6824d33b8cab14ddb97d513722a94e1051f59c8fb88c0a87ff3ae06	1541	DEVELOPMENT
DDPGAm	6068f34c21936fee866be3db05a24429871b98ec324e38d540fb3a8cab318658	1542	DEVELOPMENT
NTD3	607871897b7ff68da1ccd99025ed1783c202d3aa7e157b259c9f0020a073e20f	1543	DEVELOPMENT
r1607	607933a85712bef075310a76ef196d7df87f4c71e96f8e455319e5d8dc659716	1544	DEVELOPMENT
HMR_2633	608704593a126a2f4f41d2950289a856877fdc970359c6895cde17115a6fa1c2	1545	DEVELOPMENT
PSDm_hsc	60932f1d0448a206e1b446b8be3f105320ee42ec89382b1ff6eca04f6542fcd2	1546	DEVELOPMENT
PROARGASPt	60a4f282eb7038351b7ad62e8cd61b6d26569ede809ea185e710ba5882001b77	1547	DEVELOPMENT
r1167	60a8c714cb2f3103a8122b8cca2b28349a4cd1a480bac84d48b3a1d0875de908	1548	DEVELOPMENT
DNDPt52m	60bf198fd820f32b1022b4a15a25d867852f205fcda9d2187bf7b1c3124b6cce	1549	DEVELOPMENT
DCYTD	60dabcb1d9ca923dee874f6170030038b6e099e64b0319f451d3525bc154e991	1550	DEVELOPMENT
IMPD	60ecbe70b238d5d17d6d950a9dc21c0421f681f01ce490ef0ee9f71f20f1dd3f	1551	DEVELOPMENT
HMR_2712	6102ffa4cefe1cee2d567b0edcb84640d8cdcd2e2c4d8b798e0f81afeb9fdd67	1552	DEVELOPMENT
HMR_0847	6115f5c06a32afd30ca24e1f1b19c9618cad8f5fd71a028e10bcb0111e101b38	1553	DEVELOPMENT
ACACtx	611a76dc5cbcc65680a9be398eb408caf837698055ddd396a60f1127fcd40c79	1554	DEVELOPMENT
HMR_1545	612c92e4c5c2ac71a84ef85857980df9ec2ddfbd89f8672f94d696081b12fb92	1555	DEVELOPMENT
SERCYSNaEx	6131d82bb353fda7f72124f163271fdb3bcf38fd1d06ae53664694dc76ad0c55	1556	DEVELOPMENT
5EIPENCte	6162a246ff691614cae2b2ca1a2c846a14bbab4d23b90f55f621498851f7df45	1557	DEVELOPMENT
HMR_3170	61654bf58283a7e63d6fedb2f43a20a5e068b20a907f0e0bac5091b2256773e3	1558	DEVELOPMENT
NH4tr	6181d33db1a7075ca768c60db846fb50a66bbdd3f27e190f4aca91114318ff6e	1559	DEVELOPMENT
HMR_2673	618fe5eee5334e900eb9696408e669a8c17662e7793506706cfa90fe512e8c51	1560	DEVELOPMENT
RE3174C	619c61c670542468a0f9b3593167f5adf856ed33dff6cd25e5400e631ec03819	1561	DEVELOPMENT
HMR_1769	61ab0aec1d5f18f6397a0fc3c4df3c48a22b39e34ebd9a2252c18da04260f130	1562	DEVELOPMENT
PCHOLN1836_HSt1e	61b5e9477e4a0afc4c9846af3249179faf6a3a7111f8ed1b4ed407d7bffa36b8	1563	DEVELOPMENT
GLYOXm	623b13bde2c744b6d22a093556f92ff9c03a464d42564273d20057f485cdce95	1564	DEVELOPMENT
DSPVSteb	62419073a3d96ae60878aeebd0df02e0a4b314a5ce8b6a85066a73c59fc3f1b2	1565	DEVELOPMENT
SMS6	626c6778235dcb69571c769b0806caf5603d911b408409ec346aa48a02733b0d	1566	DEVELOPMENT
CERT2rt	627fc905fbb092a1aad0fa871f81e8a725f4a06034de22532d8f8669431a39f5	1567	DEVELOPMENT
VACCCPT1	629122231570fce0411cf201808332663d26ed7469125527522500a3069e4552	1568	DEVELOPMENT
SEBCOACROT	62a1b2dae66aa06f6009570c5d864ead7f0c622731a2a40606badbc7544809c2	1569	DEVELOPMENT
ARGSS	62ac22be1cdcf864dfdec1624067cf4fff1431fe996760061942a3d6b40651a1	1570	DEVELOPMENT
HMR_2359	62b0733079accb7f7bfbd5ea0a7ede432247c3681cdeb5a25cd14e71e98d68cf	1571	DEVELOPMENT
HMR_2395	62d4581b30adc8f2aa46b253cf21edb5c0aacb7e96d36266347a7bfcaced72c1	1572	DEVELOPMENT
FAOXC2242046m	62dcb53fcd8dc5483b2eab570bfa6ea206dbc7aa689c7ec92f8b40899187471d	1573	DEVELOPMENT
FE3R2e_1	62dde8577b200f36e291651641437988c562da1aed45dfc2bc2dc5b67792bd2c	1574	DEVELOPMENT
FAOXTC101TC102m	62fa7ab93951ed840cecb7ad0c2c2fded188348076023f6f58e39d8b7f151de4	1575	DEVELOPMENT
XYLtly	63119d334949b8aa3708705535367eb32fa6d70d9efb7d9c768d0b024237b853	1576	DEVELOPMENT
HMR_2361	6319e2ad19dcf1c8db309e097967881e66fc1cb13f5314a39e9dfcf7785994d8	1577	DEVELOPMENT
HMR_6909	631f44b4cd924efccf61c3fae032f51a3f05ddf55bf98b4a0d24c5883e78cb70	1578	DEVELOPMENT
LEUPROt	632e67fdd25402800dd1d1c5d71738055ae02e2c5e783c7ad8dc8a840aacf35f	1579	DEVELOPMENT
HMR_2265	634f7ad82ff200dafdabdab4a1c681c446d4fbf8b30ce725d37075a467d0d198	1580	DEVELOPMENT
HMR_9804	6355308739f206177b34e99ff5127f8f4e40732f865f498346aadb549259fe2f	1581	DEVELOPMENT
GTHOm	635c9bfc02f46a97098341fc7959b5f46af9b735db271d086ec936a8edda0f3c	1582	DEVELOPMENT
ECOAH4m	6379843775d53635ad153ba7a6ab4049f04959b2f20828f003503a43a4232c94	1583	DEVELOPMENT
r0085	637b5e80066bba90a975eda5ab4f6d42c4ea7a72504de8a4cda2e75348316ad9	1584	DEVELOPMENT
C05769te2	63a10e5b108e0c37c4e8a148b1de6bc292b2b55c7309784e2324e13c95cda220	1585	DEVELOPMENT
PHPYRtm	63a50f20dd74cec749a2ecb632df680a7b4e8c7a64d5da8de78b5fb05993df0f	1586	DEVELOPMENT
PPD2CSPp	63a82e2d0c0a7ae2159bee3f603c3a05795d77f0b319bb92d6162cd3bcf725b1	1587	DEVELOPMENT
COQ5m	63ac66e5983f425cb899bf27caaca7b36528273e611c667e1585e3230c1ce7da	1588	DEVELOPMENT
CYSGLYPTASEe_1	63b995fd8c1ba8e35b09930e8eea0e4fe1d242b8ee176f1ba7573a226c9ecf7a	1589	DEVELOPMENT
HSD17B42x_1	63db7fa4df4d86b3f62b712be7f74dda3218137d985dfd2e205ee3e798d4a035	1590	DEVELOPMENT
ALAGLNNaEx	63e07eae1be5e9e229a7ac32fc74394a90f0d81e9fd85dc9d28a124d5d4f6aed	1591	DEVELOPMENT
SMS13	63e38669310de7ae1c2c6fbd8da645f3af63c06c9ce601f359b1e57b25fdb8a5	1592	DEVELOPMENT
HMR_2681	63e6f164f195a0bab50e36f16cbe69987e4776207fd683578cb94e591ef222e2	1593	DEVELOPMENT
PEAR_HSABCt	63f084211d54f754c0d323df7a8f6c8406658ecf6c26b35eee8574580fb9cd5d	1594	DEVELOPMENT
PCHOLN204_HSABCt	6404afa41573f1ea366fd1eb082be858ccb94190827656f28810e7908aa5fb4c	1595	DEVELOPMENT
TTDCPT1	6408600aa686c6cdd7bcfa00e146a0312fbf386342f20d130fda51e0e43948e3	1596	DEVELOPMENT
1PPDCRp	640b2246c42981702331dec3262d491df0e84088ced45abc7cec6f22fed8f5bc	1597	DEVELOPMENT
PEDH13_HSPLA2	641df85aa889983064a38e137257ecaa8f599ba0f9f021eec607caa977813f4e	1598	DEVELOPMENT
LYSVALPHEt	6436422c57037a617a7b29541d62c71ab679805587db07d3c8c8001604c22d8e	1599	DEVELOPMENT
r2021	644bb6ed63e603325ee4385461ccab9aca4258cc61ff005ea9d10e0b8aa507b3	1600	DEVELOPMENT
S6T25g	645025eaf0cc89f547b455f87590ada0562b962d2b6986a39bf9c4527e5b46b2	1601	DEVELOPMENT
RE3235C	6450d64be6da1bc05091fe9b6cee3127a61076090a9bb72d3ff5eefc3d9dce06	1602	DEVELOPMENT
PCHOLN205_HSt1e	645370ad341775ecd2bc7bfc62bb1ddeecb080d270bc16e49e4cd30eeb25fc42	1603	DEVELOPMENT
GLA2l	645690229291c44b2d897b68e7846e3cc9a24fab8966624526c558ff59034811	1604	DEVELOPMENT
GLCAASE7ly	646fdc1b60c713e19406e1a2a391de9ae3f30e34d4918ccd6310fedcfcd58b41	1605	DEVELOPMENT
PDE4	647a847cdec32b3eb35221dc807406094bb93dde48d5d066bd383e452fa4cee5	1606	DEVELOPMENT
HMR_3172	6498008f8b29398a2446a17ae7abf2297793e324503f31257057596f7d7037f1	1607	DEVELOPMENT
HMR_3649	64a108532931d0cdd718a1ba329f775a86a5a5d4fe47b31142c36f91171410e4	1608	DEVELOPMENT
TYROXDAc	64b3b08d0df89253bd8d966bb04d5ccdd1597af2a5be2013505df65399e7b3bb	1609	DEVELOPMENT
r1292	64b52d282df697bb2b7c4d683ab172d560b663ea6008e9533a0fd26429b2d7be	1610	DEVELOPMENT
LCAT29e	64b58e77781bc768f32e9b9e592f03c35187b01656f8cdd3134b0ead8e6382f6	1611	DEVELOPMENT
5MTHFt	64c642c29ae63d0a9c035e7efa730fc416d125212cdb47addbab0d8d08070e04	1612	DEVELOPMENT
PCHOLOLE_HSt1e	64d3a2ea682f5b7535c731b181ad9b3add89ab5252c1f2958ad23cbb19bccb5a	1613	DEVELOPMENT
RE0916C	64f50d84b89b66e71c525b9f8c90614c91ce3522e475dadaf1ae1551f58923a7	1614	DEVELOPMENT
6DHFtm	6503e0975128f98119741e35abb5d8f19b445bcea0d47fc5621b1a8174c64df2	1615	DEVELOPMENT
DPGase	650b6957e69e941b06ef74a4b95528c9b0da38daec996ac529bf174267ef6ed5	1616	DEVELOPMENT
DGCHOLtx	6510220ae701489714eed178585cecca16979172d42088fefbcd8589978d5b0c	1617	DEVELOPMENT
HMR_2998	65128df7b8471355f486e8041168f8b58b611c72c563df48c8bb14eb04c13455	1618	DEVELOPMENT
PNP	6515b1cc2596776fc8975c3770c69a40bc8e74f3b26ec8d88783edbb284b8b8a	1619	DEVELOPMENT
RE0576C_1	65207c65b476d6e6a934cac56907541262eab0a5e2dd83e7cbf54665a612295b	1620	DEVELOPMENT
G6PPer	65452df4e405514d66e98325541dc6258743ea49ff3f86a7cc479d9a02e104bd	1621	DEVELOPMENT
PHACCOAGLYACm	65471f7cddbd27b1102a485298e66155407233be13a792f5e240fcf8cb07686b	1622	DEVELOPMENT
ATVLACtdhc	655136bd984ceaed41387a4aabcb81414905cdee07f3e3ad87e16dd4339382d2	1623	DEVELOPMENT
C204CPT2	6567e7a5e4dbfa6bf605c27abd9e277e7368669034a9eeb3fd8883a42af5364a	1624	DEVELOPMENT
UAG4Ei	656a729279edd2a006de3fb8bcdbf42fc5d52c3b3302dc12622913bd231298ab	1625	DEVELOPMENT
CBPter	65705cc0f9b755dbd451f57077f90234f8b4422b3664b6dd234ef15114908785	1626	DEVELOPMENT
ALALYSTHRt	657104a4b5e235dfcae9ca6718472b0842962994c234279c091e6a3f5de4ce74	1627	DEVELOPMENT
HMR_0279	657e711831b8396181026e5dfa35add20cb48c05adee1307e62028f9a73ab993	1628	DEVELOPMENT
34HPLFM	65a75bcd5c727f024ac50ce2f2ea81fa20b8d659e3d5fc3361e97f7f16d14e16	1629	DEVELOPMENT
S6T19g	65a81204fcf480d927a19f845c69f97f59b561a345a633002464c7b9b4d2549c	1630	DEVELOPMENT
3OHSUBACx	65b99566648ccc7826469cd880db42b690866c247fbe4f015107414b87831b8f	1631	DEVELOPMENT
LCAT6e	65def44f1f814bd132139c23793d8e283a1e176698f4b33d04798222e3d167a5	1632	DEVELOPMENT
HMR_0889	65df192360d5dea9b8bf6457238fd7454e081607501e65117ef5802b25c26040	1633	DEVELOPMENT
r1467	65ef6f0e9caf3d8988eb4316c89e0388b911e6368c9f2b207fc37d8fe50bc68c	1634	DEVELOPMENT
CLHCO3tex2	65f7c21c632d84d16092b273832dff181997671e151a83a1f900d6a43d6ae4ee	1635	DEVELOPMENT
HMR_2293	65f8bdcbcf27c87e54e06ee4aa3feda138b8cc3ee408cab72b0e1906e926c71c	1636	DEVELOPMENT
PYDXNtr	661473d813bc8e00f0296e6b883af118865d9c185b28ca8e91c6a0309760bc4d	1637	DEVELOPMENT
HMR_4422	66184ed22cc4d274b7eb448813771b02af4b165980c14d6206dc9c9a82f5dfd9	1638	DEVELOPMENT
COt	662c91699dd5fc9dfa7a613611518e2dcab3fd89459363df9a9b7c580f85c242	1639	DEVELOPMENT
DHFtl	66524889dca17242b3f02cac362a8492e209a54b9b93edda6adf9ceea29fadc1	1640	DEVELOPMENT
RE0581C	665c7a33040f58c29b6e83bd0e98706c5448f676403754816f73e1fbf808663b	1641	DEVELOPMENT
10FTHF6GLUtl	66623bf8e7e4eb7832c42d0d1ba1b7dc56e401b3491466cd72eb83fbbad69e8f	1642	DEVELOPMENT
ACOAR2m	667388a0ba8f1c7f262ee39c34cf70bd44eaae5e8dce65d01c014877296c9849	1643	DEVELOPMENT
HMR_1536	6676af9520f00867ab865148dcc1c14353884dfa958727abcc827ac74da66edf	1644	DEVELOPMENT
ST6GALNAC27	667f64ad7478c59bb9474b1afd29220f84651a4c949847847392764e6c442513	1645	DEVELOPMENT
C4STMO2Pr	6681a3f1822645e3e6441d4ad09cd9601e40c6695966aeb6338d8c66fb1d1720	1646	DEVELOPMENT
HMR_6558	66842d032faf9d76911ab5fd751695c9e35eba8d5aebc822c54461b5a2d0abb0	1647	DEVELOPMENT
B3GALT42g	66a535c3dbfb03ce724f7476d8ab3bd80ec50709c2fc6119ec6cd0343d80b779	1648	DEVELOPMENT
ACLYStm	66c0a6901254d8e074cab84b9a1ac00a1877f2e1bfa9d88dffa3abec66bdd705	1649	DEVELOPMENT
NACHEX2ly	66c649577296b29ab93c4b3dceee074acf1c559680a94020ecf71a274a10d2de	1650	DEVELOPMENT
HMR_0390	66eebf07244e2c5727e9faca69ae0d2c136a760235d72c8b736e6a2803dcd5cb	1651	DEVELOPMENT
GBA	67004ab19fdf0b78a554994771225e79bb16983aaf80590ce51af6a68c32ecb3	1652	DEVELOPMENT
C204CRNt	6711edb07d861207cbd2980cce9d53a8e30315512d5c7b478a9535f0706e8edc	1653	DEVELOPMENT
41R2A1H12BOOX	6717f5fb5a35a167d5ea3b866f865005bdfac9c4f8444c0fb23b83cf5c7d3fd5	1654	DEVELOPMENT
HMR_2738	67188f7d99fac62f82b9d235dadff1fa09e2346d73f2253a8d3e477d52b045af	1655	DEVELOPMENT
HMR_6850	6731a2e44e18cd9cdeb1f9c045d217535cca3ef2142276e544de39719bf84032	1656	DEVELOPMENT
PTPATim	6737b6bbe73653f6757c53e0dd7792ce65b5a2dab505494c0a57b816e33b57f7	1657	DEVELOPMENT
HMR_1307	675332f8c9aa6afb05b9b51f25d133bd1ff2a43b6390f8cee63be6f30c8ab2ac	1658	DEVELOPMENT
HSD3B7	675843766d21c9b4ce8d6c79cbccf4a3018af9a3e3004a55e8e95d89160ce4f4	1659	DEVELOPMENT
HSAT3ly	6759cb906b51edb561e9e658cf9e94841e53e057225373b743553d35cfebb9d3	1660	DEVELOPMENT
DNDPt60m	675b1d30b3bb0365f810eef93e4e3290cd9680869524168a6a2b8fa9dd66d483	1661	DEVELOPMENT
MAN1PT2	675b912dcdf48176661a06ef6d024b128cbaf558e5993ca77abbf62703010ecc	1662	DEVELOPMENT
PROPROPROt	67616529d0d7fed9c03b4dc1e91c4e74ac9ee0533739804abb01a138db6cfc77	1663	DEVELOPMENT
LTHSTRLtr	67619b54fdb1d407dcbc2daf31c271e4eb87dbc68c2c04c36ad605be694bc143	1664	DEVELOPMENT
3HPPtm	67780d2782ba9202089268b4dfc91d110deb8301d0b67bdbf45791c8a1f055f5	1665	DEVELOPMENT
PUNP1	6778aed8abbe295114757ca723e6f20ab940493fcc4b5d2aeaa366ca398571f4	1666	DEVELOPMENT
r1364	677b2663f815da283f8531371de9daf682db9b7fa5f7c3c7c9cb264b251bfa19	1667	DEVELOPMENT
r0950	678d9bcc9d4f2809f7dee3bad8ca93508092e1f1ff291031ffe8d8f36159a6d0	1668	DEVELOPMENT
NDPK3	678f392ce345c3c5740157fbad04b397349ca5eae9aa13f29f78878d209de87a	1669	DEVELOPMENT
GLUTCOAACBP	67978ef89b12e114f693967e8a6a2ec0e8092b7ba09ba10399d1a3f2bf537acc	1670	DEVELOPMENT
HMR_2764	6799e62bc1c6ff62f277c8f7d52d4ad90a33a2a7a5a7131842a206a516e34287	1671	DEVELOPMENT
NACHEXA5ly	679b3b2cd0deb25a35df9d19f6adcd5764aab493a53410f52f682e0931419ba8	1672	DEVELOPMENT
CYSTYRASNt	67a1b56e6421e8e52f6ef89336147b62bcd7c4bfb7f8209006c4a7b19ba19130	1673	DEVELOPMENT
HMR_2343	67abfd063b6d220a3659ca7951916683c092e3c8e5239b1fbf0963a671e4af8c	1674	DEVELOPMENT
FPGS4_1	67b2b6f460411f8166f9b2ae956fe7da11b6c89d56f4d495779b3e8668d0c0a7	1675	DEVELOPMENT
r0731	67c06fe1b486d9850f99366fe192f217fa2a27dae37bb518eedef0db1eb94d0c	1676	DEVELOPMENT
DOCOSACTDr	67c4ad87cecfe07d37ab6fa3e357849c5c2b353f6834e8533e985908dbfad7a6	1677	DEVELOPMENT
PROHISt	67e77be0c278478359e8b02eb1b5eccacbea96fe9fdfc21097f77059327a098c	1678	DEVELOPMENT
PCHOLDOC_HSPLA2	67eee8bb1095edca46b5fe0c0cbe7af9fcc151341bbcdec22fb38034546c428a	1679	DEVELOPMENT
PPItm	68113e5c94be701299ad75b8598076156c44e5cc1309317de73232af234b3218	1680	DEVELOPMENT
PCHOLAR_HSt1e	6829fce002715d97f6d6068eb6cd0b8f46d3d6896de82a51186cf7e3426b98c3	1681	DEVELOPMENT
MALICITtm	682c1b77eb4c850eed98f20694306fe51eee6907335c656b11490e93ec95d467	1682	DEVELOPMENT
FAOXC163C142x	683b5b114ed7b634476c7d1d3d90c74385e3bc01556af4e3ac929de4ee0662d3	1683	DEVELOPMENT
HMR_2472	684006aaecca78902919e954733a0880ce9c7ab55ddaebbda81508ef7c5521dc	1684	DEVELOPMENT
HMR_2649	68535746294e795357b83c1759f6f8476cf1599090636d3645b38cc0bb18f5b8	1685	DEVELOPMENT
CTPS2	688e2e44f0b90f4320236b4ac9655c6d6c93a360e9607561d2f7f7e691f2c449	1686	DEVELOPMENT
RNTR3	6896d84f1b5579ba1b11d3aa109c2a0c57a39f5bca14dedd2a327bae4fab544e	1687	DEVELOPMENT
HMR_3738	68a6d23d1515b21d363469c8df5933409d5ec0cadbe980dc59364714a1989099	1688	DEVELOPMENT
FADH2tru	68a6f355f2cfac3698b2bfce325dae9c34e1b5a78c87a6cd38cb326095485094	1689	DEVELOPMENT
r2010	68d85f8dc130459e22a9f480d69eaddedb8890cc8b44db0c0e0c9c002ce8f37d	1690	DEVELOPMENT
GDR	68d96b3599f01c8577b5deb038fbf96c68db8a4111806a7d50a6fbef5381000a	1691	DEVELOPMENT
HISTRPHISt	68ec687b13ba1e94ef15b75ae846f5bd5f437833c220cb189a6daba7631982dd	1692	DEVELOPMENT
VALPHEARGt	68f1d87f9a26bd14e76d19bb206c091cc1999af89cc3e0c01f3d7d1b8320729b	1693	DEVELOPMENT
FAOXC184C164x	690803f0b26610d280818139b9958a3c5a1fb3e912364d44a95202a256f5e97a	1694	DEVELOPMENT
IDOAASE4ly	692147f64f8871b01e1e3f7f7d6bc47b49c358b54b903e111dd600d73abdbcdd	1695	DEVELOPMENT
INSK	69567039c8d002f80433d1f421f69acee334fedbd3d6a156be85c371ad683aa3	1696	DEVELOPMENT
RE2814R	69755dbf3f62a424b48fe08b7d20ac244fe6953b4d19867774f844fe4a19d2db	1697	DEVELOPMENT
3MOBt2im	697b4545b78b8151acb2e995cf810669b4613f38f921ccf41c8f4deff072ca4b	1698	DEVELOPMENT
CARN1829Z12Zt_m	698686436bb46a7638dc7eff91ec1962352ae27106125766f06d1797f9446ee0	1699	DEVELOPMENT
r1182	698d173d780c23b634efdc43b1840b3d333f9fb111b2e66a63f2d6d89c9456f9	1700	DEVELOPMENT
RE1807M	69b361b5da1bffd00e16eb9bdfaa5b5ae1cb2419d9da369e0346ebad263df853	1701	DEVELOPMENT
HMR_3247	69c9bc6618c806e4fb01b14d9934da067cdded8578f5c4705734e4cdfbd2d336	1702	DEVELOPMENT
ALDD2x	69dd794273c6498fcbc0f0b6e88d58a3c423684986c302065c03c39670484296	1703	DEVELOPMENT
r2338	69ddf4b808b012bc4da0f4abf644c4fb75a139a52a2401b9792c2ef6fffd6872	1704	DEVELOPMENT
HMR_0272	69ea80c1bce36ff2c37c09b2e5b7d685abe86287f49907d5b49ab21c849f3b5c	1705	DEVELOPMENT
MLTHFtm	69edda7d0ede3d3db3cd2310c928c24b8ff1c6fe83a01415ff0088baaf8acad2	1706	DEVELOPMENT
ANDRSTANDRte	69f80f2f1e97eb47a1727bd342d6caf46cbfe378135b5654e510c16e688e613e	1707	DEVELOPMENT
RE0912C	6a0906ed6dfbb065155f8b0a0de75613f2cc15cfaeb2d4cae3147675ea51d8ad	1708	DEVELOPMENT
RE3178M	6a15dfd1903a57045d397e742c5554d2e19ec912fc03d5087729cc503f1b7415	1709	DEVELOPMENT
CYTK4	6a25756d6b770b3de98540d22ae6b659579fafd5b4e9072bffdd44dc09aef6b5	1710	DEVELOPMENT
RE3179M	6a2e8be3f2226041faebbb59b8a01bd1dfb7d01d1a2cf8a755543c9c8ab5b6d9	1711	DEVELOPMENT
MTHFD2m	6a460249a95629e62a051c769b9121afa78abafbb92ccd65188ce813b7f9c94b	1712	DEVELOPMENT
ACGAGBSIDEtg	6a67c999f7e042f8a7cf2a7c5ed0615049815e5f4f32533f156512f0d8b62e59	1713	DEVELOPMENT
r1457	6a68df41304529d5665f50e95ae09b802f55b74998e3bceb3f37743a7612214d	1714	DEVELOPMENT
r0157	6ad22167e814943deb6f24368a55fa41c3914191893a7b72e1d27eedb09d9649	1715	DEVELOPMENT
PE2LINL_HSABCt	6aed1a5339f8fad98d8443c83965579bbeffe0220dd825e3c3a9947fd699de22	1716	DEVELOPMENT
HMR_3200	6afc1dafe7323b19c603924344206c4a3d92d47e879b73e6f7cddfc31eb7f871	1717	DEVELOPMENT
HMR_2535	6afde14d7be8a9976c6dfb64629f4c268e6c53691ee23379ed08108feb812c74	1718	DEVELOPMENT
FAOXC227C226m	6b03496524bee695493d75db1fc540878697dc9baa0d4442d4bf32cb90723b8b	1719	DEVELOPMENT
HMR_0324	6b150aebaf26c05cdf946b54bdc1b81935dfbd064943f9289ca75b7479cbee9c	1720	DEVELOPMENT
HMR_3114	6b1644cdcdc5272ed1f3fd59918b9d1d94e625fc0605af82b7d5ffbf1279e145	1721	DEVELOPMENT
r2437	6b1ce5ce4730f11718e91d5c6328ce9f8a3f9a33a34de6453a42db788112c06c	1722	DEVELOPMENT
5THFtl	6b2d09c41705b28d5e5bedcc573281d55fc3fa088ca0e7db44504cc96b082a22	1723	DEVELOPMENT
C4DCCACT	6b328c301abea95193ea89a67a2933bd33274798b76a4401c3993a75e5d0d99c	1724	DEVELOPMENT
4AABUTNt	6b383fbb82e2f6a28a0f164e81e80418cea325b061d6588b3d0f220d1efe0085	1725	DEVELOPMENT
THRMETARGt	6b3f0735e5ba73af18527373612264ffd3d6ebf55c29d6d00cb3fcede71412c9	1726	DEVELOPMENT
CYSCYSt	6b4d51b10efb30d11e7d53e200300865db724cf7c8ee2533366d1f5ca6936d4a	1727	DEVELOPMENT
ADK3	6b4d569e2d3b19b8cb045356c0e1d05702b8689b82ca46e3109b379da5690bbf	1728	DEVELOPMENT
TYRTYRt	6b60f3f0fc9b9ea1bc821a88fc27a3dd6c08d9be82e400bbf1105b8069cbf615	1729	DEVELOPMENT
PTE3x	6b621cd9c26c7b86c33c09d4b60714e52787eeac1cd40b312dbde24f0d743f6b	1730	DEVELOPMENT
ADRNCRNt	6b7309da6ca1bd7d7b2ba3c649a713a4ba218d2ef1295b6b76998a0f880dbe25	1731	DEVELOPMENT
HMR_3703	6b9637503c9088eeedd3b07a6c5892fecfa4a1ba9e395531634cbb0ef846513e	1732	DEVELOPMENT
r1585	6bae7983a862187824370c9f777a54403853ea7de77e776ffd975af7819c81f4	1733	DEVELOPMENT
PYNP2r	6baef4f7c9831c4a27fb5c491514b4bd474c4afdd7261450b13a2bb310776f53	1734	DEVELOPMENT
SMVtu	6bb3b6bbb226834779faf7205ea7f329a89c8f26efffb12d82d764ed733607bc	1735	DEVELOPMENT
RE3228C	6bb6a14fc0c04dbc0b56c5472119a4f71d9a5c2970d068df355544c90d5dfd82	1736	DEVELOPMENT
DADA	6bccdb3ed93202cb4434e213abe5066fb2f8cb18492309e5fdc9b196d5ed8925	1737	DEVELOPMENT
HMR_3457	6be7437bed5e85029057cb5b31e535f3e0f0e7762618d56505bc65e14d5c5945	1738	DEVELOPMENT
CGLYt3_2	6bed2d6d43fa2534691b4601c6aacb572e627334fec8464014d3a8401f78efc8	1739	DEVELOPMENT
HMR_2259	6bee98e31a351034c82c2a03d85ecfef1dc8599c390b3e41d9e9ea704dda6d7b	1740	DEVELOPMENT
HMR_2644	6bf1e8afa40604af60abafbbd59f8513aaffb4c13ebc92e2a53c4d7b47e24d6a	1741	DEVELOPMENT
LCAT30e	6c0bc7a064d013c046cc0f836fd5a906417a737858a3139d5bd26b3025a25a36	1742	DEVELOPMENT
r0779	6c158d408c7e2ed558a91c6850bae45a071ecf5d0471539e88b1e3d07a3904b9	1743	DEVELOPMENT
HMR_0962	6c2cbbc9aef6abf53b8aade461e67f144a13d6dd55e91842ca93c64b32119cb8	1744	DEVELOPMENT
LCAT7e	6c316f910cd9bc2f99253489760c70d2099d0519ca4c3f2858ac37d1bcc09d72	1745	DEVELOPMENT
HMR_6844	6c346ae58d5aa49deea87ee6a4cd524928d6c97c36a2888777d226db015278a6	1746	DEVELOPMENT
HMR_3455	6c3add33bf596d1397853c9c1af1461a1bbc3bad896b9727f46088a9ec34177b	1747	DEVELOPMENT
ACONTm	6c4230976f2e4fa0749103890770b3906110616f0238a555c5a366cf9b06b41e	1748	DEVELOPMENT
ASNt4	6c45d67b2850d0cb4f22131b92adec1ea6a9b212e617669f12dee72c966724c5	1749	DEVELOPMENT
r1603	6c8f762ad45c77b6aea4b42f009dd38fc08735c693c7b4df8a29cd7f2651da0c	1750	DEVELOPMENT
ASPGLUPROt	6c9d1d3b28cea08943a1211cb778a0fce2a6e7bc1cc3f63645dc4fb5896df24b	1751	DEVELOPMENT
HMR_0358	6cb09f6a602103f9128353eabd518e1525e2343c060cba69e4831c7b33936fb4	1752	DEVELOPMENT
CBPS	6cc0092341aaabc28d17c824b1fc86a23e3b75d9d496a93093833f8e10cbe068	1753	DEVELOPMENT
3HADPACte	6ccb7d71d7348d166fa61a8ad967c8472e45d95dc9e6c104ebc2f65f0311b17f	1754	DEVELOPMENT
ACITL	6ccf413db703e45e686d08f69693e0c740e137ee42fd58c337a5b9e0f76d9dbd	1755	DEVELOPMENT
GALOR	6ce2fefd454bb97c806534c0acb6c4a491b97516000f7908882a9767bfb24cce	1756	DEVELOPMENT
SOAT12	6d0f00f8f0cbe9c7ae791a0d79edfadc0ac79033528d8a49c1107d8475ee1c9b	1757	DEVELOPMENT
S4TASE3ly	6d15d09ba99a650db1e9954221614177b8071aae7c2ca0cf25b8163817d85ea1	1758	DEVELOPMENT
RE3017R	6d17fc2a1fcbf0c0935abad0f6ead2f5e964c8827f6a1547e0a0a2bcf7f36dfa	1759	DEVELOPMENT
LANOSTtr	6d26bf45414c2e5166d8647cf2ee20c90da23933b6322061348ef452ba1d5aa1	1760	DEVELOPMENT
THP2Ctp	6d2d14be5474f360de72581ad19c183c538e3bc66784fa7b6aaf44ab76ee4b87	1761	DEVELOPMENT
PE161_HSt1e	6d384533964d4795c68333abd495bf874e28a00600c048ef4c2d0d04dcebfb81	1762	DEVELOPMENT
RE3095C	6d53dd8e3cdd33a9a14b2e2a9fb74f8baac2f703e627d78fb2a86ef9c1ce5c6e	1763	DEVELOPMENT
AMPDA	6d5a563bd643a107a9407e38b0b3bcc5f745a9fa8af38e5b66e2f8835f8a7192	1764	DEVELOPMENT
HMR_0414	6d62af6b4272c842bd582e3454cfca191fb0b6cad5ae6626610e76405f2f9479	1765	DEVELOPMENT
ICDHxm	6d66f037ae5de9045f7da8d8d79ef4198ac18ced74058ce8e18ac166617d06a6	1766	DEVELOPMENT
ASPHISCYSt	6d744f21e7ba0a7194d2abf74363c312d6bedc50ff2e4fe13884bc04fa20f801	1767	DEVELOPMENT
SLDx	6d7474654ac8d93583759488619a1712519b2b3244194329eaf2176a8e076bd6	1768	DEVELOPMENT
RE3165C	6d7e126843426a4cd0d0eb05e9d430988ed58f07d25d827fa289c8b02f3f32e6	1769	DEVELOPMENT
RE3012M	6d8c14f1c89c2c55f08229c1bb5e02d13c9fea205e2e2e08c20e04c4d73d076b	1770	DEVELOPMENT
r2393	6d92d8a7fd2a9ee25e37239c784f487210abaeebda22d3e7453f7842e28db823	1771	DEVELOPMENT
HMR_2541	6dc239a1aa19896ab3dc1bb02070c4a22c3d94ab47255e0f60c7753c43d12716	1772	DEVELOPMENT
PCHOLN1836_HSABCt	6ddb6ff2922d8da5306b0133f6b438df687c4c213eb2d1966f6539a789253e84	1773	DEVELOPMENT
HACD9m	6ddf913d1eef2c235615e073e002a3660647c38bd51563e892697a269abc34a7	1774	DEVELOPMENT
r0423	6deedb9a3aed9aab18e976a8d988f55cc6fc300dcd56a56152f17e14a044247a	1775	DEVELOPMENT
MTHFC	6e06c39c08b9fc61c101c1ab282125002314427ec029f5289f981e0b1662d589	1776	DEVELOPMENT
r0999	6e0bd676af7b53e2536d2f04f63d7512247e1d9b5fce24528df8d3717c25c652	1777	DEVELOPMENT
ACOAO5p	6e21bca810ab70b74ba9af52cbfdf87549b02c2afaf5632d2be8a3b4acc1f47b	1778	DEVELOPMENT
UDCA3Sabc	6e30f8655d5dd4398c20b341c0b1e4d056c8c2173555b24c81c1a4649097b61a	1779	DEVELOPMENT
PPBNGS	6e73b5bfaac6fae98b3796e0013403ccd6751b70a75d0a8c7db76b8b73767e93	1780	DEVELOPMENT
CYTDt	6e8c10930b316431887aeb9607e01f19ee6c227a4795bc474e6e5135b2224161	1781	DEVELOPMENT
HISPHEARGt	6e8f818437f39fa60f82662ff23c3326ba92845e7dae741f7b26b12c5eba2cfc	1782	DEVELOPMENT
RE3015R	6e976beda3a4a45343fa3c50397624a54b73ff2fd334016774b91f1f28a6febc	1783	DEVELOPMENT
HMR_6584	6e9a45acb44cbf35d51727ba47f5db12b5e0944292d86ba2bee95d0a39c63f29	1784	DEVELOPMENT
FAOXC80	6e9f1c06f51340668b67e10f3f589227cd7629dff69b60a1ec9ef427ca75c929	1785	DEVELOPMENT
PI345P3P	6eaa1b97a62443d3517ac1982c53620d0b9210c20a8d358f87169a09cd774ad8	1786	DEVELOPMENT
HMR_3330	6ededa9d7c94ed690e232a9489051dbe70438d74578205c0c913abff161b0106	1787	DEVELOPMENT
FUM	6ee226fd10e699f14ecbec82b6a2ea0cd115f140f33da021341f4740106e0caf	1788	DEVELOPMENT
HMR_1505	6ef323d0586861c6795c4cd4baaf192e0214df07d1c1711d95de135f4e105d03	1789	DEVELOPMENT
3OHSEBACtxc	6efe5ba9b821c7fe627d6522877967c397352514263175af93e5686bd70746e2	1790	DEVELOPMENT
G3PD2m	6f3112a85a85cf718316db66de1e31f3e6eeb83b2e9ad997ec03ed72e73155af	1791	DEVELOPMENT
r0510	6f34262c8a80886f713dbd707b5cad2931802e3f2d4d31601540fe0746fd6080	1792	DEVELOPMENT
RE2112C	6f618a44f8d652ec610ed7bb9b3f772e71f2d9cdf5cadc3b7a6f68eb0a029341	1793	DEVELOPMENT
HMR_1390	6f6589e96394348316c7b2303aea64a3e40aa6cd142dcba35402eff36ce71ef4	1794	DEVELOPMENT
B3GALT43g	6f6a58a57ecd9ad2142004b65af0993026209f473b7039126315bca60f8c3523	1795	DEVELOPMENT
3HADICOAx	6f6d1e8deb6547616e43f007fe466d2ed5fd6157bf2f1bae2b6bc1b22d96c93b	1796	DEVELOPMENT
S6T3g	6f8b3952bd5f1f573266adc1688e45dba5a546ff56e4421b226a33545e536077	1797	DEVELOPMENT
LTC4Sr	6f8c0e8469a892fa6368672a7be1e3ab38fee42e086135e190b57c5a2ccf86bf	1798	DEVELOPMENT
3HIVActm	6f91a5e00f4e207f4aa82c227b329f569c67247d8350b5cebdd59adbd5a26740	1799	DEVELOPMENT
r0340	6f9263d988b2e98c48011c9b7e7fb4d3adc55f2637638526a1d2ec575f2328df	1800	DEVELOPMENT
HMR_3244	6fbcd4f31c66bf274c15179fa338c725bf2b52a7778f1d0818ec939998d02c0c	1801	DEVELOPMENT
HMR_9803	6fbd9ea8f1df6d0dcf5bb6cff0b7304facd382bc53299a0b177ba9447a5a4ca9	1802	DEVELOPMENT
STS1	6fc197f0b3cfac5e9c057b2ee577a9834d4cc11b517f66e0968b09d18b9c1207	1803	DEVELOPMENT
7DHFtl	6fcb518492dbea0d3347741776f47bb6f97d5e0f063b7145c59c25d9e296e326	1804	DEVELOPMENT
3DSPHR	6fd70f838cb34fb63e91bde7f5be29b8138ef9d6c057ee94d4de357823fb0d40	1805	DEVELOPMENT
PGI	6fde8f296e3c54172dce2edb0ad11f7244de12d7ea6fda77acb427d9fc764b12	1806	DEVELOPMENT
FACOAE1839Z12Z15Z	6ff4930e190d5e6b7f45296222119f76685e1586018aabf7ba0ec86e2c90e274	1807	DEVELOPMENT
NEU38n	6ff79d926abf8d997f8467d2f5068fe6fab54dd05e23f99b499757d296a99d82	1808	DEVELOPMENT
r1612	701935186e216f291774d7b85f080460ed4b6b4d3651e7fa35ee195f63b1463a	1809	DEVELOPMENT
HMR_0629	70261faa8dc3a00decf808c11148cef18bef94785ea384eed733ba19839b8843	1810	DEVELOPMENT
CLOHtex2_1	70290068acd44d8a52dfad2b64c96d6189f25a0e3454b432a852f26795775650	1811	DEVELOPMENT
HMR_0820	704ff2705b39cc8e2586c1fead8d31d4a44968bb901018f90871e1e40237107d	1812	DEVELOPMENT
SERGLNexR	706149e2b92ddb5d945709121178f4b17c9acf48617a396923becce90fe64dde	1813	DEVELOPMENT
LYSVALTRPt	706bf76103b0390e87263a5e9b7e36810af0620cc5f641d1652b504a932fa92c	1814	DEVELOPMENT
HS4ly	709efd444b272b22f951d54f912ac95cf3d49eece33a5cbbcbce7d51e9dd5c8c	1815	DEVELOPMENT
FADDP	70d5023b52f2420b391eb13f28aefd1fd80d75c0c0f534f06417bd361cccf2b0	1816	DEVELOPMENT
PDHm	70f5efdeae3bff6d0e9159940c530e3a2642daeb6ec5df5bbbf4ebb9f059bd62	1817	DEVELOPMENT
PCHOLHEP_HSt1e	70f5fc51012af1bc76e0138319fe15f2cee72961aa7ca70feff34c9dd524f5c1	1818	DEVELOPMENT
AHCi	70fd7dfd63538ec44f30cd4fbbe43c4a6a259a01cefbca806eae98134e3ab6b6	1819	DEVELOPMENT
CLPNDCPT1	7100a76267ff92f206349d70567cbb51a1eeb96bf85e246b490aa4c2363606c4	1820	DEVELOPMENT
HMR_6907	7110a85680aabec18a2cbdfabe305de6ccf28f6ab6a00f66b3eddbd5b1fdabf8	1821	DEVELOPMENT
C9BRxtc	711ba34b4ace5c537971223e0a689cb793001aa157670d8b3fc733c6cfc104cf	1822	DEVELOPMENT
HMR_0843	71459402ebaabbb1087e25804dc0e818205a1aee515ade338e434228ad2fa984	1823	DEVELOPMENT
r0962	715f021a24f58cb5c0d3b68dbf489fc591771048500e139ccd0a698bc94d4ec5	1824	DEVELOPMENT
3OHSUBACtxc	7170c8c82ced2e9d5e27c7023f3d272cc137aed7b87ca0a507584292e94cf822	1825	DEVELOPMENT
PMEVKx	718eeb0f39d3d2591bf0630a41abe8f5e5a2c9d2d7aaf5a8bd848b00d079b597	1826	DEVELOPMENT
CSPG_Atly	7192f4572eabf83331ff8ea90ab622f2909edca3860067c13e621672cdd25607	1827	DEVELOPMENT
AK2LGCHOLABCt	71a2cdfcd98b4d2c036a21aaa29da3339f577fe3c2a0943676c55b6562f0512a	1828	DEVELOPMENT
AASAD3	71baad55f8366599a60625db8bea1479f8945d5f3bc5036fb7b7937a5e7a0d82	1829	DEVELOPMENT
PI5P3K	71bca051153f4138851c6a657442baf3e8fd34085790578c65ab37da9a71d781	1830	DEVELOPMENT
PPAer	71e1d2fcf42b350fb7c66d18f3d79b7fe13f8067bc91c0f6865592ab492bd988	1831	DEVELOPMENT
FAOXC61x	71e3da09fb79b421ae80451e9479f51c7db521d140aaccbbfa9647e63c3a9f8a	1832	DEVELOPMENT
r1262	71fb5c91d86750f2d32ce3eea22cdb2f5b39ff5fe01be44bb8072c41880b08d7	1833	DEVELOPMENT
HMR_3446	7204b4ac57461afda990fc1539e5cb006f45e5a4a56a66bcd13490c1a3862e2a	1834	DEVELOPMENT
7HPVSteb	7211179863ff0054da4ef29e0276efa7e8747e043fa15d4cf0e367b797fe7d93	1835	DEVELOPMENT
HMR_1129	72159617ac593d12a2f5d1169f52a7b5390105763176bd23d2ef9b0ddc7a48db	1836	DEVELOPMENT
PEAR_HSt1e	722247b951c1effcf7734227da309d4a4095aba6756493914f1f0acbb118bea6	1837	DEVELOPMENT
HMR_2604	725ebe7904dfbd672548df48da246437e7a2e1c0c3d2cc63195db7a7e0b87c79	1838	DEVELOPMENT
ACCOAtr	726c833b77ec79935cd882ce5ee65930fdc3ffb377554a0d1669898fe06bd6b6	1839	DEVELOPMENT
ADSS	7272475fd21222df9b7dc9b4e8af06a61eab1b399ee69917793250950e8e769d	1840	DEVELOPMENT
HMR_1516	72756192cf69a98905a99ad896c5b995b12c92a87ab25c284f7a20d2a32f1d9f	1841	DEVELOPMENT
TYRTA	728f151da17b11bfc77e41f641882365b4bccfc740dcd46a46d05c27245288dc	1842	DEVELOPMENT
C4tmc	729915a3a6a5307c473741d8e4a376929b43d35e4f1f4d31305508187b624532	1843	DEVELOPMENT
ELAIDCPT1	7299c526b7550f08fcee170037eeadffb34808d00c735743b6a8cc03bee97a3b	1844	DEVELOPMENT
LEUPROARGt	72a348038225cf3c67b9c08f70ea5137ad74c188c3b86e386c859ac7c1889f08	1845	DEVELOPMENT
3SPYRSP	72aadf4ddd057e3b62081f974c418e7bf23249f4ed1046348fbeebe448f2a7dc	1846	DEVELOPMENT
DESAT22_1p	72b5002efe3507691054a6834bc0e1808ccc8a6cf678059bdedd109af45c1200	1847	DEVELOPMENT
HMR_3205	72ea22f4e4ebb19ab633abc5b7fe0b8354c824826e3134f231e05dc923ab8720	1848	DEVELOPMENT
PHEPHETHRt	72edd9746369bc216ab07317ee4130996ee5a68dfb476aa606fb99fc2d24a653	1849	DEVELOPMENT
CYSt4	72f2d1a9afa329979d0742f2edd6361ef5d0732f3de151e70c079c0c3a2e1fe7	1850	DEVELOPMENT
RE1709N	730a59a1c9b10dbf9390a0c9af8b1087f43368b3be66485c5df7e003b2b7faf5	1851	DEVELOPMENT
FAOXC184x	731d1b85f44a2ef20a62c82452120858d67d51a6462ee1067800f492fa485c73	1852	DEVELOPMENT
NADtru	733bf5f50a8b10a16587a2793536dcfda0bc1a3e8caa7a55656cc9fb950034cb	1853	DEVELOPMENT
CARN1819Zt_m	7347330e3e03891d70aa5418aa56db611c591e9e9dd8db1bd4a215b357df0ebf	1854	DEVELOPMENT
HMR_2976	734bacdb37c0abf3aa124290bf56c19c122906678fa65c13cc941c25d6b697b9	1855	DEVELOPMENT
r1645	73792a69172e4ac4d4538919dd1e5d7cf13a2b4379406b70ef462ca0f624a21b	1856	DEVELOPMENT
GLYGLYCNc	737a1d1886b3845b0785997802c7a0ea04d0871177ce705bea4fecb1e25a7fed	1857	DEVELOPMENT
HMR_2739	7383c4ceb654ace9385ead4a41fc5a35bc69388224be61a0d3bc8c2448bf92f1	1858	DEVELOPMENT
RE1134C	739374400245406cc13655d0cbac63967ac0d496679a02ac412114e2ee5b154a	1859	DEVELOPMENT
3MLDAt	739c61f14970ab55df26c988146621b47a7856e21cd8da4dbdc3b6bb8728f392	1860	DEVELOPMENT
HMR_3237	73abebfd735393c7b97ed4d8acfad9a5243dbae23e92d139c45c53126574b563	1861	DEVELOPMENT
r1630	73ae7d738aea6dce0c1836aaf2a49dd4fdddf22317dfe62bfd7280c76f22f405	1862	DEVELOPMENT
r1487	73cced1b79f73ccf80c4c433cdeaf0104891956b19d624810a71a6a81ec19b05	1863	DEVELOPMENT
r1638	73e064091f403513d9310cd0123abc01f5e3d1a17951e5cc8b1112d3f0e6fec8	1864	DEVELOPMENT
HDECEACBP	740f5de58fd900f69bf11a0534b622c10532b72024c2de935fbf19b9c27e863c	1865	DEVELOPMENT
r0424	742046cc1032bffc4690e83c5ba6e54c9302a221da6b4287938f6267eed3d8bd	1866	DEVELOPMENT
RE3227C	7425cdc75238a0b426700bb7404525cbe6349c5acaf691cef0c154050f03876c	1867	DEVELOPMENT
HMR_2653	74291a2a3e257b59474ab9546a61c451149c2f1fcc0d515d313db4ad562f0a06	1868	DEVELOPMENT
HMR_2211	7445569a6d05b4be0b60884ba876c78de8bbb087e5d750a63ab7bc41e31849ba	1869	DEVELOPMENT
FAOXC180	744adad27ff096ec3c07b5f32980aca369b5fbbe44220448ab48c8a02ff08354	1870	DEVELOPMENT
ANDRSTNDNte	7464571974551ad4036dfb792626968708bc3f4a3fe3fc0b4e607444e61117d2	1871	DEVELOPMENT
CYTK8n	7468568a3ebdecea912a978438364a0cd11e1830e17302d977657f5363736ac8	1872	DEVELOPMENT
DNDPt18m	746ecebbe7ce31add9abad7a810ab93ba4506c05fb07fcbfab3352f18461205a	1873	DEVELOPMENT
Pe13_HSABCt	7489e92337d173d568a937cfd73deda3903572bc28334baf45527b7cc3bf1824	1874	DEVELOPMENT
ADAe	748c1bf60f3d6ac321e1f5f80ad87a8d2b2fbb0b9c432de1883cae03788b855a	1875	DEVELOPMENT
RE3476C	74dfaee952c4eb60939248e1ebfb0f5a5125001f01cf50e6c4f0e95c937e0273	1876	DEVELOPMENT
r0579	74fa88021f4052a3a8fbe828babe6517b000f7d49a5425cb2da2b83bd475f761	1877	DEVELOPMENT
HMR_3704	7504388855c2fd311c0b51d9568ce10f9a0ab9ba98d3fe78463eafe32b56bda3	1878	DEVELOPMENT
PGPPT	750b580a9ef5cab54139ecb3f14043316c7a5e25f9adc6722b18eecb299ea0af	1879	DEVELOPMENT
PI3P5K	750d9aaac69237283c82bb0b19912cfd069ad9554007943c3c258a6e86bb4e1d	1880	DEVELOPMENT
HEXA2l	751cb96fabca278d38cc8efd03d1b471e94c5c83b6a8c31c328e3dfcb8b0f216	1881	DEVELOPMENT
HMR_2683	752a3958a88e59c7aacf8c36b094368918614feb35998884826d31ea0c7e5651	1882	DEVELOPMENT
HMR_2768	7548dd9f54da2687cfaa67e1e851b9f270ca50c54bc2b240785101bfda017e2d	1883	DEVELOPMENT
FAOXC240200x_1	7552c238e5fd4792bbaef5f89c4ec9c762f78a09ab2946dec07d76b74f57001a	1884	DEVELOPMENT
RE3104C	755f0638215e7aaefd26725caf8beed397f075535bfc6970f79794947f340e9d	1885	DEVELOPMENT
ETHAt	75826a15364a4184d8826e65d9267c027a8e9adb3aa24fe9129ea85c19641251	1886	DEVELOPMENT
FAOXC12DCC10DCx	7590e77ee43bc74516a5a024c513393af87587a8b60c96414ee514b51b6b5164	1887	DEVELOPMENT
r0960	759aeac45422092c8eff70fafca6018296964c017cdbc356b4b097e8c4969fc0	1888	DEVELOPMENT
ESTRADIOLt	75aa0e6cc9946c954831b228a6d9320e79465bfa37a3b593d10908593db31b50	1889	DEVELOPMENT
ATP2ter	75ab17c1ca267c9a55e886339b55e8d37f93b9424dee5f2c86ed399acd34e92f	1890	DEVELOPMENT
THRGLNexR	75af035290f23eeda028d94663a4a01eb17af6408daed1b1162df0992b747267	1891	DEVELOPMENT
RE0568C	75d60689e9810d19828f4d37e8e2e22e15c08615e0a9e43ce3a1e49450d481b6	1892	DEVELOPMENT
r2193	76095bf21b7c6385067f786bb21009c7884bf9adab2683485b3aba8f16647c5f	1893	DEVELOPMENT
PETHCT	761c428bc44bd36ea037318e4387558867b395a84af254ae0df9264fce4d29eb	1894	DEVELOPMENT
r0672	76282e8aa14ae953a455c6d58501eb387651976a88c1402180cfc8a9da63ded9	1895	DEVELOPMENT
FAOXC122x	7637d95c62f2428c34eb8583016c95efa42013205fe4a1b04699d7bcdec37a14	1896	DEVELOPMENT
HMR_3195	764a6345209c9bac58b7d919f7bfd7d233cd7adde2ba79e347038fecb6059403	1897	DEVELOPMENT
HMR_0386	764cc5758d8cfb5273196e7c95591e8d230bdddb48f4664f176a9de7a0f44ba8	1898	DEVELOPMENT
SBTR	766bc96cf98bee8a73fe5e2f475887a1b5175cebf02f6a45336d6a1c59716578	1899	DEVELOPMENT
FAEL204	767237f29b25a8fea9482715072f22081eb240a49a6ea790016a3d3c6a069128	1900	DEVELOPMENT
HMR_3242	767d4558ef5f45691d531379c9b29a276705fdfd03f32b3c02ab6b1d32538e02	1901	DEVELOPMENT
RE3169C	768cdadac7bff487e0cfc962fa966ed1242b203127de9587f322b78d814a07a8	1902	DEVELOPMENT
HMR_3068	76b9a077cc8c6c30fb5bbb1386b1e9589e1d69b53d095aefb8eca81d761857f5	1903	DEVELOPMENT
PPA2	76c2afa0a9616ae5d4f37314b872c374ac8c35d081c5ad759096ab9f500b871e	1904	DEVELOPMENT
HMR_2436	76ceb7f89280cfec36f1c57d117c832277346db40e89bc69d6f3c1e667bd9980	1905	DEVELOPMENT
ADADir	76cf674e819d4787e6112cd70647234e909cda6f7cbfb3eacbbafc1d87e3d5cc	1906	DEVELOPMENT
r1613	76d7f424f8ce6aadb31d26f3ace7dd172a2dbaca4712963f55d758825902c9e2	1907	DEVELOPMENT
r1651	7704de382348f4c44b9e8a249504e0bd080a72ffafb3127e11830e0bae938218	1908	DEVELOPMENT
DNDPt30m	770846afd54c32423d291af1c3581d9a05a097116e55b617632b67cb755c4797	1909	DEVELOPMENT
PEDH14_HSPLA2	770bfacddb15c2e0adc9b8aecb37c36ad8fd27820d5f5b9080d60faffb7fc58b	1910	DEVELOPMENT
RE3168C	7717751ed32e6d21b64af45b54f8ef685f4d31590c9b3b37ce5780199949d884	1911	DEVELOPMENT
ACOAR4m	773aff93219bd24387e720490362f8188bce4152ebc8cbcac42432620f773619	1912	DEVELOPMENT
UMPK7n	773c501add414aad364a3242485cebdd2e83839ca198656021d585d7796b7188	1913	DEVELOPMENT
IDOAASE2ly	7749df5f465e29493f20f4f27c2a3eaf8cf63abe5bb60d4e1f64de50513c0673	1914	DEVELOPMENT
PROLYSPROt	7750d78c8b9f20d8585c67bab1919188870c3a0190e06e739fd09034c1f461ba	1915	DEVELOPMENT
SERPT	77560403e6bf9d73116aa8af1292dc44074db1dc9bd51951dd3d6443318ca2ef	1916	DEVELOPMENT
UDPXYLtg	775dd53da4437797e106f4511aef8add6ed94dd3d13696062a7ce1e148d558c1	1917	DEVELOPMENT
LYSLYSLYSt	776e7b428914d951d93aac733810a8d16f4fb7c540e8ee84c44034fa7cb7d469	1918	DEVELOPMENT
HSD17B2r	7772e26b2536e7b8f16873ea4ae83ed70ced37080f7bc90bef12da2d6b71b298	1919	DEVELOPMENT
HMR_0309	77781e53d2afa77e5930b0268a7346a2fd2b8fa99632272117584459dcad07f1	1920	DEVELOPMENT
GALNACT2g	777e0cacdfd149696f3c7a67ba96172b5abea78245f951f4ccd65de6f660408a	1921	DEVELOPMENT
FAEL184	777e29aec2ba70e1dbfcc86283f1ae72ff7a263e48e146cf39cdd0c27c9d8d47	1922	DEVELOPMENT
HMR_4079	7781eb719476101498d5e13ac9677b053dd6ed66736aedf4ce79a25792e7aa14	1923	DEVELOPMENT
RE1522X	77868f3c007f255ca9cda52c04fc964aeef3390ae89ad4bc671dee74d421388d	1924	DEVELOPMENT
ACOAR5m	77b67a02b13879f281d23097d537c86c8f87e08beecbee5ef6b2151f18d4916a	1925	DEVELOPMENT
ACGAMPM	77ca756c305bb1100218b68ce9b2da31d4b6d3b7c0df3d0a7e52ca2182108c07	1926	DEVELOPMENT
GGH_10FTHF7GLUl	77e56e809777f091cc7e19c65ba60d78325bd278c15d0a7559865fa0901b18bf	1927	DEVELOPMENT
GALASE18ly	77e5dbaa1acce35a8377363f7af2087a7fb00b5635720f3b959c47bee1cf39b3	1928	DEVELOPMENT
HMR_1102	77fad08792bbf51364ed06d5bf2ec619bc1bea397ddba3cac1457f5048178125	1929	DEVELOPMENT
HMR_3321	77fbed272ac6ba64dc4bc91704f2b3a5435a846d41f804e89cab04e9fff93ad7	1930	DEVELOPMENT
PItg	78065c9dd6277355a463f9f07747d850e20ecf5df6241911f788410592b261c9	1931	DEVELOPMENT
r0782	781412756bcf6811acfbfeafe1d278f1e793682d12a7f90ddb928564609884a9	1932	DEVELOPMENT
PI34P5K	782739fd2bcbe5cbe4b785919176e54608e50d8c0a859c7d1c3fe9b82ca62f07	1933	DEVELOPMENT
FAOXC183C163Gm	7862f488c8a21eb642ff6e2842e3bc07d7aae6eb2f3536af1cf843ed375a72e0	1934	DEVELOPMENT
r2380	788e6468c92be1d942c68e5b8180b200cf965e0b8cd3d2d97ad7bdf5949bd013	1935	DEVELOPMENT
3MOX4HOXPGALDOX_NADP	7896928291fdc90c833bb2758749f6a6bd5f0d6d67982f6ada16a79c7edc3c40	1936	DEVELOPMENT
LNLNCACPT1	78ad6c1a3c2ea1c4deb64fbaef86b6d8b27f0ce411994f17321c32dba3510ba6	1937	DEVELOPMENT
NACHEX8ly	78ba7cb8fc9a07fdf45f9397220df6b005712be1b3d23ee47a2d966f785024b2	1938	DEVELOPMENT
r1520	78e16f3c510b3370cf08ffdfda7ad93241a9c9b906a8da1026f9eeea1e8385b4	1939	DEVELOPMENT
r1649	790aaeb6ef58f34043e7f5bd173901c3380b81a971052ceb1110049c6a1f0d70	1940	DEVELOPMENT
RE1096C	790bba8f67cc05aee394405eeea9951252693fd42b4170a2961f43a5d31baf79	1941	DEVELOPMENT
HDD2CRNte2	794a10083c035df187435100901ed2ef153e0ac3032811518ffe2ac63411bb66	1942	DEVELOPMENT
HMR_3341	795521d5ffcab509fb0caee98dbd258d4c33bfbd1b140e3159a9a53f00673b3e	1943	DEVELOPMENT
H2O2t	795650d029e55aaf44db594cac36f5a2ea6220b121ece4542414dda546cb0054	1944	DEVELOPMENT
CKc_cho	797093b2e02828a111c84138669b158bb2bee69c6c0dff5d9926a615eb497eaf	1945	DEVELOPMENT
CEPTC	798ce68a2e95d520b4e77fa00c140fcd7e1d66a977396d8a352b587603618f0e	1946	DEVELOPMENT
r1014	7997147f21abd188edbbddf8707adfb0a480460848d00c9ae2adf76d7ce39f34	1947	DEVELOPMENT
HMR_2733	7998ed1dc29ec3f418bb8b6986edf230320474a588700602027fcb8b90328071	1948	DEVELOPMENT
SERARGALAt	79a3cb02825db6e286bf4bd6e4280bf4fd0cbe602e4b7364c6031f2f2e2778bc	1949	DEVELOPMENT
C160CRNt	79a416cb60f36b6a88eb1162d8d1c92e00a122bf1ab0802f40f87470912bf709	1950	DEVELOPMENT
STRDNCCRNt	79a627bb803fd11f293eeae18899cdba385f9044c63126ada17ee3228c1f180c	1951	DEVELOPMENT
HMR_0426	79af9c947cc7bda4821bd4c214bf2f45b1a709f60c4daa511d4f69690b65cd34	1952	DEVELOPMENT
G3PD2	79bab30f110cadcc36e2cdefa3cf0acf1ec58f4f08f1676f945abbcb9597a88b	1953	DEVELOPMENT
FAOXC1811601m	79c9b0b4c8acda9a710878b819e74b684909b86bee2643ef49ec8fc72f268ac4	1954	DEVELOPMENT
HMR_7757	79cd16d30a0d8fd14e4e435634d86270f2f3f231b2f9c548bfc9f000d5569334	1955	DEVELOPMENT
CORE6GTg	79e6be426619ccde92415d345b191bdcf92634a7dd41497d3800df6ce526e66b	1956	DEVELOPMENT
T4HCINNMFM	79ef1e177eecf5cd967f9b2068e3c8abec873a14dbb54dd721f569376333aab1	1957	DEVELOPMENT
HMR_2609	79f885e700690d2d80d82b75a7bb56f38ac8feb172b52903167881c21b75bf81	1958	DEVELOPMENT
MALOAAtm	7a1517e9a899d78839d1e07489585c7a739eee63147e0f8f9b7f83b1d086ee5b	1959	DEVELOPMENT
LEUTYRTYRt	7a15768c9c0b6864125fe3bfcf32cc9800534ec9cd4c8b502e7af5a86c0d75fb	1960	DEVELOPMENT
r2493	7a1a161512fe5083bde483cdbd786a7dfe083912088e2444becb796a50ad0757	1961	DEVELOPMENT
BAMPPALDOX	7a1f015ff37fab5e258f0897e99390015c1dabda7e52744ea4a4b034e10d68cc	1962	DEVELOPMENT
r2389	7a20b77146ee33f45651ff197951adfd05610df381e31e87728923300143397f	1963	DEVELOPMENT
SPODMn	7a28f1edaebed46dd786f89ad064d072bfbbccc035f54a6a29c15171de1b7c20	1964	DEVELOPMENT
HMR_3108	7a397088d4c9f36e17af6917b440a42d5053464df5de2a9b4ac63d5f99825cf4	1965	DEVELOPMENT
HMR_0433	7a4af0a5b0007a82c1fbd175650c5685a76edcd9a1176740aaad798c9695c213	1966	DEVELOPMENT
DNDPt38m	7a4bbf0cf69f8ea52efb7bcb2c08f0a8db3485e452f542e58e778d93ea40d5cc	1967	DEVELOPMENT
HMR_2775	7a4d7a0cb5e2b0ef352b6287ba9ac4ee300804afabef8ffec2f22f988b04bbec	1968	DEVELOPMENT
HMR_1548	7a5f41b26431e34ec9f2855fed9ba45e7e8ea4d1d62f4d94a0d8f9a1ff95d355	1969	DEVELOPMENT
MTHFDm	7a693d9ccdb3fbb1149bf188d29e1e1de156a6005e8120e3540cca5c5e796ce6	1970	DEVELOPMENT
VANILPYRc	7a729c6a33a32f2d3e7e5ebb6180d54a046bfa8cc13a44e4623c9e12099c1f87	1971	DEVELOPMENT
LCAT41e	7a7dacbb9e560d48422ef97183445b5812c464e7d02231afe9b8a4529d7ec95d	1972	DEVELOPMENT
AG13T16g	7a8ea8b50a99c0c1e11590b98b87238e1813c0d28876846f75dab34ada1c83d6	1973	DEVELOPMENT
RE3074X	7a95ee19e8217606de76eb0a1363075697857d63f094625b17797c39df7840bb	1974	DEVELOPMENT
CE2512te	7ab01120f7478f435879a19258043b33cbc72ace15de22b9ff2af4aa59076799	1975	DEVELOPMENT
NADK	7aba6d824b5e8c92151097632b3b308385a61e0a0ab3e5d06a2f2124ae7a2994	1976	DEVELOPMENT
HMR_1768	7abf63b6e7bb01f3c5f578420116dd17ffc8c520356f3c5f9b749fb1d06a78a2	1977	DEVELOPMENT
PRAGSr	7ac912e9e74093e66cf495193e835f0b954e584ce17735d52b13bc3170d91ede	1978	DEVELOPMENT
LHCYSTIN	7acaa421af400fe464549ebd8f9f3a717a22c0406a4c200e11270583197949dc	1979	DEVELOPMENT
GLUTHRt	7acb9b78add079125ccbc7e69e6d723b6ee72f6d216832e2ecc6446144fb7f01	1980	DEVELOPMENT
PE226_HSABCt	7adca0b5913efb103e0cfd3ea79751951ac8bba40f4fc1c552c673cc954bfe79	1981	DEVELOPMENT
HMR_0326	7ae3e620adc4319c164e5fc834774445cec4a2576c7ba3196f88301f5a4c429f	1982	DEVELOPMENT
G6PDH2r	7ae5e9e58f3656aae9225c2b0c6cb7e4079d92a486acd8fa2b73b569f83c06d2	1983	DEVELOPMENT
HOCTDACBP	7ae7a2c0ef219b4a4a31edc1e202f3cb58ad9942cffe1f7960c6e5cb8b376b24	1984	DEVELOPMENT
GLCAASE6ly	7aecdbbbfe2127b30348e84900c63183d3cef64bccad7c42cafd578be441d954	1985	DEVELOPMENT
FAOXC184C163m	7af3dcc486846d8cf9036a2709259171447309f0417bef47e32c4742b7705d8d	1986	DEVELOPMENT
FAEL205	7afc6ac7aa472de37d8bf6aef86c904a874a400ec2a0ece1a4ad7ab42faeb68d	1987	DEVELOPMENT
RE2625C	7b00d660d6d5d808c326f18d4cf51134b03950ef6595cc8305418dfc8d020d30	1988	DEVELOPMENT
UGCG	7b0bed5e9737f3e8a54b09c2a1ba365d1bcd91418e8c7810277a1c942283edf1	1989	DEVELOPMENT
2M3HVACc	7b0fdc4d9d3ad0d80b033f1e748a815e0269b76588b16b5656b869f82e3aaf93	1990	DEVELOPMENT
CYTK10	7b1113903f037f0f3eee3a4c6663c7f28028fb7c72a322abf0299df587d11910	1991	DEVELOPMENT
HMR_3953	7b2373c1c970b744962dabe845f7b0b5d4328bc9650d77da2de5d978d83e70de	1992	DEVELOPMENT
HMR_3407	7b26aefa49d717bd8fdfb0e06812b331096451d7a3337e309cf02b42b049f9c4	1993	DEVELOPMENT
FAOXC14DCC12DCx	7b53ad4e97a249b023471e042bc1ec98b9dbe9b1e9ac8285cc5b70e53092a756	1994	DEVELOPMENT
FAOXC1811602m_1	7b5df3c5fddf9c007013b107ac79c65fef72a6dd993817d592ab4ebe43a47cb8	1995	DEVELOPMENT
ECOAR	7b92d29e07f580dfe8280912b791dfeeef99ae79c807a6c3a8320d30e03bdbeb	1996	DEVELOPMENT
UDPG4E	7b98bf345b197e1a4bcd371a60685590cad6bac420c56b8c4ced0aac580380e6	1997	DEVELOPMENT
PHELYSALAt	7ba847050c77e835a500ffa1515768e3f980c6ac8b035b8de57165b56f271721	1998	DEVELOPMENT
MI3PP	7bbbe94c3b539e2dd564b180657db05e2f80bc92a32bc4c566d56fa099b9745b	1999	DEVELOPMENT
HMR_2540	7be2e6e85a626f24f9f41ef0449426efb23edc711ec0a185c6f13c40570fe18d	2000	DEVELOPMENT
MAN1PT	7c081c057b72dac0fefc08d037f95e92128ab78db46b1150f28dcab721cf1833	2001	DEVELOPMENT
r1005	7c0afba3a48446019ed7d70c7d8b1f01b46881977af3e45a76f19bcfd179966d	2002	DEVELOPMENT
RE3247X	7c0f2b34f0813832d6e9f4cae5bbb681a2f43838c671a390620efe0a4822b548	2003	DEVELOPMENT
DNDPt39m	7c1046b76559a63c83fdf5ca4662cddc7ded1157a404f77d8ed39f74a678f537	2004	DEVELOPMENT
HMR_0362	7c12df9f1682b38ad11dad94a23525240cedbb094d40938bffa33f1d89730629	2005	DEVELOPMENT
TYRTHRt	7c130d3e7fc8215991f38b8907ac38a5e0dce41b3ed03a832130bb64d29f7dd1	2006	DEVELOPMENT
HMR_0292	7c31fd4d4b81e038db050f5e41dd243d2616e3cd5b215c6ac043fcce16d3a6d3	2007	DEVELOPMENT
HSD17B8r	7c79f5272a7afc66f4afdbd74c462b25b4264f4b5a95029e4f1360281e624e7a	2008	DEVELOPMENT
56EPPVStev	7c88aeff39fbbcb815fbdae123b3baead2177b172287ca4d3324e699b2ef5f84	2009	DEVELOPMENT
SPHMYLN18116_hs_ATPt	7caddd8b7a440e90c86e68ecd43103b3c60310106e9da558da057a1746aa1512	2010	DEVELOPMENT
ALDD20xm	7cc3219e86f46999f8f55ad48bcaa8fb2179c296e2717cd4f3b18afbd691a4a4	2011	DEVELOPMENT
CK_cho	7cc4b69b7df55dce64eb2407184a2616533d0c9bcfed9cd468c5f1a6a1de76c9	2012	DEVELOPMENT
TRPTHRGLUt	7cc64207f18360d615be880dfe9e7373ca6e31fa24decd623452ba087b1ec59f	2013	DEVELOPMENT
THRASNNaEx	7ccd2824dd909ab8e125db83dbeb847ff8d1b8ea85fe294b60041c8d906f7127	2014	DEVELOPMENT
HMR_3628	7cfe08e6c2920dbad98f15e821de8f164599ec01399c7c57d7b4bd1a8a9094c9	2015	DEVELOPMENT
CYTK11	7d04ed67dbe3cca93ed23c642dba39eb7bbb9fca908f7cad9ce16d0d89300299	2016	DEVELOPMENT
HMR_3454	7d0a33f38a2d6413c8ef985b65d576085dd9500fbb8d27b9aaff1dfed4ca5482	2017	DEVELOPMENT
HXCOAtx	7d18b3a286b06fc59aa1611686464974baeeee13e25fbe24f4df7639fc58a99d	2018	DEVELOPMENT
PHETA1	7d36e51888e3c626566f7112335a5dc95b6514b33264b12ea81835d77a7ef28a	2019	DEVELOPMENT
DHCR241r	7d3e9c3e2c2b5df4ecd38e827dc7b8f3d7053a9f365d8272e74fbdcd97ffa90b	2020	DEVELOPMENT
TYRCYSGLYt	7d645b3a2039c62ec7bd29726bcac980261d27f6faaf2b54d4ef1da3565ec79b	2021	DEVELOPMENT
FACOAE181	7d649c96e2d8e286b0ac973d8ac39c4b78dbb822bbeb1a8d6aa5644cf9c8d990	2022	DEVELOPMENT
HMR_1928	7d6fa6cf8eaf242db008fa140a9daab76213f4e91587a8f9fa180e2968230caf	2023	DEVELOPMENT
FAOXC102C103m	7d75d11ac0676e36b0841e9e1e88326232c0078d9a5ea44964037752f60409c9	2024	DEVELOPMENT
LINKDEG1ly	7d7c8785fb9ade8419671034272f78e1ffe62e0c19dc2974e15377d9c7e1c09d	2025	DEVELOPMENT
FMNAT	7d970951570fe3284be939e56932659de4be8bff1fa8af119ed0f28a080a8c3a	2026	DEVELOPMENT
r0557	7d97e562479b3a88984c54a073c60990998edb70593d8d4aad7f1e3d03626719	2027	DEVELOPMENT
CITtam	7dbaaefb0b47c4602fe1b16ffe35b5b4b85217973f20568748be8a941c4489ac	2028	DEVELOPMENT
RE0452M	7dbd509410363502a8e866387e20292f1e113c2ae1e5cecf1b07a706d4e168b7	2029	DEVELOPMENT
METTRPPHEt	7dd05ae588a772695785f185ac78e5665657f9eaf589cf7b4cd66dbf530493b5	2030	DEVELOPMENT
DNDPt63m	7dd6b6573eb4b068fd152074cf2eecb0a5fb12d4f27ee2a0aee9f8391ac39863	2031	DEVELOPMENT
DNDPt59m	7dd82b8a50c07e422aaa84ff0244d8fced6cb018b64a8992739d3b88a2a01a9a	2032	DEVELOPMENT
THRASNTYRt	7dde2fe29ee75cd9e5f77dd2649f635235fa7aad22d407e2049c3475968c1230	2033	DEVELOPMENT
AMPTASECG	7df576a5b420681d3a3dcb67d96c08484bf8ee789b4365b4f72d6c12598e47ad	2034	DEVELOPMENT
HMR_0910	7dfb119a2d2db9df75e28d198b789681c5fda9dc9a6c79ae8576cea89f04cd95	2035	DEVELOPMENT
GALNACT1g	7dfda86b3a705f3b15086e363989d82377b8647ddaa8b0bbd8f9bf61d26a39ab	2036	DEVELOPMENT
r2537	7e025ddbc1bb8332c03127f62d05db256e5d43f95111e2f5f981b78bb8aa6492	2037	DEVELOPMENT
HMR_0807	7e02df0c3ef987c6c818790e6df4fe40bc24503357039a250990d3be9ef3f57f	2038	DEVELOPMENT
CYSLEUTHRt	7e079d15df087bac504ccf46bc0f8e02cf229b1590e09487710b3d202dc57bb3	2039	DEVELOPMENT
LNLCCPT1	7e0873f50c6bd4dd7feae38efa3dd2d63ec9679463e4bdb58e264c1d7aad3236	2040	DEVELOPMENT
SCPx	7e20c6b6d04c0a3c19616f29a5bd2827af3c93f7b7616a2c46b76f8fd25f32cb	2041	DEVELOPMENT
RE3132R	7e2562b0babfcbb9ccfe5cfdfbc3b38cf7a5cfb872953019698ac0438d23f2f8	2042	DEVELOPMENT
PNTK	7e394b6193cf57606cc5b769e4d54aebd922d0555a5f72b71b3d7c9dea779c56	2043	DEVELOPMENT
CYSTGL	7e43dadc70efac45a101cbebac30a7495946956b5002a06b693edff8ed3e5d9a	2044	DEVELOPMENT
PCHOL2STE_HSPLA2	7e4e3c93172299eef9c078464c3172134b842964e4bb7a3c238873af143b22a9	2045	DEVELOPMENT
r0752	7e5a2e56deb785dfc49a5b196c864eb5d3a44eac93b5523fdaab4b4337f6d820	2046	DEVELOPMENT
RE3164C	7e7194468c337231497d3190ba336e2dbfc3c6d33bb58c28a29be32e2cefe7fc	2047	DEVELOPMENT
RE1915C	7e7c105c5e2defb1f4f70a0162b2af4d794db808e91d45ee784d56c531408d19	2048	DEVELOPMENT
MTRI	7e9a244c9c69da71cc31ac4727c55b7c18ce5e5e583df2918579d5701eb299fc	2049	DEVELOPMENT
FACOAL140	7eb7af9c5845f243bd767451d6b9dd9538530cf93e8745058567e71b4685b571	2050	DEVELOPMENT
LEUt4	7ebdce98c511fe302f174772588b3e0b84281586b7a9732b62aa7e8bfa2aa9fc	2051	DEVELOPMENT
r1924	7ed8c710e2aa3fcce9f65b317bd787cc29ad16d9b99c6159a62d4947c200fd94	2052	DEVELOPMENT
NDPK10	7f01b9714c4294e3a4798292e73e300ad342f366e965994e05c0f14ac9656aa8	2053	DEVELOPMENT
r0525	7f05ac9a640130e5e47c0fb7866f9fbbe25dbd320d842de3826e66d1cd04af04	2054	DEVELOPMENT
r0434	7f06936704bb02fbc2da43bb73a5676af30c74d0937b8d345cdbe4403a321254	2055	DEVELOPMENT
PCHOLEIC_HSABCt	7f0dce0d6b61ee6c0ce5e03da4cb00b821713363b806a1744277598ea59d4a42	2056	DEVELOPMENT
3OHSEBCOAx	7f2bc550b7219903d90c1de9f25ccf97d6ada51b3f2592d0e1cdb7646853bd6e	2057	DEVELOPMENT
FAOXC142C122m	7f2dd40c33c8305c73a16eceb999ba2f7293734593c43f46158ea2451acca7ec	2058	DEVELOPMENT
RE2985X	7f6b402e3ce1c079f250d7e3ad58eeab1b8e1d369e383325cfa56848f227bc2a	2059	DEVELOPMENT
r0716_1	7f6eac76a00023b4b6aeb9867639ac45e552d65ec953fbd99cf3aae2945514e1	2060	DEVELOPMENT
HMR_0256	7f94a87fb755c172d04e3b226597ef5448a4cef3f8dd89b953666a3806a30ffa	2061	DEVELOPMENT
r2023	7fa6e03e2f41794b1afd9a8ebe3a4237c37acdb8a903f86557aea45fe82bd058	2062	DEVELOPMENT
S6T21g	7fe437a0192d4807ea1d148173f07841961c40f187ba2c0abb5c3363813d56e4	2063	DEVELOPMENT
FAOXC142C122x	8005dc1a29a127be8ff1cf0deda728de6628177d713045377e367ed64d6423fc	2064	DEVELOPMENT
GLAl	80453f0d2b9fefabdc2745affef91da7f0e55481610f568091c879a08c7a6218	2065	DEVELOPMENT
PROVALGLNt	80506746afdc83c736738f4b0d5dc0225dbbe6560e7784fd2579ac9d20fa4571	2066	DEVELOPMENT
ARGDr	8059011ae77a430ac56e85a0ade10f4658c0aaa36fa481731982979551d5b818	2067	DEVELOPMENT
SPHGNtr	80786addd8c206d080d9b1676622b15eae7482182e276528142667988ed17ecb	2068	DEVELOPMENT
HMR_0597	807bfa21290cb62ecaed9cf125c56d236f2139c4e4b18f34222d4d6ed60ea5eb	2069	DEVELOPMENT
TRPGLNGLNt	807d8776ebefd73afb15e275db2c7fa581d4d5924151333a2b6fa7d52cbe7712	2070	DEVELOPMENT
ARGARGLYSt	80c1f980e16631e39ac7c00f1932f48fade89b0672cea2235f2d4d7de89f03d8	2071	DEVELOPMENT
ASCBt	80dc8a2b72295c0f1e84a1ac2270d1676b48f6052849a58dc5316b7680c69c97	2072	DEVELOPMENT
HMR_3066	80e7410f9182333b759d28a999c2c96b1ec5010c0bd3055251de6b5ff4922abd	2073	DEVELOPMENT
IDOURte	80f6513a3b2c692806d770dcd5393568eb319a5860ab7e6cf0bc769819b0c500	2074	DEVELOPMENT
HMR_0859	80f763a8811cd15a38d9c57044146d031999cb248efc158c588bd07fedabea2e	2075	DEVELOPMENT
AMETr	80f77f5381ea8976ad2175e24001561ab82d428aa3e01b622c452f8c3ad7fd3e	2076	DEVELOPMENT
S6TASE1ly	80f845d8c21a11ddecfb9bd9664bd766c23ce2442f248e3efb440921693c8242	2077	DEVELOPMENT
HMR_0389	810710863dee15386b128064b66166357c4b774dec03eb9ce52d37c5af8c2056	2078	DEVELOPMENT
DNDPt10m	81104a09bf51aa79b65d33718e6c2b22ff2689a46dfb5abcfc356d4f1eeb1b86	2079	DEVELOPMENT
PHEACGLYtm	81156a7793886e9120729c2a2c14a84f61bb5df649f70f71fce04debb8e63c26	2080	DEVELOPMENT
SPTc	811b206d6f24ebfe694ca4d8107802a5b79f3008bfd436b42b75dc306fdfe4fb	2081	DEVELOPMENT
HMR_3630	813e4b94ec9d6caf3ae01c541e4f704136ec9cb7f344ad82fca327408bd0737c	2082	DEVELOPMENT
HMR_0761	814334cbe5efefa227d1157e99e77ef952606344f7e0866131aedc8b58e1d666	2083	DEVELOPMENT
DNDPt56m	814ee4629578d637721c6c330457e69c0c36d64d68b6b7a547ddbf34e4b72ec8	2084	DEVELOPMENT
RE3247M	816e8ebfda10f951c6d0602a0daef2f7a82a120411545ee5f46a768c8b0912c9	2085	DEVELOPMENT
GALSIDEtl	81702e960729f2abe8bdfa3b85f092ed928e301572d907a5e2dd3df0bedb9fa9	2086	DEVELOPMENT
HCA6GSc	8172dd39eb22dbf1546e24bbc9e94e30cac1151eeebc092c3044fd9aaffc60e7	2087	DEVELOPMENT
NADPQNOXR	819b42296afb622ed6d37f67da8b0e5af8b54d9e2493a9801b20d91159e72749	2088	DEVELOPMENT
FAOXC120100m	819e09fd474e62b338d73c8597b3d9364e32a72da096adb4a3d0a17de8720153	2089	DEVELOPMENT
THCRMtl	81a4aef93185dc737b7f07af929bcf42e7bf10964e24afe250f6bcc58ec09dc3	2090	DEVELOPMENT
ASPGLUTRPt	81a7c3bc3a73ed245b664c1345ce32180ae13a56dec72b882963aa7db4813172	2091	DEVELOPMENT
HMR_0642	81ccb8584ea340d9a1113788cced91a5123267576db2f672038852a233353556	2092	DEVELOPMENT
TTDCPT2	81d2a0ebaa8b3fe42be523d510359275bd48d050a07004666179a680cfbd9fe9	2093	DEVELOPMENT
FACOAL160	81dc002a43047f56a602fff08956c29227d2c176de7c3528a455d053367b3d47	2094	DEVELOPMENT
THBPTt	81f92c60ba4bfd026ccff6622c9b42bd1d409ca7b3f7fb455e4261777a4d6cd5	2095	DEVELOPMENT
HMR_3328	820325d7f4275a1f61adf71ee6cfc41be1f8a0428e92484a8d4313b7f1ffa33f	2096	DEVELOPMENT
CYSTA	82083793d72a1c1a60f2a833372c631d9181a8518d97e06602a3d39d628649a4	2097	DEVELOPMENT
HMR_2666	8227d2ec1fc63ec45a4a4af2145fed2d7c8ee5f3004535a5c4edba97483f8097	2098	DEVELOPMENT
r0961	822be90336476a5b0b986a53502c2a2ee1f37492704ef4def35aa4269af7f47a	2099	DEVELOPMENT
DCA3St	8235d540fa5800e71617226d16cd8b35113996bf7a2b7c0ec289b6075c3239dc	2100	DEVELOPMENT
CMPSASn	8256d7d3b5b7dc5238937dec679b4f379dcfc0fedbd7b17e3409f1aecdefb736	2101	DEVELOPMENT
AG13T17g	826394ee2ea7c6556d5a5ab0861083c7de1490383da296fe56914dab7857403e	2102	DEVELOPMENT
Ser_Thrtg	8267d0db0f75419316bf07eea61a967de5a08f6c337fa0b795edb3d363a0d205	2103	DEVELOPMENT
NMNHYD	827c06bc6b6eec9603ffe0b029f45ee3b01c5b1813b59c62b0877e16a364396d	2104	DEVELOPMENT
NNATr	828086153facf711babe397d536869b0f0402c0d8c555b10d1d2d5b813a00819	2105	DEVELOPMENT
RE3052C	828c11ce016a11f5490066525ce4ade7ce4ec076851d029e1b00c24530b5b51d	2106	DEVELOPMENT
HMR_2975	8294d16d7495cbaf03a8402e92da2f54a5b3ab126f16a63a2f8ecb45df17a322	2107	DEVELOPMENT
CDCA3Gte	829820bc999787b18bce6f0c9ac1482bd6dda98204af0f9fb4ae0518dc7da9a3	2108	DEVELOPMENT
ACER23g	8299ce780a7bc74d8193f01e7923ba3df442dfbb6a2eb6d121e46de8bf9e1440	2109	DEVELOPMENT
HMR_3717	82aa18a741e7d0d355690d07ac683b08ca17a83f4a952e06ed75dc798ed9b295	2110	DEVELOPMENT
3OHSEBACx	82aae16d3bd068ada1ef3ee22514da330645fb850ed8bad7874a6ee775e8fca6	2111	DEVELOPMENT
HMR_4771	82bb14b79609cec040f194ecb84016bb9c74ee9397b083ede88f4cbe09bd5b26	2112	DEVELOPMENT
HMR_1126	82c55db7304462cbf194057794dc39800f107b4a1d08e3efdcaa313a782a6927	2113	DEVELOPMENT
TCDCA3St	82d8fffb7fff7915a2b5b519da1d7f252eca3bccd9e2d1bf4f1025fb9146d923	2114	DEVELOPMENT
r0541	82d9297a69138a891ba2a29325745c994c06518e6bc56105ee5e2414c0a2422e	2115	DEVELOPMENT
DNDPt14m	82e6d4943b32e4284c43529a8eac816cc69e11d1b06725306dabd373599b41fc	2116	DEVELOPMENT
HMR_3194	82f1ff81b1941e9a1020f69f943405f3579a250061537d64ced5551901f24b3a	2117	DEVELOPMENT
FRDPtcr	82fefd97476b43c34512eb2689ab57ebb582416c1af3216a7e9f72238260cb0a	2118	DEVELOPMENT
HMR_2219	8303893e1c9395a4273f1f40f257e7c684d57ee9b99652b258fc044f8f1cd09e	2119	DEVELOPMENT
r0669	832078e714a9fb1538000f7255830a5b3929ac33106d6d8b5edcbffd0e145327	2120	DEVELOPMENT
RE3162C	833efdd991082700052e06bc91983aeb58fdb099e8420f6ba924fdc5d6562a12	2121	DEVELOPMENT
HMR_3660	83623c7bf6db7ca094c85302b51fb4865ba8c55620077436d5b7eb94b071e2e1	2122	DEVELOPMENT
CHOLESTle_1	8367d42cfebddad2bcaa78a5f02db049c5db6a8a2d334b61ab0cf4c302254c87	2123	DEVELOPMENT
RE2626M	837a3e6d0dbc31c3c75627f5498dc69a24ce9714554e665aae38a96384114d84	2124	DEVELOPMENT
FACOAL1812	837e780d8a66ee09751dd15a3498b83eda3c57c9aa7339d9e1042b681aa1d990	2125	DEVELOPMENT
FAOXC164C143x	839f2ab09031c67bb84b14f045a46f0fbd256b498be1b2e76e79dfbd36563f79	2126	DEVELOPMENT
DNDPt4m	83a16bb92509a08918ddad8d6a3aa1c49b8e46d2c72fbc32a41d59ac5961334b	2127	DEVELOPMENT
r2494	83a8da06c01c5d05f58b216ba5433d3c7ae6cba72fe8bd8a203476210d6586bb	2128	DEVELOPMENT
DAGKn_hs	83ad33dea80e7836dba4d2c9f2708b369190df3eb9f473b192fadd919e7c1c68	2129	DEVELOPMENT
3AIBtm	83b6a14484eb78ccb59f8f2ca7b96ab0c02838e42fed4ef3756a5d19cc908fb6	2130	DEVELOPMENT
ALACYSNaEx	83bf60e769bc0c246dd012e1b8669d6d282bdf2d9eb3428edb982e3cdb752ced	2131	DEVELOPMENT
ALAGLNexR	83cd2c381f44d0a4b0cc3576d0c195d5eddb76f143eff1c3fe4d49ff87e6d70e	2132	DEVELOPMENT
PCHLN225_HSABCt	83fc7caea960e7758dd666a48a8b822735c7a2470ac06ad19239b2c049cb1f81	2133	DEVELOPMENT
B3GNT51g	8420d259cdce456933b7ada1a37d7575b6b3b38a5336452dd2d42038f7a98802	2134	DEVELOPMENT
HMR_2709	8422ffef2eee2bc9f331cd1e7302a795c0972adb26a0fb266b6b1b3b7c911bb2	2135	DEVELOPMENT
HAS1	842bae0b09f71fad8d2f0f7af242c9f47c58e9d5266055e9fd18d43268fb3146	2136	DEVELOPMENT
HMR_0815	84355d82e1abbfcf42c7e83db1f1916a558107df15c586a5f21902cc62946490	2137	DEVELOPMENT
FAOXC123m	84396b9f5603ab22810db203317b00cd8204dddf069ae3f44b07dd8011d81d3d	2138	DEVELOPMENT
2HATVLACteb	844e9911831ba9fe6d084f07829a4ba4e69c6b5941b72a15380c8a4160cfe80c	2139	DEVELOPMENT
GGH_6THFl	8458a692a792709a537ea76d934b2947f76d2749ca86531c8fbc9cf518009cd0	2140	DEVELOPMENT
SBPP3	845efcd03fbf7dbff85257351a215da67c7608ad56b157470d72481733024a6d	2141	DEVELOPMENT
HMR_3431	846d30cedfaaf7e2e270da4c3806637ad57282b74ca885e8802b6d5ebef21dc1	2142	DEVELOPMENT
GSNtl	8477825cbf8cddeaa9e9ddf90219e223d15297a70e96bbc84e3b0821b8192bc5	2143	DEVELOPMENT
OIVD2m	848641188d892ddeaa23ae9201b69228df079d9e147814c128f837f49e308053	2144	DEVELOPMENT
HMR_0246	8488bf7d6672154ae9302f6388c0b837ab1822b17a329307803a0b1ffbaefdae	2145	DEVELOPMENT
r0086	84949d99e6ca7026c6b2ad85c5f6bd91de24f00c9cb8ca2ad1444d3e27817964	2146	DEVELOPMENT
ASNPHEASPt	84a2201154a74b169bd6d1dd56c70e6f4d5fec6e9c9a3db1e4bd835c990ea586	2147	DEVELOPMENT
L2AADPtr	84b58f3d7ca06c7f95ab3879f82a0a19a054a3c7ad6fc4da82be8d7855db5036	2148	DEVELOPMENT
RE1516X	84b95ad6aacfa121cbf997a2b5a9656a2c240ad282489e80b0830ad1c638ccc8	2149	DEVELOPMENT
HMR_1565	84ee4f3344ffa6cdfdb932419c82a7ab3538758dbaf5b20f0b0d5211c4d7c58a	2150	DEVELOPMENT
GDRm	84f73d3f232a20779444148b735772753908e1bd4e8bbdd8fdc60904113b4b8b	2151	DEVELOPMENT
RE3432M	852cd6afb1d9bf6c98c92362b56cc17ff12ba7122ccd8e9171c8bc205bc2564b	2152	DEVELOPMENT
ACACT10m	8534f6d655c106557cd025979742af5e3fa77f4ee5982eb31105983362f943f3	2153	DEVELOPMENT
HMR_2264	85379d78aabd738f81eb417623ca8fc09b6151822c1b793b5d3bee71c3796df9	2154	DEVELOPMENT
HMR_0354	85387d53deb91f9ad705b0ccae0e650c32bb0a20fad135e0f2feb3da42b82bc7	2155	DEVELOPMENT
DNDPt21m	853b75c5b7271d5ffff79aef2e87f33dc38bf20c14a5753e93819fcd2b02f2ef	2156	DEVELOPMENT
DNDPt12m	8559500f08fac9f555be43679950f238af17860ff1647554266c774cc8b1816e	2157	DEVELOPMENT
PGESc	855de2fad4b88de37cf37fd91faa490d9291a8d55a884a153fa59cfe73e4c1e8	2158	DEVELOPMENT
HMR_3675	85632de874405bddfbf7f5ea4418f80c7cbf3dd1a57466a9cf4f29b072ea16b1	2159	DEVELOPMENT
r0546	8563728e8aa868446ab610dd4df2cea8df8377f895481924118901bc6542ca72	2160	DEVELOPMENT
HMR_0344	856a15397c18c2708756f29b67f0b54e1bb8bd64649062257bdd2f39209bef56	2161	DEVELOPMENT
LTHSTRLOR	8573ebbd7d932c60c531b60822554328ee1669641c5c4d5090cf0ed8883a1c62	2162	DEVELOPMENT
HMR_4124	857df3fb026299a8c037717448decf407b54bb6b992907a438744c3861701c86	2163	DEVELOPMENT
IPDPtx	85a46aa3a5d5f42c337094ea05f48646cad775e780d4577673337bc6e467aad0	2164	DEVELOPMENT
LCAT55e	85ce62abe1de73c5dbac05d0576b95602923ff0335ad128b71aa1c63911167f8	2165	DEVELOPMENT
34DHALDD	85ddb0cfd7cdab77f0da70770a23a79470bf478a0a2681c30e8c681ebae89d01	2166	DEVELOPMENT
HMR_0821	85e5f7e77c73c09662cb79f310d8d255107d9b6698b5889ecc8adedde8afe68f	2167	DEVELOPMENT
HMR_2741	85e6df157a234dc5922c9537e80f45c8a7f41af69dca99771fa7b41f24efae89	2168	DEVELOPMENT
METt4	85f8d09cd5c732f65b5bdf31e24a39b8bf823fdc874415ad15f4eccd921bef62	2169	DEVELOPMENT
HMR_3064	8607872177b502f28655ccf208bd83b21a9979150c3874d3e25ea98c7441c209	2170	DEVELOPMENT
RE1525X	8608a63eeac9124303e51157828851400aa4fe2fd3aaf522f1e28684bd06aaab	2171	DEVELOPMENT
HMR_2690	86241ff26946a43bc4a9c3051d3efcd45fb6dc0e8d26b2a4469071b35a0e8ad0	2172	DEVELOPMENT
PRFGS	8632fe2869ef31053ade78075a9347aa33204397a5f696d74d39a40e790205ef	2173	DEVELOPMENT
GCCbim	864f678ad64fe6e0851d5b26101e631a8ba88ff161c3da96d0b2edef98ff12d3	2174	DEVELOPMENT
CYTK2n	865871704325f25277d0d789ac69aabdd7ba4e0671c68c7117df967933cfc9ac	2175	DEVELOPMENT
HMR_2957	866d0cb569a4157936313e4a07ead88ed9da8e4934cda21c2d2c097f3198d711	2176	DEVELOPMENT
q10tm	866ee2c62f7f5332a8263f661e3692e43d73412651ea1c3aedd777f396465741	2177	DEVELOPMENT
HMR_3667	868c19a17e546dbf4c12a6c74d1caf8b73d9759c4d2abe981aee891fc620555d	2178	DEVELOPMENT
ACACT7m	869ea429acf03a8669c2e064a87b45acd8c6aa59cf877c6059d73e9a48389a20	2179	DEVELOPMENT
HMR_1502	86b222c174cea1c1cba2c009581c1e47209439229b3745a6e7b57235fba8fae0	2180	DEVELOPMENT
r1579	86c2bcc80fe9df7f76cfdb98502bc303fa24b7409199245fd62b73da97211d8c	2181	DEVELOPMENT
RE3122C	86d636dcfd70fbeec7a3752ed01c32a7a8b800f3d9a04567ce719f28f66aabe5	2182	DEVELOPMENT
GLCt1	86e11a1c94d705e10068c2534d8355bdb399a27f625cda4e212c0425a62a1ed7	2183	DEVELOPMENT
XYLTt	87164f64e12ecaccd25b44eeb93e2f818039ddd9ddb35aee52e83203dba3ea79	2184	DEVELOPMENT
10FTHFtm	871f3f76893d3ff492317242bc0727e83eba46df60990b4fb224087937aa3df1	2185	DEVELOPMENT
FALDH	873c814853a686fcec626383e67f6016861bb4bf768e1484ab86fafea53983d2	2186	DEVELOPMENT
r1020	87546bdea340639a17262a7b81abbc0bb9551554e5812efe0c13165133d81902	2187	DEVELOPMENT
GPAM_hs_1	8757562e9e3caa1641f59c11f58de715d7f0030595cde1888363dbb574eeeae0	2188	DEVELOPMENT
LDH_Lm	87750290a29faa5fbbddd2e2beea0c1cba7819aef25fb535cc4b2a3b2407f837	2189	DEVELOPMENT
HMR_0825	8777a042b4d88e710322854bb658a52387846351ae804aae5278a1e73b0bec42	2190	DEVELOPMENT
HMR_3728	8779a2751be63a8e9446456e092747a3e90eb5bbee6b7afc572f49a7de646c8b	2191	DEVELOPMENT
RE2990X	878d1009b758d9f0f75c66f5c762495481c61fc632751db4c3babc2f3e7636d4	2192	DEVELOPMENT
GNMT	879004877d92b4a3607d5b6f52a4fd18b6cf2c14e6c8b8742d4591bed656cff7	2193	DEVELOPMENT
RE2986X	8792c6938f3dc1c5bbedc8c832c734c59adf0b6dba36d96ff7c716a5bd41b651	2194	DEVELOPMENT
C80CPT1	879a1107901bb3da54732ebd0e27cecbe7e47d8645e3b979f76257c7879885ef	2195	DEVELOPMENT
OMPDC	87c003cf7689ed1f624d8fcd8f5738f77ab1aceb572d42aed891827a5d6c9ad0	2196	DEVELOPMENT
PVSGLUCteb	87ca41500993aa9140f3eb053425f55237ba5940e904c9f311143b51972658ef	2197	DEVELOPMENT
GTHOr	87e322fb1ec94fe2d9edd4e071d765c5403f6d27c9fe1e5adeb79c5a2006c376	2198	DEVELOPMENT
RE2666C_1	87f27409e1ad803c530c76062f2f2931b071e31c891861572d779d114827fe6a	2199	DEVELOPMENT
34DHPHEt	8807efaf26cf172854b50c6b65bd89b64c6f8104ba6aebcd501b38c63296bd84	2200	DEVELOPMENT
LNELDCCRNt	8826c4cebb068c661dc81553c0890c8b1fcade3400e4ee839c2801d512ad9c82	2201	DEVELOPMENT
HISGLUGLNt	8833116b11dee58b0332b20cf877d3962a5e8060b17566da1f3791ae898057b7	2202	DEVELOPMENT
LNLNCAt	8856b124b5cecccd4b033b83f0cd2ea7626bcdef6183b1594af32a2adfd202e1	2203	DEVELOPMENT
HMR_3327	886d0a3f1da40e10260cb41e5b96e8d8603e6329b5f19fb06afaa949b70cdf7c	2204	DEVELOPMENT
r1448	889f4897fc55c4c582307c8520f6dde3ebc0c8d13dbb30ab93376f93e2878a15	2205	DEVELOPMENT
S3T1g	88aabc0bab6004c2cdcaf830dfedc2436924f6e572fa91e4dd0a967a97b4aa43	2206	DEVELOPMENT
FE2utm	88adb4a8448fdcc83a829d6d1c0b254f1ec037fa20d2eb2db65d0d58561a5430	2207	DEVELOPMENT
ACNAMlt	88c97ca1e2e11016d25c1e4a7cb459ae161f8d25fddc8b938a72013b81e47cee	2208	DEVELOPMENT
3HPVSTETteb	88ceaa42458844122b47d5591f3e1c6ccb4e314143b7549f80ff5284687fb0cd	2209	DEVELOPMENT
OCTDECCACT	88ea4f79a15ae40ba95b0b1fcab80da6598f98e65b9c34b2e49b50941ee98a94	2210	DEVELOPMENT
RE3597C	88fe9e2201962663d479ee3d072cd2fd8995edeac5b656394ffea4fbffcff9f6	2211	DEVELOPMENT
GMPR	88ffeceb32c01c77929f2d19cfd50589b62f8c336aa8cd3ba0a41cd2d1935f3d	2212	DEVELOPMENT
FE2t	8914123caadee9a6abc9a0c48f3f320d8ed950d69ca650a95aef6d980d3bd4db	2213	DEVELOPMENT
CSPG_Ct	891f7eba5ac7ae7f130971d5d8729a327c5b1aa6a3d8b0dba09c5fd93cfa6fe7	2214	DEVELOPMENT
P5CR	892b580431cdd310e2b0d61964f7f4c2b343cfef862c57231740ae1991000d4c	2215	DEVELOPMENT
r1616	892db42c44481591ac168e4b844687bf8734da5fa630d3d3aa7fa3e4e76945a5	2216	DEVELOPMENT
HMR_0304	8937f9aac963211a119a4dec5a9bb5ab4ddc94904f10b91a8e248740f3051109	2217	DEVELOPMENT
2HBO	896041b957c2e28fe27e191c7780491a5f3d8f75d4a942c59d07f61db285ee9b	2218	DEVELOPMENT
HMR_0170	89681445d5738cf3dc8bafb336b585dffec6c891d60e6787dd879647d7caa479	2219	DEVELOPMENT
3SALATAi	8978094373eec972cb0cb40e9a889a0f0d36a986fd3b3a84f603b899d1cfcbd7	2220	DEVELOPMENT
PTHPS	898ee7aa588ba0d9d83b1289a3ce5d78f27b2246fc76b3efe87a235e8fe8becc	2221	DEVELOPMENT
4HATVLACteb	89a1868786451e10a535bc03570b6bedc8219d448f927c4775bae663a42c275d	2222	DEVELOPMENT
3OHSUBCOAx	89a753acbd7ac322d2ec8697bae25d091b3874a373fc6e58f210a9cb6a2b0d00	2223	DEVELOPMENT
FAOXC102C81x	89a83d99c87c0c357c25a51d7564f88a8e915ac62a57384827fad1f89e1c6e4c	2224	DEVELOPMENT
GBSIDEtl	89d05c1916e531f6aa87d83c7291dc0a02b0e16dd08f84a41857054d59cec95e	2225	DEVELOPMENT
HMR_6747	89d1dcd50cc8fda9dd3d42dc62780c7bcfe86eac40c542222324dadba7d178f7	2226	DEVELOPMENT
LINOFATPtc	89e6a585ff0bd920fac43ac752859702eb9d55e51f45524d22f592aa13d9d854	2227	DEVELOPMENT
SERCYSARGt	89eaa08b829017f2e8c21ec4572b76cc7de588c82805ce07c7001c04d249e60c	2228	DEVELOPMENT
CYTK3	8a0d249914a8ae1b2e229014589da3b64d900bbd098aeb39380d4e23d93f9dd3	2229	DEVELOPMENT
ALR2	8a1c3ebf69054cd11c9ff30b8891d58446f697d9a7f41b50c543562f90d8d538	2230	DEVELOPMENT
r0633	8a26fa1b3ebf8c7797bceccbee7c1da7399f05ae4f0519f1145e6dc5d2723dbe	2231	DEVELOPMENT
FUT92g	8a2f5d07c2308539318e66832be3543ac3ae24e14f4c0f7ab6b2ccb99d8347b9	2232	DEVELOPMENT
3MOXTYRESSte	8a336226e1cd83b28168e9df09c56a0317f3b9289acf6ae139c4e10785c58ac5	2233	DEVELOPMENT
MAN6PI	8a379143aea4b5b5ecced3fb0cebdcf02d95131d3c3ed3e1bfc371bb2c60dbd1	2234	DEVELOPMENT
RE1522M	8a3a9ba278c9c1127520c6f821e5d3e5369ac6ee03d35b16ecfe00c49332f3bc	2235	DEVELOPMENT
SPHMYLN181201_hs_ATPt	8a3abd87b85d6f323f84f0691b772bf949d2ce3fb1ec4d36106c32453bc94b8a	2236	DEVELOPMENT
GLUCYS	8a4c1250eee8b73998b57830a5e21512bde93e7aafd22a2609ab983dd9dc05c7	2237	DEVELOPMENT
O2t	8a62e5296c18873affc194c9165814c88cb58c1f63d2105a4c0e97638608e534	2238	DEVELOPMENT
RE3307C	8a6bd94a64e006c8205d28eb5dd68fe9e496ceb781220e356f6ebfc898735a76	2239	DEVELOPMENT
S6TASE16ly	8a8e901b05f1051447f27dcc3ff64eaf0bf873595a78423f81e0f2a7616a1aea	2240	DEVELOPMENT
HMR_2977	8aa315e2a3d195cab78abb390faa74a3cc3eb5cf1dfa35288803cfaa178c4616	2241	DEVELOPMENT
NACHEX4ly	8aafc2fcbbdc4025a203f5a853d21b95843df5596fbab8ad9941fe31f3fb8f55	2242	DEVELOPMENT
RE3160R	8ac31a8fbb00d56180f97fcbd71312ab952f3ff339f55bca1cdd24eb9582ffde	2243	DEVELOPMENT
r0840	8af006917351bc65ac5793c81733a3426fa1739274cf6536f1c2965a170619a7	2244	DEVELOPMENT
KSII_CORE2t	8af4f32bfb97bfd18bf1725a2438a7052d0c93046589e03a2c7b459c0390cbd2	2245	DEVELOPMENT
D_LACt2	8afb6e301037ec49546e3c6bc5dcb8bfe4a9a021cf9a38755d54e5d23d52f039	2246	DEVELOPMENT
G3PD	8afe9d989540164571fcc66c3d505e4807e32fdbbbf6c08b299861aa4342fbeb	2247	DEVELOPMENT
LEUTA	8b3585f3f93d21782477c04da18ea8b85f44b60cc6ddd8155e7805f13b016771	2248	DEVELOPMENT
r0512	8b3fd89bb94d3ca2ee8e37f294453b8b7ab56320cfcc5702b65b09be0c7a512f	2249	DEVELOPMENT
HMR_1706	8b40c08f39cf94a34b9ebb27079a015f1f1c1ca67ece3dd705f104399638e85b	2250	DEVELOPMENT
r1530	8b519d2ceaf5cf7db8fc322711eb9714ad6b3f7e1b858af7c3fb12dd0abcdd73	2251	DEVELOPMENT
PCHOLN15_HSPLA2	8b5e0a91264f9367f9a058945b1373f24e2ac56c039af7320dccd40062ce2c54	2252	DEVELOPMENT
HMR_7715	8b65a09009086f0bea3d534d2ea2d64e420564e0d74b4e09768ce2803d9a159a	2253	DEVELOPMENT
HMR_3727	8b828676377fbeed31fca95271607b3d824b7415c13f5294d72f595cd2601406	2254	DEVELOPMENT
S6TASE5ly	8b91044b7a1de054c5c0729520c5a9823953877a03f416adde7d27e04cb50766	2255	DEVELOPMENT
LCAT40e	8b9412805e17679c6778d195d7c4be86d803c33e89062ce7851d2b016fc84ad3	2256	DEVELOPMENT
TAURt4_2_r	8bb71a0b943cc12cd7b94646c6c1b2c5b40dda47c4ec0de7df0676518abe3927	2257	DEVELOPMENT
r2520	8bd6ece4ebd7f04302418577ebede1bf02f1af7e59df82716794f7a6c95366f0	2258	DEVELOPMENT
PSSA1_hs	8bd70ab57bf27ba8ec20e99702d266da8f83dcfa4f4722cfa94924dd4fbeb61c	2259	DEVELOPMENT
FAOXC164C163x	8be6c0d3a0d13f72ab33131d8e48cd65418d89b30834a6d54be80b6971f1ac3f	2260	DEVELOPMENT
FPGS6m	8bf241e5920984fbfe7f9df4788f0df97721d29ced27e264a7b23208ae9df176	2261	DEVELOPMENT
HMR_3338	8bfdadac1db005448b0dc2deedddaa3e7fb37c843b64f5ad0b4356e7d0445e6c	2262	DEVELOPMENT
3HIVActe	8c014bbd4b21588c7896b89c4735cd1da81367d78683110d4e1e9f56dfda26e7	2263	DEVELOPMENT
7DHCHSTEROLtr	8c17b6c4d66e0d7a0ca42ac035cfedb798598a600117f566339cabc814524b92	2264	DEVELOPMENT
RE1531M	8c1a14e9616940f18ae3095aaaedf55c32c2adb2745195c30c21621478722e69	2265	DEVELOPMENT
r1533_1	8c1be2d9fd269464fb27e48f0dbc9ad1f00ee1e6d964eacf3fbebf3471025fe2	2266	DEVELOPMENT
HMR_1750	8c348546d7ccc3d23651599a70c09127584cc721df01543b9ec1ce59bb0de26e	2267	DEVELOPMENT
O2Stm	8c510f3463a4352e48692cf3e4e7d1f1213b93317d56aa932761eb6a90d20378	2268	DEVELOPMENT
r2519	8c58e8b8a7121a86549b52c37ee9f0f3b2f51b72d0796ff07a311da740c540a4	2269	DEVELOPMENT
CLFORtex2	8c5c2ba9c4689a5918969fc882ffc848831e6436d46c90fb5ac7d19bf2eca8d5	2270	DEVELOPMENT
HMR_0193	8c7829a460f9781ecd159c8227ea67b049a73873964edb83693b9d70fede2825	2271	DEVELOPMENT
HMR_2819	8c7a56c47a21bced9f7767673ec6ef92236aa4318cc845759071f32f6aa2393f	2272	DEVELOPMENT
RNTR1	8c804480084bd9aa0a8c8cd6b89f6208cfbc5bc044d6a86471e7c630361e6b79	2273	DEVELOPMENT
FAOXC8DCC6DCx	8c83dcff31e6d8c24ceb6811c05e4449c1dd5d610026e2f78e5d3cbc7d7f57a0	2274	DEVELOPMENT
HMR_3639	8c9c7798a3defe6402c793071024e9c1c60126ae3b00e1935b6827de15aca2cd	2275	DEVELOPMENT
HMR_3734	8cbf884a9a30161414915df4cb67cc2de09acf18dc231a5eccefcd2c4312ecd3	2276	DEVELOPMENT
CHOLESACATc_1	8ce9bc319fb3597ed274b19c190db721c8d6f2cec74b6d83d375794989d85a5d	2277	DEVELOPMENT
ILEGLNGLUt	8d08be9dc84238c27fb67e85a44d6138751c2cb2e48fd360a0404d0a7babf2a5	2278	DEVELOPMENT
SERALANaEx	8d0aaf629c8dbfbf5625ec142bc8f6994f21fa446d2e95b4e69c7036409a9e6f	2279	DEVELOPMENT
HMR_0981	8d12d6e4def921837a626f707e287fb670fc331b6bda9f1a35878a9f9d713e3c	2280	DEVELOPMENT
r0575	8d1373174c25863dcc2bd5a09b8610dea01c233daf7e6db50cb3774245812884	2281	DEVELOPMENT
r1428	8d2c2a904df7046848c6e59c922960ce9fb1f78543926840b4fe9d59eb8d435b	2282	DEVELOPMENT
LEUKTRB4WCOOHt	8d4db346b0e9beef27e4221c7426de307be798561b83117b4c9e5bbdf23ba689	2283	DEVELOPMENT
STCOAtx	8d51830ed3b5012e6e5046076a2fce964bf7f720154e362b502ee89653453676	2284	DEVELOPMENT
MDZtu	8d576d3aa2c62cdb6e97f4a8691caf85632cf7c4e72b83a7f362e40b24cb0f8a	2285	DEVELOPMENT
HMR_0824	8d97e1c4d04eea7691e09c185f4a6071bd4cb59ad4e9f13fb8e8805082223ea9	2286	DEVELOPMENT
BGAL2l	8da8984b5589ba1e9744982d706179ebeb90a50250ba16fec8bda53a8d0ba26f	2287	DEVELOPMENT
HMR_2967	8dab785fef000ba45180511af694b23139745e94a7dd3d763a1aeb78faae8847	2288	DEVELOPMENT
LCAT36e	8ddbbcd76ee08b0b1c3f35e06210d1e6b20cd97a52815b9ded7a1ffcafb449cf	2289	DEVELOPMENT
CYSGLNMETt	8e2ee8a53fc4b79c34fb0dc7b7a7137515e5b71d375791bf96e216979bab6b0f	2290	DEVELOPMENT
FAOXC16DCr	8e41b9ffc89524381fb0d5d42470614192053e18500631dd93a74308715a7c02	2291	DEVELOPMENT
HMR_3070	8e47f84a6f9557a16b62fb94a4610424c17053e132ec6cee3122030b63c09ecd	2292	DEVELOPMENT
NACHEX9ly	8e795e74397bc96b8f166d137f6fcfc6897f6a3af0a64f6636f7f1865ebbe3c5	2293	DEVELOPMENT
r0656	8e7cc72456eae18afe737d90eb898f12e0c38ad7571a0e5f8fd461f111e47ed8	2294	DEVELOPMENT
MDH	8ea140df5a3dd14c90f4ab24790e404910ec0a502e8e20c0cb57a60d1eb4392c	2295	DEVELOPMENT
SUCCCROT	8ea37505fada185d259c501829d3508c7ac568e9285b290e07ca21b6a6776d36	2296	DEVELOPMENT
FAOXC164C165x	8ea88bdabb8a42e9c1e2bc8db62882f2b9309c65e3e8f54eb0792309f70f9741	2297	DEVELOPMENT
STRDNCCPT1	8eb7e032fa7e8022f5e1852d4a11c85a2bcd1d49388ea288b92d1a7793f8c176	2298	DEVELOPMENT
HMR_3296	8ebc62b18967ca844e81ed710fe5f0dd6808984f583441a5d1688155bc758e01	2299	DEVELOPMENT
HMR_0435	8ecf398b5f2e00a80ca9bbb003dda6ade3e97b93624885e76e8ee85dd20303e3	2300	DEVELOPMENT
HMR_2970	8ee41f6d8ca4bdf9cd5dec7710914b45b783d205f9e519ee11ee6139e38e1d72	2301	DEVELOPMENT
NADN	8f0ef94c0f8dc719d259bb59fae787f43db31d23c44ef8689ec2b9efaff5ad23	2302	DEVELOPMENT
HPROym	8f11316aa99fdc1dc69e2b123d794f5c4977960c4a03de0b6a9946a9459e7a94	2303	DEVELOPMENT
HMR_1500	8f30497076f881ec8afe8a5ca85e86bdfb69d19f71996fc3943e326added866e	2304	DEVELOPMENT
C05302te	8f503934aedb6dbbb9e862cde33af35546e1262689722a3b0439b9b53e14ab7a	2305	DEVELOPMENT
PCHOLMYR_Hst1e	8f5d596020f6a4260b9f93ffbcabfae248d9c5f9ffaa76da1f67bffac24273ae	2306	DEVELOPMENT
HMR_4964	8f5ec7691ee0d9453fb800d700963c306e2a3cedd0f2a5821b4edbcda4f5886b	2307	DEVELOPMENT
FUT12g	8f6e7908d0486795b09cb40e4383d2239165809f61ad1e7e33e4ab0c649e560b	2308	DEVELOPMENT
r0789	8f74eef6ae6133f91650ab1c7cda11d8c3e48e1f6cfbef1360f8ae8d9319eb6d	2309	DEVELOPMENT
ADK1	8f7af051cebb4f8fb4cb34fc81c57d295bbe963fc2f676a5ccb2b0ddd141c509	2310	DEVELOPMENT
HPROb	8f80a64b182afa7b157784982896a44109cc7e391d856b302c0f64c2661e0974	2311	DEVELOPMENT
ITKPK	8f92ec8f6246009ebcfd99a2a307e9d07b1f766c3ae93fa2f708b8d4a387d63d	2312	DEVELOPMENT
TMDS	8faf13e0f1c38e3495c781071d9689d767c833bbc5e161b2fa4a5ac2a4c5c9dc	2313	DEVELOPMENT
NACHEXA21ly	8faf4a680ff39139983064825a67d18689b5c869c3d0b1511de2a501fa4b9a78	2314	DEVELOPMENT
RE1532X	8fc9aaff63824caed78426b12771c14c41c36e27fd759efd1b7a76bda6f65dca	2315	DEVELOPMENT
HMR_6728	8fd850837621e3bbdbcb3545bf5bc7d8fded363a0a5c3aa3ea7ba30ae84274e3	2316	DEVELOPMENT
PELINL_HSPLA2	8fe7fac4d4c7e22b670ef0a700ed1193dd1770872a5676325cbe6e9c8c9ba31c	2317	DEVELOPMENT
TYRPHETYRt	900e03bf0a16298c17746d6177e852156b3ddb30a013d57e61c2dc503eebb32e	2318	DEVELOPMENT
NEU21	9021aaf61d5886b8139ff8d2133ec9c5e35cebc2b8eaa3ac001c734e866cc974	2319	DEVELOPMENT
HMR_3100	9022ecf285f10a42bea6a487bbd1e7f304c543d7e2dcac24f05748e00b176a48	2320	DEVELOPMENT
r0548	9025c1fd3ee26c743eec4f9704031df3fd6fc01dc1cfe0938ca1378d1ebd4e27	2321	DEVELOPMENT
NDP7g	903d83cd0d9b85efaa9a2efbbb598e5cf19c8bfcab9630eb015b7557d6d910df	2322	DEVELOPMENT
A4GALTc	9060d64023b9d59716def8c24ad2cf66785e174c30ece8435b2c8443888c018f	2323	DEVELOPMENT
FAOXC163C164x	908d37361a880b2e0f0b43038057961a388f56f7bcae161978c32f6d9050bd4f	2324	DEVELOPMENT
FAOXC226C227m	908e9df64ec12ec1afc482fe7665f1d317a676cea733c9b00a90aef0ba91e1ca	2325	DEVELOPMENT
DNDPt16m	90a22d6769996d5c6f9bc9700fd8bd9d93a7d8a294e556dffb287f84db1a0c92	2326	DEVELOPMENT
HMR_3329	90a778f9c5d6894df540b5970545d64f75d95456f0abf85ebcd0574825550878	2327	DEVELOPMENT
ATVACIDhc	90ace6fdfe40da5b1f51e607e1dcb4632ce617d6864565d89211d6d68642f9a5	2328	DEVELOPMENT
DPMVD	90c3125711ab700fa840ed054aa5b8ac0c49d779c3cdd7e5c07e17e2c9226422	2329	DEVELOPMENT
HMR_3635	90c4a1dffe57a2de862a220f5eed79f9a216b19a6cf0c6bb0b3bb492ceb265d8	2330	DEVELOPMENT
r1662	90c6bb49d26be721320c658c2c0eb38bc69235b4db1dee5311da03c8e20e1402	2331	DEVELOPMENT
ACNML	90cd7fb87fc161038e413af26fbb2b246694e73c6e8494992f4ab4284a9b111e	2332	DEVELOPMENT
GAO2	90e9525981f7cc6bc12472dc63a6bedfd8226af53f58c70b9c4ff852608ad857	2333	DEVELOPMENT
r1449	90f0970c396a30fe8dfb29cb285f88cdd4ed7ec59034a2451912c3416fe98f2b	2334	DEVELOPMENT
ARGN	90f20955d8b668acc29a35574f9050f7fab7f850a0f10a4d6bec83dccb780c80	2335	DEVELOPMENT
AHCYStr	90fab25f8a031ed7d131c5c6751348164306034974159744eb63ebe4e3a69fd0	2336	DEVELOPMENT
CYTK12	91134fa7ff0d23199a9c3e55a07c3b85f2f794cb13daeed9b68c8ceae7aad216	2337	DEVELOPMENT
HMR_2946	9120087f1e2d8e2580a05013a57eafb70ff31cbe511b3ff2181cb25efebca63b	2338	DEVELOPMENT
FAOXC123C102x	9123e41e1ba53d25d9885472b93d97bdc0b99aad3a1878f5ea06127496bdaca2	2339	DEVELOPMENT
CBASPte	91340747e31ee26d0cfa0ad07641c38a407127ba575d2f4eca7d534fe0b33afd	2340	DEVELOPMENT
GLCAT8g	91418cc965f4123d591bab41fd1b719bc63e2a625d759d8f3f21ad9a0e48dad1	2341	DEVELOPMENT
ARGCYSGLYt	914ddbe246701704c678a9cd01c49a4ec75010e89e4ab3f03986845b7a3f29d1	2342	DEVELOPMENT
3OHSUBACte	91626ff422448db72d62f47a21aae348379e3da5792fe2116b455c8f75e66903	2343	DEVELOPMENT
FUMm	916f56374b3b2c827d38cac2fc9beefa0c2ac8b63464969a40320d89b2698db5	2344	DEVELOPMENT
FADtx	917297b731585ea0cb67ab8d595acd31d907c9e168c1416e2152dfe87d20dbad	2345	DEVELOPMENT
UMPK3	917ecdae3d3971475ba6a59c7f0526b6b67ac3fece60b4ca608747dfbd546e94	2346	DEVELOPMENT
HMR_2988	9196a583d803437240ca2bb78bfcf35dd394e575242e9db39e4e49be8eceec35	2347	DEVELOPMENT
GLYtm	91a28d2c2f946c793abd6bf2dd1ef19ca6c5fe91df082f77e0ba69ffddbcf073	2348	DEVELOPMENT
HMR_3739	91a83cbfd88f62ea02bdd05755e34b7d54b87ab5796c4bf3d1520ab7bafaeaf9	2349	DEVELOPMENT
SMS11	91a9f70ba6a14e72e31600abe715fc01bb2619999d91b8810665e4d84effdc45	2350	DEVELOPMENT
42A12BOOX	91b23cdb18e23b9bd56594c4c5c6cc1c5d6c463866dc12a17b31d29c1a214b83	2351	DEVELOPMENT
FAOXC2251836m	91b31978ddac11fe793b8624e4a94917daaca782a896043ed1de82c6e5f7a703	2352	DEVELOPMENT
34DHOXPEGt	91bfd9f5dd73acc701779443685dfa358af6a31faae112a3b6cc488278b6f453	2353	DEVELOPMENT
GLU5SAtmc	920182e4209f9c71c105867a31eeaa70acc379d8810538e325fea0b5fa5c752e	2354	DEVELOPMENT
DRPA	920aa3252580cffcafe0eef8b480dc8746f010f52c732a237e2eaf5f4d65987e	2355	DEVELOPMENT
HMR_3340	921851187eac2e90619be52daeefb2bece3965777768af6dc8b9dfd542b7583a	2356	DEVELOPMENT
TRPILETRPt	922948896e9537ad9888584e98802a55d25ce877f2f4216dbb7eb53d844a21c2	2357	DEVELOPMENT
r1456	9241461f864e89c092e747ad30abc4b17ad6face29723430d2377d359821ba50	2358	DEVELOPMENT
LCAT57e	9249bb80ef9b2b90e487b308b1b2c4aaf5650bf8d7307244869bc0f2507a3efe	2359	DEVELOPMENT
PPDOy	924a2a871c9446c44b098f59d12edcd30c9436e8f2f3bec6fd2d222e50a81172	2360	DEVELOPMENT
ARGLYSASPt	92506e8cdfdb8d49a36a984b22c347962e0f861c9d2b0a7eb06917557054a82b	2361	DEVELOPMENT
CORE3GTg	9254f076484827a01d756b8fa8f80afde40d684ba2820726970b0146a6aa7cbc	2362	DEVELOPMENT
CE2705t	92563fb9b3fe066a84f229b6c6340354d6d13bdfe786daf0959b103cc061f990	2363	DEVELOPMENT
DGSNtm	92644d2bb0fe4f250b48bb263c7aff1845780256f9db3535213075aa74885d56	2364	DEVELOPMENT
HMR_7724	92733fd34faab6f76c03ea68f7c2d59229a7e53b1f46edfbe774503d154595e2	2365	DEVELOPMENT
FAOXC225C204x	9282613ca3ad674d70ff33b8d90a964c1cf424871d043af6a86c60d975e32f0e	2366	DEVELOPMENT
HMR_3349	9282b643bdccf10ce04332e037f502a4af48f692494fb42657d74bd835c24ad7	2367	DEVELOPMENT
MTAP	928c8b72ba9a1ff7cfa8c9f89e73038a6ad40ccbddbb76ab9b569c082c9124c4	2368	DEVELOPMENT
HMR_2603	929ceef6af18133bd4423a674d692f6eb808962db07f362735d064e8c12bc557	2369	DEVELOPMENT
r1553	92a02809936b02cabc0f31c1c034e603faa574d62d8e81eeb71d3e5c5a2a5dba	2370	DEVELOPMENT
NACHEXA7ly	92b565636fa6856572d37f60824da3b13263b27e91499ec366a4221b47dde66d	2371	DEVELOPMENT
DHCR243r	92bdbd0ef96457cfd920fba068a3d1f01ad0557f3b5e76dd9b0f93019e0c7bc8	2372	DEVELOPMENT
HISCYSCYSt	92be5fd1f9cc772e13e25a947c538ff0449bb626d9f251343bfac7310d6c8db6	2373	DEVELOPMENT
BILIRED2	92c4f80d2c2f16291a8e1cc7a79df5219ac9d12b133d7f5b5a8260f88b54a27a	2374	DEVELOPMENT
S6TASE6ly	92c80e7bebf8c6f32d1fb15c046b92222d23ec269db23346ecd901ca9b58ee1a	2375	DEVELOPMENT
SBTD_D2	92d6760be7207e7a373cf0f284da5444945b9bdcb1069fb6808da3c91e371593	2376	DEVELOPMENT
THD1m	92d6997ebda126967103c16cd72c5418025066417dbc5c42fc7bdec244bde8ab	2377	DEVELOPMENT
GTMLTe	92df71e1d59c1edc51f8608ad420f1ea80e942ede20a954d14613d31408b8957	2378	DEVELOPMENT
SQLEr	92e4e172ac78226892b545ab7eab5eeab36ceddb6258bfd53e375a94d628f9bf	2379	DEVELOPMENT
DNDPt51m	92ea14eb2023b8985e5580ee1482a1bb36413f5c135f161e972f126e1a09e1f0	2380	DEVELOPMENT
CRTSLtr	92eceae44df9a914733c868e66d47a7c986d1dd11a84ef57005b2c1238596db8	2381	DEVELOPMENT
HMR_3350	92fb1008bdaab0d31cd9902d5415df6e5ac18df484825fd89855f177a59a501f	2382	DEVELOPMENT
HMR_3334	933ecf3395b762cb0b2696aa7bf53445eae8bb2d79178e5110c8123e0789d0fa	2383	DEVELOPMENT
HMR_3058	9347c78999a65845106059683956eece038947e07debc3a7f7757e70a42cc642	2384	DEVELOPMENT
PRPPS	93495e010ef8af7a8d137d23a288554b96f153d3d26bdc9ed2b195a5ea6a025c	2385	DEVELOPMENT
HMR_0394	934f6ec20a785a9b9ac0f02f9087a786f10e1cd807b7222bb5861f2d6d47612f	2386	DEVELOPMENT
ACOAD10m	9361b79ceb010310f98a1f4b29a845e159396dc918a48cc4aceedfd47ca69494	2387	DEVELOPMENT
ACGAGBSIDEtl	938ec90134a3733bc3c8b00c78f9bb62482a147578d5143c5c0915ba18f46e7c	2388	DEVELOPMENT
CSPG_Dt	93aab93f5e2ab234e43b4e13f93107aa57a0cb2e4c7d606e99d8155c85ffdf17	2389	DEVELOPMENT
LNSTLS	93cba0830f71265f8a18cd838dccdd99d7866e82118a1a4a1a6f03a0490bbb16	2390	DEVELOPMENT
HMR_2530	93d1f45a3b8963fce639cefbbd34c53be6679d8651c3bfcd0fd99bb8ec883d29	2391	DEVELOPMENT
HMR_3177	93e44ae86dde5093231f5d1568019dfd1f8eab9aa074578f00aaf4af01b18c0d	2392	DEVELOPMENT
ASNTYRTHRt	93ef1b4682b5b7c61b61b2c90e43ba876fd4ec5d59fc17c72ea0963290f7ce2d	2393	DEVELOPMENT
PE17_HSABCt	93f1261aa6f850de74ec7c6bca2b40602d0a7184c20be6298b2742721f3448ef	2394	DEVELOPMENT
GUACYC	93f3f0fe8f1ea7714ac587d9cbb49046d92635abe68b68ab35bac23f46facae1	2395	DEVELOPMENT
2MB2COAc	940ffcc1cd7455549eef1639df52f1f51edabf539a2070cf1b0c934c86628b89	2396	DEVELOPMENT
CYSSERNaEx	942b7065f4a89b602f5098c718ac91c82133b8ed75dbf961a17b768079d498e7	2397	DEVELOPMENT
NACHEXA3ly	9433082ff6ad1ec72641838123e6f3387848259a8715b6ee2451b44adbfa98af	2398	DEVELOPMENT
C3STKR2r	9454254180254e8bdc08739ae5b8537eb7323bb8ada6e628778c2e8337b18873	2399	DEVELOPMENT
SARCOXp	946d31767cde78ddbcb5e31a99a3cb9c3c93abfbd27aba5b008912efc4479675	2400	DEVELOPMENT
FAOXOHC22C22DCc	947dc3eb85e88805276842f72b3cea51907631942d603c36d55d1ab173cda81a	2401	DEVELOPMENT
HISARGSERt	94890f571ddc595080722fb92ae6bd00a9975ff8d3b1b9793641f82cb0a4529e	2402	DEVELOPMENT
PEHSFABPe	94a4417769a3a1629ec3c5b6447aa1847bb1f1ac73de2af1c2f2210750215f70	2403	DEVELOPMENT
HMR_3707	94a4562866aba70df332b503c92cd7966de2f403c34eb9e2cae32cbaece8cb5f	2404	DEVELOPMENT
SPHMYLN18121_hs_ATPt	94b76a907d828298e759514e58e5ff5fd9cd2a75f7a66f757ff74cfc5dc0d578	2405	DEVELOPMENT
3ISPVStep	94bcce11b57e56454ba8a316a2c5e737be0f0a33eaec86abcad72e6142f1a566	2406	DEVELOPMENT
HMR_0207	94d9ae7a77595dca0be359b01b049080329027f1effb867f569097a5e8d72b2d	2407	DEVELOPMENT
DNDPt58m	9502c0459375d7cfc4a8987fb3e03e9a56be1bd1a4071bf0ec014c69d93e3576	2408	DEVELOPMENT
34DHXMANDACOX	9514930d625ab6175cefc282e38e2f1bcf19f2a5b67aac114bf8ee2d5f30ad1a	2409	DEVELOPMENT
r0193	95397888551d6de3d671603a3fa25b390c984bc8bde3f76bf03e22014dd81738	2410	DEVELOPMENT
LCAT3e	953a54c83a3ee2682da8bfc841863380a10a95533d6fb70166bff56322f7f0f7	2411	DEVELOPMENT
ACGAMK	953c3b767f80448867a017488ae8bd05e3d77335c91aac40516361df6df66481	2412	DEVELOPMENT
LEULEULAPc	9541a5434ea9e83ff6af7f45fcfc14b91216093b0bdd3e030cb37380ba0fdcce	2413	DEVELOPMENT
HMR_8271	9544cda55f6e538cc8ca505a67dd5e7bd6b7f478b28554e647e2f6244a388457	2414	DEVELOPMENT
HMR_3174	954e68e30e72749066cad350269091cde774aecf5d5d744867914bdec1248738	2415	DEVELOPMENT
LINKDEG2ly	9560be99cf435ddbb86bca99caf4d74baa8573fe4aa10ef0ab51e3d7be30b499	2416	DEVELOPMENT
ARGALAPHEt	9561d4f70d7e4da672f3662928817a486768922a950e473b84edec8a104876ab	2417	DEVELOPMENT
CHLSTD78I	956a2c71defb05ba6164b26dda7c81b90222e4e2cea07e6fd51c43d662c0d488	2418	DEVELOPMENT
OCTDEC2ACBP	9596b9713ed214263b26146a81e04f4533ea797c6c02e4a1a8dedba1d28d0ee6	2419	DEVELOPMENT
FAOXC12DCx	95abe024352a1bfc177db990ecf89c2e633c489e7c760d89d4e7d7e24bddd59b	2420	DEVELOPMENT
GLYC2P3Pc	95b76bfbfdc23aec9252aa7e6ac406caeee6c147df43b689c7c0bebe0cc66a3e	2421	DEVELOPMENT
HMR_3629	95bd2917b487c6968e51d824ca809f1e8d7f26d8dd450821d0d198e5821dc6f5	2422	DEVELOPMENT
FAOXC163GC142m	95c8293718cf46b08f3dc27c2470610dfc467c87f1ebe75c0f64ba133ad13527	2423	DEVELOPMENT
r1627	95cf68f570842c6895500c6a8755ebf8e12f0195e8544099fb96b4053688c8ce	2424	DEVELOPMENT
CE2537ATP	95d4cf2c3f5c0af269cb84898c7f8ed305dad2dfa351fc5c5e767ebbf5aff816	2425	DEVELOPMENT
HMR_3346	95fe906a72953ad63cc59d7b6eb4a1b03a88f14ab57962ec387df20a2bb105a7	2426	DEVELOPMENT
G3PD1ir	960a32ee9e39a9c9bb87f8b5f305b8a4cde1e750946095e651bf0abcb539819d	2427	DEVELOPMENT
COAtr	961632ac98f6f5ea9154325bd59c29e638761b3de2813478292ee8e17d827ee1	2428	DEVELOPMENT
HMR_2731	961930768544754638a8726f8fcc8bfa6c91f2f5d0fb115965303537e4a19e2f	2429	DEVELOPMENT
MI145PP	96338a7a71b38a8a34b847a0aa7bdd73867cc7eb9ec9f384d86c4b299f990f32	2430	DEVELOPMENT
ARACHDCOAtx	9663cd2e77b4036cdaa33e35b2ab9d2236351d49cf2102b7440f30d89c3a9a1e	2431	DEVELOPMENT
HMR_2983	9688f9b6939ec7784257441083576c0348df7da1768bfd77e56d53bc3243dde5	2432	DEVELOPMENT
THRGLNTYRt	968fa0add5e62dbfc6dfa0509e9d5ba8f4b124ba15b183cb48f92632e5bfe4b9	2433	DEVELOPMENT
XYLTD_D	96a2087d0e6123a46d7844cc1a46e00b90facc07dea0708b17fe0c2ab817ff7c	2434	DEVELOPMENT
r0555	96b70a4eb877f1e75d6da0c3c82726e4fb84346401a1ae22bc4e6f449ea275e1	2435	DEVELOPMENT
NACHEX5ly	96bdf878e93bb0f319952f8278ce9a5e3fa9f1f87bc1b84a6f99ad2f231f0fae	2436	DEVELOPMENT
PCHOLN261_HSte	9703a4600178d3639f7195f8433e9366916bf890834062533af6bcab630d2c5e	2437	DEVELOPMENT
r0517	971a268cc38082fb1c1bdcde4aa27ef9f9f74202dd849fdc62e63ca20b3f9676	2438	DEVELOPMENT
FPGS7m_1	971c67e143f035cd60c127d52d3c453afafd58d782920490b64fa2212124ad6e	2439	DEVELOPMENT
CE5025t	97373e17415907f4ad91e0aa5a87bbedb3a14a8042b70b90da5293408710d65b	2440	DEVELOPMENT
SMVtv	9742e6e233be3c8383caa95d80d29f25abbdeea4418e0b6e203e3ec8d402b1a9	2441	DEVELOPMENT
HMR_1981	97465a7e65961ab3aa4ffde56a3d4ea0987cdf31e863c4b0108091d0e040528c	2442	DEVELOPMENT
4MPTNLtm	974860e241cd8a2bef14e1e43281971b68bd78230e6d4cbfa8b2e37aac692073	2443	DEVELOPMENT
HMR_7758	974d5d91ce9b01daf7f6a5a9d2767173fff8832f84cc812c557052c312f409ea	2444	DEVELOPMENT
PE12_HSABCt	976b90da9bba54c4832035a056b698b582fc906ef7ec7f8e0be779d03173009c	2445	DEVELOPMENT
RE3430C_1	976df28cc6dbc5fe6c740f01dd89100133d286c59c621cb5feea81b0c143a3d3	2446	DEVELOPMENT
2HIVc	977696a80d4ac01902b7f693965d49245f9480984a4a22b146351151df8773bb	2447	DEVELOPMENT
MI134PP	978f715f1265ec627202e9529a10bb7c8f4f480b1986bf3a436588732e974e12	2448	DEVELOPMENT
CEPTE	979e7e61fcc05f8383e99eebf410c48fefe62c4c77f257f3d88c2dc5394f3c3a	2449	DEVELOPMENT
TAUBETAtc	97aa8a517f50f80a57056b48354d615b7392b6b3f746aedd8b2578fa2af8b2b1	2450	DEVELOPMENT
r1605	97b54bf7fc63a152a837b82ed3e2aa37d9df75397f10d8fcacd4cd66079a9605	2451	DEVELOPMENT
r1993	97bcdecbfc3add128979e0cfb0ed81807f7067f56a32bfdf70938c55e2410433	2452	DEVELOPMENT
THRGLYexR	97c07f489fd73083acebde05d7b0e99755de4b50d31c5ee855c3f8bb6e677376	2453	DEVELOPMENT
HISGLUt	97c51a8a1faf34d996ad5a62c81da60b525a36f61f58d27dc3e2c3c4e8e2562a	2454	DEVELOPMENT
HMR_3654	97f6bfa61da5739b9de88fc1b23b6e0cf1a58ad80573276011b0ff5fc26c5085	2455	DEVELOPMENT
ADNt	97ff49d4c594ccac49671f0d279841b937eedc89e2a1f2c8eb8406ddb63fe874	2456	DEVELOPMENT
LCAT2e	982165f0567175ff1f253381565557fcd4388e228d52e37690b6335762260bab	2457	DEVELOPMENT
HMR_6363	983076aaccecf895682ccbbec5f7aab25484fb8039703ad24412d9b3e259df39	2458	DEVELOPMENT
INSTt4	98634cd127579bb272b1f3c3b3f58cfb181e05672f772d77c350aaec89cb3aac	2459	DEVELOPMENT
NDP7er	986b816d0eeb5021f88321b4ae7b9d0096feb766087ed44e2a46f5a2385faf1f	2460	DEVELOPMENT
S6TASE12ly	987426c6a2ea1714dfb8df3bb842d7b01b7d65c584f3d75dbb606ee6dd56984a	2461	DEVELOPMENT
HMR_3204	987a6e93e09d5336cc144430dde0eb4fabdfd6b21aa652e51b81f3acb52f52ab	2462	DEVELOPMENT
HISt4	98a2f4e349fe82dc7983e3a4335dbe805adcaf609a36ecaeabdd4cd70a91a843	2463	DEVELOPMENT
ADCim	98b9648b69059fbe1e5544a8422e84a8b1ced13014d0dc933f738abf9959d153	2464	DEVELOPMENT
FAOXC185m	98c8492b9b9d020159e0cf1e8354ac415313210b9ed73f540f5c75af7be2cc7f	2465	DEVELOPMENT
GLUARGLEUt	98d64707197abb3715daa2d1b781bf608003698268d70e3dec2e7f25de8469c7	2466	DEVELOPMENT
ILEASNHISt	98df73cb3aa85f7540dec0ff261ca93dea8fc716c621e9a0d0848575f7927c15	2467	DEVELOPMENT
RE1836C	98fdf15ef22f91282e51f27c771da49d7a345d4e7db87a16c22bd9d9db4a02b0	2468	DEVELOPMENT
r1634	98feee9aec910dd3b243166f65b99363eb79a8ab78911ae9c6d45922d656a2be	2469	DEVELOPMENT
GALNTg	99065ebff16a2b93e0749d7eed49412278498f130741b44770b6c9e6b344eebc	2470	DEVELOPMENT
PCHOLPALME_HSPLA2	990dc98115c2ba929607d2055db1049c7c9a8621ed4419e7c502623719a3d1d1	2471	DEVELOPMENT
GLXtp	99188d7ff2338b2afd0dd5fbc8c341aa7617c537a6752265069e3e792668fc51	2472	DEVELOPMENT
HMR_2968	991b8fbad7cd1c1724a8e5ef6460107fc1711f01e81c1d12a160a88a679111ee	2473	DEVELOPMENT
PI4PLC	991ce6fdd31823bc88e7a784e7dd59617ba4e32cc620761c0c0af7daef814c6d	2474	DEVELOPMENT
ACOAO7p	992194671cbb3cb80b58c4c7e7aa308688f2519777864f64c6cb1d5bc433d1dd	2475	DEVELOPMENT
PCHOLN203_HSPLA2	9956acbb2c2501912e6e7f4142a3091aee8e207a35f73959e7f6f98d9541503b	2476	DEVELOPMENT
FAOXC160140m	996672280c84f477e1f41edaea9de2e7802f2cd3b373917b6dc653461716085d	2477	DEVELOPMENT
r2495	9983ce09e8f1018b339e5367f551e30c6856b67d7ea57a162ab98f3c18e4b80e	2478	DEVELOPMENT
RE1526X	998f1b3f563a4cda7f677da529b009c49afeac2f9da16c0a9317d621e692fa28	2479	DEVELOPMENT
O2tm	999773c3ec50a1bfec10d71b10f5653dd980af2ccb71533f7703cfc6c61e67f8	2480	DEVELOPMENT
RE1517X	99aefcd7df880a5aceda5eef750d2093845fb8b99a26452dc52038f44c2ea569	2481	DEVELOPMENT
r2394	99af8867178b39b51daa59ef5f1525b1b904d38db8e0d9ed50317a2248881db3	2482	DEVELOPMENT
NACHEX26ly	99c192c592a396ad48eb04ca9f1f0db5f669894c1fc60eaaa0d9d4dd2c101992	2483	DEVELOPMENT
SMVHYDROhep	99cabfee5e9c5b38979d8d5d42e56a6acc1defb38f96b10502063c2b60707f2d	2484	DEVELOPMENT
HMR_1766	9a03b448fbe1e7d7dab86052477bdfac462a26871d006e49f896854a8d683892	2485	DEVELOPMENT
APNPT	9a060c58b3f0aa74e557c6f462345f56ac3c9e49dd1c9dd16a2e099c71da0ed8	2486	DEVELOPMENT
B3GALT44g	9a176b3b1f7b77ca3dcec51550ca41a37b9ae85a3c4adf30c21976f8ea628ac8	2487	DEVELOPMENT
3HPVStep	9a18143b92f8ac66722e0dfc5603c01570c11b711984e1018edb12bf6c9ca874	2488	DEVELOPMENT
CHSTEROLSULT	9a441f5d5aafac08c574de7b83892c75bcff67fb8e797b9e4a173ccf94a33e53	2489	DEVELOPMENT
HMR_2693	9a505548eb10ef7ec6aa33543ea315d5f2f44ee6dff880f0ab21545e0b22c583	2490	DEVELOPMENT
ALCD21_D	9a8db7378b6828417e1734c3c150bb91517d2f7d5c327e34ac0d48140f5ec193	2491	DEVELOPMENT
TYRARGGLUt	9a921135022ab014910136a3af7474ad511adde41095c87c90c2507a9b39e7ba	2492	DEVELOPMENT
PAFABCt	9aaddfe1a000a4ae5fd32237ff1f4ea549f3832a9d6b45f52266d543819af89e	2493	DEVELOPMENT
LYSCYSHISt	9ad4930dce8882d0063cc080032e0ff6c202fafb32c36c3e9fd953e882d5f2e1	2494	DEVELOPMENT
PE15_HSt1e	9adb5ce5ca6f14608d4120f37b94b2e6b7d3dbb68a4923fc19a6b5259b8c8760	2495	DEVELOPMENT
PAILPALM_HSPLA2	9ae01f7b86c1eeed4ac58a23e2c050d0e6b4a14f808a6d022ace9f21a8655c23	2496	DEVELOPMENT
HCA24GSc	9ae2da03db988caf546ad653986e8ebc1c724a9fc3de23971175593568d1147f	2497	DEVELOPMENT
NACHEX1ly	9ae595005fcf14fb406fe08424097bcbb10146248d37fb5a85b4714fcacd432a	2498	DEVELOPMENT
HMR_1321	9af553c541fd59651a53d391ea7481642f582edb5dca58f7cddac83d1ac5e074	2499	DEVELOPMENT
ACER22g	9b11cbd3bccb871c98498c37cff13ca0fdd15e844f2788e6efb96c974a1839a5	2500	DEVELOPMENT
GLCAT4g	9b44aa89c4df6672f4f57eba9f5b04bdf76230c78a5adceee0e41873895d23af	2501	DEVELOPMENT
FAOXC6C4m	9b5b0a6640711140769057821bc3b77acf0c33a68f93496b7e1f83ef2ae55630	2502	DEVELOPMENT
HMR_2218	9b5c3c1ebbd6b1fc4cd0049edbe796f3bc7d43b843a5d60873e4188ce35db41a	2503	DEVELOPMENT
RE3154C	9b6f54cd4c24832e67a15b495b2699747fc5b266ab4a56a89279310ebefada1f	2504	DEVELOPMENT
r1588	9b7a25358e30f331692ad4a9f184430e0ee9ec52dfaaecf93e78280a55f4fb8c	2505	DEVELOPMENT
GGH_10FTHF6GLUl	9b9c4df68efb7b9fd0e54f9c75855075d6b64b7482dcc8ee2b49b99a192ee289	2506	DEVELOPMENT
ST8SIA12	9ba112582b7f7b3b2da9d2e2e6b97ba8982c3d499e5011ef5a0f545302e6fe81	2507	DEVELOPMENT
ARACHCPT2	9bb14ccc5d2421845c9c168b92e9e0a7a83b632711bf48b62d19665d41b2982f	2508	DEVELOPMENT
TRPTHRILEt	9bdf68d4fd1ff7ec472811ca6e08a06882eea3829eb66538f0f698650d27366f	2509	DEVELOPMENT
SERGLYGLUt	9bef5fe3bc2f629d9e4c6f998b8412a939087d307dbe7caaa0a7ad5988b1f7a0	2510	DEVELOPMENT
CARN180t_m	9bfab14445288680a369f9d1c052ee80412995283b0c98cc968115e22b729742	2511	DEVELOPMENT
r0915	9bff0ec0d62579822b9c57096fb19fa9d03bc0872888b1353a33b923a6027458	2512	DEVELOPMENT
PAPtg	9bff5a0eaac6693d2228c61a61f65bfb8366052c0126db3eaa6d7a623d74978a	2513	DEVELOPMENT
FPGS2	9c1ce409d136b485d32d17e1f65950a1d04d8d15f82127a010aff705b9c6a354	2514	DEVELOPMENT
GLUASNLEUt	9c1dbd27281972dd20f993fe094a61161ffd4528471dc2ac403496ca77cd5ae1	2515	DEVELOPMENT
RE3005M	9c25fdb389a5675643d5ebb661a3b7ae8a5cc1b2b96b9609610e93e2723abd7c	2516	DEVELOPMENT
GTHRDtr	9c264d19f8ff20008afea0aa7f85e14af4748476e2d843cec83533065553ed02	2517	DEVELOPMENT
r1658	9c3705257c7b5d7efe6e77fd3eff5d2722f592e20e126bf58e799fc7cb158f9a	2518	DEVELOPMENT
ST6GALNAC21	9c7e9d3e4bdeb2d60e4b81bafe29c6404ba2f7a9e93cc5eb497c82436c6c55f8	2519	DEVELOPMENT
GLNtm	9c83d5c3a4cace061df9aa68653943ff6f4b51277aa92d2804c2c0c2593cb5d2	2520	DEVELOPMENT
r1175	9c9219b7dff334fb603c6b21331b613556cc54c408b9da640532ff6f8ada7d2a	2521	DEVELOPMENT
PHELEUHISt	9c9bfc9411b285ba914d1150c310795663912adca7d3e7cd357b7ab3de7304cc	2522	DEVELOPMENT
UDPGLCter	9ca5295e56d327b13281c80cdcbb86ffc9c80dcc75fc7a01c10a394bfc1015d8	2523	DEVELOPMENT
HMR_2484	9cd831de74d48eba9c75e9b31cc53d7bd344dd1117a1434ac899b7af8baf277e	2524	DEVELOPMENT
RE1526M	9d0325e7be3a0903fa666c863a8099944d11dc6a6ef0eeed29533f7b5c97bdfb	2525	DEVELOPMENT
SMS16	9d0a0fa0713ae34071168f633d85b5e6763d56b4491b87cef9f0c00d92ae804a	2526	DEVELOPMENT
DURIK1m	9d25abef51ec8946e2ebd9f8bd7ace90969165ff555246c125fc6a6ecd862e09	2527	DEVELOPMENT
URIK2	9d3706a12ef4304c2ace1daaa8db6916fabad67cd0e473c0f6be1a87f57844ef	2528	DEVELOPMENT
HMR_3426	9d42d6724bfa59dfe885630c2c3d8444a37469caed7af2518226392a36dc50a8	2529	DEVELOPMENT
GLULEUt	9d4b6375a13e5be3f8f96cc48c3f84f8df93349cd5fafb1ecccc357c68720559	2530	DEVELOPMENT
TRIPVSteb	9d548231acc732976953481d99fad1548cd6441883858e4ae438f32932099cbd	2531	DEVELOPMENT
HEXDICOAACBP	9d5770df6b26e5ae3889dde4fdbf66512a6184da4ccb06aa1f436faff19347ab	2532	DEVELOPMENT
FRDPtc	9d59d30a384df03cd294b56538ab5744c86ed5c06f3ec77234ba5e911482e360	2533	DEVELOPMENT
PAFt	9d59de5340b5e94bb280ded11f83289df6dc7e740cd32401b988852bc3c4a127	2534	DEVELOPMENT
5HOXINDACTOX	9d5b77ab9115f07dcb064470a5d6005383e56bd0f1fe4f7eaef947e571905820	2535	DEVELOPMENT
METAT	9d7d6be31c3570632fc3289906e87bd04233a321bb4d5a2e2df63ddf07a8f7e1	2536	DEVELOPMENT
TUDCA3St	9d9de2ca1fd016ee0d5816badb08540c304526fb49219f7abeb84ea0117f04cc	2537	DEVELOPMENT
S2TASE3ly	9da0675fbd2069455e4aa636eabfd11d642b6916381a27d8cb6ce4161d2b8fb3	2538	DEVELOPMENT
S2TASE4ly	9db4e88adb167301c77f21f018218e1376c8b05d31d6fbc7b12210ceef45dbdf	2539	DEVELOPMENT
2M3OVACm	9dd074791a7492fcf2a2b8c1fdd5856025ac55746f54ba58ca6ff0b060ea2d26	2540	DEVELOPMENT
FACOAL2252	9de15d18272fad532f23358d9cbba36bbd60bd49780b9a109df5e647d1c5cdd2	2541	DEVELOPMENT
MI14PP	9de26f6c390a99751ada955200173022fb3d0bc338d134486b7ef56aff474e09	2542	DEVELOPMENT
SPHMYLN_HsATPte	9de4168467b27265782eb7fe6570999f3538479f701237016100892ccfd8ddee	2543	DEVELOPMENT
HMR_2356	9df203bacf24c0fd91f6bc2384db935f4658128fa0f0f5738761885534feafc5	2544	DEVELOPMENT
PA_HStm	9e1175f19934bfd85a33fbb2d1fa2571b8d49426c38ae70faee98d44fb1b4f73	2545	DEVELOPMENT
DPCOAKm	9e16efb4cb9890328b4a37a6ff46847269b4ad7d7f388c68f8df0355c0813e37	2546	DEVELOPMENT
GRTT	9e2b7f0e5ced361ed4fc8542582698f7ec71ad08db2d7726d89e77f3c154dd35	2547	DEVELOPMENT
HMR_0278	9e33a2326c53f7475aa88fae9e609aa8f4d8c7c68dbb53e6e1727f46989c218e	2548	DEVELOPMENT
ILETRPTYRt	9e4631d57b50bcd5527241acc6dd88878afb30f1211a4c9c1be83edd3e6311e1	2549	DEVELOPMENT
r2374	9e542faa381eec41ceda7d2971548325b1425663c2815b04678591b6f7e6d57f	2550	DEVELOPMENT
CSCPASEly	9e699399bb3f3daf2d3abae2b248b5d1f18c45541820ee5482fca54843ca1d2d	2551	DEVELOPMENT
HMR_0812	9e808eef5f86c9342454d4e29942027cee8b8b4c0c72bfac075ac9a29c1f0537	2552	DEVELOPMENT
THRALANaEx	9e920c5227c93e5f9eb6ad372580e63776f0f629a2b6a6f0ded1b88ea27d0a68	2553	DEVELOPMENT
2OXOADOXm	9e999db0cba4001623c0a8abced6cf041470246552120258e94c6978a2406e7b	2554	DEVELOPMENT
LNLNCACRNt	9e99da2ba9ba11ee47bf30619fb45dac5b03116bcab042bbe62739b957dcd6ea	2555	DEVELOPMENT
2AMACSULT	9ebc660be5a431e9f3a86b36f068eed593e2895538774e888f8c58e2cf34014c	2556	DEVELOPMENT
RE3012R	9edd161d837d1090056df18af64a81d6d8e11d1d19fa7fdec75510e56a3210bb	2557	DEVELOPMENT
SPHMYLN181161_hs_ATPt	9ee5fea2c2c33e7a2881d2a6f745f3dd6962c7162f5bc6f5c0ae61067ee483e6	2558	DEVELOPMENT
RE2655R	9eea4fe480eaeaecb53335bd476699c878f9ea23325bb7760ec949c85a178751	2559	DEVELOPMENT
NADPtru	9f2becb0c67979414a4bbd8eb5a0b6d7ce71445acf649b0058c8f2153223ab22	2560	DEVELOPMENT
Q10H2e	9f515a463373b817ccdee23f494cd9c809e3ac99f52df1bab53279f35266a110	2561	DEVELOPMENT
SPODM	9f5538bf69c68e470a1a7ea32c822170ca9f83259f27b5d2a2e6ae8f1958083d	2562	DEVELOPMENT
IPDDI	9f576ebafbbaec9232f25d8beed90a26a60f2be8f4f6936a816d10bfcc89c47a	2563	DEVELOPMENT
ASPTAm	9f71ee2a7c8bbd57b40a5e35a51bf5ceb7dd3c3be7b3da4d1aaf254fac327356	2564	DEVELOPMENT
HMR_0391	9f74420e626878b6014acc5fc74cea0768abbd68667c17acc03efdbc9bfc5c3c	2565	DEVELOPMENT
HMR_3690	9f76e65407a5f9ea7a5f9a01f1bc774aae26d75b37b29e0cfa28c3341f847bba	2566	DEVELOPMENT
RE1527X	9f76f521d54e2a8aaa25d6d97048c72822bfd979294453721401041bc3770570	2567	DEVELOPMENT
LPCHOLt	9f8fbb704ddfcfd8ab75f4f83b60dc306f18e30a3ffc343bb0f529bba782c474	2568	DEVELOPMENT
ST8SIA51g	9f914590c7eb44721d25d0ed6ba2ebe3eb00da0514a6185798fb1485b8a72652	2569	DEVELOPMENT
r0698	9faaf51a2574ed327ccb5f6eefae72bf6d467483df9b01c04a646c6cc698302c	2570	DEVELOPMENT
PACALDtm	9fbaaa3d4bd0248b76f9f21a24c3258acae67013c81437a7a5c868cbf3841adb	2571	DEVELOPMENT
P45011A1m	9fc4274d5b0c2b177ac96ef5063b2e944169626053b47c7f3c69a5b9a35b09ff	2572	DEVELOPMENT
UDPGALtg	9fc4ab35f8ea507d042c258a0f8224eaf8f6975f8d947e03a351b0fbca61a27a	2573	DEVELOPMENT
TRPPROLEUt	9fcb007142174e22dcffa675be1d86cd32e493972826d40b12504622eab7df38	2574	DEVELOPMENT
3MOXTYROX	9ff54370408c8036933dac58707230daf74f48c895bce95aa098409b1523333c	2575	DEVELOPMENT
SERLYSHISt	9ffd0c4043e4678eac2803152941a794c74b450bb7dc684cb73c0aae567049b3	2576	DEVELOPMENT
HMR_2972	a020c4e4dfab6ff0651aa7e2c3e828160c7c4d0cf9f7529250b48f5cd9c9ca10	2577	DEVELOPMENT
FAOXC226	a020fc941088af2752668db81240486524408d6288f021f2303f45ffee74c4fb	2578	DEVELOPMENT
FAOXC102x	a03bd2bd0a138840412fa157032165537ed79a73182ca355adcdd14466a602d5	2579	DEVELOPMENT
C04805td	a07399c6f25fc8bea7f8f1b0c8a400cc16cbef56ca462f5fb2ebb37c473b7759	2580	DEVELOPMENT
NDP8	a079077d42b3b575d48a3a0e2f4f26d738e0d0ff578f4f6e8b744fb91914c2be	2581	DEVELOPMENT
DNDPt7m	a07ede86f33eb8d741569d4dfe528180a6787cd22dc4c879aebedef2726f334e	2582	DEVELOPMENT
HACD1m	a086fed48bf4cea66a69d39dbeb6dbc38183abfc18ad7f2f3bcee92f4f9f808d	2583	DEVELOPMENT
LVSTACIDhep	a094efe3ba02863e9245a445971cae8e3237812b196f3a774aea90f4d515f162	2584	DEVELOPMENT
RE3106C	a097969b35e61669f2479da09929497770b4119223d62a66644472a27439a258	2585	DEVELOPMENT
S6TASE13ly	a09d02813aa95e00ce00eef430d744cf576311f630eea55d88a4ca46b3fc930a	2586	DEVELOPMENT
ARGPROMETt	a0ad399f00fe74cdbc83db2c16f64d2eb9043c24f0b127395468c4f9e66b03bd	2587	DEVELOPMENT
GLCNACASE2ly	a0bc3b7ee67c2da4339cb8f74a008a1869d7a709e9706432e94f092e7a1fb51c	2588	DEVELOPMENT
PCHOLN19_HSABCt	a0c557b0de82a027c2389396fcc4a177aabaf9b87cbc88e1d24dad0138bce3e2	2589	DEVELOPMENT
NACHEX3ly	a0ff9c200808d9558624aedef07fa5cc6b238e52f18fc6f3d0e494721b14b798	2590	DEVELOPMENT
HSPASEly	a1120b322e451e5bb2091533043d6b4b228535db2408c39ff01f0bd125f9705b	2591	DEVELOPMENT
HMR_6550	a11240ad726a34e7cf2ba532fbc779835cdde25d888fe93640d5cebf1e178588	2592	DEVELOPMENT
PGPP_hs	a1171fe092326599de741409e784ab4c8faeea657332560721ba02f4cc405393	2593	DEVELOPMENT
CO2tm	a11a500a820d7acea9f2c75673aee083e10482308f5817e30a7d2cede01b2246	2594	DEVELOPMENT
RE0574C	a135b5fbeae19e1a9e7b65ab67a482c62fa30681e3cb5b313673e5ae227d9518	2595	DEVELOPMENT
HMR_2942	a1390b38239ae20d47d2612b5a9b5006cd59497393a144945e824b04dccb2145	2596	DEVELOPMENT
SFGTHi	a13f6cde192fce056477d576602911be79c469488cf5c400e718e0ea89089737	2597	DEVELOPMENT
ESTRADIOLtr	a1409b864bfa65cfc6afa63fae8144c437214f20c914d0420c7fbacb51dfe10a	2598	DEVELOPMENT
MCLORi	a143b871a0519d37cb93771f9f29ac3d68f26c3989b72389f4651e225ac3a4a2	2599	DEVELOPMENT
ILEARGILEt	a154f7f026d3014f8720343e7e98606549f4fcde183ce6d52ab589729bb42796	2600	DEVELOPMENT
ARGGLUGLUt	a1617802803e25f014722d5ac883a200857e78e33a50083694990e69797261ab	2601	DEVELOPMENT
HMR_0289	a16223b5fa4db75cdfe6874f2d41d9d5d759df6d504167a2abd90fa06aa60ea1	2602	DEVELOPMENT
G5SADs	a1951d880780587d2a64b23da20148379ff9970fb46ca7277fe8d00858cdcbdd	2603	DEVELOPMENT
CYTK14	a1a62fc75006d5b4c8a2d9822cfa668c5fbab02458d86bbc834f0df1d885264c	2604	DEVELOPMENT
GD1Cte	a1b56832dcdb0ff004a7581748833d9a811285dceac987df9231b0c9769bc1c4	2605	DEVELOPMENT
HMR_1781	a1c586a8545845c6a9a7e3feb52b39991acac5d60ea4132d250a96213ae20e1b	2606	DEVELOPMENT
HMR_3102	a1d688779fd6e2b4e02b6c561ee1679907cb579809a041d25ae8149b4c7f0fe0	2607	DEVELOPMENT
GLYC_St	a1f057522134c26e79f0e116fe46c3c132cb3ba0eeae4c7d281c5d149d4cac63	2608	DEVELOPMENT
S23T2g	a201e2f92997a8fe11d9b0b451ab7ba9aa6e4d8d2ed81f5426299226a084934e	2609	DEVELOPMENT
PCHOLN201_HSPLA2	a206f38b07749e7580ff036a0619227da358983c13dfebdbfe6b60747f9156de	2610	DEVELOPMENT
HPYRRy	a21cb51cfe8d3e35c141d7663a1104a77ec77390c0784f2e2d312b0182cac46d	2611	DEVELOPMENT
HMR_3725	a2368338353d145680ee3293dea7b0388861f89c44fdffb2622724bc20f078c1	2612	DEVELOPMENT
HMR_2679	a23f9a4b318fc8c5c88abcb2d048904976b42c5e84656a2e89cd16a71a3f9655	2613	DEVELOPMENT
HMR_0247	a24810d8c47060482c327f234ade58998b16f17c6df1b868d6f1745e85cec398	2614	DEVELOPMENT
PHEPROARGt	a249a10ebc91e2ba0d395971baec6ce0fe29fe6df1c110681e3300176547078e	2615	DEVELOPMENT
HMR_7257	a25c86726f7045719fb9998f5b840ef0d712384652ab22e8db7180673ab970c1	2616	DEVELOPMENT
KSII_CORE4tly	a26a25587f31281bb1dfac6a046a31a9be79bf5f335c123a855686dbbddd3999	2617	DEVELOPMENT
HMR_0281	a26b798bc1557fd765f4486b10a3f14aadf50ea15462ffe25df1f51c5b742fa5	2618	DEVELOPMENT
PCHOLN225_HSPLA2	a28c875aa62769576a4f8e37793154ebe71d5d9871ef115f27e5221f3277ec22	2619	DEVELOPMENT
CSBPASEly	a2b0a4c9d423674e09e7788e33c67067760488e4935bb0298753e491e7beef30	2620	DEVELOPMENT
r0963	a2bdb40030b03bb109a4f71ba2584a2e089b1cbfa8187a1ba0a33b4d84730d62	2621	DEVELOPMENT
NDPK5	a2bee34e55d9beb4631a6a19108e340ac387f3e4d68412210bb940ab6746829c	2622	DEVELOPMENT
LCAT47e	a2c066b26a629d8c319c5619d0fcbe79f8daf90274cdc239b70b5bd41086a296	2623	DEVELOPMENT
r0870	a2e5b49cdd12bd0ac6486b480b4a0d0a0021f63264b3744f04f95bcc8d9dbe84	2624	DEVELOPMENT
DLNLCGCPT1	a2ea289a308a59caa85e5b42388e2fa50473a6b00e512c44a2cea1be214f5569	2625	DEVELOPMENT
THRSERARGt	a2fb42a6656e5f683e76ebf78601f18830cf239fb7d33e37c3b3871e1c5e586e	2626	DEVELOPMENT
PMANM	a30134af4660908ff98cb8c5e3c69eca403d5bf21dcce5823ffea307997a84a9	2627	DEVELOPMENT
SPHMYLN18123_hs_ATPt	a31bbe15063f3f7603cfff0d8c521b8076dc039ef20683d94514eddc83945b29	2628	DEVELOPMENT
HMR_3422	a334462eee9e549a7b711dd10eab4f2bf06e5689dbbdc66b1b5984b333c15a78	2629	DEVELOPMENT
ARACHCOAtx	a3472d689d7883a5cb29b743bf6dc8e9493eb8612694ead4ae51048f8b3cd4ed	2630	DEVELOPMENT
HMR_3706	a3867d415f55529a378482cc4991d3b046ececd6d2462cfb6533fbd62766b69f	2631	DEVELOPMENT
NORANMT	a387cdd4c3b435426b8ddcc4f23923c4d8f16800efe71062a49a9ae41782d4ed	2632	DEVELOPMENT
T4HCINNMtm	a38e147d8bcae59d0d82512faa0394bb438f2ece38113033b2d1630b2833bc0f	2633	DEVELOPMENT
CYTK1	a3be59ba8dbaca6ffe2a0cab7d09b33253082f399d5b8a4c47abe1a976af8d21	2634	DEVELOPMENT
UDCA3St	a3c73d528ec022390264fc9b5ff05f806d50a9b854d022b66f477970190306e2	2635	DEVELOPMENT
ACNAM9PL2	a3ce0f09adcf9bd4e1001de72a600fe6e69016006fce72a8f151d313a5a5d7cc	2636	DEVELOPMENT
CRVS1tev	a3da9044796768a67ed1d41fefbbf827d58dfc3d86822b4fef6fb06076a0d0ed	2637	DEVELOPMENT
NDPK8	a3de1b8524822b8bbbc8f929d00f53b053509492b13a7658b4e15e8e587788c3	2638	DEVELOPMENT
HPDCACRNCPT2	a3e641865cff684a9daee2fa7bf3d9b5c09d17475c22318703a2d608686545b6	2639	DEVELOPMENT
FUCACNGAL14ACGLCGALGLUSIDEte	a402cf998067dfca8f8272a19d7f62a5964a4d956c94d38c03059ac6fd569883	2640	DEVELOPMENT
ARGCYSSERt	a409e46736910916b31b17794044b85a6f733fa46a581b247d57767a3295b01f	2641	DEVELOPMENT
4HATVLACtep	a42c3ab4ef49ee2492979a7519f906c173cda5dfc6d71ba5e07dc46ffd234ef5	2642	DEVELOPMENT
10FTHF7GLUtl	a432611504a947ebca4066cac4e01869f7b254f7a5c0af91fe798ffd024f4891	2643	DEVELOPMENT
CYTK1n	a43973bddcfaf908c3b6d4b23d21e24a5e6a3a037a7b2bd572df6517b3bdfb58	2644	DEVELOPMENT
r1652	a43b68b87bdcf4cde7ece622f671a04f6c37737d9df29f38e3a376fbfec25988	2645	DEVELOPMENT
FAOXC5C5OHm	a44408aef1e9c5804e5e3708728f9565d1cc316712e56963628f884218b073aa	2646	DEVELOPMENT
ADPRDP	a4486ef1c2e67c9d1dc74d291be4a57c569d9e5b2f4ccf7ea0fa97f6de386a05	2647	DEVELOPMENT
CDSm	a4543dffd1979be64745f05c2c0a731f4b5bbcbbccb5817c6d3f39401cde7fae	2648	DEVELOPMENT
UPPDC1	a476d07b4cee1c4fd13f28c925840194cd92bef9b94ea9858c12faec3e822cbb	2649	DEVELOPMENT
UAGDP	a47d515542966b7f15908d9d2280b31cf52c47b33ea1e176eb04481bf6503137	2650	DEVELOPMENT
ASPASNGLUt	a4812bf44599c99c0366d6f18570e4f31b91b9d184255a179e1af98a9f0a608c	2651	DEVELOPMENT
HMR_2989	a482495d061c04fc8088e0377408671197f5e62842a9611cd5c735b1629516a5	2652	DEVELOPMENT
Uritl	a48a81edda3e932e0d2fd9c533b5bf312c100e17a8bb6c0353141cca288b002f	2653	DEVELOPMENT
HMR_1701	a4955f9e1e936f2ea4d5899249ac700cec2cbdc60d6dbe75d5612a6abd0ccec6	2654	DEVELOPMENT
PE_HStm	a4a1f66cd4a33e1ae89f65bbab8bf94adb878a9fb45484ed02b24542d1c8920b	2655	DEVELOPMENT
DNDPt44m	a4a68821667794f35efc7762b54e47cd62f593a453fabfc8e18331599c2f5c05	2656	DEVELOPMENT
GALASE17ly	a4ab31c8904060034a97734352b0717fbd5aa2559045b035d0011595836b2129	2657	DEVELOPMENT
HEXAHBl	a4bdc971623519f13066ed3274347687c940f8baa00fec9e8e3e6106b84df592	2658	DEVELOPMENT
DHFRim	a4c84625008d0c9c283a7ef2978b728856a0258b25204260be5f51041b98f7c3	2659	DEVELOPMENT
r1298	a4e6a1f29a616463d988d7a4da7a40789b5556b1fd41cc537461bda8d759797f	2660	DEVELOPMENT
AKGDm	a4f663dc0755205007f27691ad88c2d1a815b63eb05b493f847b5e3ff83e26cd	2661	DEVELOPMENT
FAOXC61m	a50c2958bbb84490db387c15d2029ba8d391b3861d57419bc64caff185746059	2662	DEVELOPMENT
LCAT19e	a530b269543ee47ab4e3618bd7108ac19cac393e644d99b87a6f439dbf9af55b	2663	DEVELOPMENT
R_group_phosphotase_2	a54fbee9dfcac87c6d3991741a73cd6dbcbd2c965e937ed4b7cb8231498ae0ca	2664	DEVELOPMENT
DACGST	a55aa9a509ca250fa8504c1335b6d744283de5f62b8f32b65d3af23559a6dc41	2665	DEVELOPMENT
r0383	a55cffec273ae5f6280b572fd8fc81b11013dc99b3db8f373530136db7029a66	2666	DEVELOPMENT
CYTDK1	a55df6deac330ceb1809b26357aef89c25e2af4775554ed3f2b635749a37076a	2667	DEVELOPMENT
SERDGLNexR	a572b2165cb5ead4196b756f7fdfddea21a01cd5984c7023d492d9aaadd5398a	2668	DEVELOPMENT
ATP1ter	a57cd8dfdb83c067e0248b8211f14c2f62f6d9b55ef7f759e2a0cbd422a8c044	2669	DEVELOPMENT
CYTK9n	a5829744194ba072e9417eec2aa42eeffd98dd34da91cb8c5b904f9a83b469f1	2670	DEVELOPMENT
HMR_3333	a589337430a0defcc70e0a7690f092c91bc3e7534df1d7bcdc1fda11275b27c7	2671	DEVELOPMENT
ADNK1	a5abc0c74f811ffdcfefb595630f90d358beb56c9c39cd1d16037669a2dc5388	2672	DEVELOPMENT
HMR_3176	a5ad40df4dc156206dc484613f71cad0742369e54d5527cbf90382c2a8f4ca0f	2673	DEVELOPMENT
GLCNACASE3ly	a5f7ede72edae304d7bed0c6e4d9882ba50902ffe55083f31c54867823b98c15	2674	DEVELOPMENT
PCHOLOLE_HSPLA2	a5fa6228f5a15b8bad095353c9ab2530a85eab9c4e3e43f70987d2d74c563d90	2675	DEVELOPMENT
r2378	a61835397b95d996576eadf2bdb71d2f0c4313d28c67c8d91ad2c09f45c12921	2676	DEVELOPMENT
DPGM	a6261c50fc548579109e202dcc4f5041a7b0dfc874da49496d7c2ab10d8e53de	2677	DEVELOPMENT
C160CPT2	a64f6d2ad3e7ee93eb7dac382ed5c399f43ccd11857a43589d5261d892bf0c2f	2678	DEVELOPMENT
HMR_0793	a66a8c6ca269b168bbeeb5514baef84cc890388e912c65929a3895bcf9c94d08	2679	DEVELOPMENT
SERASNNaEx	a67f53870354730b5aa5e71541c49698e63efa6e337eefffa37e444350789a4b	2680	DEVELOPMENT
r2387	a688eeb3357cce9bdf0c2874f1fe07bc7742a53225c8ceec591d062eb3a51278	2681	DEVELOPMENT
PAFH	a68a036c001dc2123bf3eeff65f9255dea040ed3fc6682bf02b2825367d84dce	2682	DEVELOPMENT
C180CPT1	a69070b09db5a73f339f14eacafc5a24e216f522d3a285ef6332bb36d9229aaf	2683	DEVELOPMENT
HMR_0366	a6a318d078e96c7f001c49d09b097ba45a1d9e969d6d3502eed2d8e06f91954d	2684	DEVELOPMENT
FBA	a6a69fc958df6c09aba23deee9817f7ffab33e17efccde237c6ff789d6d2c12d	2685	DEVELOPMENT
PMI12346PS	a6a84f661a123dff4c09c70ff7cf66ca17a136702c209f4ff209d2e11f358e9c	2686	DEVELOPMENT
HMR_0890	a6b7405ff1b49098c77153c93dc5177b9ed1ebc45441539c6030592f1595ad7d	2687	DEVELOPMENT
5ADTSTSTERONESULT	a6cc2192c7f3e586a61d725cc9cd7639331e101c29ac4647ec4c6bdd2cb615b6	2688	DEVELOPMENT
HMR_0392	a70d897229f027a6a85352e83cb1406aa691082f0b808e172c3eaa18514b6b1c	2689	DEVELOPMENT
FAOXC122C101m	a70edf9a93dd7def5e05e34df9b3cc4782b4d289594395547428ffcef9396288	2690	DEVELOPMENT
RAI3	a710df2ffe367adf28917d97bb64fbab932375a53cfdb2825aabc99b8a6d85e0	2691	DEVELOPMENT
CLPNDCRNt	a72311bd36840ddf2134fc851d55771754ce0e9de8aa339b6acf57568c9da7b8	2692	DEVELOPMENT
AHANDROSTANte	a72813a6adb274951f38e7144cb5fbac20bcd197dbf2d737510d7c434caa47ea	2693	DEVELOPMENT
FAOXC181C161m	a731e9ab3dc48a479c035dd7d3330c95766fb7878e8c6e5adecb32b85d83ee91	2694	DEVELOPMENT
HMR_2715	a74a382e1c2ab0c0547764eda4b60b33eea3d88ad410438d58e9c7eec3206e4c	2695	DEVELOPMENT
34DHPHAMT	a765fa82c7b2bda89a85872301dfe29dc2b34b566d1e898ebec2c6150ef067e6	2696	DEVELOPMENT
r1640	a76ddcc63149bb7189b94ef3d4566110c56f5a3580d6fcd0c8ce7da2dde7d72e	2697	DEVELOPMENT
GLCAASE5ly	a77b3aec5c213d1a4a371f4d243da82b720035960c1fd02745d4bae033c858c2	2698	DEVELOPMENT
34DHPEt	a79245551aa174daf22ade119bbeb7bc2aac3900e58cfdd8d6194e400e4b9a08	2699	DEVELOPMENT
NAtx	a7a50249a1112a15ad2ea434c1ee6bc26fbba6a74ed1256165d509157b0b9fc2	2700	DEVELOPMENT
MTHFCm	a7a7a2394e50188c7cf365e8ba17f6468944f792c55febe2bbd7a8608c178c8c	2701	DEVELOPMENT
FAOXC2252053m	a7ad98019d0dda949f24f503ef1afe6738e7f5f60e2747667c076538f848c8d1	2702	DEVELOPMENT
OCT11EFATP_1	a7bf649030053b4b12d90a481ec5486f4b40adf1f23df17d1a31a03a9efb5e69	2703	DEVELOPMENT
MHISOR	a7c6d10b72a2718105f83cd68054dcc08e3e55e474e119ad2da8dd60dccea54f	2704	DEVELOPMENT
HMR_1627	a7c6fdd19b2b3637116178aa266f58d1171f4edcfe12cc38285dc33747946ceb	2705	DEVELOPMENT
r1635	a7c847f4d5ab7d60e953dc3c0f29188d224c984b6dfbe78c24e256fc62ddac78	2706	DEVELOPMENT
FAOXC162C142m	a7fb37d399b7534a4c56c3c8b9059a52c5369f008594613d7a69ba4ed7f6fe84	2707	DEVELOPMENT
FAOXC18480m	a80e7e1dbaed217a7f601f764cb293357b6ee2d85e9e3a81e46075837f6d0ba4	2708	DEVELOPMENT
FPGS7_1	a811dea73458f6347351d6d30e4c6ef24e7f36177b68a4e5b12ece42f1980cbd	2709	DEVELOPMENT
HMR_2362	a81761bd9713d9b3b5df75fcf7e592a5841056da1305244c2b54c93837c34343	2710	DEVELOPMENT
CRNCARtm	a822d05149e16367450a846799c875a302a6d8d7520274f566618bf2cc2899d1	2711	DEVELOPMENT
r2379	a841d425d8e2a5e5461c4361b4819fa2d477083c251f73a0d2904dd8494b52e1	2712	DEVELOPMENT
HMR_0783	a846ce32a74e6fc434310910aa9035a5a6d5743d760793a38b610f4280ef97e0	2713	DEVELOPMENT
HMR_1785	a86165af674dbfe17eec5eb4001e46b03f47b04711ffb339fa80de8c31d7e85d	2714	DEVELOPMENT
FAOXC10DCC8DCx	a86e28abb64d60df4849ef96b122c18996ba06246cbda2840e2fe85588ddfeb6	2715	DEVELOPMENT
HMR_3002	a8b43f7e06c54b9a096cf28a8daf44f974beb4476f7310bf7eefcf6b4465e831	2716	DEVELOPMENT
PGDIr	a8b8026a5fb5dbfd87d55c7c89c5dc0b6b61d122ebc8cd0e5d68be04b079d00a	2717	DEVELOPMENT
HMR_0422	a8b86d2664863a90f03d06b980cd601ce7861a483a1e9c405862232bfe300ecf	2718	DEVELOPMENT
NDP8ex	a8d0dea7e91aa993b129c539d853737280f68b3dbb2ce4429850c4c2f383130d	2719	DEVELOPMENT
HMR_3646	a8dc848bf2e8e985363843a18a8aba3ce2b6d6c7c27755df7aeb0415b1cf47e1	2720	DEVELOPMENT
r1661	a8ef93a4dc454a15c55675fcebadde179f2eaa8b331babe95895bcc708220f4b	2721	DEVELOPMENT
LSTO1r	a8f10a26cd9eea9f9629cfe1ff2055e608e8900c992854f52e6c49d8500a59ba	2722	DEVELOPMENT
DNDPt28m	a90392d4b0bd052a8c9b0ca1e804443d10fe13d174d799725427ef95f2a9f6a1	2723	DEVELOPMENT
NTD10	a903e78fce28835e7db7a30047040cf5402094e7ad6760b4fb848b0333070790	2724	DEVELOPMENT
THEXDDte	a9146b2c941f839069bba7cfa9fec2f447b25f51db5150bfe8ed92f394dd2b98	2725	DEVELOPMENT
PPM	a923599acc4b7c1ef566a00e6dd25cc035a646896d33a475981be31b6f6e1155	2726	DEVELOPMENT
r0721	a93736cb20fee423e6eecfd2717929108a65967c4b6bf9c57055eab98cb3768b	2727	DEVELOPMENT
NACHEX27ly	a93fa6978090ae8816713ae7c82d8d7d60be34a6fa6eee1033ade07b6a81b503	2728	DEVELOPMENT
HMR_2948	a956876c28b91d78725a51f711c6f430ead3eee5d1d4d9839ad56283346e2fbe	2729	DEVELOPMENT
GAMt1r	a9570723981b5fdf46528c230460412dceea12555cc0513174c610886d81039b	2730	DEVELOPMENT
HMR_0911	a95fbd2dad5576ea20234a45f72f256acbdab33e95764e7f47a4d6628f7dd10a	2731	DEVELOPMENT
GD3tlc	a9651e19ccfb655b1306b9e8b4621eda46b29156d525befea0417ae15d7e03eb	2732	DEVELOPMENT
DACT	a969e83618cfe46461eca36f6c889f2ac693454fe60b0396b83b009de882a35d	2733	DEVELOPMENT
HMR_1550	a96b4c814d5d82d71ce4242dcd8175e2595e81a6c60403d47ada0fcd5d2ef436	2734	DEVELOPMENT
HMR_3662	a97701f4359709766248f7674a6cb4dffbe4bed7d6dcc9ce5445f335926e5ba4	2735	DEVELOPMENT
FAOXC201C181x	a983c1daf099036bf44fd2386df77e53c8c86f485f5b00075978f6de0ab1e431	2736	DEVELOPMENT
STS4	a9a0c83ac89fe9d618a735ffb9f00e2d5df56d4ed47a5ab060dfd57142a9859f	2737	DEVELOPMENT
GNDer	a9b1e603afeedf8dcbe16f6a528089240ea4fcb01705eeec4debe4b912b9df6c	2738	DEVELOPMENT
PHETA1m	a9c451c4dfcc35737f6aefebfb24316e8f18047df20d1e303fab930de07c328d	2739	DEVELOPMENT
GLNTYRLEUt	a9c962711de97fd51514d53cbcf04474b829685402d3d8819150ec7f876756f4	2740	DEVELOPMENT
LCAT18e	a9e0f3d5439e223c71c64e0b3c2cfc67f7b270da934ee3603984820fa464e3e0	2741	DEVELOPMENT
HMR_0208	a9e1e1ae1b6bde72314ae940c80e8e5bdeff14ebeb9d4ed904bc663243af5b64	2742	DEVELOPMENT
PHELEUt	a9e2d1aedfa2247e0c169c063c3baaaa6000b6e32162b176c4d77ef548c2889e	2743	DEVELOPMENT
HS2ly	a9e5ff429a55e215e95f7d1ab6c68b0206903585019cd782b280b3e2550b31c9	2744	DEVELOPMENT
FAOXC163x	a9f9174682f9af82dcbc21d7c4dbdcef6a4cb22fb38d26dfc9cc0c454f1619ae	2745	DEVELOPMENT
UDPGLCAtg	aa073ceabcdedf83d4f70cc9320c6031088a9772245e4605b212452b2a3cd6f4	2746	DEVELOPMENT
RE3238C	aa11715cfa8d8de8e2462a0768860b305a1d3ed564fc22c94dbdd182ad7de18b	2747	DEVELOPMENT
r1587	aa1e1c86e8ae966dc5695a9c679c002d2be45bd63687e6d76351b73e15f7a927	2748	DEVELOPMENT
FAOXC221C201x	aa3791273a39882b3bf90f2994b2ed416e6781bffb4447824ce5ca78a1a6fa48	2749	DEVELOPMENT
HMR_0395	aa447b5830d4f7cb6c5fa4522d025a7f690954d38b7f05ccbe76c0d7b6a1cb3e	2750	DEVELOPMENT
GK1	aa515d55a77cc8864cdb2df0f9ac5cd77d347705019db87eefe379ddc29e8163	2751	DEVELOPMENT
ARGLEUPHEt	aa8ec15bb46536b3ac5f6f6fd2821978546a01620a9e9b7e19ead4545f3bb482	2752	DEVELOPMENT
PCHOL2OLE_HSPLA2	aa8f708583ed6e38e2f6d4786d1e640e72275b6bf18de20fbdfa6fbae3af0092	2753	DEVELOPMENT
NADPPPS	aa9918f24a3441e2f856535b546338f687b0af375aa3f94cbd1d1fa1ad7714b7	2754	DEVELOPMENT
HMR_3665	aaaaa79fcc245630091d43efa2ef5555baaf7116a294e0b434569fe9ebce0cf2	2755	DEVELOPMENT
GALKr	aab08c75d8572a15260d75cf76893906996e7f858b0bf20af3acd51b9c6aabaf	2756	DEVELOPMENT
PIter	aab505a3e555c9f628e6de92532f76246716d0f164aa13895d36aadf294a37be	2757	DEVELOPMENT
C10DCCACT	aae00de831e1a0f0f94f2cfb59ed1bb5a7ff3f5493b24e86c78ba0e5d2990e6a	2758	DEVELOPMENT
ARGGLYGLYt	ab29af7f73ee546cbec8e3a7941e8befa52ae3b17c85c05f7254bb134554f6ac	2759	DEVELOPMENT
HMR_3414	ab3d58f88bed84ce6b44028e02f97e2fc038e60c5b15ed8aad9192813b731c88	2760	DEVELOPMENT
C14STRr	ab401df91cf91ec367d90dd9242fefdba599ee73b47b94823cb71a13e066123b	2761	DEVELOPMENT
HMR_1635	ab6dcbc4b122fa21e82a898a6b615b1d5fbe973ac0cc02180de10cccc3193108	2762	DEVELOPMENT
FACOAL224	ab813f5c434816e7508286e4f05b985c16e9cc141b09328336e48d3a44a9dabe	2763	DEVELOPMENT
CLS_hs	ab8d4edc4025ba4d7cf049ea54e35ee26b244aa9263709287475d00522c1e2a7	2764	DEVELOPMENT
HEX7	ab982873d4bf23d32c5193ebad7c943c2a7d853bba1fa2d7b9e392f28cdf38f7	2765	DEVELOPMENT
CHSTEROLt1	abb89f01f332b7d947a6e4d0168a14bd788f2cee019bf3bad594898a6ba6f76f	2766	DEVELOPMENT
HMR_2753	abb99122e157d747afeaf0c7acfdad007df7fbc87990d39dcc8a6ed3fe5f0f10	2767	DEVELOPMENT
GLNASNGLNt	abbac5e91567d430f7ed5f187c394a5398b0e85927ddb80128a4316dad410379	2768	DEVELOPMENT
HMR_3352	abc1cc0e3be15e4c61275636c299147ff5589c49f9850a9e22b9bc7cb8be8b89	2769	DEVELOPMENT
CTPS1	abe0d5a531efd3d6a88ee6b6ef001d6f0b364f5a4946d11ed1bd0a1e0805875a	2770	DEVELOPMENT
r1365	abf21cb7d410483732f26badc4ff1d3cd94b63e5f71a7c4831f9dc42883ca072	2771	DEVELOPMENT
IND3ACt	abfd9d8171486cd0c23e63799d8cb8b931225b82503def1e96ad6a49d040fb52	2772	DEVELOPMENT
RE2993X	ac279e0dc702f9a4a1e3c0d6850ef150490d67bac933252d2d37421d67f11bc2	2773	DEVELOPMENT
CYTK5n	ac30ff356808debaf57692f16f259ead39444b27a62592118fb2cbfd1c198fb0	2774	DEVELOPMENT
RE2296C	ac4c6ed8ff8cc4acfbf07955c5d9c4a265aad7f281794f066aa72c7c6002e4b5	2775	DEVELOPMENT
OCTDECCPT2	ac67386cb744b7d513ac3d44b062d1ed414efda3a1dadf18e0802602da63f6b0	2776	DEVELOPMENT
SMS9	ac688682d79051330daf6f87d0efa90544191ac12953ee5e13442c83cf2f0d02	2777	DEVELOPMENT
LCADm	ac9c46bd091e73d63881b40617130cfb21006be0d13a3b50de7a48a3931749eb	2778	DEVELOPMENT
RE2410C	aca04334cbfff3c717fd459015a2071333caadaf57e0d9a77bf196b5f55bbf17	2779	DEVELOPMENT
PSFLIPm	aca43054137330aa3c6c59308fa0b1bfa0cd99fc217654fcc13576df1c300ccc	2780	DEVELOPMENT
Htmi	aca530778968d2a6294e89aa45eb1a1270fbf2e8550bfa8f978d461d168adcef	2781	DEVELOPMENT
HMR_1490	acbbda25de69bf58aadb99fe70e51f2e2709640798b93d8c18e96442b1d29172	2782	DEVELOPMENT
LACROX	accd933d9fd95bc9d95373beac4dc7acdf6e797145f5a7c807ab67ef595a4d1d	2783	DEVELOPMENT
AKGICITtm	aceea600fff939f03288006db7284d1b54373789457f615cc60b3a6b0e89aa9d	2784	DEVELOPMENT
RE3171C	ad00f57d5829e174474b39cd71b2bfe092fe56ff5af92a2c29e41f5db78fe4cc	2785	DEVELOPMENT
PROARGCYSt	ad0dc41747a2bfc2fb91994ce2a1613a617def6c0f0611356c3debe26b71971a	2786	DEVELOPMENT
HMR_0233	ad1cea96106694061d851cca5278e32ffce34c2468007d87320f112cec4946ad	2787	DEVELOPMENT
MDRPD	ad1ef46bc8d41dd5e48e429d68c26811e359302a83999a3b0c0fbb5310bcab27	2788	DEVELOPMENT
PEDH12_HSPLA2	ad4d094ed83f848765e6ffb5f7e478863b59c4668f0e4bbfe22c035692e0e95f	2789	DEVELOPMENT
H2Otg	ad4efdc2f11ddd15d0a7023d160ba3008534eb69e42c27ed40ecda91a130fd60	2790	DEVELOPMENT
HMR_3116	ad6266b9419124e2acb4e713f3ce38f258b94e94055f2deb2f2515a79f2e0d8d	2791	DEVELOPMENT
S6TASE25ly	ad67e74d52959731649515989c6b3e7404104ba197e663e5a886b6014a4fdb83	2792	DEVELOPMENT
DCMPDA	ad898380abf115bd7a031ab66fd3510cfd025846a2ffb7fc1c40f931ec317598	2793	DEVELOPMENT
RE3152C	ad9a42ba13ea49a083652ec748e6827f409faa2c890454c55955c226e4879bb2	2794	DEVELOPMENT
S6TASE21ly	ad9c76c4d2fb359440a1566ecfecc3aa5498ced3dbcdd488527fa4d5c0534db1	2795	DEVELOPMENT
GBAl	adb453082a402954b80d1343720001ff4f164aea3278aee0ab8775930df2ae96	2796	DEVELOPMENT
HMR_2671	adbb9da8a3d8cbee5d32aba92808e6a9787d56be7afc4f8cab6348928d854c46	2797	DEVELOPMENT
SPHMYLN1824_hs_ATPt	adc97909a0a69891c9919b6bb749085f039d920053bc4cfbbfe69f776ee581bb	2798	DEVELOPMENT
ARACHCRNt	adcae4ccb5bf7a8772b47e4ceec7a42bd5ed822bb800da8d5bbe7ee488abbfaa	2799	DEVELOPMENT
GLNLYSLYSt	add3666717941c6b589c5a9ce1f26d097af6cff90db8a52c198a054cfb681fca	2800	DEVELOPMENT
UDPXYLter	ade32c642d392f84c1f829a940cd6608953062f3157d578dc6ff6ebf9cfdd83b	2801	DEVELOPMENT
ASPALAARGt	adfb8e051370b940f763b378db65eb9011770f658c055f6fce4d6d4cc075cb39	2802	DEVELOPMENT
PCHOLN19_HSt1e	ae32377113caf4803f6a9b45db0b9ef2f15b5fa67802cdd5b220f2e60626458f	2803	DEVELOPMENT
HMR_1767	ae3a762ae5a2d1fcac2f8f20dab575c025f7dda5bcbd52afd7f2bfcf301b21f6	2804	DEVELOPMENT
PELINL_HSt1e	ae3feea0377092d3a0437aa97c10fa835fef86a0c4bc09f2be3143c57ab63deb	2805	DEVELOPMENT
PRISTtx	ae410125edf216e724148b0414d602c1297a41292c2a2a9561ae87d7f982af9b	2806	DEVELOPMENT
PELPALM_HSABCt	ae485af9995d2383a05f28bc03f51546196a8050b7068e126a87203d2d7b485a	2807	DEVELOPMENT
CYTK14n	ae577917c33b5b6cceaf165a3ab4abef1c207c1adf4983e557fd549186743576	2808	DEVELOPMENT
r1561	ae615dcad0f607b948cec83f9b44b776b2b40e88d79db7c48eab55193e4f1ce3	2809	DEVELOPMENT
HMR_1929	ae7efb2423b645e9027dbd5748c64d358b4519b7db5201d4a560ee43ad00b2b0	2810	DEVELOPMENT
THYMDtm	ae8606557a84bd394735a922565e6b0a270e39aa3f2cb154da81b14f0a4b67d6	2811	DEVELOPMENT
PTE4x	ae86c45c09db7e6dcf1a39d64a2262ac6ef7f5d715c5e366b53a46a9af36c14a	2812	DEVELOPMENT
RE2989X	ae8d6206cae6aa2c7cbefc1860c9cf345e7e0431a32d2604c90ec33bf446d87f	2813	DEVELOPMENT
NACHEXA6ly	aeb92a11fb0d9ccfd901e80081b636f6fde15b34611c7f7a085d2833784070e5	2814	DEVELOPMENT
XYLR	aecb630f7d4b1706e174aaeddff7cb0d0214dddce43ce73747ed86ba5341e216	2815	DEVELOPMENT
HMR_0191	aecbc7b02feee7632b960377d0de3404758a4b71c84c46ce5a20a786a296ab82	2816	DEVELOPMENT
HMR_2735	aef62314d15e124af4569c6927e89cd898bda1321ef3655ee3b390afb0729a3b	2817	DEVELOPMENT
TYRALAPHEt	af151d3e387e4fd01ac1856c0c212311d265bc0d073bae1d4855355715f656e1	2818	DEVELOPMENT
ASNTYRGLYt	af21cfa9a6807b97e8daeaeac8449036010a1888dc8a6d50ebec24926553f08f	2819	DEVELOPMENT
GGH_10FTHF5GLUl	af2fa913e7f60970ac38c3c4d955926b93e6387b071c7db68e7c89dd20de4d2b	2820	DEVELOPMENT
r1566	af443425dda3d6e302f1a52db21b444b7b7697e411c657d742968fc5f47157c8	2821	DEVELOPMENT
PCHOLDOC_HSABCt	af53700ceab449e5c1b63c03a02597eabcae923224cb4aacfac0a7e605813d16	2822	DEVELOPMENT
HMR_0432	af726a9953f6dd8e5c9b5b1956a591ef2758c7ada3394d0959775744d74ec233	2823	DEVELOPMENT
UDPACGALtl	af758f2b10daf944df0a9b262a10f008173eb3ba838b41635e2764be8aa765df	2824	DEVELOPMENT
r1600	af89dd0c6d65794aebf0b5874604bcef075fea21518b4f061aa8cf1cb5400566	2825	DEVELOPMENT
GLYCLTDy	afa75f26bb8a3f4faf3aba26751ca21fb0b19b0ee7ea2fe4afd448b824c97f6b	2826	DEVELOPMENT
PGCD	afa7947eb836ed46e542c67aedb3aa82a41ba80489f1a60dbdfb0360c25d02e0	2827	DEVELOPMENT
GLXO1	afb8d55c520ad3a3eaa286aa1f5ab4ae4a9cbea042ec9ddc404f9d79a5338939	2828	DEVELOPMENT
HMR_3698	afbebf0cc8c1ae19346f065b6dfbd4635b89b64b3f0d57fcbe410edc2e1558e2	2829	DEVELOPMENT
4MPTNLte	afde8c4a50c239f25bbfd3c5103a2beaf6745efb0bd695b8888549b6210daf25	2830	DEVELOPMENT
FACOAL1821	aff2934ebf1ea33edd24cc808ecd960c711630ae64cc338672dc22542f07261e	2831	DEVELOPMENT
ALATA_Lm	affc74573aba6f27eaae33216e03e97530e9120d2e7a52c079bf8af4d64f2e6b	2832	DEVELOPMENT
4HATVACIDtep	b00750ac608da99bb8a2281f8f6c6ec6b7fd5759cb79dc0b4800aa52d83d08c6	2833	DEVELOPMENT
HMR_0593	b020372e38ccba5034ccb3ea3319474ea72447e746317dabf5630633e7c055a6	2834	DEVELOPMENT
HMR_0288	b03d05dd7639f14a1eab23ecab0e8316646a03050ca01a0bd3fbcbba766afef9	2835	DEVELOPMENT
ACOAD8m	b067b6437bb72b2a38951b64c5156f43a3cf7bb0d740101b3da53e37aad348fa	2836	DEVELOPMENT
GLNLYSTRPt	b0704bfee1f615c3563f7a7e13e3bba8f26891b8e87dcfe46172ed00178155bd	2837	DEVELOPMENT
TRDR3	b07228b52ded2d53f681d2fbadb691ba9703b39d16bffada36c1a46767f79200	2838	DEVELOPMENT
HMR_9191	b088849b736852e96cf87d9e9ee1683fef8648fb049ee7cfd9d8610bcf8e7c32	2839	DEVELOPMENT
r1614	b08da3e52070c6fc6f5ce072824e176156df6d17c390a75c6d24b80bfb57c594	2840	DEVELOPMENT
ALDD2y	b0c8f224c4accd445a5fd4da908cf1d10879fcb18f733e31ce82d7802cf80a5b	2841	DEVELOPMENT
VALLAT1tc	b0cf401b1a0d7810bcae2a4d8dcdd40fc7c0afe07c442f9003b65b4185146d7d	2842	DEVELOPMENT
PE226_HSt1e	b0d1fd04f6c679ca00c4f6b3c7fb76000bcceede402cf27cc758cb161a464444	2843	DEVELOPMENT
HMR_2355	b0e11527889290b32316455eb40b3fa7747ecf58a0b3357fcbe566658f6f93c5	2844	DEVELOPMENT
r0627	b0e42e7124c875d3eec4c340fea1570f832fe824024366d57ecc540db3af3959	2845	DEVELOPMENT
C161CPT12	b0f5ebff8256b8a5041f9eac09a28c4b08669eb53dc783b2b6d8f0fde02e8048	2846	DEVELOPMENT
r1547	b105c60f0803840fd7caf22954de418a3dbcb7591adba4c9f38ba052e7ce783e	2847	DEVELOPMENT
RE0456N	b12b40f6c2ba6590ea96a0b88e4d9d982b01882ba877a5456637a255204c2b12	2848	DEVELOPMENT
EBP2r	b1657cf49f667d2521c4dfdc5b16b34ffbe4d9cc98584c0d954263762c7230ad	2849	DEVELOPMENT
HMR_0235	b193071595b9783218866bf2735bf9240b5659a003ceeed8373dd5a2b63fad36	2850	DEVELOPMENT
r0437	b1a42aa60b5c1011d49b5779d20c51bb29c8bfc3a57c98df04a6d55989864fa2	2851	DEVELOPMENT
PAIL_hs_SECt	b1ae7c9636e41b04eddf201d370c2461df82055a54592bf0cf724e3c1c360f51	2852	DEVELOPMENT
GLNt4	b1b3d4ce187c47fd3321bf2865b816e6353bb69cba04fbe6444281c50f617c1e	2853	DEVELOPMENT
HMR_4777	b1c4e19386b6a6e9fb095f31f19f6e5d0589ad6bc3e46ec5fc684a29f57cdb3a	2854	DEVELOPMENT
GGLUCT	b1da0686f33feae14232ab6748b01c37da166e65cccc71ee61684c215c81456f	2855	DEVELOPMENT
MGSA2	b1deb4ac3862982a0439df6b4d3cdb22e8f7570394779b28282eded0af1875fd	2856	DEVELOPMENT
FTHFLmi	b1f73b7901dc8386793133fbce96879a8f07496661a5c8355f4305c0fe5d48ef	2857	DEVELOPMENT
HMR_0201	b1ffa0f2307924a90d727f172ad669935c103398500b39a127cc2a11efdb15a9	2858	DEVELOPMENT
r0393	b229c32a3f3e16ee9da920a72e8166cc83164e9acb96224e90f848d5cbf50282	2859	DEVELOPMENT
r2318	b251bebc25d9e575c5972bcf38d8db4cedeff02711331132df9dce61991e8438	2860	DEVELOPMENT
TYMSFt	b25800ad0cb67238b57b46f47891881afaff4aab6e1ad202a7f60d0ec00457d9	2861	DEVELOPMENT
PROAKGOX1	b25f5a25b5ce4d008ae72825240f41980f064775552b30d7b112a59a3a8f9d37	2862	DEVELOPMENT
FPGS3m	b26cb9a6197dd4ee84965d3addab14947316475c972e6bce4c68e4a6c0945dbe	2863	DEVELOPMENT
TRPPROVALt	b29b238b189bac061bdbd3d518621a090b83f52bead264eccd82e966028db894	2864	DEVELOPMENT
10FTHF5GLUtm	b2a1fbe5736994d7bf15c0cd6dc4327f709c23d3fdd64a93453c14d1667ecc8a	2865	DEVELOPMENT
S3TASE2ly	b2ace75fccafe1b60a7f3672f37c8eaa85a41d03f124cc9b66aeb269415c1d40	2866	DEVELOPMENT
GGH_5DHFl	b2b5b32d408db93ae9e847bf9b0d8e283bfaa0fb77fe5ffa146b8570a5ac2536	2867	DEVELOPMENT
EANDRSTRNte	b2c4733ef3de5163f923ecacd1c7d1207dfdffa5a0b6d025b127d0b76170a2ac	2868	DEVELOPMENT
RE3146R	b2c554f97f10e324481e261c8a0850739d2bd752af7c08d449208aeca1ade511	2869	DEVELOPMENT
RE3112C	b2d24b7ae13b753a1cba8a1ae7e324a48431e59846a01a5651dde4da2797d153	2870	DEVELOPMENT
GLUVESSEC	b2d648a93f2f60f888d925144efdbf1d648cc6a854678267e7c9e2c9ec67a11d	2871	DEVELOPMENT
HDDACBP	b2d76a35fa199afcc0fbd4537b338995f4247fb742ddbc1f5b3f30f29d03760a	2872	DEVELOPMENT
PCHOLN15_HSt1e	b2ff8dee119fe942af726bb31711b94184398ae19c30487c2d6cdfc0fbb96ffe	2873	DEVELOPMENT
HMR_0290	b305682b092646eb2cf72cea783e039d564b9130a1d5d83d253bbc23238601f3	2874	DEVELOPMENT
PVStep	b31c7de5bc751f762a2ba4d634a25caf730722184e4649b588c88ad137e32ba6	2875	DEVELOPMENT
HMR_0298	b3227f04cf9265b7bd72087f9e0a2b2e8beaa8ae6b6dcbba46ad670d4929e64f	2876	DEVELOPMENT
FAOXC164m	b35d4e26a2a8e0abbd7f91daaa07f58246460b1df84c366b22b4a6a42dac05f2	2877	DEVELOPMENT
r1992	b35ff4ec7cb47ac37f23613067c80635ef8bf4f2ff2ed1caa729267c2a3cf6e1	2878	DEVELOPMENT
SCP21x	b36254dc8dc2cab2bc5e8c5f2521993fa24b2f07c8713da662f232d318f269e7	2879	DEVELOPMENT
HMR_2964	b366ddd377ec41da6ae0fb972ec2bad1e3dc158d40c9ecb3176ba11c91673c3c	2880	DEVELOPMENT
FAOXC101C102m	b380854950855e6969a7fa97e93cd9b3727c0b1f5a313421c339703d1aeb988a	2881	DEVELOPMENT
HMR_3326	b39440bb02d597aaee7935f6fe507188d9e189a81997c9f27a815ed78fab0ede	2882	DEVELOPMENT
5DHFtl	b398728b5318437f3735ce745b56c32dccc8e38f56798aaeafc105d7c2b9ac89	2883	DEVELOPMENT
HMR_1742	b3a06d33425a969cccd6a79512d12d5c8dbf3b818cf66c5670841ec28ff1227b	2884	DEVELOPMENT
TRPGLYASPt	b3a1ab0424f73ed7de03749e7adab3d2023f58c9d5a8ac9250c153b54452f8ef	2885	DEVELOPMENT
DNDPt6m	b3a2c35318a3b373d519d13bf212d81499614d5083f1862637c81d2643bf65f2	2886	DEVELOPMENT
TETPENT6CRNt	b3a9f522e21bca3bb3c652cd5c48bcc76ebf4282e36311a6a9b2e95c8d643ed1	2887	DEVELOPMENT
CSPG_Etly	b3e962fc555646297e15a60c6af2840a937dbe9397ae72d51517c4a6d2c1a61b	2888	DEVELOPMENT
NDPK2	b3fc8e468fdce30b4c6a03afc8eea7afab477359e7329a53c765a042229ffdc9	2889	DEVELOPMENT
FAOXC123C102m	b41880ebba5fa3084c97d3dc93534b8a7f563c9622d7196589ec9c9a8d1c20f9	2890	DEVELOPMENT
2HATVLACtep	b41d5a6075cf009abe7f2ed3fd99aa9a5ae48fe818fa04f080ad8126d30f1002	2891	DEVELOPMENT
FUC14GALACGLCGALGLUSIDEte	b426214f7482445b4d58e56f599d6c47477a3d6932d7aa1ffea7bee3a89a159a	2892	DEVELOPMENT
r0432_1	b4617a045603ba3cd856cfdeb7b70f81eb7eda34b6271241d0a13fe0231d962a	2893	DEVELOPMENT
LNLCCPT2	b46a6ff53a20e9227d42e40317a0a8b93e141166577b28d697eb938da0558add	2894	DEVELOPMENT
PNTOt4	b4850e08e8dbbc28d0979ecbda139ddbcd79dce2cb5e5935242480684ee42766	2895	DEVELOPMENT
PETOHMm_hs	b4895b2bcdb0de06d37cc3eb7285dde8ba4a593181d50d31d05d72787535c929	2896	DEVELOPMENT
LCAT11e	b4948110b7b89975d49c7dc628fc5f436c1732cfe50dac58d9790d87cc888387	2897	DEVELOPMENT
HMR_0814	b4b6c9b46c59a7c56d4f4a06ee477d31fb02b23ca1a9b0e01afa8e449ef2d8db	2898	DEVELOPMENT
UDPGNP	b4d39ac68d5e64526f9611bb3f78e7aff8f519455b4202dee0ecee5b194e8666	2899	DEVELOPMENT
SCP2x_1	b4fb063f0edc6afc9c10ebe6dd9bdd8898802122b064a5f003e81517a9a5d983	2900	DEVELOPMENT
r1563	b4fde33c8e078c157dcd038011caecec23ba7d8113071420e9544c90eb65ad02	2901	DEVELOPMENT
ALADGLYexR	b51adce693269229fcac12b9e4cc8eea80b996898823f0563b50d401167375b9	2902	DEVELOPMENT
HMR_2345	b531a22dc8e48298ee2d672ad67d1d2d8987c706315a2a68fb6ee2abb9b2f788	2903	DEVELOPMENT
GLUGLUt	b5382a202a871e08130e67c81d935e339af22cd1fb2635e7468037a102ed54c1	2904	DEVELOPMENT
r0642	b54aad6687ac3142144bfbc0581869c0e855b49552ada5aacacc06759e754cd6	2905	DEVELOPMENT
PAPStg	b5501681d32f33093e6118459ef5cfab1877cabae83ed0c5083dea0b04353e92	2906	DEVELOPMENT
HMR_2722	b55849e0e9be64acb25d528ab1b5f27637e3431e4e4fdc38473facb09d53fa29	2907	DEVELOPMENT
DNDPt42m	b559de12114718880fef3cc8b6b7df1007b661f08b891dedef7fc2a9ba7759ee	2908	DEVELOPMENT
FACOAL226	b564b37c71831f920bbb60c754730afd28233c04d0baab8a0efed4db66171386	2909	DEVELOPMENT
HMR_0672	b57b9e00169bd40724ca8b8eb77cc6b7c59ab82f319f83d73b8394a803120cb3	2910	DEVELOPMENT
PPAP	b58904d2d221c187d6ec3d023270c3f0fe4d2edfe90953856d8e07c7c304311e	2911	DEVELOPMENT
ASPHISPROt	b58eeb9fc94062425b1602e4703013df26c4247cda8c9bd1dc65fbf354b4a055	2912	DEVELOPMENT
CYTK9	b59b8d87cf88b8e5caec08ca6d4d1c7a67496e56de9264889c26aaeaf9ad95e5	2913	DEVELOPMENT
HMR_3245	b5adf438d67d8e3219f96d632c2e2862c1124dff65e76875c1200e2cef01fe71	2914	DEVELOPMENT
SPHMYLN18122_hs_ATPt	b5b8dac1ebe543908ca90e8b2c6892450c2928caa40dc54c8e6da5337c1bc230	2915	DEVELOPMENT
HCA24Gte	b5bbe2ba8a1461f75ebe8e88bd3714c00676c5b04cd79dd7a5d1e892c08d250b	2916	DEVELOPMENT
DOPAOQCYS	b5c12305ae0101cefe4d0dbdd2172fbeb669f8e2eb114fb581c119a5bac15ef6	2917	DEVELOPMENT
r0927	b5d0294c968d971c72d03503ef81989ce1d80cc6400fb1999f6351e846f571e7	2918	DEVELOPMENT
C141ACBP	b60535fa4e653bdc10025c4c96852fc41b0971601e647c62fbe7f091966b4bd0	2919	DEVELOPMENT
r2391	b6062abfaac3ef92c2c044fa36872decb3d898c16cdf9f7319e4b1869da87265	2920	DEVELOPMENT
DNDPt3m	b60fb2065deda5c3f91e4f33e3d00c2793879f7e97df56bc0eb71bfce6ea671c	2921	DEVELOPMENT
LPCOXp	b637fdca72144e5d650b146098f7d1735e50fd4912ae7091fe08e535fe3b4701	2922	DEVELOPMENT
PPNCL3	b64b6ee5d17de52dabc342ab4f90a72da7eea54818a2a8573e5eabf216df8f41	2923	DEVELOPMENT
HMR_3724	b665c08fa836bb5137cf629932cfb626ae030d369839d6005cf7b90fabd93769	2924	DEVELOPMENT
LCARS	b6952f2493a6dbaa78c7f57850221a11e0d54bdeb06b0a1e060870ed782b54a5	2925	DEVELOPMENT
r1304	b6a35fee44047f108cdee432ddfb98a2867c4d43013e564d14414d9287a7d5e3	2926	DEVELOPMENT
S2TASE1ly	b6a3eaa80ec117c133ee3778b9d5000b0ff2faf552338a8a5d2de25f28b8848f	2927	DEVELOPMENT
r1629	b6b50aa63263dc5aaff9b3efd2c689f1b1f089f9a09852f7482582d6f9f78fd6	2928	DEVELOPMENT
HMR_2260	b6b5803bfa40d1cfa3ff30b5baa4b16b8e4854c1f22c0c860ea1744d8655fbea	2929	DEVELOPMENT
HMR_3113	b6b711a2e62abd6fcdce0dbf24310b65fa6aa1f608b0053a89be4d872430de75	2930	DEVELOPMENT
HMR_3597	b7182fce520a9e8d5dc71eed4e4097978ce7201250709662c471bca634e39288	2931	DEVELOPMENT
ALADGLNexR	b718c7073d216f0d3ad2b18be091f7abef93751fb7e3ebfac10a429b05e3083f	2932	DEVELOPMENT
HMR_0311	b719f3dda918b1bb858f8bd1be4b202b522a75ffb03a392cc498c997ceb46cda	2933	DEVELOPMENT
HMR_1540	b7287331c60e40aa47632da8e0b2a29b974f0878c9d75805c555d6ffdf09ef6b	2934	DEVELOPMENT
MMEm	b73cbeb5fe87148376d3fdf90fc0990bf14118ac64427ee02eee78e140fcd7cf	2935	DEVELOPMENT
r1078	b743517327ddae9604edd41063c03bd515ec5c2b7ec88b61e7691acbd80b7d45	2936	DEVELOPMENT
DOPA4SFt	b75d15c1009492367223d4df62f7b37e3f40ef6b3d4ed4cd1f4d90cc20027df1	2937	DEVELOPMENT
HMR_1739	b7673be6c13c8c60fce7b6c407e695d7e5607084690bae826a4652cc169dcd82	2938	DEVELOPMENT
FUC13GALACGLCGAL14ACGLCGALGLUSIDEte	b7872b56f8b53f354469aed7771fd571459c2d29806a906fd2c221b01ae05cf5	2939	DEVELOPMENT
THRTHRARGt	b7a75abf0b74b123a875d5577007038a847d710d911c3a42fafc79e958a31db5	2940	DEVELOPMENT
MMMm	b7ba32de7730b3beb063a2a2dbbab54e05f2b688483ada671c6cafa91807ef53	2941	DEVELOPMENT
S4TASE2ly	b7bcb4c48a414b30763678ee3e7f1ea57583733d56bdf626856f0132c3b58a59	2942	DEVELOPMENT
FADDPle	b7c07467d2a9670e0f58a6ff8576a64b0f9dbfe25bbda57e9bd90666ffff45af	2943	DEVELOPMENT
HMR_4756	b7ce9ad59d9e98c1ff9b014d600e53d7a72e28949c013ce8f42199ac34168fbe	2944	DEVELOPMENT
AICART	b7e9fb102b7282f2392bce0d037f4ccd831dcf539766e7adbf4e4eaccfef3249	2945	DEVELOPMENT
GLXtm	b827b469d706e13ad4d78813d5342884f50dccf8a7a4e416e7c58ef11e84eb87	2946	DEVELOPMENT
S4T2g	b86050a87b104a61c8630786e78fdc8da624ac2b47a6493527e670c9ae25ea60	2947	DEVELOPMENT
10FTHFtl	b862a64ce11ce126d74774e861026d2f34adc71a98cd2172245e2d74915df7ca	2948	DEVELOPMENT
R01115	b88a7194aa44a1c4a97f58ed154c945884397adb2d1456cc71106b355ec37d30	2949	DEVELOPMENT
THRSERNaEx	b88d64ecec1ac1b0eaab31ce6bf8c03931c7145ee40771d9237e97713c86c9e4	2950	DEVELOPMENT
NTD2l	b89301c1a4f6198e4d233c22f4f20b0135adb93b7f19281ea53b07d33f564fad	2951	DEVELOPMENT
r1166	b8b887bff7bdd3604acf5b10afd486cb10e7c5a6f90f967ee4c7e7aed9fec1c3	2952	DEVELOPMENT
FAOXC141C121x	b8bd2401a80ec247ad5cb15175445a7a494bdcce6446158e2cbbc9ba8997af47	2953	DEVELOPMENT
HS3ly	b8c041ba9904c2be578a1a1d8f85705c9bc2d17c7f486708016efbc0badb3d01	2954	DEVELOPMENT
CBR2	b8e45368f914edc68bdc25f0f9bf3b96c7405b048f2dc5925827f25b514cab74	2955	DEVELOPMENT
HMR_2380	b8ec495dbb30ae747077c45b2547d9e22c6b33c58681f3081eb7403160952cda	2956	DEVELOPMENT
HMR_0232	b8f6c8a35ff76f9bd98ecc445938cdf68427ee8525a105304170c9d75e62c76b	2957	DEVELOPMENT
RTOTAL2t	b908da3743867171a818dcb1598974bfd0aed0ed5eb3c43f5e099eab067f93c0	2958	DEVELOPMENT
RPI	b90bfe0fdbc02184e4e24a20220fb21be2d993a5948286bc1fdd0a084ed75684	2959	DEVELOPMENT
HMR_3107	b90f7e5ca2421bb7c7ac71938558f8f8a4bb523d9265fb5842d0d0ca69a236b4	2960	DEVELOPMENT
NRVNCt	b91c514ec0998f02e5f2be97ef252f9acdd1c1a3b4bf1682b8d6ce43bb74e344	2961	DEVELOPMENT
CDPDAGtm	b9241be6fb9339c836e50ffc1256ac205295ccd190bf617eec33e467cd7d2a72	2962	DEVELOPMENT
HMR_2336	b92f91b076166a0917276d5fadf1b1964ff942510276df5cf9f1392ad84c8cf7	2963	DEVELOPMENT
GAL3ST11	b93600e48d8f9b6a376c0868c6c126c6d206956cad5608d98c271c05f6ec0261	2964	DEVELOPMENT
HMR_3711	b94eeff2f191eed1e8ef1d5f6f994be47bc7ce349c717e0f23a761c027fcef4f	2965	DEVELOPMENT
HMR_3230	b95b85e40afdb20efb3f3addbd3145dc264acb871461fa563a50896ef5d788ce	2966	DEVELOPMENT
FTHFLi	b961ddfda26bf5606f928c864efd2f1f13a493126041036f7721a167d34186ee	2967	DEVELOPMENT
ALATHRNaEx	b96cda8e8e52dba5e3283aff4edb3ac107eb0b1e935d712b7ec19dd43fa7a0b5	2968	DEVELOPMENT
HPDCACRNt	b96d7674f5f766d91d30dd28b99209c3f3cb3422369c99ad5e14c9c7c8cbd5cd	2969	DEVELOPMENT
ALAARGCYSt	b982f399b81be268015dc63be692ec7671e8bd1474a208556d6d481aae9e10e6	2970	DEVELOPMENT
HMR_2986	b98611a00f237a6740bea2d7f28567ad6f427b907954c63deb1eb3c569ea4906	2971	DEVELOPMENT
ACACT6p	b9879c7737fc89d103976aef6fc0e6f8463aeb9307de87b7c951c27aba4fffde	2972	DEVELOPMENT
RE3236C	b98f24eb2a527dbc367ff0b3ba14e2285f5a2ac1f91ad24d0fe4a9cfa4fe572f	2973	DEVELOPMENT
VALSERARGt	b994dec837e4a8e9421652ad37f2e013daef3d6e7e36d3cc00210c8f3ab26f49	2974	DEVELOPMENT
HMR_7198	b9a349367a4d8b39cfff7702dc1b70fef3bb347eeef205277472fff51b885206	2975	DEVELOPMENT
FAOXOHC16C16DCc	b9b32dd7f2332075a7f28c58f9b7e509c22932bcd2ed30d1563fa7c1bdcf2f46	2976	DEVELOPMENT
DMATT	b9c38a04cee8323c8a60b0978b8c6c9fc18ea1e7a5cc8dd3d12a861383b8ae68	2977	DEVELOPMENT
GAO1	b9df859af2adbe0853ce4bd123593ed318b625621d89eb24fab6df60b2e19a12	2978	DEVELOPMENT
PSP_L	b9e9daf551c500355b9fd285de49e86b4a4dd3163963c7321eb9312d474d1563	2979	DEVELOPMENT
HMR_1996	ba040a6a9f0abe93bfd24fa81510283cfa5be7470c5afd5de3073fea0bd8b197	2980	DEVELOPMENT
HMR_3453	ba10ba84797180923a5d1b154ed705e074c330f8441233d2190956d4853653a5	2981	DEVELOPMENT
ACOAO4p	ba28e27a29e9bc3a5c31b6dc82d45f2bd4f29fa8a33b54b2b7eddbef79956995	2982	DEVELOPMENT
r2019	ba39207dc5e89a23d10db5ff32f8558b0cc9d9121a6eeecdb3b2d27ff70186ac	2983	DEVELOPMENT
RE2985M	ba3a36a8106470f938a2dcd2dd37c1da69a42db2e9a209be702b439b5ef0ab3f	2984	DEVELOPMENT
r1659	ba3f3e174bae25572b1b476145b5214c14d32da513e3561d50e032f4ee51775c	2985	DEVELOPMENT
HMR_3229	ba46704f5521a023abe859cf74a65d554ccb0120546298fda2571cb663995958	2986	DEVELOPMENT
GDHm	ba5b150d43dc7f1e12f02b4fc16443937814474ccd8cf550980bbc741f591f57	2987	DEVELOPMENT
r1318	ba62c070697fa05d03e4221b704b1240420bf7569c23e5bf56d1b1e5fd084125	2988	DEVELOPMENT
NH4tp	ba7c45b7f105b0095d6a27b6518f29de2061d4ae9c897522780dd96b57d3793a	2989	DEVELOPMENT
CVM23GLUChc	ba7c88cdf2fe209aa4fc86bbb926cc68b943819f9b8b59c1d81bb6c4e99053bc	2990	DEVELOPMENT
HMR_6647	ba8524fdb8a931cc791bc3c24605214390d0e3b810abba9d44bd1f8811962b19	2991	DEVELOPMENT
HMR_0307	ba9b80999f60bef788d81fdd1e980e6e0f36a18437b14b5192f8f6b9c6f72fdd	2992	DEVELOPMENT
SPHMYLN18120_hs_ATPt	baa01323cf9c48081299fe5c9dbcb2615cca9d05eb489506c8a5ae72cd75675a	2993	DEVELOPMENT
FAOXC101C102x	baa1a4bc9441f987a0bde03189f8f702298bf6ce6f406fd53ec05319c486c254	2994	DEVELOPMENT
HMR_0382	bab1bfec73cf6717fb168ed4f7fefb233594baf02e8163c9fc48754b22efc34c	2995	DEVELOPMENT
VALTRPPHEt	bab26e1875842b04d3e1cb4f41994855ae674dce6089768cc60dd6e3c3e6a208	2996	DEVELOPMENT
r0358	babf29d85dd42fd337d6e294570b3a11c284bb1713b9996693ef3304f7829ab9	2997	DEVELOPMENT
2HATVACIDtep	bacb090ba4bdd0cca2918cc93c822900e462dd7b4856c7b7cabd97d3d814cdee	2998	DEVELOPMENT
ADPCOACROT	bad5667b66519ee6ca552e28560594ee924491299f7cc1237155bf192cb80cb3	2999	DEVELOPMENT
HMR_3669	bae6fcbb7b8fe7ec0faa1c8c0c444b6d8192fefa457c418b50fba8ab5d555a45	3000	DEVELOPMENT
HMR_3723	baeb3d75ef9d65dc250539235d439d68cb192befe17ace95d54d87e2281c0f7e	3001	DEVELOPMENT
TRPMETVALt	baf14761370013c677ea0416544bd44e90e11323ebd7aacb316f8d1383f79ca8	3002	DEVELOPMENT
GLCAASE8ly	baf9e9a2430efad766699f1ace330f215acdad1a1ef14d3ea9f6eff06b4d3e4e	3003	DEVELOPMENT
TYMc	bafc41f86d3c3982c1f89356afbe4106264d33f2b593c2333f9c80df12bd881d	3004	DEVELOPMENT
HMR_0308	baff138ba47db4e39e05749df7f3ba183a0fa3501db4ac890d018b50a43c706d	3005	DEVELOPMENT
3OHSEBACte	bb14f260326c2110eaef9dc55ba1cf596a9e1ee9104cc5793feec997af43661b	3006	DEVELOPMENT
GLCAASE9ly	bb193919da27502c224dfd606ac852decee623d97524393561cac337f5b34f51	3007	DEVELOPMENT
S6TASE15ly	bb25a73f185f01e78f6593e9f81ccfefc0deb047dfdffcdd0b4511d065ff0f25	3008	DEVELOPMENT
C161CPT2	bb2b7aedb657b8c97aa6e7de6d5d7468d4b34bd8a0201fd1ff8fcc46e9ff8e61	3009	DEVELOPMENT
HMR_1495	bb2d9a9b3f2ceb3c2e8863de5c1cd8981d86c6ba3d9775a856874fdaaefe96e5	3010	DEVELOPMENT
RE3520E	bb33a72aea51dde844f4c1ff404d7f284413410e52e761fb15a1acb5cdb70847	3011	DEVELOPMENT
CYSALANaEx	bb3e19f73d6b433a832a9e2d94728570682cc0fedf63b022ac6f14cf1119bffd	3012	DEVELOPMENT
ACACT1r	bb7b801654739a9838ecc87cc38ab38a9ae33b43098fbc3eaaa4d6018db0873c	3013	DEVELOPMENT
34HPPOR	bb88d2dd3aed45de9b48cdd8a2fb662572e391987a77073be3b724a743740318	3014	DEVELOPMENT
HMR_3409	bb95711f3195718c0001381d634a154a1a2fc9eb17eb349e391bd96856dfdc20	3015	DEVELOPMENT
r2514	bb991423de2c4febdfe688efcdde2366a248b4bf6b882f6e9ddbd22b904a3f59	3016	DEVELOPMENT
AKGCITtm	bb9df51c05f6d9d3c055757122888466d492761c0b497cb936d2486f6650a113	3017	DEVELOPMENT
ARGSL	bbba37d92674d1572387e005368f44c0d6ae75972628ed44341127a8232e35bd	3018	DEVELOPMENT
HSD11B1r	bbceec7f30d3b4a471d9f337207e047452028ff303debbc75d9f1507680d3d15	3019	DEVELOPMENT
GLB1	bbd4f2e787797fdf1dba060054f6ef23aa4c91f3003852b5008cd01fe49dbe34	3020	DEVELOPMENT
COQ3m	bbd968c88017b11435bafb69261d5a12ab5559e693b14cd6dd888bccd8148e4f	3021	DEVELOPMENT
HMR_2266	bbe5a80a8859ccdb36a8f8be023af23227d201dcc6161b8a2b4a1c4b987ea9e6	3022	DEVELOPMENT
SAMHISTA	bbfc5dbb4f82b74c18a9d413fe9fe3a6ab2873fbdd557df62a7d0a44099d5fd7	3023	DEVELOPMENT
HMR_3718	bbfe7809f1edf1fbb95c4b15cb7500bc2961715d0cfb8e269eb67e42806ced30	3024	DEVELOPMENT
HMR_2261	bc09430728b092d87b36ebc7bad0f2afd068b465f594da059bf46fc7eb8649e8	3025	DEVELOPMENT
FAOXC185C164m	bc171e79e80cf6a0b4efdbde95a149b44c8b29217b8034b14889d378848a85da	3026	DEVELOPMENT
HMR_3199	bc315a84acbb98e62f6ba3793964dcdcedfb09e65029fa2f8ba9a1447bf8da3f	3027	DEVELOPMENT
THMDt2	bc64b7c48a5651c4aba863eed4a3c3eb9d21e75fa3806cd4aa6aef2a767275ba	3028	DEVELOPMENT
FAOXC164x	bc66b17b43a74b3cefd4eb80365df8d0f32fbf46a609f70c83c24f576769658b	3029	DEVELOPMENT
N4Tg	bc7051cc9cf77145f533e52c202135efc51cb8bf02fbecea8ef9cca68c5f2630	3030	DEVELOPMENT
HEXCOAACBP	bc70943e0b58ddbac492468953330e066345a2a6f5d7c32d43e91517f8fad556	3031	DEVELOPMENT
HMR_1085	bc725ae65fe38061a637b3b16e1dcca636684f62c81121e319af607ad143e25f	3032	DEVELOPMENT
GLUTCOADHm	bc76a2a46182bcc4c6f92ae1a57ced4922dd4ab45c74375bfa2ccac03708163f	3033	DEVELOPMENT
GCPNn	bc8d0d878121e082de247b0ba06160b17752a666613cbe11c32e2266b7017379	3034	DEVELOPMENT
RE2649M	bc8f0cf7d22a57d4dcf12322eccd22924f16586dd7c6799616167cdeee8daf9e	3035	DEVELOPMENT
LCAT51e	bc9acb2db67eea04ea8c7b4c742023b1ef245a9c863d9213ccfbf5aa945ec33c	3036	DEVELOPMENT
FAOXC102C101m	bcd49a3907ee10794ce654000efff789fe1eeccc25669ffbf0064909c7bc8c66	3037	DEVELOPMENT
56EPPVSteb	bcd7e8174c2e3bd66fe72f3a0ef280171d48822307be6faba91f515e9c400192	3038	DEVELOPMENT
BILIRUBt2	bce7f425dee8eca939b83471db7146b0e230257dd879be29604372bc42fc7c40	3039	DEVELOPMENT
GLCtly	bcf988b24514441b659f674eecdc81d82c4e41277ebc950cb86cf8fb8e21072c	3040	DEVELOPMENT
CSDPASEly	bcfbc24535549dcd0c196ea26c31f8c38298206050d5fac009ba03824d5193e4	3041	DEVELOPMENT
HMR_0598	bd09bb8591a6c7c5691002ff7eb1975a9dea4387234ac5cffe7fb54b286b42b9	3042	DEVELOPMENT
FAOXC61C4x	bd1baa2b542db93937192b955d323b4111919d9bb89b154d5178afa64e791c3d	3043	DEVELOPMENT
C3STDH1r	bd20f40d5e70062279ea27cc290785b388e10517acb4f8b1db14df026077668b	3044	DEVELOPMENT
HMR_3655	bd34a3d717ca29975e97950a2ccd0c144c6a3060043b8bea87882b03fea080b3	3045	DEVELOPMENT
RE0908C	bd3877af9aed6e447f5f624a9cb57523600b11a79c09d9bd828df6e49af022e7	3046	DEVELOPMENT
HEXDICOAACBPx	bd388a63be07a67259b6713854f68eff5cff89c4b7a4d04738d8a403caf6572b	3047	DEVELOPMENT
RDH3	bd3d3f865a60e57feffe421984e9bd0528d423c2b83ea865fa37645f67db0593	3048	DEVELOPMENT
HMR_3741	bd585fc9336f47dfb5bc52a1e4682e149a01b80ef6844bfb8ea47fc6c51a936b	3049	DEVELOPMENT
r2354	bd58dfd9c24c2fd6905e6668d740db63d0dce42a7744fdb55d3cb774ceced11c	3050	DEVELOPMENT
VALPROTRPt	bd6baa74a29e7791680def98fb4f17808fd3a76fbd0512e4764b1689e4f6523f	3051	DEVELOPMENT
GLNS	bd70a8d4df904aa6af3232a4981f8565069aac254573d07596c8c23889593730	3052	DEVELOPMENT
NAGLCAly	bd71c6b42915ab05f5532a86ee7c1d633372ac9d982088f2d71611b0c4bc084d	3053	DEVELOPMENT
SO4OXAtex2	bd81f45b63b6dbe8371d5e06a755436582823e275f4de2a1fca7d26e55e970be	3054	DEVELOPMENT
DOCO13EFATP	bd8b18b67357a11d604d452b80f6a0ae0789a20a197b5984f92fa585ac1d2cd9	3055	DEVELOPMENT
UMPK	bdb71810c1e42542b36466d17720e80cc5d892ce7ca7d90b14b4860a681967ad	3056	DEVELOPMENT
C180CRNt	bdbf4f475bb812e678461449b33f29d3b8a995eb67d1ff9ca62d86cdcd37b763	3057	DEVELOPMENT
FAOXC225C226x	bdc557db005f2648b94549417e5fcd6dde8c6d3d9196edacde71824808bee0db	3058	DEVELOPMENT
LCAT9e	bdd3a807cc39ef18176f962542aaeb5d8a8b20742e43b2c15436eb52bd796cfe	3059	DEVELOPMENT
r1598	bde1c17ca0bcc3f5a5002038d73929f0782051b5ec892b497cc9bed2c867998a	3060	DEVELOPMENT
SPHGNSte	bded88cd14515dc2e7170d53f3b3e0834cda556425dad5beb26cf7ae4ef21646	3061	DEVELOPMENT
LYSTYRILEt	bdf694c9e834a76e797cd51c3600e93d78e8a8e55e33739f729ad5184f0561ee	3062	DEVELOPMENT
LGTHL	bdff3790bb17c1487f7470aa9a9928285d907d9aa012774f98d85728d859932f	3063	DEVELOPMENT
OAADC	be01215ca09bc6771cb702a2dfdc26366baa42577d0cbe1c10ded9227e7e6ad9	3064	DEVELOPMENT
r1546	be076d911ceb74bec78d5fb69a4b1027c6400c97a883ec601139c4941aa71cb9	3065	DEVELOPMENT
GALt1r	be0e79d5433a4c40325e4575ccb161468db08c5c71396afcc45a044f214b1429	3066	DEVELOPMENT
DHCRD1	be18146770276a9f56f83ebe6156add874c2f13a4048683c9fdb4d8eb4855f6d	3067	DEVELOPMENT
NMNS	be1ec850b8e10eff9e0bd8d1d92441bfbe9da8bbf3e847461ec535e3d90ca3a3	3068	DEVELOPMENT
HACD1x	be34bead3e446e28d0cce64e256573cb99eaa83c755baefd8c22425962bb6177	3069	DEVELOPMENT
HMR_3406	be4343857dd67f750cd9f1ffc001e556decd1a1b7b94b5cdd1d09f8c4548ec32	3070	DEVELOPMENT
C05299te	be447741720728a7e128d76798699e029e72d6c9c2e5dd55eb53ce1ed4d37d8e	3071	DEVELOPMENT
HMR_2581	be52b74224727e5188211ab7597359c58ae88ba35bd53164a1bdb2249655d229	3072	DEVELOPMENT
FAOXC141C121m	be55c44c4e3d4052d86a1c22cec52ab76feefacc8cdf8796e61763a66e96dfda	3073	DEVELOPMENT
DECDPtm	be560b53eeb5dd0de680f13f6ada59adf90058542b589108a34a998d65ca96d0	3074	DEVELOPMENT
HSD17B1	be5be4719ba17da7fb5de5a878f7b769fd29eab2b19b48a4dc326ef3e3fabf1e	3075	DEVELOPMENT
RE3006M	be75082481aab2aa6e9b87fee5dc88fea8b7c85b1f33db2a5dc499e82993c48c	3076	DEVELOPMENT
HEXDIACtr	be8ed7a9dcd35a3fc2f9da8416ff73e332fd39e25e3e8908d282e67e944804ae	3077	DEVELOPMENT
DLNLCGCRNt	be8f05fd5f8aecd6d21789b66fc5fefc38c3ff5d0d8cc904706a2c6603b0a51d	3078	DEVELOPMENT
FAOXC161C141m	be9d0b2692cffd307cd12a8e901a1be354fbcec189f3d6a3cff7cd5da2f82769	3079	DEVELOPMENT
HEXA1l	beb6f974b7ed734d3786930c9d574e45c4c86b2bad5c4e188fae2eff81340338	3080	DEVELOPMENT
HMR_0855	beb92d6acb04208c5e4f688a16d6f59b9bcc38396867ed80e8315a1b583f65c6	3081	DEVELOPMENT
FAOXC14C14OHm	bec439473b1cb8b384ea4458b52d62a14e4fbdfeb33ab58ea5a949b0cdf7d2af	3082	DEVELOPMENT
PCHOLN224_HSPLA2	becb3f128d8aa87c956cb4a6ff211bc82e7f40fd2bff77e018ce8de82ed99c83	3083	DEVELOPMENT
IDOURtly	becba75fc52e31c8af516a73fe4e4c7fedec50e8200ac3abee410e4d7eb9d23b	3084	DEVELOPMENT
CVM1GLUChc	becda3deddba5f31d8266d59170512cf1c5370d6da5328decbbf7939907b5d16	3085	DEVELOPMENT
HMR_2776	beec67dcbc8ee2e84d635eec7abf6a738fce7417b2a070c5d9910abe0cb99cdc	3086	DEVELOPMENT
r0494	bef5a7b90087d0a406a6c70af0cce2230026b129eb104380a41bb646393e2a26	3087	DEVELOPMENT
HMR_0980	bf00786ee7498b7720e932d5f110f0e19f5ababdcb9fbc3c4339338a88bafe40	3088	DEVELOPMENT
PESTE_HSABCt	bf2ab9b91f59dc2f345a7520d7bcdd9c2b46d32984a8f44750f8624b1e7d1b87	3089	DEVELOPMENT
DOPASFt	bf2b7883571702f344e0ceec67c877e57be6258be3261df46d10666565160ebf	3090	DEVELOPMENT
r2020	bf31dcb2ca36b0bd377b65e8930ff36c29474a8016b45abd418e75398cb9e9e4	3091	DEVELOPMENT
r1481	bf41e95040e87ecac5d2e39b98e8ac2d11e4064307f5c366ed49e8fa649ff9d1	3092	DEVELOPMENT
r0023	bf4d394a338e94cc55622bc6ae6edd0d34b600314d570f11790485848ef3113c	3093	DEVELOPMENT
RE2997X	bf6fab4578e117d43345b60b3361b292eb4cac2bbca44f526cb282fa8656c57e	3094	DEVELOPMENT
NaKt_1	bf8c296d22abdd962bdaf45cde522329a5b7c7baa06fe202996d1b4cfbb15170	3095	DEVELOPMENT
HMR_3684	bf987c46fcbb473669e0fafc6dc13116aca98adc31f169ad23b3c6df8af062d2	3096	DEVELOPMENT
HMR_3456	bf995feb004a98a150d19881c72adcde43361e96e956cdbf8a512b5d04cbd9a9	3097	DEVELOPMENT
HMR_9627	bfa7b52d46b1bf473385711d56c3f88c5047ba0fb61aa26ffcf25cf56cf5b019	3098	DEVELOPMENT
r0755	bfaf31433f135060644e8f5bf0f8465163e00b8a9ad85a12ca8b9a6f1668210e	3099	DEVELOPMENT
SPHPL	bfb1bd580d4a195085f785fe6021ec1ab1e786ab91460a58a47099ec2ac37de5	3100	DEVELOPMENT
FAOXC140	bfb4a69081277ff9130fc729f6239df8f476ba82a86ff0d742ec5bef32306f88	3101	DEVELOPMENT
MAOX	bfbb39ba41f77ff06068ceaeeb266e73a475fb9af6111bf5cfb0ed06b6f91918	3102	DEVELOPMENT
ACNAM9PL	bfc5ffd65c970ea8566eef0ac0aa67a65586348d329e0c44099c1ee033d66710	3103	DEVELOPMENT
r0841	bfcfa5335e1fe79b87d61671a218a3d09f9bd4f7494ac1a5642f5b269e4cbda7	3104	DEVELOPMENT
CHOLPtg	bfff2b1e91537af30fc9bbeb4384107c895b79ae294c1d9667513e991f121a1f	3105	DEVELOPMENT
RE3244C	c01484a7165633182a4837e68004f358ee727a62a1e519242330142c66c9a84d	3106	DEVELOPMENT
LCAT10e	c01612623009a0b660e9db36d7e3687c2cd125f361f8f8b50b60b61e14c8e2c1	3107	DEVELOPMENT
RE3012C	c01b293ba66e49f61bee370c6e1399d90ae946346875531519c865a5de004ff6	3108	DEVELOPMENT
HMR_0431	c02dbe209213728919e6de4da01c96997de64fb045bea833c869c2f449bf8b19	3109	DEVELOPMENT
r1564	c05ddd9ee066b4db33bca23b02c594b10b0a4125b8a209d3a388fe7e8c4979b3	3110	DEVELOPMENT
UMPK4	c0619dc0772308bdcabf82338e91c63c72a07d0edc8f4651039abcdcb2c49265	3111	DEVELOPMENT
CATm	c062bcbbd5775736573a07b68d12822bd313e3111a5a3cb5fb4a9b4fbc030d0d	3112	DEVELOPMENT
r1995	c06965d848a2ea882b0380c1ccdf6a2e4738900dc9251a9cabc3dfd6dff3d3cc	3113	DEVELOPMENT
r2008	c06d745fa66fb723953751012163c84786014beb55d01bc5f6c1bdc299c9e640	3114	DEVELOPMENT
PCHOLAR_HSABCt	c078d2c896a01fe3dcc0f9a79e39486b049e04b32e1f7861efed94b571bd9da5	3115	DEVELOPMENT
HMR_0758	c0a9789b1e8c52d54a37f81ef1220bb732ec9df186614d9d4a3fdeb311175a2e	3116	DEVELOPMENT
NDPK3m	c0ba3ff8b915ae39d67f18ac9dc770450cd2074cbb2d4be420a5cc864d8aed18	3117	DEVELOPMENT
S6TASE2ly	c0ba7d5a70c9a3ee24c5cc93b98b677c61914be288b55836b1e9b3acea990973	3118	DEVELOPMENT
RE3525M	c0c4dbab9b0c73330e7ddec87913a56a5bf2c0141df17f748bc02210bd1b1ce7	3119	DEVELOPMENT
UNK3	c0f62f494e6f3f9f0c1c5b4ac5e7ebb4485259c5caf240c23ecb8ae73cd07855	3120	DEVELOPMENT
CYTK6n	c108f13f089a646a89d724d196fbee1e82699cfbed7f001956fb204cdb3843a3	3121	DEVELOPMENT
r1567	c10bd4f9c8b072140363a13f215bb68de7b7673b496b6de1f38c2ada425e7c8e	3122	DEVELOPMENT
F1Atg	c1138822d9a28360a0e5fb83e5d8dcb2a4cda8179d94089669ab7891af9b67f3	3123	DEVELOPMENT
RE2526C	c12738de42518eb4f83f5950252e3bcfaef51567568d4addf42474b1b5ad59d4	3124	DEVELOPMENT
HMR_0210	c14c8269907a4225715968aaeb3c060665a149cd85d58b1e5fd08b80eca65f8b	3125	DEVELOPMENT
NICRNS	c17efb721ebd7fb301f8ff1258c3c87d554b1565956c33691e6931f616be914d	3126	DEVELOPMENT
HMR_3699	c183c3896c12122c73465e759221681205e5c87c46134b140d39587fa9f37962	3127	DEVELOPMENT
PCHOLSTE_HSABCt	c189ba34dcdf14d3953af31c7b89bac7b513142e07c822d2c55315d2f321a63a	3128	DEVELOPMENT
MAOLNOR	c19756ba8b08c20deb6d37ab3e8e5256836aaa48d1cde918fac92a6949d9b415	3129	DEVELOPMENT
CRVSM1teb	c1c8b6ecc7f301dbd88bf0ca6f13fca486240c532f25ca29ec32bea26590d1e0	3130	DEVELOPMENT
FAOXC102C103x	c1de6d5454d2934fa07b0142095c5dad41cffb2c6800f9d74f2db51fcafce407	3131	DEVELOPMENT
r1617	c1ee850ea55127c0156a9954e974b15caf974b5003fd7546f2c6abf13a5a6ed8	3132	DEVELOPMENT
DCK2n	c2085c358db703ec5960478d9f38ec6e4ffa6210c6e8713a83b1613c59f00d62	3133	DEVELOPMENT
NTD4l	c20d0ceced7a897707eb13854039bbb349f601318186b8b096b50252ceedecc1	3134	DEVELOPMENT
XOLTRI24te	c22ab7092c52099a194eddcb0f09c0f84d5f86f3efa8399be4bd04dc352389e0	3135	DEVELOPMENT
G14T20g	c232b8cf8b1311559cef1338e8468ad52f7df409d97d7173e4be30ebfa71f417	3136	DEVELOPMENT
CMPACNAtg	c2416a813cfee6e916a89e143b49aaec649a8c9c9b367d5e4ca55f93016794cc	3137	DEVELOPMENT
HMR_0385	c24dbdaca4c04ecce689d7107dfa929442cfaf7866da0d9d4db8a189275c9cfd	3138	DEVELOPMENT
LEULEUTRPt	c24ee5772f1885adaecb72bac259d6e8d1b4a13557b12052788b19040be29328	3139	DEVELOPMENT
PRASCSi	c268af14ad362c8412351ebf092e18b9e4a3752a1bed1ef465741eefce11cf55	3140	DEVELOPMENT
RE0565C	c2690c645ebf2ced8beba14e89b01d9d1d9a926afb692d500396f7130f7fbaea	3141	DEVELOPMENT
HMGCOARx	c27c6b12d544c7d153653020b321db5fcf0adc99bc7f725538b7602255d4a77a	3142	DEVELOPMENT
RE3176C	c285585c543246e9ec0c118ac8124fe0c161d8948cb818dd538187655efb93b3	3143	DEVELOPMENT
2OBUTt	c29c92a22a8df4af8756d89ed620840926729a3881a09f811dd3b53cf2434ae9	3144	DEVELOPMENT
BPNT	c2a1cca2bbc1d8ab75e0640bd1baf0e0a308d02102acbade45c5acb04eb55854	3145	DEVELOPMENT
HMR_3708	c2a44e6eb9e37e04e287f4216a4c64d694a57066e204061a2afc1fc79e9c5fd7	3146	DEVELOPMENT
FAOXC8C6m	c2aaecb76186a07d7c7c78a7d631bbd9297d8792c124d3d8afb58f9873f7bb30	3147	DEVELOPMENT
DHORD9	c2bcd4acbacb395ba61e17c5ed57e87a7331117c69c04339792747ed559a4d78	3148	DEVELOPMENT
GMPtg	c2c14e368157472654929aa7dc413fb65f8e54a7796510fc3e1f8653429bdd70	3149	DEVELOPMENT
FOAXC122C101x	c2d36406880fe1c7c7ae376e268028ad20528cdbc247a0db5f52b000d038e321	3150	DEVELOPMENT
HMR_3668	c2dc236612730dcc2e22ccd90dffef9999075975b74acd638a906e67595c1009	3151	DEVELOPMENT
NEU11l	c304bee951dad6ae01aa74ef4136cafd3db55a2680b52df45a0c6cdd3fdeb85c	3152	DEVELOPMENT
PCHOL2LINL_HSt1e	c3187675cfd50f0a19f491125475b9602ebe882dfe1b2693b7d0379fdbbc0b4c	3153	DEVELOPMENT
CAPROICc	c3823936b357ca9a508bbe68001f5f9c3f381b218539e66fb482ed6db72f6e86	3154	DEVELOPMENT
HMR_3719	c38572d724482db9e839662d9408aad54b027efb3c7d98a382763ea7e4e5d96b	3155	DEVELOPMENT
GQ1Btg	c3939c963318c08546420681ed5bd2a11e5110eff6de2b2bc052110969117d00	3156	DEVELOPMENT
PRO1x	c394d161b671feb99cb772060a08cfd2d867dbe6560e6c1003c0f01c3bfd613e	3157	DEVELOPMENT
HMR_2961	c3a328fbc7b7799cbd70e5a5e051039ee0b49298af2f324389eccc6b1b44e9ad	3158	DEVELOPMENT
DNDPt11m	c3a5ae15bc456d109bce63980d99c2d60f04d9f3f67337f06117af1ad03064dc	3159	DEVELOPMENT
RE2998M	c3aa4e5ca57c54b2b17dc946bf7d704ae11e1b48e59d98b20cd4d82c1c58d4fc	3160	DEVELOPMENT
r1548	c3b9f57cdb96dc14ef991583552b68716c669ef291f07feb775f94ff8311ce2a	3161	DEVELOPMENT
CHOLK	c3bea2d1058149a9cb565cce12c2fde7d62e6965ede8be503876bc019f8cf729	3162	DEVELOPMENT
RE3234C	c3c079094322135fe60c73601834fd626f331a38b8370ba5cc7973f785c853ae	3163	DEVELOPMENT
HMR_3069	c3c235f4e38866ddb9223a82f80d3623d151b66eac00389b461b92e8d334e188	3164	DEVELOPMENT
MOGAT	c3caf1261b80718f9ef2bfd5049e5bb1d9b9034a7bc564e288bd9093ab929f93	3165	DEVELOPMENT
LYStip	c3d2b72a8a99cd0e2ac8cab4f0510bf07308c51a85f6100ce5052dd100419bfd	3166	DEVELOPMENT
RE1803C	c3fb39fdb5eb95885da1841f4cd525154ab90b67d11eb6d026a9720ec9e82d80	3167	DEVELOPMENT
34DHPEAR	c4091f6a5f808853cdd299b1c76465b19680343fc1db63cedf04a391f139606c	3168	DEVELOPMENT
PE224_HSPLA2	c418d039bedd2c43e391a91a9a59563399a0708bd6b075cd353204a347b0c237	3169	DEVELOPMENT
NTD2e	c43adef43fbf6d2e24507917dc75711637066b8898b790fe1833cbf9ce9e126d	3170	DEVELOPMENT
CRNtim	c4496c2d5954935b16289e36ce7515c8f9069bfe1b64480d1508cc9014c564b6	3171	DEVELOPMENT
PEDH161_HSPLA2	c45080b04bf25434823e2e716aea46f308759d833591d303fc87a994a0fa8850	3172	DEVELOPMENT
HMR_0810	c4512617436abc85d1c31054f5ba66dd1f26d1fa7cf7624c0ca73a81713f6ee4	3173	DEVELOPMENT
HMR_3701	c465e42f730052443ce43676e4eb99603f6a9b7a05da7aad70d60ce105307abc	3174	DEVELOPMENT
r2390	c48127c1e64a96066c26e2220c5ddfb564fda4cbab901880e84aebcb7d01a549	3175	DEVELOPMENT
PROGLULYSt	c4af55606c845caff6936804625bab2e267f02213cdee6d20c102b611fe8a8e2	3176	DEVELOPMENT
r0997	c4b2879eb37b2b21f7d5fbdfb311e156cc4a45868fdf0393b428209ecc81477b	3177	DEVELOPMENT
r0480	c4b85b8db9030e0d739ec5bb863966fcd17cbf922d014dbcc3e983cafa6645e8	3178	DEVELOPMENT
DNDPt13m	c4b8f52e0473c9a2d4e685a89d8f1e1ac1236e764da3ca597e56e0cee2c93c32	3179	DEVELOPMENT
HMR_3664	c4fc709c2b7116107c24fddc92d5782184891f03ab295dde250b88df6de68003	3180	DEVELOPMENT
r0308	c50ea3d9e3eaa3ae9b9213bb6a892104ad177dd2e5844654574e0648fabd8014	3181	DEVELOPMENT
PEPALM_HSPLA2	c510f30f13b45eeefdbd79e8fa20bb20e05f6eb667adc86151942b1772db5325	3182	DEVELOPMENT
LCAT4e	c521144cf4e2fae2fa66b7f716ac2a5c2d93d4927ad3550f49b7440657c49934	3183	DEVELOPMENT
HMR_3714	c5235a425f9bd4921820f6fab2abf8f666d915a30d8b3260e1a2560e8651b9a7	3184	DEVELOPMENT
RE3110C	c530cfa4841b047fa99dd8487afa8542f6691487e1801679c8df0e4d5a6d23d9	3185	DEVELOPMENT
HMR_2736	c5378634b41a5a166ad1b6c7d8dbfd1d77b32b97250abe0e36a7c0022c4304cc	3186	DEVELOPMENT
HMR_0436	c53eb566f38abcabf4224bb7e252f304607128e60744c1d58b393a38faa95d37	3187	DEVELOPMENT
HISMETt	c546ff7f5ba90139068574769e03f64d2c88a0608b42e8d64b993716ecf23725	3188	DEVELOPMENT
ASPt6	c55502877ec33ba4c1d808ef1f56386ba60e243875d225139b113ea390c14d1b	3189	DEVELOPMENT
CARN160t_m	c56f3a665f4ee4de8a0560ad5825cd61f4e6237940b33dcff55f23f7c9511477	3190	DEVELOPMENT
HMR_6838	c5720fd9a5f49c11b6f3453b23515837aa017d451a0f76a57a4307e83b1ec0a3	3191	DEVELOPMENT
GND	c5725bfe8705ea4ec8c181805c49f20f1e6577c35db0e27949396f8844c18da3	3192	DEVELOPMENT
FAOXC260240x_1	c57526129466883225308b1803319b7721c7f85fcb216cd962ff53f51c99ea79	3193	DEVELOPMENT
UMPK5	c5832b810faac0a044e82cb3b0203eed63c49c865962ed97ac3c9e2d0d1209e7	3194	DEVELOPMENT
DOPAMT	c583c009f26eb189f3e2c4fee6d47055fec08b0b1f73f19afbcf835db1d48891	3195	DEVELOPMENT
ASPLYSGLUt	c58689f13ae162f63b60890f2f079a057d89a237751b1f45f6e0f65ac455ea4d	3196	DEVELOPMENT
HMR_0188	c590976ae9e0b1107e6842b0420b84382af3843bae4e04245de28d3561c88258	3197	DEVELOPMENT
r1019	c5a52b29d4739b682c4397d9a12d07622f168d9e82dc5f2643c2b4c79f0aa91a	3198	DEVELOPMENT
FAOXC226C225x	c5abe11a88aa5045da2f4ea7cb0b91793a4144e7bda1f1a3a48451be5665d7f5	3199	DEVELOPMENT
PCHOLN2254_HSABCt	c5cbb79e72ae9fbaa9e38e45ef723ad55efc185f7e8729f25e929407c95e22b8	3200	DEVELOPMENT
CHLPCTD	c5f12b0994e10e6d9051fa6df6e86801dfa60ba447b5eba90ad262288bec1a21	3201	DEVELOPMENT
HMR_3196	c5f2691fa7e58de53e1d291a7371b7ae0ee7cf51dfbef417253c4f53e4a89c06	3202	DEVELOPMENT
r1177	c60598cd20c16145ef395fe0ecd619b399ebf3ef0fd568d807f49cbdf81f7fda	3203	DEVELOPMENT
PGMT	c60898033556c4a15998ad04b5d6ebb09fba49ed203f50bef5bb0859d3a06c6d	3204	DEVELOPMENT
ASNMETPROt	c60b8626c0c6bd8f3e107d98cfa85e183dfd67a8294bd52d6e68a9e51eb8503b	3205	DEVELOPMENT
RE3226C	c613ec3a75d141705996df92522fdabb6f5db42c322a41830d6973d713232512	3206	DEVELOPMENT
RDH3a	c616c5169248f06aba55df57f4b14946f563f51a8f1fcc8e3248474a012526b4	3207	DEVELOPMENT
STS2	c619750f3db29436fbbd683b1f88997fe348d0d4dea159e41d548af3da302586	3208	DEVELOPMENT
NACHEX6ly	c61a9166392c87c44a8b8c51f3a014f4619843873c2f8cf1afeb08e9ab730d92	3209	DEVELOPMENT
HMR_0245	c64200b99d69ac0475e3697d273ebb4db2b4ef43673faa5c466547d645b50dc4	3210	DEVELOPMENT
DNDPt48m	c64627862eef83e199910f9f36d8d88f39ead1528709e7abf716060844949f09	3211	DEVELOPMENT
C05770te	c65cd1e66e92b4a115212fdd190a920849df860737be83b77a14f1416cfba7b4	3212	DEVELOPMENT
LCAT21e	c6629bff52b64410fccf85a3d3fdd9349ad7559f4ab43481e370e4054dad35f0	3213	DEVELOPMENT
NTD11	c68a31c363dc3c50ccc029bc8bbd4c15a8508cef8318307be39e0fc0b0f620bd	3214	DEVELOPMENT
LNSTLSr	c68fc3eb6956e24e2593ae5b6ed1c4d33d458f0dd885d50ae12a5ec81e61eb89	3215	DEVELOPMENT
DNDPt17m	c696041b7d87f71357dedf2551f1af0e143fd789e412fea6e6e15d1522f3e183	3216	DEVELOPMENT
ASNS1	c69ced6f86c0ee71b0fa279cd37d3ab910dbe763c52fdcd222092da53c228751	3217	DEVELOPMENT
r0734	c6a46da7e7704f3bb3de82d7b8d034893a67a764e654a6c7d1aa82ae5b15e1ec	3218	DEVELOPMENT
THRGLNNaEx	c6a630f3ba4b131d982fc8a7022b5d8c9f8542af163af6abd7200b8bcfcd7166	3219	DEVELOPMENT
SERHL	c6b7c9c361eb7ef376f5b4cbc2c9eafbd2b8f3cd2f2d8b99192dc171b84dc59a	3220	DEVELOPMENT
r0688	c6c276ed3e42376894ffe6373c26721c53f697198ca9678ed95537b7e1985cfc	3221	DEVELOPMENT
DUTPDPn	c6c5ecbbda0ea7b74e77a51cd5e06e808d22743c13da7ab3ae62ef3e2657e42f	3222	DEVELOPMENT
RE3114R	c6e025eab6c3c47705579bc24273459fd9b88386dde914f347975445f148b4df	3223	DEVELOPMENT
ARGARGt	c6e87ccbefca3aed5a320b26f699d13ce781c5d000f31839abd7b92d2687263f	3224	DEVELOPMENT
SUBERCROT	c70813e60134ea01b758442649e5f9ea277d86a47c8ba43bbf0de6ca964c82b6	3225	DEVELOPMENT
PCHOLN28_HSte	c709c1f9bde7b6fee0675b8f0f408a6cee4c817c908803b56878eeb8cb27c898	3226	DEVELOPMENT
HMR_3647	c7161aa3d6b12ca9e86a70403fe75cd3cb5c1345465ada2a9cf6161f3e4a4a1b	3227	DEVELOPMENT
r1179	c717f242a62d2a32290afb01d750b4a31c3b7ffa581ef1d89b2e254db6c67b7c	3228	DEVELOPMENT
HMR_3712	c71ba89249bab7b24e984861d4ed8eb1112c1484c8895f4b0fa06f12a6d0f5f0	3229	DEVELOPMENT
PMTCOAFABP1tc_1	c727803c6cbc75067894759191ffbe134d602a75e187c3226e10246498b4cbe8	3230	DEVELOPMENT
P45039A1r	c731631fe77c0d08d6d85ed14a6ccabf08d3e5e96aa6a5774ba189a9c66980f6	3231	DEVELOPMENT
HMR_1916	c754d5842d66ce00a3a12a7f16ae9abd0d179674a63ce750cd03a1116edecede	3232	DEVELOPMENT
HMR_2434	c7578518ff1fa9cf96be2bcfdae53c083589cf6ed1461e9425af6a3662edcefa	3233	DEVELOPMENT
TCA3Sabc	c758138cbfd112813708138f384802b6f3f11495859e4321886c3ebb3c612e18	3234	DEVELOPMENT
METPHEARGt	c763cd9c75420adf314672b24d513cb574c6c1a57adb04b8ee2c8a8cfaf7d500	3235	DEVELOPMENT
RE1804M	c76a18c42a3198c76f5928bff06eb30db05573d04e46752d061310f62b35ff03	3236	DEVELOPMENT
PCHOLHEP_HSPLA2	c778a97595278ee60a0fc67006034e88d98a7de66be9f0aa608cfca516da30b6	3237	DEVELOPMENT
4HPRO_LTte	c7ab89d335ee67c46e7de9dd6888021226b4b7fc52b606b51a767b5f4ce1d81e	3238	DEVELOPMENT
PCHOLN183_HSABCt	c7b0b0fa8b633d9f7fa91006ff2b3f7e189219c7b1cdbfce6b4160f010127d92	3239	DEVELOPMENT
DESAT18	c7b5066cc0e1e4876ddba7a033fb5c9d5b2fd2dc25f7a9ce5ef8fcb504bca8b8	3240	DEVELOPMENT
HMR_2774	c7cd03628f51c9fee11729d0e2a69851d7c78203cb00b1bc642ed6f68744983d	3241	DEVELOPMENT
DNDPt37m	c7e17519596ffc0e357f0336573909be518d47a57fced52c4a580b436229e615	3242	DEVELOPMENT
ALCD22_L	c8015b34875567087e5839bdd9876c2d4d5a85f9546fd6f3b7087fafdaf31dfb	3243	DEVELOPMENT
HMR_6580	c802f331444f7cbc4d4bb19d4cae4377c55ca86bff07df16255554b7ef9c27ca	3244	DEVELOPMENT
PIt8	c81ee87041482527f6ca6f80278b49fff9fecf205a8277d10c1865998bf6277a	3245	DEVELOPMENT
C4STMO1r	c82605452e5022d36e60a1eb98efba53b8e80c9765914e040827deb62eecdb6e	3246	DEVELOPMENT
r2313	c83a5ee25aad24b4c21e71994d002fb1b80badff4fa0b5e757ea234762f1df48	3247	DEVELOPMENT
HMR_3677	c84c584076626a9734f95aec815ace57ff12c077c2b706ce8f1222844db98825	3248	DEVELOPMENT
HMR_0322	c8864d0f87de5421bc18143141ca4ef77f4e1b6e4ce490e437635a5f81381acb	3249	DEVELOPMENT
Coqe	c899f198c6cd6bee492ff27aabf14cf26d7d99ffeb666f35b9600590b5c5e793	3250	DEVELOPMENT
HMR_3687	c8aa60e1fdce105bbb77a97cece1389eda57249c1bee2c14d860a18edcb0ac3d	3251	DEVELOPMENT
GLCATg	c8ad5f76d9570153e1c0b47368f1008b8883541905019310a73cc9a27af705ce	3252	DEVELOPMENT
HMR_0276	c8bab5d458f1a68fc41f5cc4c649d2fa3cd6be3822d90297aecb3086ab0306b0	3253	DEVELOPMENT
5OXPROt	c8c05b8ebc1de2eba14c8e7a6bda8caf8707cc824bed9c4ec0e6fc5943c5d558	3254	DEVELOPMENT
FACOAL244_1	c8c2481babe5fccb1ce95f18ae191c36fd6868c6bae86ff169661dee0799081e	3255	DEVELOPMENT
HMR_1311	c8c76bef1c5003e1d20234df91e072168cd7acd38adf7d32d1009f70c7b81060	3256	DEVELOPMENT
FPGS2m	c8cfc6177395844bc533c2fcc35c73ae594028fd979f44178380c61db69f2066	3257	DEVELOPMENT
GLUNm	c8d88b0b28e99194113eb8af914b9a27fc9cc52e8fc60a5276ae239b85f13dae	3258	DEVELOPMENT
PCHOLET_HSt1e	c8da0ca18b1d3ee93549f3a4afee2da4dbb30aa3b1367c46c742ef901ae86714	3259	DEVELOPMENT
r0788	c8daccbd3a8ddf21a4c5867bce90e75fadd6ab0c36c1baa6c90fcff978fe192b	3260	DEVELOPMENT
FACOAL1822	c8e18919085f64417d32fc71583569440074afc3d9cfae69f272dac83a6afbbf	3261	DEVELOPMENT
HMR_1630	c8e3564563df97c30900d2974e49ef9b274dcfd9fd384cf60e288f9c1b0bc4a1	3262	DEVELOPMENT
PCHOLN183_HSt1e	c8ef3fc26bd66b014f61d2a06049cbe7ddd1dbdc4c14e8aa9bfabdb5e5c6de55	3263	DEVELOPMENT
HMR_2661	c8f21e62b295e9744e51b12f428aa6c051a9b1fde8fa2582f7b1f3323f3a6f10	3264	DEVELOPMENT
r0603	c90cd26065263bbd79de2b46c42ca8ac6e4cb0c4d688508c417ad9c66a24fe2a	3265	DEVELOPMENT
HMR_0430	c9164a4aa1df24bcfe357379cf29ffdc1c096715690ff8b05a5b3f309e862a8d	3266	DEVELOPMENT
PUNP5	c9395977378835b70d1b9414209cee490aa3b505d53d281d7dcaaf7e306366ed	3267	DEVELOPMENT
q10h2tc	c95c3693c8bf88ca50f2bacae3d9e081bba54326be2b17db02b29563458ad3f7	3268	DEVELOPMENT
ALOX5	c96825eff35aa6cf56fd1ca81cbdbe2fc0da69e017d0b47009c1594cf881ccc6	3269	DEVELOPMENT
RE3232C	c9791c2ddacb24f76fd65d6a1dc28187c5b66f1b5e648b8c71700715f06976a3	3270	DEVELOPMENT
INSt	c982cc15b87817a32b3abc5d34af6aa47022e55b75883070f94d42ee1fe03b56	3271	DEVELOPMENT
r0754	c98d977c26a793ca17ebeb37254166c0e2e9c2935fcfd62dfe1e881fe29d9cf5	3272	DEVELOPMENT
HMR_0243	c98fe106cf829442422c4d71a96acf78913d8892579b37cb2635bb349e7088b9	3273	DEVELOPMENT
RE1573M	c9d0cc37ff20bd370183ca94bd9c7930bef7cb6e8946c741d34e5f19e3290f24	3274	DEVELOPMENT
HMR_3203	c9d18b038709abd368fd92d0da02977d66d276a74e7778a3e745b0cdf7c6db55	3275	DEVELOPMENT
OCD11CRNCPT2_1	c9de8c0d810f25b3e7ae825f8cfa63882a2182f74172a6124bcd6ced184faad0	3276	DEVELOPMENT
r0818	c9e7d7c3a52847cc33a661101d00c1b7a28bd40083e673da7b9e7a8b7aee299f	3277	DEVELOPMENT
RE3163C	c9f56d5e7b0a6c19de095a25ff4ba867cfe5f36f14c5a13745e146cfbeb20b78	3278	DEVELOPMENT
SERDGLYexR	ca10d4962b8deb3c8114c3dce56f6e8f94665cab7f127e35fb0a274529f7311d	3279	DEVELOPMENT
DNDPt55m	ca1ffa57a440ac022a8edfaab891b03b464070df0ef6f5dac4c4222c0d5208e4	3280	DEVELOPMENT
RE1532M	ca250d483fbafad532357651f2efbd8db9b0fa1901e426e309699a16a451797b	3281	DEVELOPMENT
HMR_1552	ca256eaae9f631e9294ad6063d2f5430c37d885f2b39b8c85e9c4bbb3a00c3b7	3282	DEVELOPMENT
GTPCI	ca39e16773467f999ff3110269487a327a5d714d60149b5d9e43e4064e12f7b5	3283	DEVELOPMENT
DIGALSGALSIDEATPte	ca595329d7697d7225cd3b9a423d2463f4ebf91637852393571f89f30eee4a78	3284	DEVELOPMENT
TRPASPASPt	ca66b9ee7890c3018d44c903d105dcb4183d21fc6dce2133d11d292fa262c795	3285	DEVELOPMENT
GLUtr	ca6ff713154fd0fc5ab6d6b36d83e1a52ba9691224ae06fdde549045363bdcaf	3286	DEVELOPMENT
RE3103C	ca78b561e9b95757da03c2bc25367375671a96029da6b959965a130f2c03b9ad	3287	DEVELOPMENT
LDH_L	caa5df9b3d75f4f7a20934ea990942240bf220e96655b56ae36352f021c3fe32	3288	DEVELOPMENT
ADMDC	caa8c822c7e33aaeb584465a119dfb1d749293faccdd1cd2ba5a2cf4b0c8cbb9	3289	DEVELOPMENT
GLYAMDTRc	caad09f1aeb2488673eee4525cc2fdbe3bdafa78a15a3b0c5339d30a1ef3d411	3290	DEVELOPMENT
CYSASNMETt	cab7f275cd29f7faeb7016f9574ae1b2202d16caa7761b2feb66f358f0e5ab02	3291	DEVELOPMENT
DUTPDPm	cabf0846d63adc61e7da7704f8849c7188d54f1fbe20b372bfe34aebefbd59e4	3292	DEVELOPMENT
PE17_HSt1e	cae3f2caec0ca5411f2ad249cabda07d9e133eec67858fe6c48bec5ac15ffd18	3293	DEVELOPMENT
HMR_3243	caf7b8fd0fc1012021cb4e46131e902bd82e42a516bfa3130eac53c4106b09e7	3294	DEVELOPMENT
r0009	cb124c2103136e5a366bd050045c17052a390a4fe41c68acc922e8d401011afb	3295	DEVELOPMENT
C180CPT2	cb1306ceef3d76b19f67597bffac7621d07dee4026967f5aeda8b73a22bda1f2	3296	DEVELOPMENT
OCD11CRNCACT	cb1968718eb3a3995b579e8c6a9495c350e65722a1a937c4599589d24299b041	3297	DEVELOPMENT
HMR_0177	cb4c0aee86adadb46fda648a62410c6675cdce2757d3e7b6588f7db283c13f76	3298	DEVELOPMENT
CH25H	cb4fc628379340f957df680f8aeef7a1559adf8941f6cfc580e005aeadbf0616	3299	DEVELOPMENT
r1656	cb67e644fcad6f7cbf037dc24d69126224d43aa2745b4ccef5971f941e2ab6a4	3300	DEVELOPMENT
ASAH1	cb6d7a1c8c4586c02f41b95fb3f9b83e9d2c970ffb4d7365ae3aff31c6fed575	3301	DEVELOPMENT
r0879	cb80ffaa3af86ba7412f5a43ab5de297e59153c2de2d24da12e23c0956d203a2	3302	DEVELOPMENT
HGENTISt	cb8e33d1af8cf8353ca7b73c523c20c022fcd061f70db14146f7a823c6a73d97	3303	DEVELOPMENT
VACCt	cb8fb0a9e8241a1a6b06bc3bbcf52846b39f3639b1311603adb2273d4f22df06	3304	DEVELOPMENT
r1174	cb95f47db3e50ec04ab0629d78a85a44d264bf86a8a20f64e05b1ddb7467a04a	3305	DEVELOPMENT
PCHOLN183_HSPLA2	cbb8de9def620739c393cfd8b86b147fed52fe4d9b428a4f40d1d84e2ed24a06	3306	DEVELOPMENT
KCC2t	cbc6c78e92255cc45ce25f5defff5397d09caa35090c19570588c82faea0dbe4	3307	DEVELOPMENT
RE3010M	cbcd849a062df5edee8788a907b1e66bbad4524b7b75ff031627c96dd7aff849	3308	DEVELOPMENT
HMR_2705	cbd191401306f2a5a6c93b38c1763eea7f3941dc78629d8af24ed0e5012cbc7d	3309	DEVELOPMENT
APRTO2	cbd940894072e1d732df047ce9227e6c05eb4500fc9b297eb9e0c0035d7230d4	3310	DEVELOPMENT
r1002	cbf99c8a4a0aa00d5ec8ffd801f94c89e708f15cda19dcf7b38bc41b031f3239	3311	DEVELOPMENT
GALT2g	cbfef524381bf4e5f7f87cdaf46bbe68470660a09cda7916607de2a124210803	3312	DEVELOPMENT
XOL24OHtr	cc0fdc058f1d58835737fb654989d41340dccca15f4d7b0fa08b33615878d7b1	3313	DEVELOPMENT
r0181	cc3591082029d917503e692783944ccd41b9d63a44ec69073dc96bf24f648051	3314	DEVELOPMENT
HMR_0586	cc407e12db5d3909b03a54f14d455b24966e21926dfb93efbf7d4d5522ccff18	3315	DEVELOPMENT
GGH_7DHFl	cc596ff6367cd78d4dc291ff68342c755c55365253e2b91940ba62f418af6b5b	3316	DEVELOPMENT
HDECAACBP	cc64759ba63f680ef03065036d7f0e4a891831d848894361570f2c0a39c15c9b	3317	DEVELOPMENT
FAOXC10C10OHm	cc64b3438148e2e35fbda3cc58c81f81bf1fd70548b9bdda8372b11d5b895780	3318	DEVELOPMENT
r1544	cc6640a1353d95a7ca5bd36d6dc6601e10136870beb03bb1c38e11b58b2b90a0	3319	DEVELOPMENT
NAGAly	cc9e7d243118d1ddfa84e75369c943fb2b74a31ea74941c1b0760d135b75adad	3320	DEVELOPMENT
PTRCtex2	cca6cb7f55518fb200f22f382fbeb29044e7bc02ab5bd7825e82106dd07dd244	3321	DEVELOPMENT
GLYPROPRO1c	ccb745a19290cb9ad63264a18bca6c36cbe807deb1af2f10b06ec9f675916a09	3322	DEVELOPMENT
PELINL_HSABCt	ccbc2e203b025d8c3c00254291c7105471b7cf825a245637a23719b1091d83b3	3323	DEVELOPMENT
LEUKTRD4t	cccc0ee17185be002c35e3828ae9b9515f1a0ee56aa08088eb334010eb33bca2	3324	DEVELOPMENT
MAL_Ltx	ccd256782546fa5962e9881c846ad2f7b3d87ac37a4d727e2bacbee40e6e7a16	3325	DEVELOPMENT
OIVD3m	ccdb9ebed8f000eb409ff04524c1193a0cbd2435655e619a5f746e85664c37cd	3326	DEVELOPMENT
ST6GALNAC31_1	ccffa010c6da8850182ed2e90c5bafe4819e0e58846768ec0789b784b9e21389	3327	DEVELOPMENT
HMR_3652	cd12a89d822018ea9883ab8c9aa74fd0d386576c5d0f93e5e6d020dc8406a8b1	3328	DEVELOPMENT
C181CPT2	cd1dc82f1d6b16405e7b8259b53ff8260ca84a15c19ae4e0a309ae5ab1a6eb7f	3329	DEVELOPMENT
HMR_0242	cd1fb0578075610bc3a587e7aac8124e70f5f7f61a645a62f9ada1ab12cba794	3330	DEVELOPMENT
r2512	cd2364959a9f7edd47ee2fa28e14f5fab33b74f8c05c21689e9ad660a3a9fcfd	3331	DEVELOPMENT
TETPENT3CRNt	cd2f19969c220d8ffeb18419e4e24f0b8faf504a5c28244172fd0365b5e7e3f2	3332	DEVELOPMENT
GLUDC	cd4d69471f0eca474d9abc7c99ee8d5714a2b674f83d03f68bfce4b7b128ffac	3333	DEVELOPMENT
LNLNCGCPT2	cd6849af543a2e84a313a33b20a06988deeeb1d25184990ac8d459704fef9dca	3334	DEVELOPMENT
ACOADH100_m	cd6ba7697c919366b3d67e7ff6ad0c8d30240530b2c47d90b59d9a87af573588	3335	DEVELOPMENT
DURAD	cd6c7eff46f576700d93479a0402e27540f46bf57c789c2ca86186062d77da2b	3336	DEVELOPMENT
HMR_3640	cd7f83d20b58e7fd4d0471cf3d1ae8edcbbb47ee63968d333c6777c1a43138a9	3337	DEVELOPMENT
HMR_3689	cd83f1a9e47052f00be88c17f029320c044e5a66f23786e1b1a6c4f962289be4	3338	DEVELOPMENT
TETPENT6CPT2	cd86dec14a00f149a95f9c9cb5e07d0d9ee7c11dfeaeda5edb9cd59dd5933739	3339	DEVELOPMENT
C161CPT22	cd8c88e553cb2e0847388cca4efe2f5d6b26144690bf233c478ca90fbbd3c5c2	3340	DEVELOPMENT
DNDPt57m	cd97952cbd841fb2882df486b64ca1b54da5b32636c77f9942e62b0fc5246739	3341	DEVELOPMENT
RE0567C	cd9acd68175045f59340a71015461a9ed1c360a5c1636f145772b57bf6cbd6be	3342	DEVELOPMENT
r1013	cdcb44afc1999170c2fb85eeba2cbdd033cd8c0bd968dd59f3a439f92da7d082	3343	DEVELOPMENT
CE1918te	cdd612c4925f8dbd874886a14c68835d2cc801f4f0967d5a5d5ff74df8de30c3	3344	DEVELOPMENT
FDH	cdd7d2afe0a7105fcbc32ef2561919594a3e277bf3a8d1e2adcda87030a6393d	3345	DEVELOPMENT
r0084	cdde1257b59354fa5d3c46b93ccc3c410ec22605365a45ac57dec650c41a9bc8	3346	DEVELOPMENT
HPYRDCm	cddfd42098a5c42dda86578b18a20d98b28b3bf7755e309f4a6f198670b9a8bb	3347	DEVELOPMENT
CORTSNti	cdef61178a81ef8b29857b8f16cf183f6e049de0815fbc6bb418ce8d7f26d0ae	3348	DEVELOPMENT
GCDCA3Sabc	ce0aa79b815bab41a0776495a62f35c9a8987da9d7b7f68e28f2f8c8a9241cf8	3349	DEVELOPMENT
TRPTYRTYRt	ce2195f170ca80f00fb4f3588e3e0ed1ee7b4b64bf95309962ca9d5de23e489c	3350	DEVELOPMENT
FAOXC226C225m	ce22a5ec92dfee5ea330140c05acf0b01a7bd0010f0c509b52d49406b9f93574	3351	DEVELOPMENT
RE1099C	ce2bbd4f1f8203b5fbe3f90f77f15bab657b9fed4eb9066abdc50d42e188f055	3352	DEVELOPMENT
r0611	ce330e51be3020b77b21aed5e3159b1fa5160c80689bc849f1d8810bfe95ac53	3353	DEVELOPMENT
NTD5l	ce3f362ce59105b143f4c20cd916098f7e2e1aa988ab516c4ef0024e88921b2d	3354	DEVELOPMENT
ALAALACNc	ce41e23d56fd1c054aa92260de1f084b3556615fbcaa3df24568bc55366ceaf8	3355	DEVELOPMENT
CO2ter	ce4af74d0e1debbad40ed6c9a3895ebcb957f08e5251558680598f5da14c23d5	3356	DEVELOPMENT
AACOAT	ce60539e42b96622fcb141d82df4d22faa1100987a45fc768fffa11371dd4d5d	3357	DEVELOPMENT
FOLOAT1tc	ce6814dff02cfa29696285794971b4f5129c205d2a31a9411646791718fbeb94	3358	DEVELOPMENT
HMR_0849	ce8ffaafe39ecca037f99a20062b16120eeda0d0edf54917e28321b481de8009	3359	DEVELOPMENT
NH4tm	ce95688c782d3418e37008920a465d89c8c4c93a643cb93620bd001529d2a803	3360	DEVELOPMENT
HMR_2971	cea586b7393ab6f71bc9f534f9240896f8bc0fbc57c57e7d63b30f34230c906c	3361	DEVELOPMENT
HMR_2980	cea81ed6f69d8cfc9cfc6e63f6b750da391a5215a8b787228e80f92476894da2	3362	DEVELOPMENT
EBP1r	ceb2234f7e96890cf0c615238ce2dc90c1771ec417abfc5f599f374cbbd8b88c	3363	DEVELOPMENT
HMR_0406	ceb2dbc477d375c932823bfbf2d2206b9a264de33cbb55e31f090bdac666e577	3364	DEVELOPMENT
XOLEST2te	cec19faf8a7566c4f5e9308c1264debe7bbaa5ffa7c31aa19e3835d2ab89ab40	3365	DEVELOPMENT
DESAT18_12	cecb55f554bb49f31814b19d563e50a7f3191e7d3e624e49f700a725ab8ca015	3366	DEVELOPMENT
RE0570C	cecd09967ada200556b24aea761c36c03245746fa3dc2f48ff1be85aebbefd63	3367	DEVELOPMENT
RE3430M	ced97fd1237f983fee8b0d515331da229d8da8feddd6a6f0b546d12ba00b91be	3368	DEVELOPMENT
RE3011R	cef3de772509bc3a030b83ebec54f6d62e96382c1170786498f2c0ed634099af	3369	DEVELOPMENT
HMR_2041	cf09c4712f2dbe87e85c862b81cb05f6b2cc5a02d5fdb4f52c6575440202be02	3370	DEVELOPMENT
HISDC	cf0d48959429ac0c855762a387291c2d66695144ffe76ade0287d710676a29b9	3371	DEVELOPMENT
r0283	cf26d2870744332a9d88df6af5581ea4ed9d9f31bc7cd7e5a04aa2689ccb9ded	3372	DEVELOPMENT
HMR_2982	cf2b8f1789185927802d0c3d47f322abdcaeef48ceda819b5789a9471915b131	3373	DEVELOPMENT
CREATtmdiffir	cf35095ba405fa2cea5f92d9ea0b3460157a5c6ae7f96a38144da6394c250a6c	3374	DEVELOPMENT
HMR_0310	cf4d9d30a0822903cdd34595dea015dc2971804f69d8f39fa1e56862d037fb17	3375	DEVELOPMENT
GARFT	cf66dbbd5975fd6e4e0159212cce9091f2b4dbf1155cf77f64f37561f1628632	3376	DEVELOPMENT
r0027	cf75b8b7544c70f1db218070a694c847eab6209893173acf656528a2a031eb8b	3377	DEVELOPMENT
MLTHFte1	cf7b3de45dba6e0427b8c9e96c90638d98005dcd1fd48039a04a503078a20c24	3378	DEVELOPMENT
COQ6m	cf8e803a7fd329372f8b4ef87aad32bef04cec8aec7647c7bb5561647fd31f52	3379	DEVELOPMENT
TSTSTERONESULT	cf9518fda1796342e1b62750968790ebad71033e5b5ab92b09bfa82317e30f00	3380	DEVELOPMENT
r1252	cfa3733667b8fdebe69e0334c2ef71644bd34daf3bc7eb2e5993253d1c33436d	3381	DEVELOPMENT
LCAT15e	cfa5baf5ae731baf3d25f0a7aa87e42348957f5081054d6808e879a328573322	3382	DEVELOPMENT
VALVALt	cfc216183358c057ff6ba1108aa0acd92aa9d949151380f51e23f1392f042c5d	3383	DEVELOPMENT
HMR_2859	cfd4a40e469dd505dee8886a8704e7e6d6e70530dc25e27d571a181076ad9417	3384	DEVELOPMENT
HMR_2999	cfda8de7597c0c4d95d572e831e00f9550c4f03475ceafa133baaa0f2b72305e	3385	DEVELOPMENT
GLCURtr	d002bee3c2f40471ed81a1acb6f1f57209ae809a4b7df5319c62faaabffb46ec	3386	DEVELOPMENT
HMR_3740	d00377959b27dc35d26fc334f4f180535a65901095e70e453b3ed1df9e5aeab3	3387	DEVELOPMENT
3HADPACtxc	d00f1f19b59a39b4d9cf6b587d087e95e4591005586e46bb5d3420ec9535d193	3388	DEVELOPMENT
LYSPHEILEt	d02cc19ce16a97bba49c5102b49d99a0cfa5e8e41e9de613fe043791ff97ef84	3389	DEVELOPMENT
SERARGTRPt	d02ce2eac7d10608480c85d3d43edced3e8a69c3e72e7305ca59d4caec2d830a	3390	DEVELOPMENT
GLUDym	d038fafc7118bef9133fb9c75106b5d1401d9f9e8efbccebf87f2bcf6a97c730	3391	DEVELOPMENT
ST6GALNAC28	d04af96ca9d472507b1e95b3847972485db769f48662023705c9902e69aead16	3392	DEVELOPMENT
HMR_3659	d0524f2c2672b1c64523106cfb778a25f1ee77a2a5e48ca5a0e99f5fd05bcf8d	3393	DEVELOPMENT
NNATn	d0829b1d6f6abcd14795f6714ed48063442b832e11dd85bf080a747764be3605	3394	DEVELOPMENT
5EIPENCm	d08f0f9cd822217b35554472469f1ab47aebe9bfc22ab4c4b694d160d1e651fc	3395	DEVELOPMENT
UREAt	d093f60147a0a7c3a127181132c3a195b4150e601a979aa1013401a82c88d2f2	3396	DEVELOPMENT
RE0569C	d0969b84b6d1856698979764a471af52d2f02a2f40a72aadfc0aba7518c0476f	3397	DEVELOPMENT
HACD6p	d0a6a7c017ebf47b8b3f4f5a05e4200dd8d4346f98ca195a442c2695e5f07f52	3398	DEVELOPMENT
FAOXC200180m	d0a6ad314be67ef75322dc29ec4ab782b34db10425152113e6c26bf35b5bc3bd	3399	DEVELOPMENT
3HIVAcm	d0b8ce004d259abaf8172b898990fd949679fcb51bc679fa9b366114e654233d	3400	DEVELOPMENT
ETFQO	d0dfc19533c483ca2b08991e63a2863b1992e9bff4e13cb728cc45b1944de4ec	3401	DEVELOPMENT
CITtbm	d0e58f5541078e12d21d26a04f42750a5113b141ce2a77a33253be9abf39bfc0	3402	DEVELOPMENT
GLYK	d0eeca120feb847fd4441cdca7371a499ea04e4a55f0d76636fd5ee03d095721	3403	DEVELOPMENT
r0853	d129ed5b3d6bef9483c6992e60fa9ad97fd3a1ec10167139c704efa5e3313f27	3404	DEVELOPMENT
RE1516M	d12dfd89f50f26eeb56f8e44789789bc2cf6a620de3fba354c00a0e15d8819ad	3405	DEVELOPMENT
HEXDTRm	d1480a2e432f64119a26f891667ac5f92e93326537fdcef644dbecb2fb902251	3406	DEVELOPMENT
PCHOL_HSter	d148d35a8195ce9b12218d37604ebae2d4c97808e8772b68e19a15ccb5a60c39	3407	DEVELOPMENT
AMPTASEPG	d1504881f76158e2f52c629872fcc143d0011143bb62d1bb4216716dccc6e194	3408	DEVELOPMENT
10FTHF6GLUtm	d1572b762a5566fc1db2bc09f8137649be753b544faeec6d78cde4e5b61d3755	3409	DEVELOPMENT
FAOXC204184m	d157e5a79f921477b4b2f887c3691cb487cfbf5d9e2f02f1d6c6d14b4da62ab0	3410	DEVELOPMENT
r0934	d16349e84fb927f0fcba3358e7f3ff84505d053ed799208fd41691c57e8a806a	3411	DEVELOPMENT
HMR_3223	d1655e6183759ca4ea8dce1c8498eff63630d0051c3e0ba703a10d6f460b8f91	3412	DEVELOPMENT
FAOXC102C81m	d178c90d95d4b2cfb33ebcb7fde2220ffb10d44f416f9a68f2c125559d2a8b2b	3413	DEVELOPMENT
ACRNtm	d179013a8e3d7b25fb3e545eeeb87632f65a2ba4954ef0fca17a4fbc4acedbdb	3414	DEVELOPMENT
PIPLCn	d1878fffff0abc618f7de4718564daeaf8c9f46be675f84d820a50ea9038ce01	3415	DEVELOPMENT
NTD8	d187d872ffe0331e4926e4907ae436a0089895aa163c12830f84915a02a12d7d	3416	DEVELOPMENT
HMR_0234	d194cb363ed73c4c70776831d6af9e6c3b5945ebfe8a448b68933c1ccdf4f0c1	3417	DEVELOPMENT
HMR_3651	d1a88f5887d82c66de6c9a00a6c66e845d255d0a88858bc6976b19d2b6695475	3418	DEVELOPMENT
HMR_1509	d1aca481d4bfeca085486147852be7ce0b845889e5bf20a2a5aa94b800a480c7	3419	DEVELOPMENT
GLYCK2	d1c7e653f4eb517785fc57086a73c7479cbd16bb4ac1907d1db771ba1fe18926	3420	DEVELOPMENT
B3GNT38g	d1f2956600d09cddbce701f0a0c206817778c9dfef5d8c22e4cab1149493b495	3421	DEVELOPMENT
PROD2	d1f4322264011debe150cd91774a86d6d5920a000dad2ab43fc25690fdba5e22	3422	DEVELOPMENT
HMR_2769	d20e462ffde642e98b507a3ea94808c288a3c79ae770c641985a6a50b3f6abc3	3423	DEVELOPMENT
DGULND	d20eec375dc19273e962a53de41eba7d5c4f510f1dc9fd68a5620680ba4a0a89	3424	DEVELOPMENT
HMR_3246	d250fb2474054fa00ffb4263899c77d6a6edc40cf6027b3cb42e517f78efe1e6	3425	DEVELOPMENT
RE3004M	d25dae9425c32cae81eb71430484a71cd47e49b517fccf617d668eedd1ffeefc	3426	DEVELOPMENT
HMR_3057	d25f3b338fc6010a0249f87d399d8361d77b558ad82a0b46b889db2f7f6dc448	3427	DEVELOPMENT
HSD17B4x	d28f6a80d07bf0d458aa9353d4d911f02199e1436e94e93cbd074110f0692a5e	3428	DEVELOPMENT
THRILEARGt	d2aa9c123c7e46f0950cc85f70b61ebf33f6649fe0e9330fc4066123350b9d60	3429	DEVELOPMENT
PHEACGLYsec	d2b36fb112a861a2864341ee5f4c64af992ab8b75f32d81e09c74c7838e843da	3430	DEVELOPMENT
NTD7e	d2b59c6958c5e5891e92ebe0b9364a2fdd60e915e8efa9ce7af9f08ab6e79bc6	3431	DEVELOPMENT
GLCNACT5g	d2c0a2b826085eb08b6f11f5fe9e933c44f7b9d2945222a1808e1635cf67cf51	3432	DEVELOPMENT
GLYSARCNc	d2c48319e842abafdd158ee18aaa2a7aac6e7bd482985f96df0889e6a34278af	3433	DEVELOPMENT
DNDPt54m	d2fd82732d6ccb6438ea2933468f00fd40103dbf549912bd92659cb80f92b9f3	3434	DEVELOPMENT
HMR_2772	d31735359b84d992e5b3a21d18af8de0591706b20dc5311bf8e23840f8fdb4f2	3435	DEVELOPMENT
B3GALT5g	d318cd03b4294450985bce088250a1572c316e1177ceeb37a4e397690c468b72	3436	DEVELOPMENT
HMR_0829	d31f317b5912e48ee8b962e228f47f5810074a253e04d630e9fae4fb6d57e619	3437	DEVELOPMENT
r1610	d324c3516b5725276039fa4584542d9cff1e37a5147636cc0a48dad931e37faf	3438	DEVELOPMENT
HMR_2771	d33897c2775e4aac01354f3c0f496bec487986cbb9d0d98e9978b549e6cb577a	3439	DEVELOPMENT
S4TASE5ly	d33adef21f9ba060108a71b943b61ea1e91448629af4b84e4a5793b1e58fdd03	3440	DEVELOPMENT
EICOSTETCRNt	d342cf568c755b61971c5ca4425601a5953d6f4484f1b378568301f19a300243	3441	DEVELOPMENT
ST3GAL23g	d34412b92ab6091693a6cbccf489cbffb9555f561a1d8495e88838f45ccdfb3a	3442	DEVELOPMENT
PMTCOAtx	d36cc19a2eb7a3a775ad80571ef07d2ea4f1ace90ff0108a4b8ec7ddc9240674	3443	DEVELOPMENT
LCYSTAT	d36dff33830b1941cb7bbaf815581102370eef843871b88badb6f597b43ea438	3444	DEVELOPMENT
EIC21114TRte	d374f33fbc5a42c802efd405937b0b11b7dd662e5ca7b61e008d4880440b7b0a	3445	DEVELOPMENT
HMR_2435	d3898547a3443b2528cc37ec5e47eba3a12c22ebae81d927918c77ddac309864	3446	DEVELOPMENT
HMR_0240	d3ad0041b756bc63e6999657a011cc73b57996ab4e4893811924a9de9c313575	3447	DEVELOPMENT
34DHOXPEGOX	d3b11e219c29e724621dd3bf63d4467f7d76357dcb8aea85e3a3ee38fd322feb	3448	DEVELOPMENT
CERK	d3d62dceebe7384a0124399639e723d188e861ab1292d254613c54ff3de63675	3449	DEVELOPMENT
r0281	d3da1e735a5410e06d39cfb3607576fb06c146f2c598bd980ac73bab5863e980	3450	DEVELOPMENT
PTVSTATPtu	d3e1409a1fcbbfd96445dbbe76e3729b2a50d83c70e9767868370e54c957ab61	3451	DEVELOPMENT
r1169	d3e204e596f4997ebe3ddd5b0479eed0b6928d6c9a9452cf2e3e833060a5983a	3452	DEVELOPMENT
HMR_2263	d3f0f9e5ec6033e94538ce03ee9c0b68682edb0c8c50b920690ee72a650cb64a	3453	DEVELOPMENT
HMR_2692	d3f282e8de19b100bd62d1bfcf37e6da39d9804d2016bb02833e0b02d179c196	3454	DEVELOPMENT
XOL7AONEtr	d40bbc8230f41d45ec678be70a94a561d95c039f4c431a9837f8ff6708a9c146	3455	DEVELOPMENT
HMR_2657	d4334683f3c8b40ca9033f60da1d6b19d8079feb8afd5dc4093b9f5995d837c0	3456	DEVELOPMENT
PAILPALM_HSSECt	d43707abdd28f395595f2c2b0a19c0b5ff9f6a3ecb9bc0c506303eab00cf880b	3457	DEVELOPMENT
r0730	d46dcc9a40678e73d17c8c93ebe9a246474b042c25428669946d77d49eca23b1	3458	DEVELOPMENT
PCHOLN281_HSPLA2	d48bbb73da836d2a0f6cf6da62e9528ade32af48b95f9f8f4539a72b4d35884a	3459	DEVELOPMENT
HMR_0942	d48bee3eaf339e42c8257859650de4fb7b360a3b902609a048c8ceb2b66a826b	3460	DEVELOPMENT
VACCCPT2	d48c35ea343f179a0a833519779a69f6fecb3431e8ac3ec14c22c69290f2f197	3461	DEVELOPMENT
RE0512M	d49998cf1117fa15d6d3a02d62c5b5ad619865c6e8161748ba752ff7db631513	3462	DEVELOPMENT
HMR_0418	d49c853eb4fb38975ca408c54861dac34668e7b9e33ecbb5e415b8135a01a50d	3463	DEVELOPMENT
TRPLEUVALt	d4a10f299b7f6035b43e6dd044f51634e3cd9c3b527e6fa69df55ef849aac90d	3464	DEVELOPMENT
DESAT20_2	d4a49048237471049388184038ef14aac5585b01cd40bd92d98528acfd885c02	3465	DEVELOPMENT
r1171	d4adb182f6302f3fcccdfdfdeb4d5e1b48bf0e5b6401b7a637ea55918c2d13ae	3466	DEVELOPMENT
GALNACT5g	d4ba9dbf343318567ed3f98dc427631a34384d5985a631c28a546c304daf41fe	3467	DEVELOPMENT
PCHOLN226_HSPLA2	d4c54451581a1a066d7b58fe1d395a0743daf0ce639fc524a82d6684cdf5f6b0	3468	DEVELOPMENT
URIt	d4d88a063e78854c849318a994b6da4d5916bf40e897807909f8dc18580fa3a0	3469	DEVELOPMENT
GBGT1	d4e7546257bd03813950ca5c8dd6c8ac6aa4657420c4d12efd2f5df40953032c	3470	DEVELOPMENT
TYRCBOX	d4ee50c918bdc3bd849e5465fa9462217630466026990f4c5bef150188a3e155	3471	DEVELOPMENT
HMR_2029	d503669b195ddb3e577dc9fed0d23dddc8dd8db984237fe9bb0190a9f3b88569	3472	DEVELOPMENT
DLNLCGCPT2	d509829e64874bab436215ab26fd68647b928f0b1452ed678e53aafb8d896dc3	3473	DEVELOPMENT
r1052	d50e5c0d613a5481f5f6007eafd6d4c6202ba49ac193eb3f3ce9697a4704b3cb	3474	DEVELOPMENT
TRDR	d51be7931c169bec819651fe14c035d03acd3df67762a0d9e6ef9946af0143c6	3475	DEVELOPMENT
HSAT2ly	d51fa3df6fbd6f2918f709cb78cff0fb0488b7f6e6f23baf261206083ea16076	3476	DEVELOPMENT
SMPD4	d52854d6e8bd2fb0e3e03f2b1cbddb190e4760d2a0bb6ef6da015180e59674b4	3477	DEVELOPMENT
S2TASE2ly	d53c60fd9eac8ee54d0e303d362a342780a1ebe1c6e0a9eadcb6c0cfb889be3d	3478	DEVELOPMENT
UDPtl	d53f26af849ef5503b3ed473cf3f4a25e58ec40a4127d47bbdd8daff7b7f39de	3479	DEVELOPMENT
ATPtm	d547f1003e4c8c8595c9c4dbe5387df62c58bb2f97690ce14f27b6db0f35055e	3480	DEVELOPMENT
PRGNLONEte	d559344669c2626bd9a2be3eb829fcc9fb451b94d13e53cfb17828e2980d6273	3481	DEVELOPMENT
r2371	d55ae8526ad7eb9ed18bfef9e3d33489ca10cb677413c61fde00bf07cecfeea1	3482	DEVELOPMENT
NDPK9	d55d6633cd344b3ef4f795ee7a1231865ca55d25fa619310d883c0f68fee3481	3483	DEVELOPMENT
PCHOLN204_HSPLA2	d59d543bc876286956603b97e00b4f477c6af60d31c6546840dafb2946298823	3484	DEVELOPMENT
KSII_CORE4t	d59ea94bf55ec297da686a3e4ff0578c0df9b09920b70a15fb8a8efc1bd51a8d	3485	DEVELOPMENT
PCHOLMYR_HSPLA2	d5bd3cde2f2a44be08e2a51019e48f11eba6ba4ba145dfc39035292e0e594e82	3486	DEVELOPMENT
FAOXC184C164m	d5c93e9331f961d78b369fab1ead7780dc14d610d32fac9f8543bb438ac595ef	3487	DEVELOPMENT
LPS2	d5e0cdaac935b3913a820b61d421428e4883c0e82396a662cbb27087e3028935	3488	DEVELOPMENT
FAOXC182806m	d5fa922b09b1d12248c0d43d843e92d535242095b9e52a4995071371dd0e9dbc	3489	DEVELOPMENT
RE1834M	d5fef350b9d8d81194406acacf91140b5544b1b223ee061be7dcb7afea6ec892	3490	DEVELOPMENT
r0744	d63ed03d35fe1312e634338c5bc64560eed34b213ebdb68955e5ee878e46510e	3491	DEVELOPMENT
LCAT56e	d657948a01b8aff69ba44b7caa9d51bf570e6f0a6b0996c3217ad03dbad65e67	3492	DEVELOPMENT
r1540	d67cafe12a51028c92b3da587fcfd3a5b4c91c71e6c14266a91411a865b344e7	3493	DEVELOPMENT
PCHOLN224_HSABCt	d6822e23f0f905ea31745d45df13230d9c5506f6bc34ce03fb204aa8d2adb508	3494	DEVELOPMENT
GALTg	d6930a6bc55609bb472324bb76fb87ac1e6081a2f27b6f7004d8f6c63f1b0d26	3495	DEVELOPMENT
HMR_3075	d69c24ebfceaa9cf9ce0ee657624147e3788a81df4e8f4908a845022589b3f60	3496	DEVELOPMENT
NDPK8m	d6ce80fb073d2f5bcf0c6f3280b22291340ecea135390ab565fde097e7c1ca6e	3497	DEVELOPMENT
RE2799C	d6d18b4d505d0bd794df625071ff3257fbd2abb879f164e6b95b11a819891e5c	3498	DEVELOPMENT
CRVStu	d6d730735e154d9ef7796812f35b86d9799f499a5309f8aa261d141e313138e7	3499	DEVELOPMENT
PDE1	d6f1cdff6a89bfb89a79bf64d10ebcff8ef03e8ca89c6cfc2f770a744c45854c	3500	DEVELOPMENT
HMR_0846	d6fede7f383923cc72fd5deba9c7d30b361f559e58288e00a0c2d124097cc696	3501	DEVELOPMENT
HMR_0803	d70f59c8de0122d5a26a7e382f2650913b6d42edb5b836b05b3fcddc7bfc6a8e	3502	DEVELOPMENT
HMR_2608	d72f343748bc9e93cce358f5608e7a35410cfcfbcd0e9ce798cb8aab9e112ad8	3503	DEVELOPMENT
DNDPt61m	d7461c60fadbbb4b8bac97f36d36a3a96489052f0bed71644437d7c34d6b3bb0	3504	DEVELOPMENT
HMR_0657	d753df0789b26616e98978f1995ea83a6681743ae905d003467b489bebdfcaf8	3505	DEVELOPMENT
r1172	d75529cf002737c64dcca1b7c7a282a04b9630a4f466f5bb6a33f16f2b69f814	3506	DEVELOPMENT
HMR_3072	d756ed063e4769bdabfbeeb8b8f36b219cad6928d1f914695ca4eca9aba0f79b	3507	DEVELOPMENT
G14T5g	d75f31667d41cf539897f1771599ec46e1745d93f144fb8f32838acd0c146180	3508	DEVELOPMENT
PCHOLN264_HSt1e	d764c87999bcd4f532751a6164817df6bd98aa8f1885c9c98f8534899af7db78	3509	DEVELOPMENT
RNDR3	d76bc0999e24cf1ed9ecd29876944454ea4051e79e33379e952bc4eeb1881706	3510	DEVELOPMENT
CA24Gte	d7754a6a5a78ade1e8d750a8395253fa5fc9e09eb93d2456fc660975af41e8d4	3511	DEVELOPMENT
HMR_3062	d777f2e2b58cf17c3d54c02deb9a4a6df88b05cffdb45ca323c0aa5695e35164	3512	DEVELOPMENT
HMR_0019	d778fba6e8db24f178918bf672119662b26bbf9ee63496bc9f69b7dfe0e79920	3513	DEVELOPMENT
HMR_3076	d77ff922356baecb1ac4b0998c823da831e7fac5010dd8fdf680643d4d589398	3514	DEVELOPMENT
HISPROLYSt	d789ca5c164db000f7d965a6325ec18e3df3a3add7ba87b9fe3abbe5580a6796	3515	DEVELOPMENT
r0438	d78bcac53308d9529e441ba948c7e4fbe5395324940f53d5c90819aefd48c9a8	3516	DEVELOPMENT
r0753	d79427d7c21abdab937f120918f179023e6d3f070f506b4b3b7cecd94b14a9b8	3517	DEVELOPMENT
HMR_3233	d7be30faf4bac7dde8434ef03e132f2a281f78db9ecf7ee792963cb479c471ff	3518	DEVELOPMENT
HMR_0828	d7ea964b19e83fef87cf03223ed6b9f035248244c5ffe11eb9974509a2265c8a	3519	DEVELOPMENT
RE1916C	d804417af8bee00455055660a460d8d9b2679fa1b6cd2d34111bca55d99a034b	3520	DEVELOPMENT
RE3190M	d804d62ee6b6d5a16c0770b3db19d68f1823bd616ad40cf95f72210917a8ddea	3521	DEVELOPMENT
PAFS	d8099cac238b11d7eb4b42c8ad2c5c9ebfa5a42f1f20346205bac1ea8fbb5b24	3522	DEVELOPMENT
CYTK3n	d80a5db1b5806f0863e30125b67fa48039e5ed3929231420918b9a4d93fd9883	3523	DEVELOPMENT
HMR_1770	d80ebbc19e4595af32fe76e2c86fdfe61c92711c473b60ff7bc56bccb1ed60ff	3524	DEVELOPMENT
r0812	d8119de627e7199518a8f558afbb31095b4308cad4c6980c13917089cb844eb6	3525	DEVELOPMENT
EICOSTETCPT1	d829eac975fd80a40525d9c46b00e528e006784da0bf631fb3aa5ef6637bcb20	3526	DEVELOPMENT
FBA4	d82cf60d07cd076ee2d7d025d270680dd6b066027884e7e4d51beddf7b20f07c	3527	DEVELOPMENT
HMR_2706	d83e4621995aa298b89157009c8abeeb06514228bc78b007acaed73df2b2e6be	3528	DEVELOPMENT
HISARGCYSt	d8547b0bc0ff4d249ef3cf053e54be86967d33ca41d1247c40f252664288d001	3529	DEVELOPMENT
ALAt4	d85e7203eaf67dceeee11d653c08d28f538a80e94148e8a7a2e436e848a437e3	3530	DEVELOPMENT
TMNDNCCPT2	d87adda0a7bbdbd2243f6d34cbb81ed469331d82a24a405337d266ea37bae8fa	3531	DEVELOPMENT
PAILR_HSSECt	d88b6d019f29f8cff1cffcba577ccb9918b8d3456a1a75a2c104b57248069647	3532	DEVELOPMENT
RE2888C_1	d89a3d040a3becc4cba5fd6779bee66ebbb26222626aa12a214c3e9529021384	3533	DEVELOPMENT
PEOLE_HSPLA2	d89be8e85a02f852b5d8bc43c964d1d4b4195fbd07b9209a29a81c8dcb96489c	3534	DEVELOPMENT
ARGALAALAt	d8ae0b2720d96f366eabae88b7bd373f5beeaee11521c25d31896be1f697b39f	3535	DEVELOPMENT
FACOAL245_2	d8b0007778a4b9dc26a49dfcceac5778e7376a354f58959043007dc1bdd07f7a	3536	DEVELOPMENT
TYMSULT	d8b828a76c3a0d200465c61301154924b6c391341109d9ba11cfc5bb7b91a042	3537	DEVELOPMENT
NCAMUP	d8e5c4156fe2df1241bb4924c84fa47f5d5fe96f30e4a68e3b33b62896059926	3538	DEVELOPMENT
RE3224C	d8e642aa1aade6db6ee428363f2d037e473016fd86f48ba2bba9406c15ffeffc	3539	DEVELOPMENT
HMR_0434	d8ee550160059ae0954729df4a0bf6b23ba2d49d8a4ef9f258d9828387f45fec	3540	DEVELOPMENT
PCHOLPALME_HSABCt	d8f6804c62dcbe9cb39ca64a4b2488173df9acaf7121095d12ce59aeebd8bc36	3541	DEVELOPMENT
DMATTx	d917c1de92535bc8f6b0ceb508874468cdf0e2f6bd84a48a1367e0f491239b0e	3542	DEVELOPMENT
HMR_0300	d92009823d64e9d823950b9583c57599bde665f33f8cf279bfa78e294b388e1a	3543	DEVELOPMENT
HMR_0260	d920185809a7851e1f6bcbfdabb036540d090e8d91248663f33fb4cdb632eff3	3544	DEVELOPMENT
DPCOAK	d92910604f5d7437e551092c8d05df3b1ba69cacc342a29fd33eaaa78827f3fd	3545	DEVELOPMENT
RE2994X	d9401fc08e71413b765d920bb10b164d7c46fb1c5f6491c91cd54da74cf2a520	3546	DEVELOPMENT
S2T1g	d94ebaf0381d7d0122381020aed71df97e9a252f09d0eb2e6b8bda298d8f0946	3547	DEVELOPMENT
HMR_3670	d964feada14e299dad22d9b9c8d9a261dd6534e4d7d37592d499021c91c98a87	3548	DEVELOPMENT
PPItx	d96a745b5dad7c84b801b2e4fca887fdb4bd25e5a21c1fe736a29b872a2f7b2d	3549	DEVELOPMENT
PTDCACRNt	d98c7f45d6f514cdc1d300a7cc8df8dc3b208ebe374322c36981cf162c5558f7	3550	DEVELOPMENT
r1255	d9fe4b17a7fe1f0416b00f175cb7eb94f34fe97c8370aee521660e93f5af705f	3551	DEVELOPMENT
TSTSTERONESte	da147e8a9696c55ba03e668ac50902441def653efed37cbf7ff3a0322accf28d	3552	DEVELOPMENT
HMR_3335	da2ce62d73d73b6d42cc1fe6703bc12ce3e8cf790eb35ad2d31f094f93d5e906	3553	DEVELOPMENT
PSERT	da42c1b65abae6b7fb5f392d33258b31110bf039a343a43596172e76711de190	3554	DEVELOPMENT
NDPK8n	da5fde9e4d180340dea5332e311a23872991006f3cd257d658bfec09eba50096	3555	DEVELOPMENT
r1586	da66ca9859c92588007d97cdc5a209f3be17471e16a02b65bb7d9fb443aa469c	3556	DEVELOPMENT
GLCAASE4ly	da678d5a75e36fe3e6b9c4be3c1f03fb93cb8cc5257b1603fb5668e8a848b5e0	3557	DEVELOPMENT
Rtotaltl	da6df90ed50870d4dc38ce343bd04dab18424aa22d706c5f1b89a2bd792a774b	3558	DEVELOPMENT
r2384	da7ed95e49818f875c18f22b63662ee725f1dc6bd09b9dea061fc85d1940a4ef	3559	DEVELOPMENT
ACCOALm	da837160c1710d7c4b6c6623bb58f9c92acef858c13ee8347a9647f298ce959e	3560	DEVELOPMENT
r1562	da89357f4c6487eec649fdc939257dacf47c1cc88b4bcca49ccd83688a640c36	3561	DEVELOPMENT
RE3185M	da9a78123c6a7b474550af4080408937f37e638b3cbb93771330aaca48c0bc44	3562	DEVELOPMENT
P4504F122r	da9f9ddcd1b562043e81019caff2b102a8d2f7187b09a889e132183d6341318d	3563	DEVELOPMENT
NEU39e	daad8a22f5fc6cff257bd21fdd192debb73c8d6a624720235ffeed08a433657f	3564	DEVELOPMENT
r0047	dad077ffdf3e5a44f72e67cd5c50c1a2a854cf88d7d0175b4b3752f5f13b0b71	3565	DEVELOPMENT
FPGS_1	dad0a034cc33e04165f5f630ea467bd6d9353db59de551f400c13343c1c49b1a	3566	DEVELOPMENT
NTD7	dad1bc57d833839c256167701af6370c47373d6fff3ed91a83d67e5dc0ef6cc0	3567	DEVELOPMENT
SO4tl	dadb03d234b31231815f4cfe0b4c40ee55ed1f01c4f1637373005f1d57366d08	3568	DEVELOPMENT
SCP22x	dae180b263bac096b956fd41fad86056abe2094145fd0c1edbb3b5d3236d7f1e	3569	DEVELOPMENT
RE2660N	daf3d929d1e25b2d0d56ea06130b350c2ce2a6dc6a84fa7aae4e4add104b2316	3570	DEVELOPMENT
LCADi	daf740eafdf8801f2b34cf65e733aaba56271489b8d8e9bea0a380c29965193b	3571	DEVELOPMENT
HMR_2944	db0ab3269362e036c99bccec991b755b1d74392d9bba2ad97fdf2dff37c3597c	3572	DEVELOPMENT
CYSSERMETt	db0c000230e6c447012403b27706198413e7f214f3bc8717daf829421b6188d1	3573	DEVELOPMENT
UGALGTg	db0fed25acbba6d55fec4c250aaa259ffa56b6809acfe0a720ad422ac5a10e12	3574	DEVELOPMENT
LINKDEG4ly	db1ab3b84d4088672fd7d4aefd8e173fd69ca07caddca845da027ec45cb9e1c0	3575	DEVELOPMENT
FACOAL150	db1ee7e17c7371f280dc9773603070d2290890484cafdf46f1317bfb3a82b84a	3576	DEVELOPMENT
GLYLYSCYSt	db30eb5bd609da4ab46e5f8cc3be917c33a62db771aeb55298cb48f2de9e1286	3577	DEVELOPMENT
HMR_3235	db4a63116ba1fae98292787fef525c6580fc23d7c13675ff97013a2099061ddd	3578	DEVELOPMENT
LCA3Sabc	db51af635551efe52acf4887bdae3a53ec3092f238f66552927cee69d11141f9	3579	DEVELOPMENT
HMR_2353	db6496e64064c097472592963526183fee7ca4c3daf8e81a5898e4f910278e4d	3580	DEVELOPMENT
HMR_3336	db688701b493fbcbf1dfb5c14709b330d27d62bfdeeb6167e1d4571e6e6c1b20	3581	DEVELOPMENT
ASNTHRNaEx	db6a0bed50a9030d0deab40929a871eca9aa85c8249fb2a60ca6b64cfad2b9e0	3582	DEVELOPMENT
PGM	db72ef1a73dd6ed4c620af010ffbaf71896ebe698498c474222af22e41b22ffa	3583	DEVELOPMENT
RE2992X	db75984746284c3bf479c4ab164184fc6849cd605b1f3d359de57f532d69b81c	3584	DEVELOPMENT
DHRT_ibcoa	db7de1232419e3057066f9b5ad72745e6b92cd12f7d9e3a61271492989b63e86	3585	DEVELOPMENT
RE0830N	db99fd3e553aa22383c2463566e3a52bddcf0f74e5384c7610a1cbc728753679	3586	DEVELOPMENT
5EIPENCtm	dba4dc2e442d4e4e460fab0e7f19fb4b2eb5c5d561b823239d0c2f0efff6d259	3587	DEVELOPMENT
PCHOLDEIC_HSPLA2	dbd12760ff4ec69e82d8d5016d74ec4893762ee19d04b66e834fb8e6fa3eee92	3588	DEVELOPMENT
SQLte	dbec708b92bb072d19fc9183c8d2966efc2db3742f406b4d7877132e0690358e	3589	DEVELOPMENT
r1450	dbf7813cfb2b42b15de48d93c6d10288784900b46842e09c4327291d9fac43a8	3590	DEVELOPMENT
SACCD4m	dc0b4a11029cc08879bf1fa050b6d7187dd6c216e7a6587c2c3da2d053c64597	3591	DEVELOPMENT
r1253	dc16f887860fa13fd5c22aed531ff04b847ebd070b55a87f5dde5c0ceff83274	3592	DEVELOPMENT
S6TASE10ly	dc36c8790ef226e60da581c215e4064f589f94fe7d0381e774a8a89b1640906a	3593	DEVELOPMENT
ADRNCOAtx	dc5e75613cc73da2b39eb0b1e39b1cef3c2cbf218abacffe494a8eb67d55f273	3594	DEVELOPMENT
HMGCOAR	dc5f35b03a2bd7e3f1e6385a49fd7109167c750a989657af9de70edf44c66509	3595	DEVELOPMENT
PACCOALm	dc6f0ef4780c297e905ec10515fc51e074a3f27224dee65910c09c0c767d2c0a	3596	DEVELOPMENT
CA3Sabc	dc802069fe0da1a864bfbe14af2ae19e68642095c251d46f3bf589af63642f59	3597	DEVELOPMENT
r1641	dc91cafa93b234a860d5f09ab32a6bee4a61df37cd83844be7a42c0e9b5b70ae	3598	DEVELOPMENT
HMR_3855	dc925a9a485a59f582ee9134695fa04a5b8025c07096a778b3f8f4fefae7ee46	3599	DEVELOPMENT
r1251	dc94ee93f86ffec077dcbc3656ad4a3375be8adf9934e0571d7d3b8577889fcc	3600	DEVELOPMENT
S4T6g	dc9af193580f33bd3ef559e34caa81717733fcb8004366ec0b2dc19426030604	3601	DEVELOPMENT
SPHMYLN181221_hs_ATPt	dca6bae6c97108dd076b99f98dc23946ac657e0c361be4fe57a40003378d6bfe	3602	DEVELOPMENT
NDPK2n	dcbb24f03e2ec8227844bae055c88579fdd4296ae882f6743a2588a519754997	3603	DEVELOPMENT
GHMT2rm	dccbe5894e7d7b7cbf87246fe320f3d2939fb7429a9e8467b5f987cc4cc224c8	3604	DEVELOPMENT
SMS14	dccf867a366b6eda5ba3f52dfd83d66f68d1d9dee289d618c0f4e3403ec8f84c	3605	DEVELOPMENT
PHCDm	dcd29dbdd6b6d8c8e8eeb868851fec550efbc8eb4ccb31674403c85e8facd021	3606	DEVELOPMENT
O2Stx	dcdb013ddf2734184360f249fed7e46c1c4f461c3f8ba84f33e8e652a99f296c	3607	DEVELOPMENT
ALAHISALAt	dcdfce3c6badaabff212b380150b482116007bf1c314d7640181aa91d66785a7	3608	DEVELOPMENT
r1556	dd03bd452a0321f1a6f4e28ae1b4d74e6b671f82b4f7972a8e3d818bf4420f68	3609	DEVELOPMENT
PCHLN225_HSt1e	dd07208d02f70d7eed211c8db0dee0e8f9280914d42c5c8e87443d746bb222ab	3610	DEVELOPMENT
H2Otly	dd075a9c7a938dcf0e1a44204777aabdc7ac9d230f08b65268045b2a4ef77518	3611	DEVELOPMENT
CPPPGO	dd0d13065ad5d1481fa116ad510d1ecba99cf31ec2e5e16e8934b6b91b0dccb0	3612	DEVELOPMENT
HMR_9640	dd17575010ae056acc5742810206e558055736207cb111d94578707fc8553cf9	3613	DEVELOPMENT
r0652_1	dd2a3eec85c8259d869c8348fb490d8768d7b2ca4ede3b979faec363e3a26a6f	3614	DEVELOPMENT
FAOXC205C185m	dd3c18aa136eabb17bfabd622c84af63cdb269a2216b21d8c6770b1fb54e2691	3615	DEVELOPMENT
HMR_2688	dd569cda5de4e21e18ee92a6cf1d9643c68c2148b40f291267e8584118345c70	3616	DEVELOPMENT
r1117	dd7b8f33a7f493d1999e5d0413de49249657ff228d6b6d49df672e3560e13578	3617	DEVELOPMENT
UMPK2n	dd90e9f839bba14d48ffa0907f7162292847b991462be2e12e2109335eef9e2c	3618	DEVELOPMENT
NTD5	dd98d94c3cdc973e45f1aab5ea08009fc90c78a8949c7b2f3b37fbc419248933	3619	DEVELOPMENT
SIAASE4ly	dd9f713e806d2c99fe8490ce3cb759723b9457c4ec64bd20796eca2cbcd6b634	3620	DEVELOPMENT
41R1H2MAE12BOOX	dda6dace2a45fe1edaee129c3258a10a106e586c8aa703f720b9ba20777a1525	3621	DEVELOPMENT
DSMSTOLR	ddb9b88d597887366806ec1b58fbca63443e86bd2b23ec714bb2e25c38cb336c	3622	DEVELOPMENT
PE161_HSABCt	ddc37606dc4f5242120646e8123fafd3c936f45fc3d725fd0ee0d86c03054ffe	3623	DEVELOPMENT
LSTNtu	ddceb6f4034bb20500dc59de44bc6f5ccd022f14b5786a30d8bddce51d1951b8	3624	DEVELOPMENT
HMR_0808	dddd4933a70fa55b26d53e82df4c0389a5b7d578aaf70e98bbd03e4718d605c6	3625	DEVELOPMENT
HMR_3225	dde77a5d61db1f50f2454c5d5308c96b761594a091b8739351436a19bdaafe4d	3626	DEVELOPMENT
HMR_3065	de00bddadfd7baf4a95bf9f6f16ec3b776ed412d4466c6a193908f8d9be58b83	3627	DEVELOPMENT
GDPtg	de0765825e6e37bc1aaa718b00b245637b2ea35cca362dc1d838a7f8748b8399	3628	DEVELOPMENT
PCHOLN201_HSABCt	de14daf0510a84373946f12cf77cefa8733fcfb373b27675822e0e24cb6d00f8	3629	DEVELOPMENT
BETALDHx	de2455e554e36d9dde7e077b2184e76b2c2960715cc27157d1437935c5aa2f02	3630	DEVELOPMENT
RE3014R	de3efe6f8c67410030bc37c5ff79188d0a835c0fb0a64f6496572eb7853f4814	3631	DEVELOPMENT
PPAtr	de4b0e4068ce5944a89642d545fe2f425f6c5086681064a4c9d411676d1fc1c5	3632	DEVELOPMENT
GGH_6DHFl	de4f5b670166a873b015eef723581e04269686680980d643849c868dedd3ba0f	3633	DEVELOPMENT
FAOXC183C163m	de604d77f749d4eae1d9e2d080f1a75ccb8c2ed2b562c3b9ab7974f367f07f49	3634	DEVELOPMENT
SUCOASm	de6531cec7de76089a0c0cb729dd930ffb93836c1475b33a7ba22968915058b3	3635	DEVELOPMENT
RE3229C	de664927f121982eb1aa3de860300fcb4e148455f724cc43bc110198cc66c3a0	3636	DEVELOPMENT
METASNTYRt	de6bf09b8a2ff366fb2689534bd434e5ee9014a3bb7e6e11ad752905526a33d2	3637	DEVELOPMENT
r1451	de7e72cbdfe0c42abb311df582b8e50e651b158e9412d0bb5c064541ce11f1d0	3638	DEVELOPMENT
LEUKTRD4tr	de882f033a3544a4c5f509cfef66c15616ad0b73124d7ff64fa30147210ac1b0	3639	DEVELOPMENT
ALAARGGLYt	de89a3d65f7a76a8b63dcbf3ee882986ff28c5bf079aa8578f0258b8041621ef	3640	DEVELOPMENT
ADNtm	de8fef2cbdab42a2920fd914622ce4a4332dbafc57930380a27b4fa96ad74bcc	3641	DEVELOPMENT
r1650	de98fa707e2fe7dc59ede1c831159e254a6c005965841a83d897193f768fc684	3642	DEVELOPMENT
O2ter	de9c999f113fb0567f82875412767a4917ba4a47180edf8e69f7d8024678e828	3643	DEVELOPMENT
HMR_3657	dea6f90d93c85cfa2456243b9edea405374f74f5c2e0bc0fab5af3337bf75015	3644	DEVELOPMENT
NADQNOXR	debb90463539ed1beb9f1a2c7c7816e843055ef4eab5744e7913db4b142cf1b8	3645	DEVELOPMENT
DUTCP	dec149e22af132d1f8dd5ed507928b39dc237bab8c60f9504e529d7cc7da5002	3646	DEVELOPMENT
HMR_2533	dec70aca971828176ce15a95857c0a7144386a7c2c1f0dc1cdc4031cb193d255	3647	DEVELOPMENT
R04215	df3320d7f1629089083cd40e1b8fb52e6395a0804b76288b88d5f547fad4c983	3648	DEVELOPMENT
r0998	df4275cd465587f34e938d0125323d8c5e190d0637b96bd8fa3be20581177967	3649	DEVELOPMENT
GLNCYSNaEx	df4c469e6a1cec60826d590a5fad11ed8a0dd50c97274d2c43ea3ea5e8305e7a	3650	DEVELOPMENT
FAOXC81C61x	df4f22241a99524d8d881c9c8b4b0eafbbfb7bde4b1a07fe5840b01f37eaee65	3651	DEVELOPMENT
r0604	df5b192cc699ab537893ad9ce7daa0c1d7ef8e955ca7c4da786b26f9dbabc533	3652	DEVELOPMENT
FAOXC143C123x	df64a9d3f05c5fdae8364fb2c593c1d4efe9b214e4ad2d576a48379160bd7728	3653	DEVELOPMENT
PCHOLN2254_HSPLA2	df6c5c077fbc9909e65b066ad30f6ae9ade8f6cabb5761d74b809c26c9bad06e	3654	DEVELOPMENT
RE3186M	df8b2a63d5e4c9a0454ff028ba3648107ef25f7c653045a5d332410e80ad444e	3655	DEVELOPMENT
HOCDACBP	df8eff777dbe665571a162df8893c9404c8e1a030e574eea875e3c7267de58f2	3656	DEVELOPMENT
r2022	df9570b2f63105565a4ceeed7143fb4ba5a119190b9cfc3e499175173f4f93bf	3657	DEVELOPMENT
r1633	dfacbab76654d5464951d64d072df8d24008a6700de40ab980ff0c036e12ea19	3658	DEVELOPMENT
FAOXC182C162m	dfb3cc49fbedca9652dcf83e284d3d1ca626f0b9583c62879856d5eb7ee3ad19	3659	DEVELOPMENT
DGNSK	dfbf53aef7c77235c142cc35077dc7807dd7f3d246f72d619fc1555c5d59e2a1	3660	DEVELOPMENT
CYTK7	dfc15ed6d17efc2d1ea4bb2464f2e9ada64aee955ad75e651eeab47edc5e8ccf	3661	DEVELOPMENT
ESTRONEtr	dfe86655b106ccd37ca6f688e8fff62814d8c192e1c17590ed8532436d1e2d51	3662	DEVELOPMENT
r0568	dfec5fd67e9401491ab00915e5a533fdc4121de8fb65b460408b4e73fefd7e6e	3663	DEVELOPMENT
PTPATi	dff3c0c43cc4e2cd4481eb5db3fa9049f20de3c91d7aa8e01a592c987c44ec82	3664	DEVELOPMENT
HMR_1493	dff74068e315b697048ba8abdb932f8a18ddf01596739d31b57e804e01fcf54f	3665	DEVELOPMENT
ARGVALCYSt	e0095a57f6a2b50b402951900cbd4c2a5322a1c9668e17bc40d90ce829087032	3666	DEVELOPMENT
RE0512X	e00e04ca7b830c3d0d1bc2b29860c98976f54cf792510a659ec660fb42f4a6a4	3667	DEVELOPMENT
TMNDNCCPT1	e0148ffe5a4c9488dcd303b168b5b9247e13de389a728890b02caf99624e4fff	3668	DEVELOPMENT
PIPLC	e02bc327f1643928f5546953e85b01c128c314337b109ab2c9fc4c15082e988b	3669	DEVELOPMENT
FATP2t	e0423723aaca5c436929897f6b67c0460fa18faf91dfa72fe51457f8ee183ed2	3670	DEVELOPMENT
FACOAL191	e04bfcd6b8ed254e3d7eeec97a4aa9ee5052e77e81b393e38c04381410cf22b4	3671	DEVELOPMENT
HSPGt	e04c76129ac17fda12bc2aab0e615f1fcae303b8141f7e971938fe09337f96b3	3672	DEVELOPMENT
CDCA3GSc	e05690c954d106d46230e946479192164799d2d1a524b07b9388e8d7ac47d976	3673	DEVELOPMENT
HMGLm	e058bd68a1d4dc7c6935299fce912121d978980673f6421d6bb836883c37f30c	3674	DEVELOPMENT
HMR_3241	e08affc7b6247c6857a298e2160d5bdf1b6ad9b238d766daacb2e355f9ab01aa	3675	DEVELOPMENT
GUDCA3Sabc	e0a85535c0e742da51a50de6c1ce49b7e4374917666c44c92f32eff82bae6de0	3676	DEVELOPMENT
PHETYRt	e0b6149ad903aed0ba05d97bd0fe111c324d6a82f9b310a6fc0c851a4504e70e	3677	DEVELOPMENT
EIC21114TRc	e0d0e69b8e978136a5378b80ec2f4f5444dabd34ad372cc34e639aed9b803bb3	3678	DEVELOPMENT
HMR_2621	e0fbdf57f6139f2d3518845749f1dc5f790293dad6d35a0d482f2ec8afea3eb5	3679	DEVELOPMENT
3MOPt2im	e11391c8006d463dc4f973bd25691e9e1821553552481fc99eb66a2f906dfd06	3680	DEVELOPMENT
GALGLUSIDEtg	e124f0f1485198bfed54abd50520bd230bdd9070945e2e7842a4c667a96c5442	3681	DEVELOPMENT
PCHOLLINL_HSABCt	e17f12c1e16126e6989e24c58938e72d4f1009ec366263a8b3e17880010e54c9	3682	DEVELOPMENT
GGT5r	e18bc077533e0f30dcd4bcc1ea6d151d9ac6e354c7a8398d76a9c928acc9bd37	3683	DEVELOPMENT
PCHOLN2254_HSt1e	e18f2c55b8b79d03390dbd91693b84de9d2fa5ad8382536b4314db1eea58c009	3684	DEVELOPMENT
XOLESTte	e19529317d9afb7402e575bbf1335bb6a0804c57765bb519bfad5bfe9d2678ba	3685	DEVELOPMENT
PRGNLONESte	e1adc2c53ffd94d33fa2c24a3c4689881d55acf526bc54580af2988b27922ff8	3686	DEVELOPMENT
PEAMNO	e1b8427a3739b807d892c01bfe31b6bdd64c1ade15cb9b2949c05897d3c447dd	3687	DEVELOPMENT
GGTAe2	e1c9371b5733204edce9ff875a54eba818b5bf133405d817b0a954925383191c	3688	DEVELOPMENT
PCHOLSTE_HSPLA2	e1d8504c85f2d31bd66beebe5b19f08936d6c04cf4ee264106230f7c46e15850	3689	DEVELOPMENT
HMR_1543	e1dffbea2aeecf9f6765de1496eea24f8b58e5f68c4171d7b2b2c9e4adc2f3ff	3690	DEVELOPMENT
r0083	e1e22fa7ff5bf5ee422b043afcceb096107c53ed914a3cd1637c247593e65d7f	3691	DEVELOPMENT
NABTNO	e1eb4adf3dbdc2ae6b0b0461d0cfc495569976a7615db37cd348205e28ffdeef	3692	DEVELOPMENT
HMR_3951	e1ecc6a6440fe40e2e6ab147efe0320928dfe08eba152c885454905a72a1cd43	3693	DEVELOPMENT
TRPSERTYRt	e1fcafc791dedad3ca12b92fa09eb9d028391270ef80a53f977a0962e35dab27	3694	DEVELOPMENT
HBZOPT10m	e211c46c83b7ffcb73b9ac839e423433c023a255583dd6e49a670635f5e8c339	3695	DEVELOPMENT
KCCt	e220dc961c111a3d61bc00100d9ec9a9c44c808d556c571acbb5fc223c08849d	3696	DEVELOPMENT
LCAT35e	e2315208d30c5a74eb17d823fd568819886eb9fd5ad97a79db9c0b6854da38ea	3697	DEVELOPMENT
TDCA3St	e25bd4ef836e8ea9e5416bde978468438f1bd7211f6adb586e405f0222e5ff0b	3698	DEVELOPMENT
HMR_0383	e2616422ea11a8df0391db227e2d505685787a27f810b030e75fa66151fc9bcc	3699	DEVELOPMENT
RE3082X	e2658d5da5c721cb8e329c9a07613e9eb018c29cb03d0d8e7cdb189422b9670e	3700	DEVELOPMENT
RE3003M	e269823375f37c278bb7f295e81863542cf799352bdc6a6a9c509bc02df7f631	3701	DEVELOPMENT
AMANK	e2739183bcf08bb1ac7b2433776e876d3c1880d52feaa495997c83290c690d73	3702	DEVELOPMENT
HTDCACBP	e28751a33cfcf771f09451a69c8bd7f6651e27878b931161d28b2a933fbd1f2f	3703	DEVELOPMENT
PROTRPLYSt	e288e336a45f398074f31da4929b9ac07bd5773bea11880266c3bf6f1cd2d052	3704	DEVELOPMENT
r1639	e297831365246a64cf44ca1ea18a95fe7ff7d525c53ce1b1d358edf019921e1f	3705	DEVELOPMENT
RE3050R	e29fef2177aa6c484e51b9ae63b5ad460568ccfd7ae4f533a219347eac78d3b7	3706	DEVELOPMENT
HMR_0306	e2a41561e95cbab4a836d3b21db11ef41219aa3bf693edc34f6aca86751d5186	3707	DEVELOPMENT
H2Ot	e2c5a28644fcf09699f36e53f7c37e35ec09e5658ce8b2bb2bffc9978e4aaa7f	3708	DEVELOPMENT
B3GNT312g	e2da770f212822715a182912839e833efcb4b8c3fb7ea6efa76defc39405c6d7	3709	DEVELOPMENT
FPGS9	e3316781e50a8bc784259f55a103f4d79bf0f72322621d67aa771742556b86d0	3710	DEVELOPMENT
HMR_2956	e379c82096bb117118794a3ba7284c32667c6a9fd321156c81fce2e8743e95b8	3711	DEVELOPMENT
5MTAte	e38c8883d047b0fbdbb8bbcca7c90fdfd339bbcf00ba6feb7bb2504a179514e2	3712	DEVELOPMENT
GLCNACT1g	e3a67c255c123c3a13316cb03e40b8ca644c0fde21bd0e68bf81334099ef57c6	3713	DEVELOPMENT
S6T23g	e3bb9a72ed9c7ba9917be31521e3d9a3958934b9ce95e07789caa0293cd17e1d	3714	DEVELOPMENT
HMR_7199	e3ce19cb2268125e7cc00cdcdf14cc14cb0b11f24ed1a37818215297551c91a4	3715	DEVELOPMENT
CORE4GTg	e3d187bdbc6943b5718d36e97b1cab9c5b75b0142a090ef6a9a596c1e3c59708	3716	DEVELOPMENT
HMR_0270	e3f60cde6331146771eda7f63a469477fce113dfa375bc92ff530950d6ce33c6	3717	DEVELOPMENT
GF6PTA	e3f979c39dc0908a342ae90f0b844415b1d6dfbbc9d9140ad2646be306ef2800	3718	DEVELOPMENT
RE1518M	e40be420f6b84a7eaa434c3958e0fd10aa34771db616750f8a6db8f4aa277fac	3719	DEVELOPMENT
r1606	e40c2fab82a4ef5ad5aec52ec9dca30c2c97cee57f48a8aa7d0c60b9aaa6c24e	3720	DEVELOPMENT
FAOXC103C102m	e40fba230ed946886ba4076fc050e2f784a045f1325ef9bfb6be45531e1273e3	3721	DEVELOPMENT
PHEGLNPHEt	e414c96ec9e0657eed4d2bf559eff53bdc616480bdca2f074337701644f08760	3722	DEVELOPMENT
HMR_0164	e41567bed0f7e3c3464af9b2b533e065b0873a227df5cac3f3bffecd5a9aa773	3723	DEVELOPMENT
NEU22	e431ba06867190e4f65af915f76d498d6b33f3c334ad090fb97adf038b635dec	3724	DEVELOPMENT
HMR_3173	e43b42f56f4523a8f88e3929dec566edd117c4aa361bfc7bb39450c421259da4	3725	DEVELOPMENT
HMR_1465	e472dd913a7202110dddb66e2ce148a439b94e18480b5d8694eada943f713065	3726	DEVELOPMENT
GLCtg	e47e24f9a6149247c4efe022df2e67f5fa84a0f0d2a1d2004e501534a653e7da	3727	DEVELOPMENT
CRVSM24teb	e49e4d6c30d239ea224c175595064dc1fd48958bc390366c7ae2786595025234	3728	DEVELOPMENT
NADPHtru	e4bd8cf04166b0abe1e7ca71bd4e4291ad5c00e55a40848e09b65c30d4f3c330	3729	DEVELOPMENT
PCHOL2PALM_HSPLA2	e4c84e54f1fe1fe4405a9f1a3b7f7e62aac2b6d8e5a8ba425ed48968d03c010b	3730	DEVELOPMENT
XOLEST183te	e4d46e9b1fcdd0364e0ad69fb894301e748104415c029f695c321c5dbed513b9	3731	DEVELOPMENT
ASPVALASNt	e4df8c6f86b2c2eed57b50eaba2f279ad29ba0dc9c031223e96a01741cdb77bd	3732	DEVELOPMENT
HDD2COAtx	e4e182622b2a8357dbfc5dc1f4ee00e6b0f0f843205b009f5d6921e63f847fb0	3733	DEVELOPMENT
HMR_2613	e4f5db9f67269a15dda859f96db7c69f532f1e5e626621bf852a186c6eabd43e	3734	DEVELOPMENT
ACGALtly	e4f672c5bb7408a6eac8762f5faa295b206a638ae1aba227247b418e64f5fc64	3735	DEVELOPMENT
N3Tg	e501c9251372973294089299dc6e9af66ed66a2c9229db69574e796c3cbc6a37	3736	DEVELOPMENT
ST6GALNAC22	e502686b6886dec82d512e2ce4ce601e6b029281f8c7d0f19ed133e210f9d6c9	3737	DEVELOPMENT
r0451	e50f3cb418852cd28015dfd95f6693d41b83cc11cd983c1f9fcce531ac113353	3738	DEVELOPMENT
FACOAL1831	e51fbf4351b562fac3e80f84a92427d9ba58534169d599ebd9f63511d61a0c65	3739	DEVELOPMENT
HMR_1477	e520cc6a245ef02f4f81f0f4025a0ca6c0a8ea989c65982ffedc588f65193fb1	3740	DEVELOPMENT
NACHEXA22ly	e53519c92513be0f3f82e1ccc87e66750230a4a41fb973c31a1f95bd55a74920	3741	DEVELOPMENT
NDPK1n	e576f75b7360eebf392e08df99f0043a79f4223eb995ced809bc6a411b565abf	3742	DEVELOPMENT
HMR_0634	e584a991c31b341e98f6c95d9ca66e3d0cc12575a8f648046a55b5992e1d2d88	3743	DEVELOPMENT
r1565	e5865ed18c9550e68e6785373e28c5c842e52a7369d69c97ac2b6001544aa68a	3744	DEVELOPMENT
LCAT32e	e58824c1bea6c0c91c0af4cd32db1628e0abd365a40ee1aaac4ee99c82d61f5a	3745	DEVELOPMENT
RE1521X	e5928f07cb3a5a435ccd7d7eace4a672893ff42b9e7a726bfabbb9f73f36144f	3746	DEVELOPMENT
FAOXC12DCTc	e5aad464dc42330bd887c00b3786cbac7a638adb55382530315349db8a8c67cb	3747	DEVELOPMENT
HMR_2718	e5acd326bdd00472f60a0b0b30a741e6d8099276558d6c7b0356758db3eb289c	3748	DEVELOPMENT
HMR_0257	e5b33a733da4b5aff86928c6176d1f43475d48e78a4c6bc4b111d1c664394e34	3749	DEVELOPMENT
ASNCYSNaEx	e5b93a87c46b75baf0f6ba8d6138b7fbb63357b562ace79f02a5ad0ea4086b2a	3750	DEVELOPMENT
PCHOLN264_HSABCt	e5c3b54dd89f301fedd39739eb67a5aa91cf5bcd9af843848c3b3e15953edf41	3751	DEVELOPMENT
HMR_0410	e5db0cc7a3c3da7a6152516618dac1397fd125059f2d154f36b2a69f4418d8d4	3752	DEVELOPMENT
DOPABMO_1	e5de53b1099be3aa5c33bb90dffdf3487b87c01765f4222489e8f93739ae7667	3753	DEVELOPMENT
NACHEX7ly	e6038c67c345b21df06e89f420c4aa6cba7db2f35751bb74fb6fc31f63f851fa	3754	DEVELOPMENT
34DHPLACOX_NADP	e618f30753083308ef408f33351c62b0933ef0505674a3ef9b0750646737ee73	3755	DEVELOPMENT
RE3241C	e625b1cbbe3b2a2c7c2375d3c32799d4c929113c42e6ef277c30a6a17506134f	3756	DEVELOPMENT
DESAT16	e63d64e744c81d861cee017cf6a205b2ccf6fd2ce9f4c22abc4bfb796a81e59e	3757	DEVELOPMENT
HMR_0388	e642ee55a1494616941cb8cabb484ff4e1c8cd4d08bfb05d10cf5fb44f974f91	3758	DEVELOPMENT
TYRCYSTHRt	e667bdfffcb7ac73495edf387a7ee93ff244cee9c1a348a50e2ebb2cc1443702	3759	DEVELOPMENT
HMR_1653	e66af64e169394d81b1acb8a5700fd621a858b08b8911993c2e8f24ab9ec7364	3760	DEVELOPMENT
PCHOLHSTDe_1	e680988b1500ff84797308e2dc968399f1f735c2a839d184f62998ba6a25ab9f	3761	DEVELOPMENT
LCAT43e	e6975b3de786733f4ed25ca4055c5f474d938266d7658e10f86d1e8be8299ab0	3762	DEVELOPMENT
LTDCL	e6b7af1cfe117136bb4d47881a14ae5a8fa4ce8fc20dbbb920bceb040473b7a5	3763	DEVELOPMENT
SUCOAS1m	e6bfe733d385fb4fcbfd9ca5dafe4ed93d561308d553974173069cf9a315dd9f	3764	DEVELOPMENT
RE2991X	e6c12cbdb01d4f8eb9b2bb00129b5daeddecda32909a7470e4b73936821407ca	3765	DEVELOPMENT
S6T20g	e6ce635cc87ca0168b8de022e72f7f7f7f3aa938eee6b406d7d6ca00dc914588	3766	DEVELOPMENT
HMR_3427	e6dcd3b2ffde2da6e59bf957885452c747b112853a7c3e15c9af53b5e0858ac4	3767	DEVELOPMENT
ETHAK	e6ee3883f9aef4abcd0b781810708ec01d3d68c9c777250f4f8ca0572aeeeae8	3768	DEVELOPMENT
DNDPt45m	e6f8cfd4b3eb1d903922babe1e200a512fea830315d3624a455b898412b80f22	3769	DEVELOPMENT
HMR_3696	e71443c0fdc4b938d8506de0af68989c331274c87aa52e1b471f444a9e298e81	3770	DEVELOPMENT
UGLT	e723f340b6b8b6c7f3b8cdcd8e4f4eadc1bf33ca2e9311aa141c2ca3ef1fd41d	3771	DEVELOPMENT
ACTLMO	e742f7d392ef8773d1d1f852d2bee9bf559d4aca2e5fbd8fa84347559757c54d	3772	DEVELOPMENT
HMR_0387	e74d92cdf7142416a9cf05d971f733ecafbe055810d76b516776e86031cceabd	3773	DEVELOPMENT
LCAT8e	e77404dce79961a4de24ab65af784b6d5d7bd3f0a4815a3a0f85ebaf408026cb	3774	DEVELOPMENT
HMR_3096	e778d55b2daede124b189e1fa79aa1d2cb0655b42b4167f836e0fde2ecd7f1fa	3775	DEVELOPMENT
GLNASNNaEx	e780c78733d52d3e1faa8668e3ccada75693b2ffe3e8d51597e3dc625b69094f	3776	DEVELOPMENT
NTD9	e782386cfbdfb4e932531a66a003ba98f2ada7bb96f1be4ffb9ad5bf097ce7bd	3777	DEVELOPMENT
CA24GSc	e78f719d80b490bf4d76ccf24fd3360cd406f74bdaff6478935d27e9daa7ceed	3778	DEVELOPMENT
HMR_3111	e79ba9401f309169200e087fd9ff387fab6a99dd34e34ddd56055ff5302c4cd7	3779	DEVELOPMENT
CE7090te	e7b40c8f2d04d72f34fd9aba073d3c150925a54d2b9e0e852284033f9f0b85f3	3780	DEVELOPMENT
HMR_2708	e7baa237d6ba254c43dc6841c80478226e1158e25ca65faf0a82a1e6965bd6e7	3781	DEVELOPMENT
SERt4	e7c93638a8c08f1926ade1c69fe5d058331fbd67c6bd2450c2f2359c1bf1ea2e	3782	DEVELOPMENT
HMR_1544	e7cb49790a822d331e9970d0149fc3af218e2738f167c56a730f20ec4e5b440a	3783	DEVELOPMENT
r1384	e7cdcd3861c7114dc727c8c64f0954a95b48fe29520264fee444460cc982c051	3784	DEVELOPMENT
GLACter	e7d8aae3f7d08da475d373859a3ac154bb93eca61d57d7abc95f36a24fb41c2d	3785	DEVELOPMENT
SMS15	e7e869273159746099593eb79c9930f5036e52ff1c7ab89f32d936780090562f	3786	DEVELOPMENT
TRPPHEt	e7e9be1dbb0c66d1494aebeaadd5712cedb861531e06040c6e5feacf16decb21	3787	DEVELOPMENT
ASPLYSHISt	e804a503e1c6aada0dcb3264775d34d30e3b1b0493c7799f1e9734070c38c126	3788	DEVELOPMENT
CE5026t	e807d16ac62290fdfd8988e11ef5adaa9b864286a2c2f3b603de497c3c8752fd	3789	DEVELOPMENT
RE2996X	e824ccdc542af77101682fbcf1be7e36643bcd627b294326184547856c65dfa4	3790	DEVELOPMENT
ASNCYSCYSt	e829d3349761ab649a5c40eaec2b1e6833013804d3c63fc6658f8a1bb9696f17	3791	DEVELOPMENT
SPMDtex2	e82d75ae0ab27ffd3289d374a9b1ffa09332d96ea3975e4cb4cd57a1a64e2916	3792	DEVELOPMENT
DHFR2i	e831d3fe8b7dfa84ec5a8137a0e1705a18b0a372d2a848d35b1e3fbfed6ded5e	3793	DEVELOPMENT
S6T17g	e83ad3445a96ca32f0b57d3151abc7660eed4ef7de730c482602ce3f7ef71ce3	3794	DEVELOPMENT
NACHEXA8ly	e844567b151f7d88fb5ee3a62c4d35256bf57aa92dc73210d49f19de21db4c06	3795	DEVELOPMENT
HMR_3710	e86ed17275f05076d55020c74dcdbd34b78b3d9a5f9c07f8459ef52343d20baf	3796	DEVELOPMENT
RE1519X	e8776e62b011660f8a2798e7c2ba005b380b243ca5bd38f42ddee8e97fd086c6	3797	DEVELOPMENT
GLCNACASE5ly	e88b232064b396738c214183b22333f84d72d0da40b95ea5775c66c2c0c44d51	3798	DEVELOPMENT
TRPHISMETt	e892da8c8f402464697bd52b319cefe0fece9c7f2320c895d67031f5a22f1e3e	3799	DEVELOPMENT
r1569	e8ba481d7252da9dd2b27a1df2d28b92e957cb840450ec68ed683c16145f1517	3800	DEVELOPMENT
r2003	e8d813db3108d1732bba528be995120bdde293dc0f35e9194b13323b77c7baf5	3801	DEVELOPMENT
LEUKTRE4t	e8dc249be162afd74d14de23a4269b1a7b4301e09169c3e7918fd7e7920433aa	3802	DEVELOPMENT
RE2624X	e8f76f0295af69b2379fda417b1d96461becdfff3904563fa800ffebe2ebd4a8	3803	DEVELOPMENT
r0402	e9046b78f77d3fdd001dd8cf32e53cc7a240fabbf6026ee98be1e96e6f352d29	3804	DEVELOPMENT
ADK1m	e90df800a60a7193506308f802390b3e8b54a9bb1c5e32a4344b685b25f23e8f	3805	DEVELOPMENT
HMR_3625	e911190cb6cfb7eb913c99393ccfd59c901b6276065ca785f8810176544cc448	3806	DEVELOPMENT
HMR_3053	e9154a48a962a360f94bba0e7f4fcdd9f1654bb7e02b670fc95a77639982978f	3807	DEVELOPMENT
RE1520M	e92c6c109393a99fcd7b3285285a91e4b6a8d0604b4ad600cea9e7453b27ca52	3808	DEVELOPMENT
S6TASE3ly	e933f05fb781c1e6de7c74599b6d0f1f580c28b745e5cf834e1b232fcf50b46c	3809	DEVELOPMENT
RDH1	e96ead4829e2500cf5a726c105c485349276f99ead6038d308eebd0755d96023	3810	DEVELOPMENT
CYTD	e973b8e44ba18fba4565f319931531b8f7bf4e32f28fc9063e525b53989ea3bc	3811	DEVELOPMENT
GCCam	e98339e7a3c7a7c89393f61607eba2b454e2a57a832d127928b42dd7e58e6cda	3812	DEVELOPMENT
HMR_3726	e990eefef278792c32299fad3a9bf29c81da5065c003a928df5df99f12890888	3813	DEVELOPMENT
CSPG_Et	e99799b9fd81f8c7cc359396cd04c34847223bcf2b0bd24eab0de62b8809867e	3814	DEVELOPMENT
PPCDC	e9aeb0d6195b65eebeb7d62ec35ba5ea29976967a21f2be4d5428769e69a4720	3815	DEVELOPMENT
NACHEX25ly	e9b7e26a8fd47bec534951b54e336ab9ec5d3925eb408b0d76dd1c918311c4e8	3816	DEVELOPMENT
HMR_3109	e9c93fd594986688fe2c9984746705a9adfaa231f3a114b1813d009bff9513e9	3817	DEVELOPMENT
ACETONEt2	e9e05bb754ee78d9da78729d10237724c3c907735c8117bbb9ffcf416f7f3762	3818	DEVELOPMENT
NTD7l	e9f5c35eea16dfaa64109392f8d9ce0bc71c6eaa3a20226004d91f3b94edfef1	3819	DEVELOPMENT
DSPVStev	ea0ca3688ce373c9f52c98edb53b0452a7e9b4fd13e4f2f61e9b1c5d63a565b5	3820	DEVELOPMENT
HMR_0836	ea14007601b7f9430f8dbf3ea5712f5fa30bd1e7e132ea6e8f33e05300ef4074	3821	DEVELOPMENT
DADNt4	ea1bc27e5cb21a0646f0d76dab95974024478f9c9b6a275ff9aa883f2a25d282	3822	DEVELOPMENT
3ISPVSteb	ea1cd10672d640921e12de34508f05c715d8fea74b77f8c93b7c73a27a31f524	3823	DEVELOPMENT
PRGNLONEtm	ea37d73ff151f0329613080c85fedfd099f8120c196cff735a48247571afbbb4	3824	DEVELOPMENT
PRAIS	ea54583853a459638869e73c980b3098a1b66d921bb90d270aa0b1a5509b2681	3825	DEVELOPMENT
UMPK6n	ea6753bad7eb7445bb6930b4836d4b2d6c35f3c5dbb0cdea7b3ba8f8388d2106	3826	DEVELOPMENT
ILELAT1tc	ea6ad8fed2b7a021ccec11ccb02774d80c48f879ea36ff7b5be1331a9645e5bc	3827	DEVELOPMENT
SERPHELYSt	ea742b3a58b4d9fbfefcb50ab84a9b8589aa5b4d6e8fc6a1cef5433c7fa33204	3828	DEVELOPMENT
DCHOLESTANCOAc	ea76afadd155e8ec2a3b5784356b761ece24d612dd60da924d7f70a77bc3859c	3829	DEVELOPMENT
RE3225C	eaac380c4cb610c8ed3f04102fc317fe8e5ebaa1512713c5a3fdf57fcb217ad6	3830	DEVELOPMENT
HMR_0582	ead1c599f483f510b2629a826140bd2a738b4382d83ba6909716fd34ef4852f6	3831	DEVELOPMENT
r0408	ead636cc8e96fe941def2f3187c9e840b73d423640b4eaefd9c2aa6d88d63c7e	3832	DEVELOPMENT
CHSTEROLtrc	eaee3201c45d75286b049f456ee817546e60db664fe12d2b3447cb53450fd198	3833	DEVELOPMENT
LCAT54e	eb081258c3d97f65a2c27740a24c84b744197466febada45d708a35eb9b10ab8	3834	DEVELOPMENT
ENO	eb2e4dc7ef73dc4b6717e7ab9032c6d61b287012885563dcce84e8923e81dda7	3835	DEVELOPMENT
HMR_3331	eb398334b85cd9586dd7a74a412848eebea6e66bcabcd49ffad3a79584d73a21	3836	DEVELOPMENT
LCAT49e	eb3dc6f474ac8a77e80bac5bb8fd60703bde01048b8d86b51cb19f50b0a9f0d8	3837	DEVELOPMENT
r0995	eb3dcd54f904d793303eea1da6c0b0456c9f476e24c6c31541754d8cfc20b716	3838	DEVELOPMENT
DNADDP	eb5ff4acb870fb331cd38a3dd3772d1accbe5ef6948049c91bac3585d90bf8c6	3839	DEVELOPMENT
SPHMYLN1825_hs_ATPt	eb653bf796df9ebbab99efb249a2938435fd49319d0aaa9cf087c08ad4b0673f	3840	DEVELOPMENT
GLYCtm	eb7804cb1cb2aeaae4d6fa6b90bbe93de3598dc529632fa8e0aa40ac33e77bc9	3841	DEVELOPMENT
r0463	eb85cd68e28e13dae982f44911c72c35c023601ce2709de2df8a376e584fdaf9	3842	DEVELOPMENT
GLYC3Ptm	eba1fd69dee16c2aa9028ff419cc93f5e25a3d7806ae9f8659052611b66c3908	3843	DEVELOPMENT
B3GNT11g	ebaae70b53dcaa7dd6d2504ba58dd2ecb5b4584f8022b53b28e402d4bc8b1e1b	3844	DEVELOPMENT
RE0453M	ebb214c999d52908bcbea2c973117aba6671e9cfd1ff13a7476274910bb3a396	3845	DEVELOPMENT
PEDH15_HSPLA2	ebb9ae9b8e1fd46ab89f9163484c05f25a184e32b6fa0ee3b54970158eed36c0	3846	DEVELOPMENT
C6COAt	ebc59ecf8c005e014e60980dc0bdf6e71eeb2fa8562a96de241391878cf5bc89	3847	DEVELOPMENT
r1106	ebd247cc24ae24f8d9dc6f3db37f881e7f99da3fd7f692b7bca2b6b3cd8052d5	3848	DEVELOPMENT
HSAT4ly	ebdbcd31307bea586e7124eb0cdfeeec3d19fe15cb2902b1a8f73b2b7a2123dc	3849	DEVELOPMENT
FOLt2	ebdffe6010cd68b78507e9748a462e3f50705688d4f14ce037ec438f5086a980	3850	DEVELOPMENT
GLCNACASE1ly	ebe920f757fa9ff0545ac454d2fcb3f1203f0fc69b9c50c7aef7388e85df3e0b	3851	DEVELOPMENT
PUNP3	ec14e115c5ea528ed299e2690d118b8fcf0d49cbaf7accff26fb0a0755679135	3852	DEVELOPMENT
DNDPt23m	ec2b3c3b92b443fd069a34cbd1d5f00faee711e76b20d2d52befbf5ccf860bd7	3853	DEVELOPMENT
FAOXC165C164x	ec4ac514ecfc45b10260f6a0ae73baffa80a16f10e309b537377059b0ac65090	3854	DEVELOPMENT
r2517	ec5237d3ad394117fdfc66e48827a8f13a145de471f5f85b52511f8f5d0b0946	3855	DEVELOPMENT
r2388	ec52607d1ad8878fd2292f3909d389eae61399f446dbce759620ab9939d3ef10	3856	DEVELOPMENT
C204CPT1	ec59b7c5d5eb73a0bba7db0c8f8dc4dc5ad9764c2ab6951d46c2a31f172a2589	3857	DEVELOPMENT
HMR_2965	ec85271c4cb2a47b68e1dfc32ecc5067da2872781fcaca1dc70e78c5c788fa14	3858	DEVELOPMENT
AMETt2m	ec8dd7e9a726241bdcf359af8d22dfedd7d2c233eaa3208ee900867e2420c45a	3859	DEVELOPMENT
r0655	ecaf49a7a1996738e7ed11166b685ab71d4f7a3e3a6b2390cb6a34076525429d	3860	DEVELOPMENT
r1549	ecbc2e15b91137368452de2b468c63dab527463a5f5551a52f9e887739503d38	3861	DEVELOPMENT
CHOLESTTDe	ecc44b16216ce0562c1066e176a66a892448b3860c48fd0f3cafc5899687cc06	3862	DEVELOPMENT
HMR_3117	ecc4670930f6cd3817f1beb82c30b654230f20549c055a941af168822aa83c2a	3863	DEVELOPMENT
2M3OVCOAm	ecd2d20e0bde586ed4832b8286497e0ad9043015b2d3580d81aaf5daea55ee1e	3864	DEVELOPMENT
KSII_CORE2tly	ece283e555c43fdba414298b1360a730bc018564d44970546cf2d751783339f5	3865	DEVELOPMENT
FAOXC2031836m	ece8ae13edd22dd715d6b47494aee3d12f743d2e70e17cbbd4f41bef28f01be3	3866	DEVELOPMENT
ETF	eced4bf095474e2784906ffe3784946791afacff289b882dcce566f46592c7e9	3867	DEVELOPMENT
CAMPt	ecf23476fa38e86037c6b85c7dd19f956954c10bea89f3e36104c281a3300b3f	3868	DEVELOPMENT
PRGNLONESULT	ecf26001415efbf842a39d36843b3416ef4e33022dacc6509c17f6a4a8804ea7	3869	DEVELOPMENT
ALAR	ecfe5b9375eabe485e10647422f11f83ab210f34ce8b75c68566b49525916423	3870	DEVELOPMENT
NDPK4n	ed34e68b035e98aef1fa098dce277af3991aa68866994679cf052b733ba35eab	3871	DEVELOPMENT
TRPPROGLYt	ed3cee77d41306f5a18a495285363fb71bbc11a250c3b113233d374c579e64ab	3872	DEVELOPMENT
HMR_2817	ed3ecc6395d26cbe58a1e6f8610feab8638cce6e8a918d86f08f7488ed5bcb98	3873	DEVELOPMENT
PHESERTRPt	ed61adbd7276770070956fff519e05e142b5205bbf3753844bc01a0b8f4d78a4	3874	DEVELOPMENT
HMR_2943	ed6fc7e194caacc66533d1bb96cdf07938c0c3baa38360c4febbe668057cd389	3875	DEVELOPMENT
HMR_3867	ed76da0cc6a36c13d0cf701ad6902636c099e1ba1ca812d06f1238ee299db3bc	3876	DEVELOPMENT
ARGGLUPROt	ed7e95d9f0c4dcd13c59c1df49dc4d10a0081d0e6c860dba2a8f6bb931b3cbeb	3877	DEVELOPMENT
NAGA2ly	ed9a1562a19b9c4f01a0ced8491a54c8d3fb15333d26d8ceadd7cde97fc7eaae	3878	DEVELOPMENT
EX_lthstrl_e	edaab6d8616c084e4d1e0de1700a9a54697981d7f528ec74827ed21870690e8b	3879	DEVELOPMENT
HMR_1504	edd2fdc2d36e739d803a53ff5b4a59bd97c34841f800c3a3c484296638ec2e77	3880	DEVELOPMENT
LNLNCGCRNt	edd8652f65a3ca4a8b0f1ba5df3488418f91732869d45cf8884c114bf65d15fb	3881	DEVELOPMENT
CE2537ABCt	edd9f19ada5fbac16451978b9188981b55b9770a82dfbeceacbac7ad429225b9	3882	DEVELOPMENT
DPMVDx	eddaa7fbf9e56d31cc7a1d7b0961d983fea54f27b87dcba31c0bcf40cd311876	3883	DEVELOPMENT
IM4ACte	edf0d531d79500cb2c9af43d06f7f4d925010de5519ddb95cf99758eebbd8721	3884	DEVELOPMENT
FAOXTC162TC142m	ee28ebfb9a8d0c182e1e1a1d8c9263f9a7e959dd4201e5131518b62a52c48ec6	3885	DEVELOPMENT
CITt2r	ee319ab447587a797939506822b70cf0d2863bff7d609078c0eb40d4f6e52a67	3886	DEVELOPMENT
HMR_2760	ee64a67a77544a4b749eae949199c1ca83e1d46bdc93c395c19663334c82a03f	3887	DEVELOPMENT
r1591	ee7400027199136dcf90043b56c3603cac586cf1839c51f94dd2004224987bfd	3888	DEVELOPMENT
ADNK1m	ee79ee556ce0d89d94a7422465a5382628d66eb96d075f64873cf4cf3a18b80c	3889	DEVELOPMENT
FAOXC225x	ee84fa4d760885a623b632d43917f901cd21e4d55d41ff689ae0550ba8f56b8c	3890	DEVELOPMENT
SERTHRNaEx	ee9a3f303b1c6c5cfb38e4f8142a40c86cda909e14f3d55536c3a06133e886c9	3891	DEVELOPMENT
DESAT16_2	ee9f47d46fafa873a2c98db689fb322f503567024fd2b75016b76004cdae4b2a	3892	DEVELOPMENT
THRHISHISt	eea4ca32e63e440de21d1003d61a9f9b5e3644e85d846e2408a62b7307cb326f	3893	DEVELOPMENT
TRPGLUPROt	eece130abacc2407c61fa3e08ce4f1d67e1a15f7d48d88d0889f60318505f9fb	3894	DEVELOPMENT
r1648	eef539116c04b06afaa571dba513a97de2bcf7c2fddbb81dffdb94f868e5a4e4	3895	DEVELOPMENT
HMR_3424	ef014320f3101e32a595db0aa4729da78341750bad4979566b38ce96d151ef87	3896	DEVELOPMENT
r1576	ef019820a6323bc69d4d50c0c4f396912c3e33b1d54151ed6f737d81ac43b052	3897	DEVELOPMENT
LANOSTt	ef2182edbc9862160bbe5a422985f5d5b952b62a933eaaec010be9a6884ed17a	3898	DEVELOPMENT
LCAT13e	ef36fb18478472c893a736f06315c34ed57257c62c63058fe6812d6737d9c9dc	3899	DEVELOPMENT
r1368	ef3cc8911985cb3e3231a1c977c6b8c8f08fbe2a3a03f6739353741262571c0d	3900	DEVELOPMENT
TRYPTAOX	ef4475f18cf278ade6c5938873d8139c6e1accdd2a3027cbf4793b42e2e9ec67	3901	DEVELOPMENT
BPNT2	ef45052bcd5fc4b7376079a8bf2e7574c993b7d7d5b5925fe274fff4c6203577	3902	DEVELOPMENT
HMR_3658	ef586fcf2e0c19905ffcbffc0c0d7eb9ba20eaff29f2185fc6021143e43c5ccf	3903	DEVELOPMENT
r0355	ef692ff40aa2172b537fde35e57b3b815d5797c9587a955f2676d4849eb5dca9	3904	DEVELOPMENT
RE3194M	ef6988880781e1a7630b91976e143efdbeead61c564a0be3344909ea3c872aea	3905	DEVELOPMENT
ASP1DC	ef8402c4a78c5162ca31a321a11d2f4a48e502d1d7279d0bc1675e70d089afcf	3906	DEVELOPMENT
DTMPK	ef9c1db2845685782b4be7063a690139a2c2dd0ad26bfaa56b9cd53e097841ad	3907	DEVELOPMENT
HMR_3171	efa05ec5a8f3b0d276fc2f1543719d70dbb8da345a2f2e33a635ddcf0f5611d7	3908	DEVELOPMENT
HMR_3232	efa63db4a93432975bcde052089e383f6afa8514dcc35917a938a2c3b4af0b4e	3909	DEVELOPMENT
S6T1g	efb2a9bfa85c37377373806776161e89b2fe8b21ffe8a05a7c196898005b3a35	3910	DEVELOPMENT
GALGT2	efc48386ab27eef2621f88f4b145dc79a32b6ae7f2072df89c4b7974c35d8242	3911	DEVELOPMENT
LCAT33e	efc8fc31d26f37faeb6ddca75cbfee26bb96c46b8d123772f61af46bf474da90	3912	DEVELOPMENT
3DPHBH2	efd0bc087c94ff1517fa19acbf62a9c1436cbb8866a9a7dd100e4886ded38828	3913	DEVELOPMENT
GMAND	efd448980b29685ee6f8bcb6593a908cf043ee467bc145ad1084cc3e9816a3f8	3914	DEVELOPMENT
GLUMETt	efd7baf1652813d81f8cd4ac21c10f76f76e4fb94a50fe194214655d971c997b	3915	DEVELOPMENT
CITt4_1	efd8aba473978b17a056647547ca36eed3944f650e8ac8fb2f959dc57b114e3c	3916	DEVELOPMENT
ACACT8p	efdd5208e3a9af3abdc5a2c15f04de5168f57a345aa09bf071ddfaf2b1ced3ec	3917	DEVELOPMENT
S6T16g	efde6afdaf16127bfa459fcb1cced929102a6b8e2f32ba7cd4080898aab7bef1	3918	DEVELOPMENT
ECOAH9m	f020a0b2f2b54f06169d7e05bc2c3ff119666d3e294477972e06181ac9d304c9	3919	DEVELOPMENT
LNELDCCPT1	f02d4976a88044a3c8188a115fdaf3477d5862415d76d58acad766a616e81e80	3920	DEVELOPMENT
MI145PK	f0337bfca9a15313693c3933a05cbbc183ebec4e6d08f012ec7eee9330501a0c	3921	DEVELOPMENT
r1590	f03a680e32884604b168d349a1e6d99898622580e525823967649d3ee0635db1	3922	DEVELOPMENT
r1181	f05c6457a503aff305ae165cef362586894391b1938ff833f340d378826ef5cc	3923	DEVELOPMENT
PHYCBOXL	f066aceaa88f6be06c3462301c362a94aa0dcea7e68a8d367a8535f6622e9997	3924	DEVELOPMENT
HMR_3642	f06d961d63ddf4e93b6caded83f1a0f62c9c3174de1e260ae555c4ea89dd432c	3925	DEVELOPMENT
HMR_0296	f06e00535264475ecafa6dc36e95a2be29b9a8690f93df8109ef53eae3e048c0	3926	DEVELOPMENT
TRIODTHYSULT	f080751a4437ecf389cac47799e236b659576465ca39420090085d87436f6b04	3927	DEVELOPMENT
TRPGLYPHEt	f083efe5b22c9f178b67fe8f8df9a63a271b8b8461a8d79990e17f3682eb4bd3	3928	DEVELOPMENT
ACLYSHYc	f0c42597e031dc1dceefe79632ae95c7f1401ac3c87b688bd120b9d0e4b61ea8	3929	DEVELOPMENT
ACGALK	f0f221930c9043d11e8aedbf75055e55d08e0ea72296326fefe98045d65c3a6f	3930	DEVELOPMENT
RE3192M	f0f47b5f11f3bdbbf6ff64cbdd2323a975d3568dfd8f0fbe106ef4351c82e5cb	3931	DEVELOPMENT
pac	f0f67a1960ba13514ad0be10d6d2e40322c719dfa3bbb7850209f1d8261846a7	3932	DEVELOPMENT
S2T2g	f12f9b2893693fb0a6cca28e0c7b81c89d0a4d91d5f1a9ae5e8517826d507892	3933	DEVELOPMENT
GLCAE2g	f12fbece3e24ab1959b065d92ae81e0b37e841c0b5a790b23f371aba56f6b637	3934	DEVELOPMENT
HMR_0167	f132963980bbd307c4c0b944a6da34df1967c14d62b453a3210d87cff47b6488	3935	DEVELOPMENT
HMR_0183	f13d98f555607648187e46f692d40f98ed3e35e3810dbc3cac424d2f4a1d05f3	3936	DEVELOPMENT
GTHS	f13e635d84988ea1990234496a8bd1d26dd55cbc8b6da7e7c2e0ab690c6e7768	3937	DEVELOPMENT
r1581	f14064b4af2cecdfbd0b3ac161ce48ea2d83474a091854689beb06a5da9302dc	3938	DEVELOPMENT
TRPARGALAt	f1565c206394e9934356d61b2fe06d66b4354288475273e8c6271aa6c6170341	3939	DEVELOPMENT
HMGCOAS	f15be2bcb5c644ec0d912fbed68df80d0858c488e532663ed02e8175135b1ac2	3940	DEVELOPMENT
r0743	f160509c500cda28f907b713575793d6fa2c1c78fd0f885e1d9c3cf83058758e	3941	DEVELOPMENT
r1552	f185308f9292901aa0233084b7fb02218cd96fab0c950d00a496c5c1b8671310	3942	DEVELOPMENT
C6DCCACT	f18bc1a1897b6fda8d5295f21d9da5224fc6a5ef08d464acb9051779b8177999	3943	DEVELOPMENT
SMPD3l	f18d76863bb1f4de085facd555b1c9f6d29d58ca6d8b0b8b678b8fb8c5b15271	3944	DEVELOPMENT
HMR_2703	f1ba273852bfc95be810f8d2b0731330bf65855fa9e270791d8a9bf21d8aaca8	3945	DEVELOPMENT
ASNtm	f1c417c033dca90b390bf2ed703c768e66e0cd8ebc8bbc5c356bfe34beae7f97	3946	DEVELOPMENT
XOL24OHte	f1c43c9cc1d3c69ac16f78b0dcf44a76f34bb953a2c5d810bb578b7379d8ffbd	3947	DEVELOPMENT
FAOXC205C184x	f1c507f862827f6f15073d8d3f485dbe59c07529f06fca172bac80ff5b0fd3ea	3948	DEVELOPMENT
GDCA3St	f1cdb6c98249fe220d25dcbd9e556c1eafa55bac2a4ca9ba67245da47084c9e7	3949	DEVELOPMENT
PI345P3Pn	f1da3c8041c4c8f81798c5adce806a84e97c492a80b336cd50395d3bb7e666c4	3950	DEVELOPMENT
r0191	f1e2ef4ce74682e26d97ca1add25a115153618d369677eb499749e08829bfa9c	3951	DEVELOPMENT
RPEc	f1fac720a43c43252e527ba4256c8f0ec4eb1949d0e186b177636040ae0539ad	3952	DEVELOPMENT
GLCAE1g	f2197d07b747330916a85892dc3af264c323ec647390c83139b26ccc1c900a7a	3953	DEVELOPMENT
SIAASE3ly	f21ae88acd5de0d153a74bbd75eef19c29a902b52454e8dd6b2e122c927cb5bd	3954	DEVELOPMENT
GLYLEUHYDROc	f245ccc0cb8268da80022f6bbc98928efbbd5aa7268c5a6987c26c13f3c7630a	3955	DEVELOPMENT
r1602	f25c687ffffbea70fcdbcfc3ebec37b149537e5fe2c368b209ef363fc73b6fd5	3956	DEVELOPMENT
G14T2g	f25dba2e5642eff7f29f82b7293d448aa47e5d470474c0b9252fede9ee22d2bf	3957	DEVELOPMENT
IMPC	f272f5b6dda00f77d93499032bfe261dbc4b0dd5ed259114f378c18ba367cec3	3958	DEVELOPMENT
MTHFD2i	f27620834defbc6f1095b0de8ea95eb5f94ce9d6b805ae6954be1c89c7f7aa4b	3959	DEVELOPMENT
HMR_2737	f281999a370e3277bc3eb683d4757c0e103b56da288d0dab4e43bc79ca2c23b8	3960	DEVELOPMENT
NDPK6n	f288f272038669394cf528509e376c3eb06010344f6236312b72f0c7ba74f44e	3961	DEVELOPMENT
HMR_3332	f298272ed1f7c2efd164b7b10980cae2f4ec3c8e9574e5ae575a83f422d0c9c4	3962	DEVELOPMENT
HMR_2990	f29d02d4728398acf14d990521831ffd4e2d101f8545db56e9105e79413a57bc	3963	DEVELOPMENT
r1996	f2a01d011a7212ebc8d569aabf07b55765966244270f73a25fb5c3b773a92e35	3964	DEVELOPMENT
TCDCA3Sabc	f2a213d60f54a12882380e6f4832fd4fe0c5ed632ca87ed25d5faab4caade690	3965	DEVELOPMENT
S6TASE19ly	f2b58ed8b60543a2bb3450b251e872e8b5e96b1b77ff1c0c91eb9226759cb340	3966	DEVELOPMENT
HMR_2757	f2dfb45806b12e35fd7ae405c6bc6e7af2c38d65a1c71dc781db1e0990449dd4	3967	DEVELOPMENT
ALCD1	f2f1d11b5af5514cafc671aaff129909e333b224fe42b7f80d2d8cae1c267a25	3968	DEVELOPMENT
r0497	f30b343bdb104d6b9046b7dc772d91bdf4c852c56191b0749f2de0053a1d1e79	3969	DEVELOPMENT
ACACT6m	f31aadc2751d16f3dcf8543fa2a2c9e861ace05db58f00096f021a122f0b5291	3970	DEVELOPMENT
GPDDACHOL	f3343b4f61027ab80ae2508de4f86f131ec8276b0a489e6f41e6b1fad5e220b4	3971	DEVELOPMENT
LEUALAARGt	f33ae409636b01743b9767fc8fa10f7c069a57fad6be91f875713974275666d8	3972	DEVELOPMENT
NACHEXA20ly	f35c97e1b7022cec4bede3888a8fd6bd95ec7f7bf10af26338b8f06e176a30a0	3973	DEVELOPMENT
r0610	f36ae6c20ff2d51c57d43b18dc8dd0b57c982c9043f43f0feca9297ffa892976	3974	DEVELOPMENT
ECOAH1m	f371d0a74a5cdb2c4f2605ed4a7c0b585f5c05169b1d6306eef06de2dcd5b000	3975	DEVELOPMENT
MI4PP	f371de851c8a75e2c1b934a0af0e76c5be0b9fe23d74bf91de6a84a0219af4b9	3976	DEVELOPMENT
ADSL1r	f3777bdf9071319257dea06c6e2594257bfe56564825dc7031085a496e59cfd1	3977	DEVELOPMENT
PROSTGI2t	f37e12dd703ad6e8d44d373082ba6c4f09dd8a9cbcb49d4a2bd7d7457d32dc8f	3978	DEVELOPMENT
r1611	f38e11a2600ae03cb324ad4987f32d38e79d3466ce3dcd25676034fe8ab24ae0	3979	DEVELOPMENT
HMR_4783	f3ae3dcc2e1c7e592dcd7b46d38ab7be0b4b62330dd8f11d3feef63baed818e1	3980	DEVELOPMENT
FAOXC183806x	f3b55b59ae888b4582bb1b68a0be2c9a60b3ede28dd76adf80fbecc3c0dcd6f2	3981	DEVELOPMENT
SMVGLUChep	f3bae037dc012b490e9c730d38fa693a66cd65d8e0bc468159f70a05698d7c32	3982	DEVELOPMENT
GGH_5THFl	f3d42a19747d558dace1dceed901ff2e53757ebf50acaea16cf01b992f823325	3983	DEVELOPMENT
L_LACt2r	f3dd2028f3fa107c10bdabac4e60272c14c8e2b978751942491ba18b7aea57e5	3984	DEVELOPMENT
3SALAASPm	f3ed4b8ea1bb157c42bf09bba5d91b60ff0c81c5c0f1bcf4908c9bd23bc71e81	3985	DEVELOPMENT
HMR_6385	f3f476e9347ab3c58772bb690a07e3dfc4d9a513a3bfa3ea2d71672bbed373b2	3986	DEVELOPMENT
FACOAL245_1	f4112454cdbeed2873b36c3276e687c024e2d7e0c5e80e3e8428aebc0d4aa584	3987	DEVELOPMENT
HMR_1786	f416e34a3128d6c226f2d37e35d654058c7bb3b565ef85e77412b5253873d0d3	3988	DEVELOPMENT
GLYt4	f433fe44dbcc0798969e087ebd5395a2955dfad1af6ced084ffeee2c32e0d5bb	3989	DEVELOPMENT
ATPasel_1	f43d98c04e865b5a462088af869740ef12f3f151747b55b2475e7b7dfece96fd	3990	DEVELOPMENT
GCA3Sabc	f453697779b0a5479ee15d231ad02f9aee8ed7343ab2c0b9d9332af7db9dcc1b	3991	DEVELOPMENT
MI3PS	f46d6bc60a60d28b7e6beb640f2bf96182e0741fb61b24a6893370eec624a66f	3992	DEVELOPMENT
FAOXC183803m	f47851a34147b7230f4071d25a1e36279adbb7a30e799543c16bf01f97415b64	3993	DEVELOPMENT
RE1531X	f47b8fca2e4826506e4b66c88389ce389a9d6441a5813e48a54206899f4edbfc	3994	DEVELOPMENT
MI34PP	f482b5a231bc6e7007c63e868a337cd08181bac54315154cb3274406a4877e76	3995	DEVELOPMENT
r1446	f48e08eb32c9f77367606ddd18f44901ada7ccdfe92638033316bf281463ab60	3996	DEVELOPMENT
r1551	f4952bb02e0a1a4875e395deacd8a7578690d30fb4e0ef87a70f17fb00794578	3997	DEVELOPMENT
ALATA_L	f4bbf92f9339a354bab4000d2ea0c5597b8fde0d9fd40223b6eec69c46818c3e	3998	DEVELOPMENT
ALASm	f4c07404ce3f0905f92d68fefeb1a18ac606d5b8af5f4310cc47af620d73acf2	3999	DEVELOPMENT
ACNAMPH	f4d0976d95f59ab1f90f35530f525bfb08b4b73b53f64ea321c94cd08ac6ff7b	4000	DEVELOPMENT
HMR_2684	f4dc26123a0a016c820dafc4d3eadd3103bf96fc39b7dd59f67f6ed94ee07792	4001	DEVELOPMENT
PTVSTtep	f4f2a5e1d0dce7a89b26cfe2ecd7c4ac29795eecc8f1ef34df6d6ea9a0f73bd7	4002	DEVELOPMENT
LNS14DMr	f512b90a06c67f7934bbf29857470d2f33ee9bb979b982bea07d93359372c4a9	4003	DEVELOPMENT
HMR_2770	f52271620743f5ff6aeb3fa8533ed43a32e0d63483c82d7050c5635ab2a8e22e	4004	DEVELOPMENT
10FTHF7GLUtm	f527d1a43e15122c819a1e0b73380f676e4b669c6500d4406301a05f22ad35c3	4005	DEVELOPMENT
ST3GAL62g	f5314c3bb3a11b9b1b884b9ddc02235d171682d8f7a086a5070e0a7fe3c68792	4006	DEVELOPMENT
r1646	f531ae83873101c673cc1cb78b6d8631ceba225c073075b0be763e741945d1f6	4007	DEVELOPMENT
PHEASPt	f5498b5ea70eff6d9c093900ab90995e06c7bfde6d568b60f196fccc08b68a6b	4008	DEVELOPMENT
FAOXC161C141x	f54dfedc0a10a19a87dacdca8e07d28ff6ebe4774bd86225191f545b448ee031	4009	DEVELOPMENT
RE3177M	f557e0d9e75c9d8a7fb6f664578bdf3d3b2c5a99bc113c266cada30854aa0ca9	4010	DEVELOPMENT
XYLUR	f56a78d2edeef0b75e77ea82a144d69e7ef1f3802d8300f0dd67ad2ba12aaa3c	4011	DEVELOPMENT
CDCA6AH	f56df713d74147efb88e7e36ae8c90e2e6180c4e3896bdf2946d51a2e2eef21a	4012	DEVELOPMENT
HMR_3416	f5a825033208a47b7ef5319af3fe79fe786f4d2355db4e25f048d19c8f89b2de	4013	DEVELOPMENT
PHETYRLYSt	f5a96bcb9fe6ab138a0287b07e76d8c062ef448e186f5d695bb325eff3c58eba	4014	DEVELOPMENT
56DHPVStev	f5d31edbce01fdff18851f70bdb83b8faec79707c95434efdab1b4e4e601a5af	4015	DEVELOPMENT
HMR_2295	f5e22a19928ecaad73a12faf9bbfbd36b25e16ae2492c33b55b0e432b8d3e01c	4016	DEVELOPMENT
GLUILELYSt	f5e51e8b88ce2f464d4cfdb8549082eab1e6dc1364689550473338fa5a9f4180	4017	DEVELOPMENT
r2434	f5e5214736b49589d2ba70fde0dd4cd565aaa40212a3cde57e947321072c60a9	4018	DEVELOPMENT
S4T3g	f5f1078d0f7e10239a1b39141855e21bea1285f363dfb005d7bb7ed8d1e0b779	4019	DEVELOPMENT
r0571	f5f8032fadbe6a878820b417f966b99039b454ac3c192c0913d82b5b363c9124	4020	DEVELOPMENT
PI4PLCn	f5f877a75ed9470984d1e382eeead7453b4e718db084ae79d24a4522453eeb8d	4021	DEVELOPMENT
FTHFDH	f5fe818b5d044fdc2cf6e51b7bbbe66fbdb98b4365cbb8a5b122e0d793f57f39	4022	DEVELOPMENT
SR5AR2r	f5ff3117e30e6433174b57e4e0bd42d51d9532f1d777f1d49b6f2724abeb9f3e	4023	DEVELOPMENT
r2375	f60aa6ece61147de7e6556d5a71649448054a1917efc83cf42bbacc882162f0b	4024	DEVELOPMENT
CYTDtl	f60c8581920be28f7592ddda5c5468bef6307a386e0e6e4c06261f3557f3cb66	4025	DEVELOPMENT
SMS5	f622695b31fa83300ce2e3218e9b4f264b4aa1d5ed110b67fc7faeb0856e9bd8	4026	DEVELOPMENT
LEUKTRA4tr	f624f2b95c80010c9e7fad2ae6f3a4ffbfc426fb222b4c0ad1c3a421efaed867	4027	DEVELOPMENT
SELMETHt2e	f626cb3a3d2a207d08d6dfeba765247df2478279cb1972d8e4ca645194a12471	4028	DEVELOPMENT
RE1834C	f646f0ba3be17b6f85ed667fbd0295743997a519c5f9d6e0b2f5b9b9d7c644cf	4029	DEVELOPMENT
RE3002X	f654441505737af4a64c9d69bfd96f85d0f5f623423e7141e2e0a91a553b224b	4030	DEVELOPMENT
r0450	f68076453d38218785d306de860e100d03dea4dda11ead29a39ce69e7c9396e6	4031	DEVELOPMENT
HMR_2650	f69845398c7e51ab4de1445f431076f4503505156e83a05940d16a80cd59936b	4032	DEVELOPMENT
Htx	f6a202c457c6a0a98a7dfd249e27063b3423d12c2faad58c84ee684eb5fbba49	4033	DEVELOPMENT
HMR_6826	f6a6abee687dc6d9598b4812edfb636f59d853d765671999c1a2ad7b5500df91	4034	DEVELOPMENT
1MNCAMt	f6a6de7df2ca4c87e012b13c52c7b0088eb1ccc0a786251f53fec458e9b1b12c	4035	DEVELOPMENT
r1621	f6a945c51fc2d6d4568a9b0dd012558731c08186261d08002f86c09873353d02	4036	DEVELOPMENT
HMR_2740	f6b18dac6fc71819c6ff34e1e9ba76383d05ae925bb963c85062d7f0f3b054a2	4037	DEVELOPMENT
PCHOLOLE_HSABCt	f6df69542ea6ea43e52caf22e4f51d3d38884dd7b1a0c99fef568a49f5246f29	4038	DEVELOPMENT
PROGLNPROt	f6eac69475982e235493aa337776bc269f4dd6976700d486b69f451b5dc4c11f	4039	DEVELOPMENT
HMR_3686	f70e5a56f77c267620d1ea153606ae193806efc73f2ccc4789653a100024929e	4040	DEVELOPMENT
NRVNCCOAtx	f718ecf7fb75293c9dcfd264e349fa0c8760424f712c4e0ba2fc2ee86059c268	4041	DEVELOPMENT
r0242	f71bd6c617d91a8491d47aa25f9758f3c6177a98182d58a4888112206d7a40aa	4042	DEVELOPMENT
7DHFtm	f71c855edc6d8268c968097b6246624f4976c99dfd946fa5e6864de6cd799ae9	4043	DEVELOPMENT
r0426	f7245c93ebdebc8819ddfa068b5e824024594510ffbe58326db4a57cd19315a7	4044	DEVELOPMENT
HMR_2686	f72cfad297630a5fcf8ac9b725f1d2688fd116789a7f5c29b6532f9be397ee5c	4045	DEVELOPMENT
ATVACIDtu	f73d0a749e6f8279cdcb1ef760158799d168fa2da0ae7b59ee538d5c9eecf81f	4046	DEVELOPMENT
FACOAL1813	f73d7e5b13346034fac1819df303d19ef38d4ad2922e5e029ab42ff2a12af072	4047	DEVELOPMENT
HMR_1478	f76049349c467dc2918aae875ce7625e1f981d057ce67b03025345167f0b9bdd	4048	DEVELOPMENT
HMR_2210	f780d32c981dbadf42e2f4bc0339cb43f98543b272be8eecc5fa5b80b54ce465	4049	DEVELOPMENT
CA2t	f784f9c8c42b168669f99e58c2f3574790a18dc0fe2ee6cea5c5324f89111905	4050	DEVELOPMENT
r1608	f79a06a82e90a4a536f218518a960b2ac00aed3434047ec39f8691fc09a23038	4051	DEVELOPMENT
HMR_3222	f79f410568c470648ac5b0a6c81f639e5e3b98c5633eaf9abe277bbb8ae200f6	4052	DEVELOPMENT
NDP7ex	f7bba9507684ee970221af6ae83c429450a5de37b31f7e2f12813103f663c8f4	4053	DEVELOPMENT
DHAPtm	f7d1de1a3141ace5befbd121cd7241c5af300c752e05ede1355a68e71d25e979	4054	DEVELOPMENT
HMR_2374	f7e42180a13091b2d4db16e84de2180182c910ac489a84466b0aace828d53a07	4055	DEVELOPMENT
THEXDDtm	f807cbe98b1e82896c3b3170d2112ac159b15cb0793a1f53fd7d8997306356f5	4056	DEVELOPMENT
r2011	f808c89447189b76d8e524a411dfc8e2b34effbebb1e2bf3965f510e41ee5140	4057	DEVELOPMENT
HMR_3680	f82a09bd878ff433506888175f00e6cb206d06780d3149af284328de520ab3ec	4058	DEVELOPMENT
DHCR72r	f833ade669542f3487f77284dd3770a464ab4b48fe960cdec1175dd286987306	4059	DEVELOPMENT
RTOTAL3CRNCPT2	f8568dbf8335055e2b72f0216284cfaf0e57c423341c9e6121bd9ab62ba628db	4060	DEVELOPMENT
GLY3Pt	f85daced0fefe95973543b6364abd36f0820a757448151abd8db0ff3454e5ece	4061	DEVELOPMENT
NADPHtxu	f86c0593b0516a343f21e9337c1108a059e6dac0a68b7752a0262b951682f476	4062	DEVELOPMENT
KDNH	f88c51faa2c7903d13d13e11532db93f80ba7ebf4abc2c9643097121ed65b757	4063	DEVELOPMENT
CYSASPPHEt	f8987f5326f98aaefbdb4b33da73b369f78a5afab0766e01d5705fc63d0d05d3	4064	DEVELOPMENT
DAG_HStg	f8c42253d98d091b7c274b6f2a6717e27c435f16198f96bb8c2958e3242884f3	4065	DEVELOPMENT
GLYCLTt	f8e8aed320774992b78cf58eaf9d5d3f9d83510ba9fefdc56d9dde5eea226060	4066	DEVELOPMENT
r1444	f9063fb0f5a185b5e2f07bdc3bdca164834d91b8f294b1e6fe49b87973fbd791	4067	DEVELOPMENT
FACOAL2042	f926d54ee0706a09cf66b9b12a57ec33f0ebee28c6bba5cc165076440e5fa159	4068	DEVELOPMENT
HDD2CRNte	f93546a3c9b58b34e193944ad878c1cc1ba293374f7dc6dc66b21ac763003307	4069	DEVELOPMENT
r0142	f93fca961897453b29728b4ab7ce09e3aa4d16f8309a14fddfd9c801801ed6f1	4070	DEVELOPMENT
GLUMETHISt	f956cd20dbe951845e31ec78e55a1033e5a167b057551ea6a648331d003b6308	4071	DEVELOPMENT
HMR_0291	f95d217606806aeec19b9357c448402c6748c993362697be13d46da7eeda333f	4072	DEVELOPMENT
PCHOLAR_HSPLA2	f97ee0eba8282df9cee78c9bd283b4819354899ed8f7e96820f39a4b1336a866	4073	DEVELOPMENT
HMR_1744	f9914559c7ff614a785b1d9b5fe69251ae3fb727771dea7ab0f6fe4619c3a987	4074	DEVELOPMENT
S3T2g	f9a09b95f0996285e9e30bd21abf7c5c25fe4d3ce1bf477ba2dbed42bb9d5e4f	4075	DEVELOPMENT
PUNP2	f9bb3db2775ca1e311d94bff0ccf3850d58b1bea87d2d24e5498f14db3aa0873	4076	DEVELOPMENT
IMACTD	f9c6a75d39acee68e2dfb476462d5a429db6d733b8e67cb9fb2554146b9cbb11	4077	DEVELOPMENT
HMR_3433	f9cc0630c12416390811d35198e5cda2ce0ae0228fbc49cc73f19b0d4367d312	4078	DEVELOPMENT
ACACT1m	f9ccad5af4afcba2f9ad5bbdcbf28ca6ccf3990bd7d0b733ebfd580cc2cad5e0	4079	DEVELOPMENT
TETTET6CRNt	f9dda069ec974b4ba9cd5f5bbbe37cf9d2094995f546aa8f5688f0abfe655979	4080	DEVELOPMENT
HMR_3322	f9e52bc14d73eacc2ad3cc41a7059f8fab49dc8a0b3aef75ec0ff209829442fb	4081	DEVELOPMENT
SMO	f9fbaa0d99a519c9fb9e356fe09d1f4a0d3c3b288770f6a5b6dac2158557e31a	4082	DEVELOPMENT
HMR_1644	fa066648e79ec90ce59fb994762bffdcd035fbdb4bd82730cf3536136bf7467d	4083	DEVELOPMENT
GCCcm	fa078b7430f782f714ef63bf4c993f68030dcf219b8b61eb5fd6b171a61054a6	4084	DEVELOPMENT
HMR_0753	fa14bbd85b533a20ff04c5ddafdc31dc584a417eee3d3fb0ddecebadec3d9b3f	4085	DEVELOPMENT
FAOXC225C204m	fa1a2ce9328217e5be2329f80e7d0953c0d954c726c8786ab9350342a2b001fe	4086	DEVELOPMENT
HMR_0950	fa1ceb2905d3cfca503755f8ad26e23121ca52c5aa3bb9f376039f84212820ea	4087	DEVELOPMENT
DPPS	fa64a96ec2be698b086c0f45859a03c749862141e50e7f0e6ae81dad2b010920	4088	DEVELOPMENT
MEVK1	fa71ad5113371ee6ee3ebeb35497c3ece1678151b15238eb720104d2e9a757a4	4089	DEVELOPMENT
DURIPP	fa7956d40c8266aeb844338457e55a875193d52a2706e7895d355e01f93f3ab4	4090	DEVELOPMENT
LYSGLUGLUt	fa81ff9d24ca756dd11ab2bb1a602f5159aa64fc21734fece11925d925391205	4091	DEVELOPMENT
HMR_2702	fa87b1cb52cff17eeea837ec2086100201827cea62b83cc0de7327c5f333f229	4092	DEVELOPMENT
PI4P3K	fa88be1ffb069337fc5c79916d7c96fe3b72d8fd0f0387f1cc9d27f495a0a178	4093	DEVELOPMENT
HMR_0271	fa99a39296de566f155de1904accdbc751d8eca5a268dba712804a7d9f1e6519	4094	DEVELOPMENT
r0733	fab15224405803556fb042ea16aac3a612a7d6d4e487b1daf4957dfe0f9f1211	4095	DEVELOPMENT
r1632	fab8edadbd45a061f8dc4e6dc85d0150ff713113d462105ed5fcfdfe57b711e0	4096	DEVELOPMENT
ACOAR7m	fac701f3294221da67d5263e45d8eeb7d8d333892db7e1cd051e669542cfa93c	4097	DEVELOPMENT
GCC2cm	fad8ac91b767886bc3a9abd0cc637c4b365577811cd38735df296363009b0e7d	4098	DEVELOPMENT
LACZe	fadbb3336dd247126c0f104906961df9f7ae357e731c0d12a3cb2207ad6ddf4a	4099	DEVELOPMENT
r2538	fb12f5ecd6bbbb0663822b1c7ed2c9ea9949723b9389d936f1fd6c04c07cdfd6	4100	DEVELOPMENT
HMR_0819	fb26af144145d4dafbf28f5c96cc2f3dd2db5ba1592553192f741db558e9011d	4101	DEVELOPMENT
FCLTm	fb27046ba9ff1b741c4e4584a3d27094462b8231c08641a56f84f85fa258521e	4102	DEVELOPMENT
r1532_1	fb45669330cbe266b1c1b7d47d210014da410395a318fc2cd5b1831642ef4a97	4103	DEVELOPMENT
CE5072te	fb5e38bee064aa6c0dee7bf88f1bc4132dad4005a3da0adfdf7c3fb629a39202	4104	DEVELOPMENT
HMR_8762	fb6a3c281c317b76afb3e56f3cf159b864602ab1dd3d9c6bcd6795a3cbff597d	4105	DEVELOPMENT
PCHOLN225_HSABCt	fb7eb6d9e4d5f6355323bdefd1123b09b43d86f465a3fdbcc764d54610b21798	4106	DEVELOPMENT
PROLEUARGt	fb80aaf84cb668c96a3bf4a349452b2a26cb7b0c4542e0a8f01e801bbdc48ebc	4107	DEVELOPMENT
XOLEST183tl	fb93ea15a1cf1fd2d8bffc1d38b8a45837dd939791af4eeff48b9695843af914	4108	DEVELOPMENT
ASPCT	fb9f78c104856f303c0caaf49fa9245084acf51de7cc35df506c4d49a0cdf92f	4109	DEVELOPMENT
ACtg	fbba86a533084cbcd3d4c7170bfd5ba193f83f69794310c21fd958cefe363be3	4110	DEVELOPMENT
FAOXC101C8m	fbd2e7eaa60a17c4b1a043276316a343d78cf2e7721b01792f638cafbe57f4a2	4111	DEVELOPMENT
MI1PP	fbe8c71666a9b08af82ca944cc03b56e5d8bd255b642f85c11cb39791951f54e	4112	DEVELOPMENT
PLA2_2e	fbf520a971371848d09d00467be43122c77ac83bb577c252373e9c845bf54182	4113	DEVELOPMENT
HMR_2711	fbfc9701e637782683d75afe1153d1bf7e7a811aebf3b2314d3a2bcbb04a8d8f	4114	DEVELOPMENT
2M3OVACtm	fc0d8e5d624bdb57d19438306c73d1b355e3bebcd8fdbf0bf0084f46438f281d	4115	DEVELOPMENT
HMR_2985	fc0fc276acb564c19e44078c760ebf83aee2fc27d9193cc86619fe13b50e0b2b	4116	DEVELOPMENT
FAOXC101C8x	fc1e57b275b14f443956488a584600f609a8926115db5f81834693f8af254525	4117	DEVELOPMENT
BGAL1e	fc1f6f6899c48033925ca9e1a87e08f0c5a9c721f71d16f55f29905dcf836913	4118	DEVELOPMENT
ACGAM6PS	fc1f9f32fc05034d07a92a03c90ab9a28eb43de486febe935d995db4700d52da	4119	DEVELOPMENT
FACOAE161	fc30ce9cd873411b950ce5070de380af2bfec601de196dfe7c285544a63e0bd3	4120	DEVELOPMENT
XYLTer	fc3e1805e9b3b3871a5ee19408235ed8814dead835ce96320bacc266713277ee	4121	DEVELOPMENT
PHETHRLYSt	fc49ddab88f6bd3485cbeae89b163211db189988da868887bb0ccc0cd9db9f2d	4122	DEVELOPMENT
SMVACIDATPteb	fc4bf896e682e8f2e3e65a9439bfdb2d583ec9a097722fd45893a3d934b02608	4123	DEVELOPMENT
SQLSr	fc4f49416db21628dd72869525ee9df98793c6d9d70232d3c9e00d0b9fb23024	4124	DEVELOPMENT
G6Pter	fc70d0815ec6b4b131637b96712a99422806fe03149326f4c227640e534944eb	4125	DEVELOPMENT
ADNtl	fc8c9b14b3cd27598b8f0bbe26c6b5437e431205404b30207e88f76389a59928	4126	DEVELOPMENT
DURADx	fc8fcaca10887e1454338574d571e15b19ef257d60f6020c8c2c3c451d003edb	4127	DEVELOPMENT
ASPGLUm	fc931b27e1f13d540fff9c17f67277e87ec08dc5357c9c016fe719216719fc2e	4128	DEVELOPMENT
DPCOAPP	fca1fd5e70f689a990a628c02825d344e6b433f38049f1e8efd438de4bef4d7e	4129	DEVELOPMENT
r1000	fca5d81d069682c6731e31598dc1f8b1592128106ae82ff096d7f2f520cd2cf5	4130	DEVELOPMENT
HMR_0795	fcc278713f5ef96f2fa138d96e5713785bc2538bedcd010418c2584cfc063857	4131	DEVELOPMENT
TRPGLULEUt	fcd168407c52a030cbe01a6239585826a8521a3f0d508416f456109443d0d694	4132	DEVELOPMENT
RE2624M	fcd860477aac58518950f7880a8d1a677e6586dd35feca8243d19087712885ef	4133	DEVELOPMENT
FPGS9m	fce509f9451bd764cbfebcd03b25b4d287a9c5522bfa4d958fe3a17ab205665f	4134	DEVELOPMENT
HMR_0827	fcf334298fc31f8790c1d5fce72a1b88cdde3223c5aa56dcba73edeab98d53a9	4135	DEVELOPMENT
NADHtpu	fd037e6bf9dcd7055ca6f67af69b1c4818dd8c87a5779529e61cf4cdc452c2f9	4136	DEVELOPMENT
CGMPt	fd0380f0b57b3b82935677c73641e37b6f27715c4bcfd545bde2f4bfe5e29822	4137	DEVELOPMENT
r1474	fd23b08537164a99abb5d22cd282c98599f2e4dc3a79a6b9189ac53766f8b527	4138	DEVELOPMENT
FAOXTC122TC101m	fd32b2026dc234949fc9612472fc4c383c2a7ba54114d7af952446c4c408963b	4139	DEVELOPMENT
TRPALAPROt	fd43298e2786ca7ce0aae1c5762fd66766fecb759a9cfb847dda8bbf100bb298	4140	DEVELOPMENT
LCAT27e	fd458bea7907245ce81bbbf00b7676ee4e583a1887a1d326df8b9a54fddb3676	4141	DEVELOPMENT
PCHOLN201_HSt1e	fd66d5311386e7ccef22a2610fc62a3c3efe9793772e6fcdf05e9bb50e74ac98	4142	DEVELOPMENT
FAOXC61C4m	fd6c5d8ac99dc778f85126376b2ab09af636aa21d70a0a849747248445edd8f4	4143	DEVELOPMENT
DGK2m	fd700c4833f625c25efd416d218ba7ab4c1036eaf097732d9a2c97a9cb044d8c	4144	DEVELOPMENT
HMR_1494	fd81413ce9bc9517d2017cb0e7c3af9600b8f4433a025ba06cf311246cc389ca	4145	DEVELOPMENT
RNDR4	fd82bea8bc9e84b3fce3714cbf89d15ea7b9d0191dcdedff14d5b5236a70f229	4146	DEVELOPMENT
DSMSTEROLtr	fd896cbf6f1f61e5dd74ba084f2ff0feb9ffe74da2eb9dc15f120085f6a54e2a	4147	DEVELOPMENT
CYTK13	fda208505b29c99d9935ff3185b963084085dfb2b23fd480c41f6f5713d031d0	4148	DEVELOPMENT
NMNATn	fda3386070c8ff3b55826a92b4a353f55ecb736478c0bc69f8550c262d3b952e	4149	DEVELOPMENT
DSREDUCr	fdb2a634c7a924d6221a185c476533fee4d63ab43b601716c2281f3478a91a67	4150	DEVELOPMENT
r0509	fdc07ab802e7f67f2ae22d4ad1d0072ce1d084a884157ccd5dff365fa1c1341e	4151	DEVELOPMENT
PCHOLN205_HSABCt	fdcf1354c6de308e823637564ac699d66148009b18ceabb7a11e65da9c0db2e5	4152	DEVELOPMENT
C4tcx	fdd8bdbb03c2810828233d063c40fbee6f127cbdd9f3240f2692958faf56375a	4153	DEVELOPMENT
RE1534M	fde26bb342ce74462bda8f2c085f8959a5d6151aee6fa6fbfde6e955f51ac7f0	4154	DEVELOPMENT
DGNSKm	fdfd06eacbeca840d9cd77f9bda1d657292dcd660b01a7230c6ce2295d6902ba	4155	DEVELOPMENT
r2377	fe14ec49570ade45d40a8659bf29604eb6b99329f5fe18cea39d1b4762e2686a	4156	DEVELOPMENT
LCAT46e	fe3363b29717f00ea793f5fec8c928b2e58749f0891b064d2aa0c248e1ac44cd	4157	DEVELOPMENT
LCAT12e	fe5cf08d559f771e2ceaf9c3602da773b1d803e1c6dcfaec62f9d14eb6c6049e	4158	DEVELOPMENT
3DPHBH1	fe7e13ec185299521856de067d509cef734cfbd2fbd16e6753ccb8be0b10ca33	4159	DEVELOPMENT
HMR_7755	fe89774aa4b6bd31f93c442d600c61e56c881a1c947ac95dc5374edc2f43fe62	4160	DEVELOPMENT
DESAT20_1	fe976d810e893accccdb2b1e5fdf9bdd60fb024778a6be1870054d1d6fca7209	4161	DEVELOPMENT
r0357	fe9909018d319b3c25931b116ef51e1f9d7ae29d53f5311fa1f59fef8c3d427b	4162	DEVELOPMENT
S6TASE7ly	fea711c9235f0c59b9b6ca05bb084cb4b4e78ffe57148e3f3f62c10f3d217d0a	4163	DEVELOPMENT
r0139	feb09a2d2d2184cd64c6d7f929b13c1d23e744bad9a8168beb9d1f157f0ff94a	4164	DEVELOPMENT
HMR_2699	fec7a97b907f73ced966c1250997dbbdf0a07fe7c3320075670b50263dabb1c3	4165	DEVELOPMENT
GD1Btl	fed10048c53072dbd13fc263b30d0fd64f61d1a92327576f3b5bb47da5cff312	4166	DEVELOPMENT
7THFtl	fed80b5e34761419d6c9426886b4f8296bbe2ae695d3eca83a18c5fa1f68f075	4167	DEVELOPMENT
PI345P5P	fefdc6d2b90b2fe7263a7a23a0a8c6303f04bb1c19d9943ee7a4a2fc4beb58e9	4168	DEVELOPMENT
LNELDCCPT2	ff2210c9e43727cd0e542832699bef7df4f7fd600eb91abc031341f939b6bd3e	4169	DEVELOPMENT
HMR_9719	ff397e3054264b4f4d996475d7adbb9d59033f3aeff8a173f4d5a4eea5b503d0	4170	DEVELOPMENT
HMR_2773	ff7839c5d609e510e2893f4d60ec9ccac754e1c4ee5014d4e4579bd7b343bf2e	4171	DEVELOPMENT
FACOAL170	ff7a740bf35deffc0e7a3cd62c80395aa36a7210e71725795731dfb70a3dd13b	4172	DEVELOPMENT
r1570	ff7ad95a44d78210770e0f5ad6d92ff743fc713c0e4245102b6dc7a9e75f60fe	4173	DEVELOPMENT
OMHPALTD	ffb30d4a12fe64feb7df597520eaf762fe7f47ca88e398bf6bd1c1c13d04e1a4	4174	DEVELOPMENT
HMR_3491	ffc4d94651b9c873c6556d973f9f145e9cf33b919150403be552ad79012ef9cb	4175	DEVELOPMENT
GLCAT2g	ffc524448a3fcaebe8f8376c2bfe3676baaeaf4edb8b5fbdc1368790ac0bd626	4176	DEVELOPMENT
C142ACBP	ffdc3a78f1a082fafadfddff2e430375111e6edfcfd150dbac831bb1d13042e3	4177	DEVELOPMENT
r2007	ffe15c0c0910c77e8e91a5062a22bfcc5472b631712b787413c04350888d1172	4178	DEVELOPMENT
ALAGLYLYSt	fffd2194af749bd5eb985e658aa5642f15f7096b16a6f4425c3f2a4ad1d1653e	4179	DEVELOPMENT
